Date;Home;Away;League;Season;Goals_H_FT;Goals_A_FT;Goals_H_HT;Goals_A_HT;xG_H;xG_A;xG_H_Pre;xG_A_Pre;Odd_H_Back;Odd_A_Back;Odd_D_Back;Odd_CS_0x1_Lay;Possession_H;Possession_A;Attacks_H;Attacks_A;DangerousAttacks_H;DangerousAttacks_A;Shots_H;Shots_A;ShotsOnTarget_H;ShotsOnTarget_A;Fouls_H;Fouls_A;Yellow_Cards_H;Yellow_Cards_A;Red_Cards_H;Red_Cards_A;Offsides_H;Offsides_A;Corners_H;Corners_A;PPG_H_Pre;PPG_A_Pre;PPG_H_Geral_Pre;PPG_A_Geral_Pre;Lay_0x1_Outcome;Profit_Lay_0x1
2026-02-21;Osasuna;Real Madrid;SPAIN 1;2025/2026;2;1;1;0;1.28;1.7;1.49;2.01;6.6;1.58;4.5;8.6;39;61;89;104;44;55;13;15;2;5;17;6;2;4;0;0;1;2;3;7;1.91;2.25;1.25;2.5;0;0.96
2024-03-16;Mallorca;Granada CF;SPAIN 1;2023/2024;1;0;0;0;2.02;0.87;1.21;1.02;1.88;5.3;3.5;14.0;52;48;115;104;52;27;19;10;9;4;11;11;2;0;0;0;3;0;10;2;1.36;0.15;0.96;0.52;1;0.96
2025-10-31;Getafe;Girona;SPAIN 1;2025/2026;2;1;0;0;1.38;0.93;1.0;1.07;3.35;2.34;3.55;11.0;40;60;122;78;45;19;12;8;4;4;17;15;1;2;0;0;3;0;8;3;1.25;0.5;1.4;0.7;0;0.96
2026-02-28;Burnley;Brentford;ENGLAND 1;2025/2026;3;4;1;3;1.26;1.91;1.16;1.18;3.35;2.26;3.75;12.0;41;59;94;91;39;57;12;16;3;7;9;9;1;2;0;0;2;0;4;8;0.77;1.15;0.7;1.48;0;0.96
2024-03-16;Frosinone;Lazio;ITALY 1;2023/2024;2;3;1;1;1.64;1.89;1.4;1.15;3.55;2.24;3.6;10.5;42;58;107;103;55;53;16;23;6;8;10;15;1;3;0;0;2;4;9;4;1.5;1.36;0.86;1.43;0;0.96
2024-03-16;Salernitana;Lecce;ITALY 1;2023/2024;0;1;0;1;1.67;1.55;1.28;1.11;3.1;2.6;3.3;9.4;72;28;139;75;48;27;16;19;7;5;10;18;4;3;0;0;1;1;7;1;0.5;0.43;0.5;0.89;0;-8.4
2025-01-05;Monza;Cagliari;ITALY 1;2024/2025;1;2;1;1;0.85;1.16;1.06;0.98;2.12;3.85;3.6;14.5;53;47;89;96;45;42;6;9;2;4;16;19;2;2;1;0;2;2;1;3;0.33;0.63;0.56;0.78;0;0.96
2026-05-02;Udinese;Torino;ITALY 1;2025/2026;0;0;0;0;0.0;0.0;1.35;1.26;2.98;2.92;3.05;8.6;-1;-1;0;0;0;0;-1;-1;-1;-1;-1;-1;-1;-1;-1;-1;-1;-1;-1;-1;1.27;0.87;1.3;1.1;1;0.96
2026-03-07;Freiburg;Bayer Leverkusen;GERMANY 1;2025/2026;3;3;2;2;2.4;1.86;1.55;1.36;6.4;1.59;4.6;9.4;47;53;94;98;63;61;21;17;9;5;7;8;2;1;0;0;1;1;5;2;2.18;1.67;1.38;1.79;0;0.96
2024-12-14;Sporting CP;Boavista;PORTUGAL 1;2024/2025;3;2;1;1;2.56;0.81;1.89;0.85;1.15;23.0;10.0;90.0;72;28;0;0;0;0;22;8;7;2;11;6;3;3;0;0;2;2;10;1;2.5;1.29;2.54;0.85;0;0.96
2026-04-06;Casa Pia;Benfica;PORTUGAL 1;2025/2026;0;0;0;0;0.0;0.0;0.91;1.83;11.0;1.34;5.6;8.0;-1;-1;0;0;0;0;-1;-1;-1;-1;-1;-1;-1;-1;-1;-1;-1;-1;-1;-1;1.0;2.54;0.92;2.41;1;-7.0
2024-03-17;Chaves;Vitoria Guimaraes;PORTUGAL 1;2023/2024;1;2;1;1;0.82;1.94;1.42;1.32;4.4;1.86;3.65;9.4;53;47;90;91;20;53;8;19;4;7;14;11;3;3;0;0;2;1;3;10;1.0;1.58;0.76;1.88;0;0.96
2026-03-21;Moreirense;Arouca;PORTUGAL 1;2025/2026;0;1;0;0;0.83;1.22;0.95;1.1;2.64;3.05;3.25;13.0;49;51;68;73;34;27;7;14;2;2;12;12;1;2;0;0;0;3;3;7;1.67;0.85;1.35;1.0;0;0.96
2026-04-06;Juventus;Genoa;ITALY 1;2025/2026;0;0;0;0;0.0;0.0;2.19;1.22;1.52;8.8;4.3;21.0;-1;-1;0;0;0;0;-1;-1;-1;-1;-1;-1;-1;-1;-1;-1;-1;-1;-1;-1;2.0;1.0;1.8;1.1;1;0.96
2025-05-10;Montpellier;PSG;FRANCE 1;2024/2025;1;4;0;1;1.03;1.5;1.4;2.03;6.0;1.57;4.9;12.5;31;69;45;111;26;41;9;10;4;8;14;11;1;1;0;0;1;0;5;4;0.81;2.31;0.5;2.44;0;0.96
2024-03-17;Clermont;Le Havre;FRANCE 1;2023/2024;2;1;2;1;1.14;1.52;1.33;0.98;2.8;2.98;3.2;9.8;40;60;63;113;20;55;11;15;6;6;13;17;3;4;1;1;1;0;3;5;0.58;0.77;0.68;1.08;0;0.96
2026-01-16;Monaco;Lorient;FRANCE 1;2025/2026;1;3;0;0;1.89;1.46;1.47;1.13;1.36;10.5;5.9;38.0;62;38;110;67;71;41;14;14;7;4;16;9;1;0;0;0;0;1;4;3;1.78;0.38;1.35;1.12;0;0.96
2024-03-17;Reims;Metz;FRANCE 1;2023/2024;2;1;1;1;1.9;1.24;1.48;1.01;1.6;7.0;4.2;21.0;66;34;104;56;63;36;18;13;8;5;18;12;4;4;0;0;1;1;7;7;1.42;1.08;1.4;0.92;0;0.96
2025-08-17;Brest;Lille;FRANCE 1;2025/2026;3;3;1;2;1.74;1.37;0.0;0.0;2.62;3.2;3.2;10.0;46;54;94;99;35;43;18;10;5;6;11;13;2;1;0;0;1;2;2;2;0.0;0.0;0.0;0.0;0;0.96
2026-01-12;Sevilla;Celta Vigo;SPAIN 1;2025/2026;0;1;0;0;1.02;1.21;1.43;1.11;2.02;4.2;3.6;14.0;59;41;95;61;59;20;7;9;2;7;16;16;3;3;0;0;4;0;6;1;1.11;1.88;1.11;1.44;0;0.96
2026-02-22;Villarreal;Valencia;SPAIN 1;2025/2026;2;1;2;1;1.45;1.16;1.64;0.99;2.2;3.8;3.5;13.5;43;57;84;109;47;60;12;8;5;3;7;16;2;4;0;0;1;2;5;4;2.33;0.75;2.0;1.08;0;0.96
2024-03-17;Las Palmas;Almeria;SPAIN 1;2023/2024;0;1;0;1;2.01;0.62;1.11;1.08;1.99;4.4;3.65;15.0;65;35;117;67;71;29;22;4;7;3;10;17;2;2;0;0;3;3;11;3;1.57;0.14;1.32;0.36;0;-14.0
2026-04-04;Atl. Madrid;Barcelona;SPAIN 1;2025/2026;0;0;0;0;0.0;0.0;1.97;2.18;2.46;3.0;3.75;16.0;-1;-1;0;0;0;0;-1;-1;-1;-1;-1;-1;-1;-1;-1;-1;-1;-1;-1;-1;2.67;2.0;1.97;2.52;1;0.96
2026-04-04;Lille;Lens;FRANCE 1;2025/2026;0;0;0;0;0.0;0.0;1.68;1.6;2.16;3.95;3.5;13.0;-1;-1;0;0;0;0;-1;-1;-1;-1;-1;-1;-1;-1;-1;-1;-1;-1;-1;-1;1.85;1.77;1.74;2.19;1;0.96
2026-02-01;Gil Vicente;Famalicao;PORTUGAL 1;2025/2026;5;0;1;0;1.95;0.43;1.66;1.43;2.48;3.25;3.2;10.5;56;44;68;65;35;23;17;4;9;0;19;10;1;1;0;1;3;0;3;1;1.89;1.67;1.63;1.53;1;0.96
2024-03-29;Benfica;Chaves;PORTUGAL 1;2023/2024;1;0;0;0;2.32;0.57;2.23;1.12;1.12;28.0;11.5;100.0;67;33;150;60;85;17;23;8;8;0;12;13;1;8;0;0;1;1;11;2;2.69;0.54;2.46;0.73;1;0.96
2026-02-22;Getafe;Sevilla;SPAIN 1;2025/2026;0;1;0;0;0.75;0.68;1.1;1.33;2.62;3.2;3.2;10.5;31;69;60;105;22;30;6;6;3;1;5;18;1;1;1;0;3;4;2;2;1.25;1.0;1.21;1.08;0;-9.5
2024-03-30;Almeria;Osasuna;SPAIN 1;2023/2024;0;3;0;2;1.41;1.1;1.55;1.13;2.7;2.94;3.4;11.0;52;48;92;110;40;31;13;8;6;5;12;14;3;2;0;0;2;2;6;1;0.57;1.07;0.45;1.24;0;0.96
2025-12-19;Valencia;Mallorca;SPAIN 1;2025/2026;1;1;0;1;1.79;0.56;1.43;1.28;2.18;4.5;3.05;10.5;71;29;124;57;80;22;17;4;2;2;10;12;2;3;0;0;2;4;12;3;1.5;0.5;0.94;1.06;0;0.96
2024-11-30;Barcelona;Las Palmas;SPAIN 1;2024/2025;1;2;0;0;2.09;0.61;1.8;1.0;1.27;12.5;7.0;48.0;70;30;144;55;80;20;15;4;8;3;7;11;0;0;0;0;2;5;7;0;3.0;0.86;2.43;0.86;0;0.96
2025-09-27;Brentford;Manchester Utd;ENGLAND 1;2025/2026;3;1;2;1;1.48;1.56;0.98;1.27;3.0;2.38;3.95;17.0;44;56;105;98;39;35;10;14;8;6;14;10;2;2;0;0;2;1;4;2;2.0;0.5;0.8;1.4;0;0.96
2025-12-02;Bournemouth;Everton;ENGLAND 1;2025/2026;0;1;0;0;0.76;1.53;1.77;0.85;2.3;3.35;3.7;16.5;55;45;92;96;41;70;5;13;2;3;14;14;3;3;0;0;1;1;1;6;2.33;1.17;1.46;1.38;0;0.96
2026-02-21;Chelsea;Burnley;ENGLAND 1;2025/2026;1;1;1;0;1.33;1.46;1.71;0.97;1.32;11.0;6.4;42.0;67;33;111;63;59;59;12;12;2;4;13;11;2;2;1;0;2;4;9;5;1.69;0.62;1.69;0.69;0;0.96
2024-03-30;Sheffield Utd;Fulham;ENGLAND 1;2023/2024;3;3;0;0;1.15;2.22;1.1;1.27;4.7;1.79;4.2;11.0;26;74;62;123;31;53;11;26;6;10;10;13;4;1;0;0;2;0;2;15;0.57;0.71;0.5;1.31;0;0.96
2025-08-23;Bayer Leverkusen;Hoffenheim;GERMANY 1;2025/2026;1;2;1;1;0.96;1.23;0.0;0.0;1.24;13.5;8.0;70.0;60;40;130;81;49;34;7;10;2;5;9;17;0;4;0;0;1;1;6;4;0.0;0.0;0.0;0.0;0;0.96
2025-09-21;Eintracht Frankfurt;Union Berlin;GERMANY 1;2025/2026;3;4;1;2;2.39;1.16;1.95;1.22;2.06;4.2;3.55;14.0;78;22;127;69;68;16;19;11;10;5;10;11;3;2;0;0;2;5;5;1;3.0;0.0;2.0;1.0;0;0.96
2026-01-31;RB Leipzig;Mainz;GERMANY 1;2025/2026;1;2;1;1;1.77;1.24;1.93;1.13;1.38;9.2;5.8;38.0;70;30;156;103;74;35;15;11;4;4;4;13;0;4;0;0;2;2;5;4;2.33;0.67;1.89;0.79;0;0.96
2025-11-07;Werder Bremen;Wolfsburg;GERMANY 1;2025/2026;2;1;0;1;2.39;1.0;1.5;1.13;2.92;2.58;3.65;12.5;60;40;128;85;89;37;20;7;7;4;13;8;2;0;0;0;2;2;13;3;1.75;1.5;1.33;0.89;0;0.96
2026-01-30;Vitoria Guimaraes;Moreirense;PORTUGAL 1;2025/2026;1;0;0;0;1.29;1.19;1.41;1.08;1.93;4.8;3.4;14.0;43;57;91;74;36;28;14;10;2;5;19;12;2;5;0;0;2;3;5;5;1.5;1.1;1.32;1.58;1;0.96
2025-02-23;Arouca;SC Farense;PORTUGAL 1;2024/2025;2;2;0;1;0.98;1.97;1.1;0.85;1.83;4.8;3.85;21.0;61;39;84;79;35;38;8;18;3;8;16;16;3;3;0;0;0;3;4;9;1.2;0.73;1.09;0.68;0;0.96
2024-11-09;Boavista;Rio Ave;PORTUGAL 1;2024/2025;0;2;0;1;1.66;0.58;1.03;0.67;2.72;3.0;3.15;10.5;52;48;116;67;59;24;15;4;4;2;10;17;4;3;1;1;4;0;7;2;0.25;0.0;0.9;0.9;0;0.96
2024-03-30;Genoa;Frosinone;ITALY 1;2023/2024;1;1;1;1;1.0;1.26;1.36;1.16;2.0;4.4;3.6;15.0;48;52;81;123;29;38;10;16;4;4;16;9;2;1;0;0;1;1;3;8;1.43;0.21;1.17;0.83;0;0.96
2025-11-22;Napoli;Atalanta;ITALY 1;2025/2026;3;1;3;0;1.37;1.45;1.65;1.22;2.18;3.6;3.65;15.0;45;55;93;111;34;49;11;14;6;3;11;12;1;2;0;0;3;1;5;3;2.6;1.2;2.0;1.18;0;0.96
2024-11-24;Torino;Monza;ITALY 1;2024/2025;1;1;0;0;1.12;1.19;1.0;0.6;1.9;5.2;3.55;14.5;55;45;117;88;43;27;7;9;5;6;17;13;1;2;0;0;2;0;7;3;1.4;1.0;1.17;0.67;0;0.96
2026-05-02;Metz;Monaco;FRANCE 1;2025/2026;0;0;0;0;0.0;0.0;1.29;1.4;5.5;1.7;4.3;9.6;-1;-1;0;0;0;0;-1;-1;-1;-1;-1;-1;-1;-1;-1;-1;-1;-1;-1;-1;0.69;1.38;0.52;1.7;1;0.96
2026-01-11;Fiorentina;AC Milan;ITALY 1;2025/2026;1;1;0;0;2.14;1.29;1.65;1.34;3.1;2.54;3.4;11.0;52;48;105;85;54;35;20;13;7;3;10;14;2;3;0;0;1;0;8;5;0.89;2.25;0.68;2.17;0;0.96
2025-10-26;Lazio;Juventus;ITALY 1;2025/2026;1;0;1;0;1.25;1.66;1.43;1.4;3.4;2.56;3.15;8.4;40;60;67;115;30;58;13;14;3;5;11;18;2;4;0;0;0;2;2;5;1.33;1.33;1.14;1.71;1;0.96
2024-03-31;Vizela;Casa Pia;PORTUGAL 1;2023/2024;0;4;0;1;1.47;1.6;1.53;1.12;2.38;3.45;3.2;13.0;60;40;128;83;49;38;15;12;4;9;8;18;2;5;0;1;0;3;6;3;0.77;1.31;0.81;1.04;0;0.96
2025-10-19;Lorient;Brest;FRANCE 1;2025/2026;3;3;1;2;1.52;1.01;1.76;1.17;4.3;2.08;3.45;8.0;50;50;74;102;38;29;12;8;7;4;10;15;3;2;0;0;4;0;5;2;2.0;1.0;1.0;1.14;0;-7.0
2025-09-13;Nice;Nantes;FRANCE 1;2025/2026;1;0;0;0;2.06;1.35;1.57;0.94;1.82;5.6;3.65;15.0;59;41;116;81;41;36;19;14;8;3;16;14;2;0;0;0;7;0;7;4;1.5;0.0;1.0;1.0;1;0.96
2024-11-03;Le Havre;Montpellier;FRANCE 1;2024/2025;1;0;0;0;1.09;0.99;1.04;0.92;2.72;2.9;3.4;11.0;48;52;104;113;41;47;8;9;4;1;11;13;2;1;0;0;3;0;2;10;0.75;0.0;0.67;0.44;1;0.96
2024-03-31;Clermont;Toulouse;FRANCE 1;2023/2024;0;3;0;1;1.26;1.21;1.31;1.09;3.3;2.4;3.5;10.5;56;44;110;107;35;29;16;12;6;6;15;12;3;1;0;0;0;0;12;3;0.77;1.15;0.77;1.12;0;0.96
2026-04-19;Strasbourg;Rennes;FRANCE 1;2025/2026;0;0;0;0;0.0;0.0;1.45;1.22;3.3;2.32;3.65;980.0;-1;-1;0;0;0;0;-1;-1;-1;-1;-1;-1;-1;-1;-1;-1;-1;-1;-1;-1;1.85;1.46;1.48;1.63;1;0.96
2025-10-05;Stuttgart;Heidenheim;GERMANY 1;2025/2026;1;0;0;0;1.96;0.64;1.74;1.46;1.3;11.0;6.8;50.0;64;36;143;72;54;34;18;5;6;1;11;12;1;1;0;0;2;3;1;1;3.0;0.0;1.8;0.6;1;0.96
2024-03-31;Bochum;Darmstadt;GERMANY 1;2023/2024;2;2;1;0;2.04;1.13;1.7;1.04;1.64;6.0;4.3;25.0;57;43;118;99;56;29;23;13;8;4;7;15;2;2;0;0;0;2;6;5;1.38;0.58;0.96;0.5;0;0.96
2026-04-19;Manchester City;Arsenal;ENGLAND 1;2025/2026;0;0;0;0;0.0;0.0;1.91;1.57;1.99;4.0;3.9;16.5;-1;-1;0;0;0;0;-1;-1;-1;-1;-1;-1;-1;-1;-1;-1;-1;-1;-1;-1;2.4;2.0;2.03;2.26;1;0.96
2026-01-18;Celta Vigo;Rayo Vallecano;SPAIN 1;2025/2026;3;0;1;0;1.42;1.44;1.32;1.31;2.0;4.5;3.5;13.5;49;51;81;95;32;48;11;14;7;3;7;14;3;2;0;1;4;1;5;7;1.1;1.0;1.53;1.16;1;0.96
2024-04-01;Bologna;Salernitana;ITALY 1;2023/2024;3;0;2;0;1.33;0.82;1.41;0.92;1.28;16.0;6.0;42.0;70;30;136;73;65;31;16;9;4;3;11;11;0;3;0;0;3;0;5;3;2.33;0.5;1.86;0.48;1;0.96
2025-09-28;Sassuolo;Udinese;ITALY 1;2025/2026;3;1;2;0;1.31;1.39;0.95;1.26;3.0;2.66;3.4;10.5;44;56;85;93;36;38;11;12;5;5;5;22;0;3;0;0;5;1;1;5;1.5;3.0;0.75;1.75;0;0.96
2026-05-23;Villarreal;Atl. Madrid;SPAIN 1;2025/2026;0;0;0;0;0.0;0.0;1.68;1.31;3.25;2.3;3.8;13.5;-1;-1;0;0;0;0;-1;-1;-1;-1;-1;-1;-1;-1;-1;-1;-1;-1;-1;-1;2.47;1.21;2.0;1.97;1;0.96
2026-05-02;Bournemouth;Crystal Palace;ENGLAND 1;2025/2026;0;0;0;0;0.0;0.0;1.61;1.15;2.06;3.9;3.8;17.0;-1;-1;0;0;0;0;-1;-1;-1;-1;-1;-1;-1;-1;-1;-1;-1;-1;-1;-1;1.63;1.53;1.35;1.3;1;0.96
2026-05-24;Manchester City;Aston Villa;ENGLAND 1;2025/2026;0;0;0;0;0.0;0.0;1.91;1.33;1.29;11.5;7.0;50.0;-1;-1;0;0;0;0;-1;-1;-1;-1;-1;-1;-1;-1;-1;-1;-1;-1;-1;-1;2.4;1.47;2.03;1.74;1;0.96
2024-04-04;Granada CF;Valencia;SPAIN 1;2023/2024;0;1;0;0;1.38;0.83;1.42;1.07;3.4;2.48;3.25;8.6;57;43;128;65;54;24;14;8;4;3;21;14;3;1;0;0;2;0;5;4;0.86;0.86;0.48;1.41;0;-7.6
2024-04-04;Liverpool;Sheffield Utd;ENGLAND 1;2023/2024;3;1;1;0;3.03;0.75;2.35;0.93;1.1;32.0;16.0;140.0;83;17;152;60;105;11;31;6;10;4;6;8;0;1;0;0;0;1;13;1;2.6;0.43;2.31;0.52;0;0.96
2026-04-18;Chelsea;Manchester Utd;ENGLAND 1;2025/2026;0;0;0;0;0.0;0.0;1.72;1.57;2.0;3.7;4.2;28.0;-1;-1;0;0;0;0;-1;-1;-1;-1;-1;-1;-1;-1;-1;-1;-1;-1;-1;-1;1.53;1.38;1.55;1.77;1;0.96
2025-08-23;Eintracht Frankfurt;Werder Bremen;GERMANY 1;2025/2026;4;1;2;0;1.95;1.21;0.0;0.0;1.86;4.5;4.0;18.5;53;47;104;90;65;30;18;10;5;5;9;9;1;3;0;0;2;3;7;1;0.0;0.0;0.0;0.0;0;0.96
2025-04-18;SC Farense;Boavista;PORTUGAL 1;2024/2025;0;1;0;0;1.5;0.74;1.28;0.83;2.14;3.8;3.4;14.5;50;50;99;90;55;27;13;5;4;3;8;15;0;5;0;0;0;3;4;4;0.57;0.86;0.72;0.62;0;0.96
2024-04-05;Salernitana;Sassuolo;ITALY 1;2023/2024;2;2;0;2;0.8;1.56;1.3;1.25;3.45;2.28;3.6;11.0;54;46;94;91;36;61;6;17;3;6;11;13;4;3;0;0;1;3;4;9;0.47;0.53;0.47;0.8;0;0.96
2025-12-21;Heidenheim;Bayern Munich;GERMANY 1;2025/2026;0;4;0;2;0.74;2.74;1.34;2.21;8.0;1.38;6.4;16.0;26;74;50;156;31;71;7;23;1;11;8;6;0;0;0;0;2;2;0;6;1.14;2.67;0.79;2.71;0;0.96
2026-03-03;Everton;Burnley;ENGLAND 1;2025/2026;2;0;1;0;1.6;0.68;1.48;1.0;1.74;5.3;4.2;20.0;55;45;36;34;53;32;14;5;5;2;10;12;0;1;0;0;1;2;6;3;1.14;0.64;1.43;0.68;1;0.96
2024-04-06;Mainz;Darmstadt;GERMANY 1;2023/2024;4;0;1;0;1.99;1.06;1.46;1.05;1.47;8.0;5.0;29.0;59;41;93;100;39;28;19;15;10;3;17;11;2;3;0;0;2;2;5;1;1.0;0.62;0.74;0.52;1;0.96
2026-02-21;Union Berlin;Bayer Leverkusen;GERMANY 1;2025/2026;1;0;1;0;1.03;1.65;1.35;1.3;6.4;1.59;4.5;8.8;35;65;89;123;32;79;8;16;4;1;15;7;5;2;0;0;1;1;4;5;1.27;1.7;1.14;1.86;1;-7.8
2025-12-14;Crystal Palace;Manchester City;ENGLAND 1;2025/2026;0;3;0;1;1.6;1.1;1.47;1.43;12.0;1.32;6.0;8.2;39;61;82;114;44;30;16;7;4;6;9;6;2;0;0;0;3;2;2;2;1.43;1.43;1.73;2.07;0;0.96
2026-02-01;Aston Villa;Brentford;ENGLAND 1;2025/2026;0;1;0;1;3.41;0.86;1.45;1.19;1.75;4.9;4.3;27.0;72;28;61;50;195;48;27;6;5;2;8;8;0;3;0;1;1;6;12;1;2.27;0.82;2.0;1.43;0;0.96
2026-01-18;AC Milan;Lecce;ITALY 1;2025/2026;1;0;0;0;2.18;0.38;1.8;0.98;1.4;9.6;5.4;30.0;69;31;131;89;68;24;20;3;6;0;9;11;1;1;0;0;6;0;10;2;2.1;0.89;2.15;0.85;1;0.96
2024-12-13;Empoli;Torino;ITALY 1;2024/2025;0;1;0;0;1.02;1.25;0.71;0.92;3.75;2.34;3.2;7.6;59;41;117;72;38;29;7;12;4;4;7;15;2;3;0;0;1;2;12;3;1.0;1.0;1.27;1.07;0;0.96
2026-05-16;Freiburg;RB Leipzig;GERMANY 1;2025/2026;0;0;0;0;0.0;0.0;1.65;1.57;4.9;1.72;4.5;13.0;-1;-1;0;0;0;0;-1;-1;-1;-1;-1;-1;-1;-1;-1;-1;-1;-1;-1;-1;1.92;1.62;1.37;1.85;1;0.96
2026-04-19;Sporting CP;Benfica;PORTUGAL 1;2025/2026;0;0;0;0;0.0;0.0;2.24;1.83;2.2;3.55;3.7;16.5;-1;-1;0;0;0;0;-1;-1;-1;-1;-1;-1;-1;-1;-1;-1;-1;-1;-1;-1;2.58;2.54;2.5;2.41;1;0.96
2026-01-30;Lens;Le Havre;FRANCE 1;2025/2026;1;0;1;0;1.63;0.88;1.69;1.07;1.53;7.8;4.4;23.0;54;46;103;77;65;32;15;8;3;2;20;10;1;2;0;0;-1;-1;4;3;2.67;0.67;2.26;1.05;1;0.96
2024-04-06;PSG;Clermont;FRANCE 1;2023/2024;1;1;0;1;2.0;0.79;1.75;1.23;1.2;17.5;8.4;60.0;72;28;138;52;84;17;24;7;8;4;12;7;1;0;0;0;2;1;17;2;2.15;0.77;2.3;0.74;0;0.96
2024-04-06;Famalicao;Vizela;PORTUGAL 1;2023/2024;3;2;2;0;2.0;1.3;1.38;1.17;1.83;5.1;3.65;17.0;47;53;92;87;41;34;19;11;9;6;16;19;6;1;0;0;3;0;1;5;1.42;0.85;1.19;0.78;0;0.96
2026-05-02;Rio Ave;Gil Vicente;PORTUGAL 1;2025/2026;0;0;0;0;0.0;0.0;1.19;1.44;2.36;3.55;3.25;11.0;-1;-1;0;0;0;0;-1;-1;-1;-1;-1;-1;-1;-1;-1;-1;-1;-1;-1;-1;1.0;1.29;1.11;1.56;1;0.96
2024-04-07;Sheffield Utd;Chelsea;ENGLAND 1;2023/2024;2;2;1;1;1.42;0.99;1.1;1.46;8.0;1.41;5.8;13.5;33;67;108;113;40;44;12;7;7;4;12;10;4;2;0;0;-1;-1;7;6;0.6;1.29;0.5;1.48;0;0.96
2026-05-03;Manchester Utd;Liverpool;ENGLAND 1;2025/2026;0;0;0;0;0.0;0.0;1.98;1.56;5.0;1.65;5.0;18.5;-1;-1;0;0;0;0;-1;-1;-1;-1;-1;-1;-1;-1;-1;-1;-1;-1;-1;-1;2.2;1.31;1.77;1.58;1;0.96
2025-11-29;Hoffenheim;Augsburg;GERMANY 1;2025/2026;3;0;3;0;1.74;1.39;1.61;1.3;2.32;3.05;4.1;22.0;60;40;112;94;63;30;17;14;3;4;17;9;1;0;0;0;2;3;7;2;1.2;0.8;1.82;0.91;1;0.96
2026-01-31;Monaco;Rennes;FRANCE 1;2025/2026;4;0;1;0;1.54;1.03;1.51;1.17;1.87;4.3;4.2;23.0;46;54;87;95;32;32;14;8;6;4;15;9;1;2;0;0;3;5;5;2;1.6;1.44;1.26;1.63;1;0.96
2026-05-16;Juventus;Fiorentina;ITALY 1;2025/2026;0;0;0;0;0.0;0.0;2.19;1.16;1.87;5.4;3.5;15.0;-1;-1;0;0;0;0;-1;-1;-1;-1;-1;-1;-1;-1;-1;-1;-1;-1;-1;-1;2.0;0.93;1.8;0.97;1;0.96
2026-04-27;Cagliari;Atalanta;ITALY 1;2025/2026;0;0;0;0;0.0;0.0;1.04;1.41;5.2;1.76;4.1;10.0;-1;-1;0;0;0;0;-1;-1;-1;-1;-1;-1;-1;-1;-1;-1;-1;-1;-1;-1;1.07;1.29;1.0;1.67;1;0.96
2025-08-11;FC Porto;Vitoria Guimaraes;PORTUGAL 1;2025/2026;3;0;2;0;2.03;0.94;0.0;0.0;1.39;9.8;5.4;32.0;50;50;85;71;46;22;17;10;9;2;18;9;1;3;0;0;2;2;7;4;0.0;0.0;0.0;0.0;1;0.96
2025-12-06;Toulouse;Strasbourg;FRANCE 1;2025/2026;1;0;1;0;0.73;0.52;1.76;1.22;2.14;3.75;3.65;15.0;28;72;68;124;18;42;6;3;3;0;21;13;3;3;0;0;1;3;1;2;1.29;1.0;1.21;1.57;1;0.96
2025-11-23;Brest;Metz;FRANCE 1;2025/2026;3;2;1;1;2.11;0.81;1.57;1.07;1.54;8.4;4.2;21.0;56;44;144;53;48;21;20;7;7;3;11;8;2;3;0;0;-1;-1;6;2;1.0;0.5;0.83;0.92;0;0.96
2025-01-11;Reims;Nice;FRANCE 1;2024/2025;2;4;1;2;1.22;1.81;1.06;1.29;2.56;3.2;3.35;12.0;55;45;97;94;43;40;11;13;3;10;13;7;4;2;0;0;0;3;6;3;1.13;1.13;1.25;1.69;0;0.96
2024-04-07;Montpellier;Lorient;FRANCE 1;2023/2024;2;0;0;0;1.53;1.77;1.64;1.09;1.82;4.7;4.0;20.0;45;55;69;111;41;73;14;21;6;6;10;15;3;6;0;0;0;3;5;7;1.0;1.0;1.11;0.96;1;0.96
2024-04-07;Chaves;Portimonense;PORTUGAL 1;2023/2024;2;3;1;0;0.79;1.41;1.38;1.13;2.24;3.65;3.35;13.0;43;57;82;110;17;58;11;12;3;5;15;15;3;2;0;0;3;0;4;4;0.92;0.77;0.7;0.85;0;0.96
2024-04-07;Frosinone;Bologna;ITALY 1;2023/2024;0;0;0;0;1.21;1.46;1.41;1.29;4.8;1.88;3.75;9.0;34;66;102;100;29;38;13;14;6;6;8;14;1;3;0;0;0;2;5;2;1.4;1.36;0.83;1.9;1;0.96
2025-04-19;Monza;Napoli;ITALY 1;2024/2025;0;1;0;0;0.66;1.78;1.05;1.08;4.6;1.87;3.95;9.8;41;59;82;126;20;57;8;16;0;5;18;11;4;2;0;0;0;2;6;7;0.5;1.88;0.47;2.13;0;0.96
2026-01-02;Gil Vicente;Sporting CP;PORTUGAL 1;2025/2026;1;1;0;1;2.14;1.47;1.58;2.02;15.5;1.28;6.2;9.0;36;64;70;98;44;42;19;14;9;4;17;14;3;3;0;1;1;0;8;7;1.86;2.75;1.69;2.56;0;0.96
2026-01-15;Augsburg;Union Berlin;GERMANY 1;2025/2026;1;1;1;0;1.16;1.51;1.43;1.3;2.18;3.75;3.55;14.0;48;52;107;98;32;40;9;16;5;3;9;18;1;0;0;1;1;0;3;3;1.25;1.29;0.88;1.38;0;0.96
2025-10-29;Metz;Lens;FRANCE 1;2025/2026;2;0;0;0;1.8;1.07;0.72;1.03;5.4;1.76;4.0;8.6;46;54;67;120;43;39;16;10;7;2;15;15;2;2;1;0;0;3;2;5;0.5;1.75;0.22;2.11;1;0.96
2024-04-12;Lazio;Salernitana;ITALY 1;2023/2024;4;1;3;1;1.56;1.06;1.29;0.91;1.37;11.5;5.3;34.0;62;38;100;112;34;24;18;10;7;6;15;10;0;1;0;0;3;0;9;0;1.6;0.47;1.48;0.48;0;0.96
2024-12-08;Strasbourg;Reims;FRANCE 1;2024/2025;0;0;0;0;1.0;0.98;1.08;1.26;2.6;3.1;3.4;12.0;48;52;101;80;56;45;6;7;3;3;13;16;1;2;0;0;0;2;3;2;1.83;1.67;1.0;1.38;1;0.96
2026-02-28;Rennes;Toulouse;FRANCE 1;2025/2026;1;0;1;0;1.09;1.01;1.87;1.29;1.87;4.6;3.8;17.0;65;35;135;96;42;40;10;9;2;2;9;13;1;3;0;0;1;0;6;1;1.91;1.27;1.61;1.35;1;0.96
2025-01-18;Bologna;Monza;ITALY 1;2024/2025;3;1;2;1;1.98;0.45;1.58;0.8;1.58;7.6;4.2;21.0;59;41;131;96;48;24;18;3;7;1;16;18;1;3;0;0;0;1;4;0;1.56;0.78;1.58;0.65;0;0.96
2026-05-23;Torino;Juventus;ITALY 1;2025/2026;0;0;0;0;0.0;0.0;1.39;1.69;4.0;2.26;3.15;6.8;-1;-1;0;0;0;0;-1;-1;-1;-1;-1;-1;-1;-1;-1;-1;-1;-1;-1;-1;1.33;1.6;1.1;1.8;1;0.96
2024-11-08;Lecce;Empoli;ITALY 1;2024/2025;1;1;0;1;1.79;1.11;1.15;0.75;2.3;3.8;3.2;11.5;59;41;111;95;60;23;17;8;4;6;7;24;0;3;0;0;1;1;4;3;1.4;1.6;0.73;1.27;0;0.96
2025-05-11;Vitoria Guimaraes;SC Farense;PORTUGAL 1;2024/2025;1;2;0;1;2.18;0.86;1.5;1.03;1.54;7.0;4.6;23.0;70;30;122;76;98;27;19;7;4;3;15;7;5;4;0;0;1;2;16;3;2.0;0.81;1.69;0.75;0;0.96
2026-04-04;FC Porto;Famalicao;PORTUGAL 1;2025/2026;0;0;0;0;0.0;0.0;1.67;1.25;1.24;15.0;7.4;48.0;-1;-1;0;0;0;0;-1;-1;-1;-1;-1;-1;-1;-1;-1;-1;-1;-1;-1;-1;2.69;1.46;2.67;1.67;1;0.96
2026-02-15;RB Leipzig;Wolfsburg;GERMANY 1;2025/2026;2;2;0;0;2.78;1.01;1.91;1.11;1.38;9.2;5.8;40.0;68;32;173;61;113;23;20;10;10;3;6;10;1;2;0;0;-1;-1;6;2;2.1;1.0;1.86;0.9;0;0.96
2025-11-21;Mainz;Hoffenheim;GERMANY 1;2025/2026;1;1;0;1;1.64;1.97;1.43;1.41;2.02;3.75;4.1;20.0;45;55;106;136;49;58;17;19;3;5;13;13;3;2;1;0;2;2;7;4;0.2;2.6;0.5;1.9;0;0.96
2024-12-22;Bochum;Heidenheim;GERMANY 1;2024/2025;2;0;2;0;1.21;0.75;1.1;1.03;2.2;3.45;3.8;17.5;51;49;152;98;46;38;9;5;4;2;18;15;2;7;0;0;2;0;5;2;0.33;0.86;0.21;0.71;1;0.96
2026-01-13;Stuttgart;Eintracht Frankfurt;GERMANY 1;2025/2026;3;2;2;1;2.41;1.25;1.63;1.4;1.54;6.4;5.0;32.0;58;42;100;83;53;19;20;12;11;5;8;15;2;2;0;0;6;1;10;2;2.29;1.5;1.81;1.63;0;0.96
2026-03-15;Internacional;Bahia;BRAZIL 1;2026;0;1;0;1;1.51;0.65;2.23;1.09;1.88;5.0;3.65;15.0;53;47;117;64;66;18;14;7;2;1;19;20;3;2;0;0;3;3;7;1;0.0;3.0;0.4;2.0;0;0.96
2024-04-13;Criciuma;Juventude;BRAZIL 1;2024;1;1;1;0;0.86;1.45;0.0;0.0;2.16;4.0;3.2;12.0;47;53;96;113;27;65;7;11;3;4;9;13;4;6;0;0;3;4;0;4;0.0;0.0;0.0;0.0;0;0.96
2024-04-13;Brentford;Sheffield Utd;ENGLAND 1;2023/2024;2;0;0;0;1.45;0.9;1.47;0.92;1.45;7.6;5.4;32.0;53;47;91;91;54;42;10;10;6;3;8;11;3;1;0;0;3;2;3;6;1.13;0.4;0.91;0.52;1;0.96
2026-03-20;Bournemouth;Manchester Utd;ENGLAND 1;2025/2026;2;2;0;0;1.73;1.54;1.6;1.58;2.5;2.78;4.0;21.0;55;45;114;85;51;43;16;14;5;5;10;9;2;2;0;1;2;0;6;8;1.67;1.4;1.37;1.8;0;0.96
2026-05-16;Atl. Madrid;Girona;SPAIN 1;2025/2026;0;0;0;0;0.0;0.0;1.97;1.23;1.98;4.0;3.9;19.5;-1;-1;0;0;0;0;-1;-1;-1;-1;-1;-1;-1;-1;-1;-1;-1;-1;-1;-1;2.67;1.0;1.97;1.17;1;0.96
2026-01-02;Rayo Vallecano;Getafe;SPAIN 1;2025/2026;1;1;1;0;1.37;1.35;1.81;1.07;2.38;3.85;3.1;10.0;60;40;114;114;35;41;13;12;4;4;13;10;3;4;0;0;5;2;3;2;1.14;1.0;1.06;1.18;0;0.96
2026-04-04;Mallorca;Real Madrid;SPAIN 1;2025/2026;0;0;0;0;0.0;0.0;1.39;1.96;5.6;1.77;3.8;7.4;-1;-1;0;0;0;0;-1;-1;-1;-1;-1;-1;-1;-1;-1;-1;-1;-1;-1;-1;1.57;2.14;0.97;2.38;1;-6.4
2026-04-25;Benfica;Moreirense;PORTUGAL 1;2025/2026;0;0;0;0;0.0;0.0;2.06;1.05;1.32;12.0;6.2;38.0;-1;-1;0;0;0;0;-1;-1;-1;-1;-1;-1;-1;-1;-1;-1;-1;-1;-1;-1;2.29;1.07;2.41;1.3;1;0.96
2025-05-17;Arouca;Boavista;PORTUGAL 1;2024/2025;4;1;3;1;1.67;1.91;1.18;0.85;1.7;5.2;4.2;20.0;58;42;70;83;24;34;16;22;7;4;16;16;1;2;0;0;4;1;2;11;1.13;1.13;1.06;0.73;0;0.96
2024-04-14;Real Sociedad;Almeria;SPAIN 1;2023/2024;2;2;1;1;1.79;0.8;1.54;1.05;1.32;13.0;6.0;38.0;50;50;99;76;60;18;18;8;5;4;14;8;2;2;1;0;2;1;5;1;1.64;0.33;1.63;0.43;0;0.96
2024-04-14;Portimonense;Casa Pia;PORTUGAL 1;2023/2024;2;2;2;1;1.16;1.32;1.26;1.16;2.86;2.82;3.15;9.2;46;54;111;93;41;46;13;15;4;5;15;19;2;3;0;1;2;3;5;8;0.93;1.43;0.93;1.11;0;0.96
2024-04-14;Darmstadt;Freiburg;GERMANY 1;2023/2024;0;1;0;1;1.57;1.11;1.34;1.09;4.1;1.94;4.1;12.5;53;47;124;89;61;35;19;10;6;4;7;12;0;1;0;0;0;0;2;2;0.43;1.14;0.5;1.29;0;-11.5
2024-04-14;Napoli;Frosinone;ITALY 1;2023/2024;2;2;1;0;2.06;1.47;2.0;1.17;1.36;9.8;6.0;40.0;66;34;113;87;56;39;21;14;10;7;10;15;2;1;1;0;2;2;6;2;1.47;0.27;1.55;0.84;0;0.96
2026-05-02;Sassuolo;AC Milan;ITALY 1;2025/2026;0;0;0;0;0.0;0.0;1.19;1.31;4.5;1.89;3.95;11.5;-1;-1;0;0;0;0;-1;-1;-1;-1;-1;-1;-1;-1;-1;-1;-1;-1;-1;-1;1.33;2.13;1.3;2.1;1;0.96
2026-01-24;Bayer Leverkusen;Werder Bremen;GERMANY 1;2025/2026;1;0;1;0;1.35;1.68;1.81;1.12;1.21;16.5;8.4;60.0;50;50;93;104;34;55;13;17;4;3;6;9;2;3;0;0;1;1;5;5;1.78;0.67;1.71;1.06;1;0.96
2024-08-16;Las Palmas;Sevilla;SPAIN 1;2024/2025;2;2;1;1;1.31;1.57;0.0;0.0;2.94;2.78;3.25;10.0;48;52;106;91;35;38;11;15;5;5;14;15;2;2;0;0;1;2;6;3;0.0;0.0;0.0;0.0;0;0.96
2024-04-14;Clermont;Montpellier;FRANCE 1;2023/2024;1;1;1;0;0.96;1.59;1.31;1.29;3.45;2.22;3.75;12.0;51;49;103;98;41;47;11;15;3;7;13;10;1;1;0;0;2;2;3;4;0.71;1.23;0.75;1.18;0;0.96
2025-11-08;Le Havre;Nantes;FRANCE 1;2025/2026;1;1;0;1;1.93;0.57;1.49;0.99;2.7;3.15;3.15;9.6;65;35;112;62;81;14;17;5;4;2;15;13;3;3;0;0;4;3;8;3;1.6;1.0;1.18;0.82;0;-8.6
2024-04-14;Athletico-PR;Cuiaba;BRAZIL 1;2024;4;0;3;0;2.08;0.32;0.0;0.0;1.63;7.4;3.9;19.0;62;38;144;64;68;15;15;2;9;1;14;9;0;3;0;0;2;1;7;0;0.0;0.0;0.0;0.0;1;0.96
2026-07-24;Cruzeiro;Botafogo RJ;BRAZIL 1;2026;0;0;0;0;0.0;0.0;1.44;0.86;2.4;3.55;3.2;10.5;-1;-1;0;0;0;0;-1;-1;-1;-1;-1;-1;-1;-1;-1;-1;-1;-1;-1;-1;0.75;0.75;0.5;1.0;1;0.96
2026-07-28;Vitoria;Palmeiras;BRAZIL 1;2026;0;0;0;0;0.0;0.0;1.44;1.11;4.8;1.86;3.8;8.6;-1;-1;0;0;0;0;-1;-1;-1;-1;-1;-1;-1;-1;-1;-1;-1;-1;-1;-1;2.25;1.75;1.43;2.38;1;-7.6
2025-12-30;Arsenal;Aston Villa;ENGLAND 1;2025/2026;4;1;0;0;2.28;1.22;1.86;1.29;1.32;11.0;6.4;40.0;46;54;79;83;58;43;22;11;7;3;18;9;2;3;0;0;4;0;3;3;2.78;1.89;2.33;2.17;0;0.96
2026-04-25;Liverpool;Crystal Palace;ENGLAND 1;2025/2026;0;0;0;0;0.0;0.0;1.96;1.15;1.22;16.0;8.2;65.0;-1;-1;0;0;0;0;-1;-1;-1;-1;-1;-1;-1;-1;-1;-1;-1;-1;-1;-1;1.87;1.53;1.58;1.3;1;-64.0
2025-12-13;Chelsea;Everton;ENGLAND 1;2025/2026;2;0;2;0;1.67;1.14;1.74;0.95;1.75;4.8;4.4;24.0;58;42;99;95;34;41;17;11;5;2;13;11;1;0;0;0;0;1;4;7;1.57;1.43;1.67;1.6;1;0.96
2026-05-09;Fiorentina;Genoa;ITALY 1;2025/2026;0;0;0;0;0.0;0.0;1.68;1.22;2.04;4.3;3.5;13.0;-1;-1;0;0;0;0;-1;-1;-1;-1;-1;-1;-1;-1;-1;-1;-1;-1;-1;-1;1.0;1.0;0.97;1.1;1;0.96
2024-04-15;Vizela;Chaves;PORTUGAL 1;2023/2024;0;1;0;1;1.4;1.26;1.52;1.08;2.12;3.95;3.55;14.5;66;34;128;89;65;66;15;9;5;3;17;13;3;2;0;0;1;2;10;5;0.71;0.5;0.75;0.68;0;-13.5
2025-08-24;Osasuna;Valencia;SPAIN 1;2025/2026;1;0;1;0;1.71;0.57;0.0;0.0;2.34;3.8;3.15;10.0;56;44;99;79;59;32;16;4;4;1;14;13;2;1;0;1;2;1;3;4;0.0;0.0;0.0;1.0;1;-9.0
2025-09-13;Famalicao;Sporting CP;PORTUGAL 1;2025/2026;1;2;1;1;1.04;1.1;1.01;2.83;12.0;1.33;5.6;9.2;43;57;79;96;36;33;9;9;3;4;22;17;4;3;0;0;2;6;5;4;2.0;3.0;2.5;2.25;0;-8.2
2025-05-25;Fortaleza;Cruzeiro;BRAZIL 1;2025;0;2;0;2;0.75;1.81;1.4;1.25;1.96;4.9;3.45;14.0;49;51;101;86;4;25;10;17;1;8;14;10;3;1;1;0;0;2;6;8;1.75;1.0;1.11;1.89;0;0.96
2025-08-11;Juventude;Corinthians;BRAZIL 1;2025;2;1;1;0;1.12;1.02;1.29;0.97;3.45;2.6;2.98;7.4;37;63;31;61;13;16;12;11;4;3;22;12;6;5;0;1;1;1;3;2;1.38;0.78;0.69;1.22;0;0.96
2026-08-07;Palmeiras;Internacional;BRAZIL 1;2026;0;0;0;0;0.0;0.0;1.66;1.69;1.74;6.0;3.75;16.5;-1;-1;0;0;0;0;-1;-1;-1;-1;-1;-1;-1;-1;-1;-1;-1;-1;-1;-1;3.0;1.25;2.38;1.0;1;-15.5
2026-01-17;Cagliari;Juventus;ITALY 1;2025/2026;1;0;0;0;0.35;2.52;1.14;1.55;5.5;1.81;3.7;7.4;22;78;36;168;12;117;3;21;1;5;16;12;0;1;0;0;0;1;1;18;1.0;1.7;0.95;1.95;1;0.96
2025-09-29;Genoa;Lazio;ITALY 1;2025/2026;0;3;0;2;1.69;1.34;0.83;1.0;3.1;2.74;3.15;8.6;65;35;113;72;36;49;17;9;5;6;18;16;5;1;0;0;1;2;6;0;0.5;0.0;0.5;0.75;0;-7.6
2026-01-31;Rio Ave;Arouca;PORTUGAL 1;2025/2026;0;3;0;1;0.74;1.95;1.04;1.06;2.62;3.1;3.25;11.5;51;49;74;77;31;46;8;18;0;7;11;15;2;1;0;0;2;3;5;5;1.0;0.89;1.05;0.89;0;0.96
2026-02-22;Nice;Lorient;FRANCE 1;2025/2026;3;3;2;1;1.02;1.94;1.44;1.17;1.58;6.6;4.5;21.0;39;61;95;113;31;72;8;17;4;5;15;4;2;3;0;0;0;2;3;7;1.45;0.82;1.05;1.41;0;0.96
2025-12-13;Eintracht Frankfurt;Augsburg;GERMANY 1;2025/2026;1;0;0;0;1.33;1.17;1.58;1.31;2.08;3.65;3.9;17.5;51;49;109;84;48;47;11;12;4;1;14;10;2;3;0;0;3;5;2;6;1.67;0.67;1.62;1.0;1;0.96
2025-02-22;Wolfsburg;Bochum;GERMANY 1;2024/2025;1;1;0;0;1.57;1.37;1.34;1.11;1.82;4.7;4.1;21.0;55;45;107;78;45;45;13;11;6;5;0;1;2;3;0;0;1;1;3;5;1.18;0.18;1.5;0.64;0;0.96
2026-01-24;Heidenheim;RB Leipzig;GERMANY 1;2025/2026;0;3;0;0;1.0;1.72;1.3;1.58;6.6;1.48;5.6;13.5;26;74;58;143;58;62;7;11;2;8;10;9;1;0;0;0;1;3;4;0;1.0;1.38;0.72;1.88;0;0.96
2025-11-08;Union Berlin;Bayern Munich;GERMANY 1;2025/2026;2;2;1;1;1.29;1.49;1.39;2.35;5.2;1.66;4.7;11.5;26;74;92;138;34;60;12;12;4;4;8;8;2;4;0;0;1;5;6;5;1.6;3.0;1.22;3.0;0;0.96
2024-04-20;Sheffield Utd;Burnley;ENGLAND 1;2023/2024;1;4;0;2;2.26;1.96;1.12;1.06;2.86;2.58;3.7;13.5;49;51;105;89;57;43;19;17;12;10;10;9;1;0;0;0;2;1;11;2;0.63;0.63;0.5;0.61;0;0.96
2026-01-24;Rayo Vallecano;Osasuna;SPAIN 1;2025/2026;1;3;0;1;1.31;1.57;1.73;0.98;2.32;3.85;3.2;10.5;67;33;100;87;45;46;11;14;4;5;12;15;2;2;0;0;2;2;4;3;1.33;0.2;1.1;1.1;0;0.96
2024-10-20;Empoli;Napoli;ITALY 1;2024/2025;0;1;0;0;0.95;0.59;0.71;1.06;5.3;1.72;4.2;9.8;50;50;89;77;39;27;6;5;4;1;14;13;2;2;0;0;1;0;7;7;1.0;1.33;1.43;2.29;0;0.96
2025-03-31;Celta Vigo;Las Palmas;SPAIN 1;2024/2025;1;1;1;0;2.1;0.62;1.23;0.91;1.8;5.4;3.8;16.0;61;39;166;76;54;30;19;4;7;2;17;5;3;0;0;0;4;3;4;2;2.07;0.79;1.39;0.89;0;0.96
2026-02-07;Moreirense;Gil Vicente;PORTUGAL 1;2025/2026;1;2;0;1;0.39;1.74;1.06;1.41;2.26;3.7;3.25;13.5;42;58;65;124;16;70;3;15;1;4;18;16;3;1;1;0;1;4;3;6;2.11;1.4;1.5;1.7;0;-12.5
2025-09-20;Nantes;Rennes;FRANCE 1;2025/2026;2;2;0;2;1.52;1.06;0.55;1.15;3.25;2.5;3.35;9.8;43;57;77;86;32;37;16;8;4;4;14;18;3;1;0;0;1;3;4;4;1.5;0.5;0.75;1.75;0;0.96
2024-04-20;Lens;Clermont;FRANCE 1;2023/2024;1;0;1;0;1.73;0.8;1.7;1.19;1.38;11.0;5.3;36.0;48;52;107;100;50;37;19;9;6;2;14;17;1;4;0;0;1;1;4;3;1.71;0.79;1.48;0.76;1;0.96
2026-09-04;Fluminense;Vasco;BRAZIL 1;2026;0;0;0;0;0.0;0.0;1.65;1.43;1.89;4.9;3.65;15.0;-1;-1;0;0;0;0;-1;-1;-1;-1;-1;-1;-1;-1;-1;-1;-1;-1;-1;-1;3.0;0.33;2.0;1.38;1;0.96
2026-05-16;Sassuolo;Lecce;ITALY 1;2025/2026;0;0;0;0;0.0;0.0;1.19;0.98;2.4;3.4;3.45;13.0;-1;-1;0;0;0;0;-1;-1;-1;-1;-1;-1;-1;-1;-1;-1;-1;-1;-1;-1;1.33;0.73;1.3;0.9;1;0.96
2026-05-02;Sporting CP;Vitoria Guimaraes;PORTUGAL 1;2025/2026;0;0;0;0;0.0;0.0;2.24;1.41;1.28;13.5;6.8;44.0;-1;-1;0;0;0;0;-1;-1;-1;-1;-1;-1;-1;-1;-1;-1;-1;-1;-1;-1;2.58;0.77;2.5;1.19;1;0.96
2026-02-02;Casa Pia;FC Porto;PORTUGAL 1;2025/2026;2;1;2;0;0.63;1.87;0.93;1.66;11.0;1.35;5.8;8.2;32;68;70;131;22;69;5;15;2;6;14;14;3;2;0;1;1;3;0;10;0.56;3.0;0.79;2.89;0;0.96
2024-04-21;Famalicao;Portimonense;PORTUGAL 1;2023/2024;2;2;0;1;1.6;1.75;1.37;1.15;1.62;5.9;4.4;26.0;48;52;101;85;42;43;19;17;4;7;11;18;2;4;1;0;1;1;9;6;1.43;0.93;1.21;0.93;0;0.96
2025-12-14;Werder Bremen;Stuttgart;GERMANY 1;2025/2026;0;4;0;2;1.17;2.84;1.68;1.81;5.3;1.64;4.9;13.5;38;62;83;125;26;68;11;24;4;12;11;6;1;0;1;0;0;2;1;9;1.83;1.0;1.23;1.69;0;0.96
2025-11-30;Freiburg;Mainz;GERMANY 1;2025/2026;4;0;2;0;2.55;0.2;1.34;1.35;3.05;2.5;3.6;12.0;75;25;128;60;55;7;23;1;10;1;9;12;0;2;0;1;4;0;6;2;1.6;0.8;1.18;0.55;1;0.96
2024-04-21;Torino;Frosinone;ITALY 1;2023/2024;0;0;0;0;1.25;1.3;1.33;1.19;1.72;5.7;4.0;18.0;53;47;106;89;38;54;15;13;3;4;11;16;2;2;0;0;2;2;6;4;1.75;0.31;1.41;0.84;1;0.96
2024-04-21;Salernitana;Fiorentina;ITALY 1;2023/2024;0;2;0;0;0.54;1.65;1.27;1.34;5.8;1.68;4.2;9.2;27;73;68;134;19;62;6;13;2;8;14;13;2;4;0;0;3;2;2;5;0.5;1.07;0.47;1.42;0;0.96
2025-05-04;Monza;Atalanta;ITALY 1;2024/2025;0;4;0;2;1.62;1.71;1.02;1.43;4.6;1.93;3.75;8.8;52;48;83;93;34;58;14;15;7;5;9;10;1;2;0;0;2;0;3;7;0.47;2.12;0.44;1.91;0;0.96
2026-08-21;Vitoria;Bahia;BRAZIL 1;2026;0;0;0;0;0.0;0.0;1.44;1.02;2.96;2.64;3.35;10.0;-1;-1;0;0;0;0;-1;-1;-1;-1;-1;-1;-1;-1;-1;-1;-1;-1;-1;-1;2.25;2.25;1.43;2.0;1;0.96
2026-07-24;Athletico-PR;Internacional;BRAZIL 1;2026;0;0;0;0;0.0;0.0;1.3;1.69;2.04;4.2;3.35;13.0;-1;-1;0;0;0;0;-1;-1;-1;-1;-1;-1;-1;-1;-1;-1;-1;-1;-1;-1;2.25;1.25;1.86;1.0;1;0.96
2024-10-06;Reims;Montpellier;FRANCE 1;2024/2025;4;2;2;1;1.49;0.96;0.7;0.91;2.06;3.8;3.85;17.5;48;52;64;80;45;41;13;7;5;3;15;13;3;5;0;0;3;0;4;4;1.33;0.0;1.83;0.67;0;0.96
2026-01-25;Lille;Strasbourg;FRANCE 1;2025/2026;1;4;0;2;2.18;1.52;1.65;1.14;1.63;6.4;4.2;22.0;47;53;100;69;70;21;20;15;6;6;11;13;2;2;0;0;0;1;8;1;2.11;0.89;1.78;1.5;0;0.96
2026-04-26;Le Havre;Metz;FRANCE 1;2025/2026;0;0;0;0;0.0;0.0;1.37;0.86;2.28;3.85;3.3;11.5;-1;-1;0;0;0;0;-1;-1;-1;-1;-1;-1;-1;-1;-1;-1;-1;-1;-1;-1;1.5;0.36;1.0;0.52;1;-10.5
2025-12-05;Brest;Monaco;FRANCE 1;2025/2026;1;0;1;0;1.24;1.09;1.64;1.34;2.82;2.64;3.65;13.5;40;60;99;110;27;42;12;10;4;2;17;15;2;4;1;0;0;2;2;3;1.29;1.17;1.14;1.64;1;0.96
2025-04-05;Botafogo RJ;Juventude;BRAZIL 1;2025;2;0;1;0;1.76;1.4;0.0;0.0;1.76;5.7;3.75;16.0;57;43;100;79;46;34;16;15;6;3;14;7;2;3;0;0;1;4;3;3;0.0;0.0;1.0;3.0;1;0.96
2026-01-09;Getafe;Real Sociedad;SPAIN 1;2025/2026;1;2;0;1;0.79;1.58;1.14;1.55;4.1;2.24;3.15;7.0;43;57;110;119;25;65;6;12;3;5;17;17;2;1;0;0;4;2;2;4;1.38;0.78;1.17;1.0;0;0.96
2024-04-21;Almeria;Villarreal;SPAIN 1;2023/2024;1;2;1;1;1.96;1.21;1.54;1.08;3.6;2.06;4.1;14.5;57;43;107;73;47;32;25;12;6;4;10;15;2;4;1;0;1;2;5;2;0.53;1.33;0.45;1.26;0;0.96
2025-11-09;Aston Villa;Bournemouth;ENGLAND 1;2025/2026;4;0;2;0;1.83;1.26;1.2;1.42;1.91;4.1;4.2;25.0;52;48;78;77;37;40;16;12;8;3;8;20;2;2;0;0;0;2;6;9;2.0;1.0;1.5;1.8;1;0.96
2026-01-04;Fulham;Liverpool;ENGLAND 1;2025/2026;2;2;1;0;0.92;1.21;1.47;1.57;5.8;1.58;5.0;16.0;42;58;69;141;37;58;8;10;2;2;11;4;1;1;0;0;2;4;3;8;1.78;1.44;1.42;1.74;0;0.96
2025-10-26;Real Madrid;Barcelona;SPAIN 1;2025/2026;2;1;2;1;2.5;1.8;2.25;2.27;1.83;4.4;4.2;24.0;32;68;82;121;50;59;23;15;10;6;12;9;5;4;1;1;5;2;12;4;3.0;2.0;2.67;2.44;0;0.96
2025-10-18;Sevilla;Mallorca;SPAIN 1;2025/2026;1;3;1;0;1.36;1.14;1.42;1.3;2.16;4.4;3.2;12.0;58;42;87;76;36;38;13;7;4;6;16;13;2;1;0;0;3;0;9;2;1.0;0.0;1.63;0.63;0;0.96
2024-11-02;SC Farense;Benfica;PORTUGAL 1;2024/2025;1;2;1;1;0.97;2.0;1.03;1.48;9.2;1.39;5.7;11.5;30;70;71;153;33;94;7;13;4;7;10;5;1;0;0;0;0;4;3;8;0.75;1.33;0.44;2.38;0;0.96
2026-03-01;Arsenal;Chelsea;ENGLAND 1;2025/2026;2;1;1;1;1.59;1.18;1.84;1.49;1.47;7.4;5.3;32.0;41;59;97;87;66;55;12;9;5;3;11;14;1;4;0;1;0;1;5;10;2.46;1.69;2.18;1.67;0;0.96
2025-10-29;Lorient;PSG;FRANCE 1;2025/2026;1;1;0;0;0.65;2.48;1.7;1.88;8.0;1.42;5.6;12.0;22;78;44;163;27;134;5;15;2;8;5;13;0;2;0;0;4;0;0;8;1.75;2.0;0.89;2.22;0;0.96
2026-05-09;Monaco;Lille;FRANCE 1;2025/2026;0;0;0;0;0.0;0.0;1.48;1.51;2.48;3.05;3.65;15.0;-1;-1;0;0;0;0;-1;-1;-1;-1;-1;-1;-1;-1;-1;-1;-1;-1;-1;-1;2.0;1.64;1.7;1.74;1;0.96
2026-04-19;Everton;Liverpool;ENGLAND 1;2025/2026;0;0;0;0;0.0;0.0;1.48;1.56;7.8;1.46;5.3;10.5;-1;-1;0;0;0;0;-1;-1;-1;-1;-1;-1;-1;-1;-1;-1;-1;-1;-1;-1;1.38;1.31;1.48;1.58;1;0.96
2024-04-24;Manchester Utd;Sheffield Utd;ENGLAND 1;2023/2024;4;2;1;1;2.86;1.09;1.66;0.92;1.36;9.0;6.2;46.0;72;28;136;55;77;24;27;12;14;5;7;9;0;1;0;0;3;2;8;4;1.73;0.38;1.56;0.48;0;0.96
2025-09-13;Real Sociedad;Real Madrid;SPAIN 1;2025/2026;1;2;0;2;2.23;1.68;1.77;3.0;2.56;3.15;3.35;11.0;64;36;117;87;70;34;23;16;4;6;17;7;2;1;0;1;0;2;12;4;1.0;3.0;0.67;3.0;0;-10.0
2026-05-09;Gil Vicente;Arouca;PORTUGAL 1;2025/2026;0;0;0;0;0.0;0.0;1.64;1.11;2.76;2.74;3.55;13.0;-1;-1;0;0;0;0;-1;-1;-1;-1;-1;-1;-1;-1;-1;-1;-1;-1;-1;-1;1.85;1.0;1.56;1.07;1;0.96
2024-04-26;Frosinone;Salernitana;ITALY 1;2023/2024;3;0;2;0;1.28;1.24;1.4;0.92;1.45;8.2;5.1;34.0;43;57;81;102;50;36;12;19;5;3;14;9;2;2;0;0;1;3;7;3;1.38;0.44;0.85;0.45;1;0.96
2024-08-31;Montpellier;Nantes;FRANCE 1;2024/2025;1;3;1;2;1.46;1.05;1.08;0.98;2.08;4.0;3.65;14.5;69;31;142;48;73;37;9;8;5;4;11;14;2;2;0;0;0;1;8;3;1.0;1.0;0.5;2.0;0;0.96
2025-03-01;Bochum;Hoffenheim;GERMANY 1;2024/2025;0;1;0;0;1.42;1.07;1.27;1.13;2.28;3.15;4.0;22.0;58;42;125;103;53;40;13;10;3;2;16;17;0;1;0;0;1;0;8;5;1.09;0.91;0.65;0.96;0;0.96
2025-08-30;Manchester Utd;Burnley;ENGLAND 1;2025/2026;3;2;1;0;2.55;0.78;2.22;1.41;1.57;5.8;5.1;36.0;62;38;102;88;70;25;26;6;6;3;9;9;1;5;0;0;1;1;7;1;0.0;0.0;0.5;1.5;0;0.96
2025-11-22;PSG;Le Havre;FRANCE 1;2025/2026;3;0;1;0;3.12;1.28;2.37;1.05;1.37;10.0;5.8;38.0;65;35;127;73;56;34;31;12;11;4;10;8;2;1;0;0;3;3;6;4;2.6;0.83;2.25;1.17;1;0.96
2025-12-07;Fulham;Crystal Palace;ENGLAND 1;2025/2026;1;2;1;1;1.46;1.35;1.51;1.17;2.16;3.6;3.7;17.0;63;37;91;69;59;43;12;11;4;5;5;8;0;0;0;0;3;2;6;4;1.86;1.86;1.21;1.64;0;0.96
2024-10-06;Vitoria Guimaraes;Boavista;PORTUGAL 1;2024/2025;2;2;1;0;0.93;0.81;1.06;0.75;1.78;5.4;3.85;17.0;54;46;0;0;0;0;7;6;2;3;14;16;5;5;0;0;1;1;6;5;2.0;1.0;1.86;0.71;0;0.96
2026-01-04;Everton;Brentford;ENGLAND 1;2025/2026;2;4;0;1;1.75;1.46;1.44;1.11;2.66;2.94;3.45;12.0;45;55;112;96;61;37;14;11;6;7;9;8;0;2;0;0;0;2;4;5;1.56;0.67;1.47;1.42;0;0.96
2026-03-04;Aston Villa;Chelsea;ENGLAND 1;2025/2026;1;4;1;2;1.11;1.77;1.61;1.47;2.16;3.35;4.1;23.0;43;57;61;83;36;37;9;15;4;8;10;9;3;2;0;0;2;2;3;8;2.07;1.57;1.82;1.61;0;0.96
2024-04-27;Vizela;Rio Ave;PORTUGAL 1;2023/2024;1;1;1;1;1.71;1.08;1.52;1.1;3.0;2.64;3.3;9.6;53;47;112;101;47;22;20;14;6;4;13;8;2;2;0;0;3;6;7;0;0.67;0.6;0.7;1.03;0;0.96
2024-04-27;Casa Pia;Chaves;PORTUGAL 1;2023/2024;3;1;1;0;1.34;1.6;1.11;1.09;2.04;4.5;3.3;13.5;36;64;74;115;39;39;13;14;6;7;14;12;3;4;0;0;1;0;4;5;0.73;0.67;1.07;0.77;0;0.96
2026-02-21;Bayern Munich;Eintracht Frankfurt;GERMANY 1;2025/2026;3;2;2;0;2.75;0.97;2.41;1.28;1.46;7.0;5.6;44.0;51;49;123;47;65;27;24;9;11;3;9;10;0;3;0;0;1;0;8;2;2.55;1.27;2.59;1.41;0;0.96
2025-12-20;Augsburg;Werder Bremen;GERMANY 1;2025/2026;0;0;0;0;1.66;0.87;1.4;1.21;1.86;4.4;4.2;24.0;53;47;101;69;49;41;14;9;6;0;10;20;3;4;0;0;2;2;6;11;1.29;0.71;0.93;1.14;1;0.96
2026-01-10;Bayer Leverkusen;Stuttgart;GERMANY 1;2025/2026;1;4;0;4;1.63;1.46;1.83;1.94;1.8;4.7;4.3;23.0;57;43;102;111;47;45;16;10;4;7;13;11;4;2;0;0;2;2;5;3;2.0;1.25;1.93;1.73;0;0.96
2026-05-01;Freiburg;Wolfsburg;GERMANY 1;2025/2026;0;0;0;0;0.0;0.0;1.65;1.06;2.42;3.15;3.65;14.0;-1;-1;0;0;0;0;-1;-1;-1;-1;-1;-1;-1;-1;-1;-1;-1;-1;-1;-1;1.92;0.92;1.37;0.78;1;0.96
2025-10-05;Juventus;AC Milan;ITALY 1;2025/2026;0;0;0;0;1.38;1.29;2.23;1.59;2.18;4.0;3.35;13.5;51;49;97;75;56;26;12;13;3;4;15;8;2;2;0;0;0;1;6;0;2.33;3.0;2.2;2.4;1;0.96
2024-10-26;Las Palmas;Girona;SPAIN 1;2024/2025;1;0;1;0;1.1;0.83;1.26;1.04;4.6;1.84;4.1;11.0;43;57;78;93;35;40;10;5;3;3;12;14;4;5;0;1;0;5;3;5;0.6;1.0;0.6;1.2;1;0.96
2024-12-15;Lecce;Monza;ITALY 1;2024/2025;2;1;2;1;1.07;0.81;1.25;0.74;2.12;4.2;3.35;13.5;45;55;87;95;30;50;9;7;4;0;16;16;1;5;0;0;4;4;2;7;1.29;1.0;0.87;0.67;0;0.96
2024-04-27;Almeria;Getafe;SPAIN 1;2023/2024;1;3;1;1;2.33;1.1;1.57;1.24;2.78;2.88;3.35;10.5;55;45;94;91;40;23;22;9;12;6;16;25;4;4;1;0;2;1;9;2;0.5;0.69;0.44;1.25;0;0.96
2024-04-27;Vasco;Criciuma;BRAZIL 1;2024;0;4;0;1;1.53;1.87;1.22;0.64;1.57;7.4;4.1;20.0;58;42;131;67;48;31;13;15;5;10;12;6;1;0;0;0;0;2;5;4;3.0;1.0;1.0;1.0;0;0.96
2024-04-28;Clermont;Reims;FRANCE 1;2023/2024;4;1;1;1;1.39;1.32;1.29;1.29;3.7;2.14;3.65;10.5;50;50;79;101;45;56;14;11;7;4;10;9;0;3;0;1;4;1;5;5;0.73;1.27;0.73;1.33;0;0.96
2025-12-13;Rennes;Brest;FRANCE 1;2025/2026;3;1;2;1;1.13;1.75;1.86;1.0;2.3;3.6;3.35;12.5;61;39;86;112;28;51;9;14;5;7;16;22;2;3;0;0;2;4;5;7;2.0;1.0;1.6;1.27;0;0.96
2024-04-28;Darmstadt;Heidenheim;GERMANY 1;2023/2024;0;1;0;0;1.2;1.56;1.35;1.0;3.3;2.28;3.75;13.0;46;54;127;98;29;44;12;18;4;6;15;12;2;1;0;0;1;2;3;8;0.4;0.8;0.57;1.13;0;-12.0
2026-02-06;Metz;Lille;FRANCE 1;2025/2026;0;0;0;0;0.74;1.54;1.13;1.58;5.2;1.79;3.95;8.8;42;58;96;100;29;54;6;16;2;2;12;9;1;1;0;0;3;1;1;6;0.89;1.3;0.6;1.6;1;0.96
2026-04-04;Strasbourg;Nice;FRANCE 1;2025/2026;0;0;0;0;0.0;0.0;1.45;1.2;3.3;2.46;3.4;9.4;-1;-1;0;0;0;0;-1;-1;-1;-1;-1;-1;-1;-1;-1;-1;-1;-1;-1;-1;1.85;0.77;1.48;1.0;1;0.96
2025-11-09;Lorient;Toulouse;FRANCE 1;2025/2026;1;1;1;0;1.19;0.75;1.49;1.23;2.74;2.8;3.45;11.5;50;50;79;107;58;30;10;6;2;2;6;18;0;4;0;0;1;3;6;4;1.6;1.2;0.82;1.36;0;0.96
2026-04-01;Cruzeiro;Vitoria;BRAZIL 1;2026;0;0;0;0;0.0;0.0;1.44;0.85;1.64;7.0;3.9;18.5;-1;-1;0;0;0;0;-1;-1;-1;-1;-1;-1;-1;-1;-1;-1;-1;-1;-1;-1;0.75;0.33;0.5;1.43;1;0.96
2026-09-18;Corinthians;Fluminense;BRAZIL 1;2026;0;0;0;0;0.0;0.0;1.28;1.67;2.34;3.75;3.2;11.5;-1;-1;0;0;0;0;-1;-1;-1;-1;-1;-1;-1;-1;-1;-1;-1;-1;-1;-1;1.0;1.0;1.25;2.0;1;0.96
2024-04-28;Juventude;Athletico-PR;BRAZIL 1;2024;1;1;1;0;1.39;1.43;1.52;0.54;3.55;2.42;3.2;8.2;55;45;82;114;47;42;11;11;5;6;12;15;2;2;0;0;1;3;4;6;3.0;0.0;1.33;2.0;0;0.96
2024-04-28;Internacional;Atletico GO;BRAZIL 1;2024;1;1;0;0;1.9;0.41;2.0;1.04;1.62;7.0;4.0;19.5;72;28;164;78;91;17;14;2;5;2;13;12;0;4;0;0;1;5;13;0;3.0;0.0;2.0;0.0;0;0.96
2026-04-26;Fiorentina;Sassuolo;ITALY 1;2025/2026;0;0;0;0;0.0;0.0;1.68;1.17;1.6;6.4;4.4;24.0;-1;-1;0;0;0;0;-1;-1;-1;-1;-1;-1;-1;-1;-1;-1;-1;-1;-1;-1;1.0;1.27;0.97;1.3;1;0.96
2024-12-22;Atalanta;Empoli;ITALY 1;2024/2025;3;2;2;1;1.79;0.68;1.62;0.84;1.5;8.0;4.7;27.0;65;35;121;83;65;19;13;5;7;3;11;15;1;1;0;0;1;1;6;3;2.57;1.5;2.31;1.19;0;0.96
2026-02-23;Bologna;Udinese;ITALY 1;2025/2026;1;0;0;0;1.29;1.19;1.65;1.14;1.66;6.6;4.0;18.5;46;54;83;96;24;48;11;10;6;3;10;13;1;1;0;0;3;3;4;7;1.17;1.33;1.32;1.28;1;0.96
2025-11-01;Villarreal;Rayo Vallecano;SPAIN 1;2025/2026;4;0;1;0;1.81;1.33;2.05;1.24;1.83;4.8;3.95;18.5;47;53;78;106;43;40;16;13;7;3;7;11;1;1;0;0;1;0;3;5;2.6;1.5;2.0;1.4;1;0.96
2024-04-28;Granada CF;Osasuna;SPAIN 1;2023/2024;3;0;1;0;1.23;1.23;1.4;1.11;2.54;3.35;3.15;10.5;37;63;75;130;34;61;13;12;5;3;15;2;4;0;0;0;5;0;0;6;0.94;1.13;0.56;1.22;1;0.96
2026-02-09;FC Porto;Sporting CP;PORTUGAL 1;2025/2026;1;1;0;0;0.8;1.23;1.67;1.93;2.52;3.05;3.55;14.5;45;55;106;82;29;45;8;11;1;3;14;11;3;5;0;0;1;0;1;8;2.78;2.6;2.75;2.55;0;0.96
2024-04-28;Portimonense;Moreirense;PORTUGAL 1;2023/2024;0;2;0;0;1.4;1.47;1.25;1.06;2.9;2.74;3.35;10.5;58;42;97;81;38;30;12;15;6;7;13;9;3;3;0;0;2;2;5;5;0.93;1.4;0.93;1.43;0;0.96
2026-01-12;Genoa;Cagliari;ITALY 1;2025/2026;3;0;1;0;1.4;1.45;1.3;1.09;2.5;3.5;3.1;10.5;44;56;92;102;29;40;11;15;7;3;17;20;2;5;0;0;1;1;2;3;0.7;1.0;0.84;1.0;1;0.96
2025-09-14;Barcelona;Valencia;SPAIN 1;2025/2026;6;0;1;0;2.59;0.38;0.0;0.57;1.41;9.4;5.4;32.0;72;28;126;69;52;24;24;2;10;1;9;8;0;1;0;0;4;4;5;4;0.0;0.0;2.33;1.33;1;0.96
2026-02-15;Torino;Bologna;ITALY 1;2025/2026;1;2;0;0;0.77;1.76;1.42;1.19;2.98;2.98;3.0;8.2;47;53;63;92;25;44;7;15;2;7;14;10;3;1;0;0;2;1;4;2;1.17;1.33;1.13;1.25;0;0.96
2024-05-03;Moreirense;Vizela;PORTUGAL 1;2023/2024;1;0;1;0;1.34;0.99;1.25;1.15;2.28;3.55;3.45;12.5;39;61;77;112;31;44;12;9;6;3;22;22;3;2;0;0;5;0;4;5;1.47;0.73;1.48;0.71;1;0.96
2025-11-08;Hoffenheim;RB Leipzig;GERMANY 1;2025/2026;3;1;2;1;1.35;1.81;1.68;1.57;5.7;1.56;5.4;22.0;49;51;114;108;41;54;12;17;4;5;13;5;3;2;0;0;4;2;5;5;0.75;2.0;1.78;2.44;0;0.96
2025-01-26;Toulouse;Montpellier;FRANCE 1;2024/2025;1;2;0;0;1.72;0.8;1.35;1.06;2.12;3.55;3.9;19.5;67;33;130;70;66;18;14;6;5;4;9;15;1;2;0;0;2;1;6;2;1.56;0.0;1.39;0.67;0;0.96
2025-11-02;Lens;Lorient;FRANCE 1;2025/2026;3;0;1;0;1.33;1.44;1.76;1.2;1.47;7.4;5.1;30.0;58;42;110;90;45;65;9;12;6;3;8;10;2;2;0;0;2;0;7;6;2.4;0.2;1.9;0.9;1;0.96
2026-04-18;Brentford;Fulham;ENGLAND 1;2025/2026;0;0;0;0;0.0;0.0;1.34;1.24;2.14;3.5;3.95;19.0;-1;-1;0;0;0;0;-1;-1;-1;-1;-1;-1;-1;-1;-1;-1;-1;-1;-1;-1;1.73;1.0;1.48;1.42;1;0.96
2025-09-21;Mallorca;Atl. Madrid;SPAIN 1;2025/2026;1;1;0;0;1.07;1.72;0.91;1.72;4.1;2.24;3.15;7.0;43;57;88;119;48;65;8;12;3;7;14;6;0;0;0;1;0;1;3;6;0.5;0.5;0.25;1.25;0;-6.0
2026-02-16;Girona;Barcelona;SPAIN 1;2025/2026;2;1;0;0;1.77;2.58;1.2;2.26;2.92;2.46;3.95;19.5;29;71;54;128;46;84;13;27;9;4;10;6;0;2;1;0;4;2;3;7;1.18;2.08;1.13;2.52;0;0.96
2024-12-15;Real Sociedad;Las Palmas;SPAIN 1;2024/2025;0;0;0;0;1.37;0.76;1.3;0.95;1.38;11.0;5.2;29.0;61;39;127;75;61;22;10;6;4;3;17;13;2;3;0;0;5;4;8;6;1.25;1.13;1.5;1.13;1;0.96
2026-04-11;Arsenal;Bournemouth;ENGLAND 1;2025/2026;0;0;0;0;0.0;0.0;1.88;1.55;1.22;15.0;8.4;65.0;-1;-1;0;0;0;0;-1;-1;-1;-1;-1;-1;-1;-1;-1;-1;-1;-1;-1;-1;2.53;1.07;2.26;1.35;1;0.96
2024-05-04;Chaves;FC Porto;PORTUGAL 1;2023/2024;0;3;0;2;0.37;1.39;1.35;1.49;11.0;1.3;6.6;11.0;25;75;50;139;15;64;5;11;0;4;7;15;2;2;1;0;3;1;2;8;0.87;1.93;0.74;2.03;0;0.96
2024-05-04;Sporting CP;Portimonense;PORTUGAL 1;2023/2024;3;0;1;0;2.42;0.23;1.92;1.19;1.09;32.0;17.0;1000.0;67;33;128;56;69;13;21;3;12;0;10;13;3;3;0;0;1;3;15;1;3.0;0.93;2.61;0.9;1;0.96
2025-04-01;Boavista;Gil Vicente;PORTUGAL 1;2024/2025;1;3;0;0;0.88;1.74;1.13;0.81;2.64;2.94;3.35;11.0;38;62;90;85;38;31;6;14;3;9;21;13;1;2;1;1;4;2;3;3;0.46;0.54;0.58;0.88;0;0.96
2025-12-13;Rio Ave;Vitoria Guimaraes;PORTUGAL 1;2025/2026;0;1;0;1;0.79;1.63;1.05;1.37;2.88;2.7;3.3;9.8;43;57;59;122;19;56;8;16;2;3;15;15;3;4;1;0;0;1;6;6;1.0;1.0;1.23;1.38;0;0.96
2024-11-10;Monza;Lazio;ITALY 1;2024/2025;0;1;0;1;1.07;1.51;0.83;1.35;4.9;1.88;3.75;8.4;51;49;111;73;48;38;9;13;2;6;13;10;5;1;0;0;2;0;6;6;0.5;1.2;0.73;2.0;0;0.96
2024-05-04;Wolfsburg;Darmstadt;GERMANY 1;2023/2024;3;0;2;0;1.92;0.94;1.39;1.08;1.41;9.0;5.4;34.0;54;46;83;69;58;40;22;8;8;3;8;9;0;3;0;0;0;3;9;2;1.27;0.73;1.1;0.55;1;0.96
2025-12-06;Stuttgart;Bayern Munich;GERMANY 1;2025/2026;0;5;0;1;1.08;2.39;1.85;2.18;2.24;3.1;4.2;24.0;41;59;65;112;26;59;13;19;1;11;6;11;2;4;1;0;5;5;3;4;3.0;2.6;1.83;2.83;0;0.96
2025-11-28;Metz;Rennes;FRANCE 1;2025/2026;0;1;0;1;1.7;0.98;0.94;1.14;3.95;2.1;3.65;9.2;52;48;85;86;47;37;16;9;5;2;9;8;0;0;0;0;4;1;6;3;1.33;1.17;0.85;1.62;0;0.96
2024-05-04;Monaco;Clermont;FRANCE 1;2023/2024;4;1;2;1;1.85;0.87;1.73;1.17;1.34;9.4;6.6;60.0;62;38;109;92;45;21;24;11;9;2;12;12;3;1;0;0;2;6;4;4;1.8;0.73;1.87;0.81;0;0.96
2025-10-04;Brest;Nantes;FRANCE 1;2025/2026;0;0;0;0;1.77;0.61;1.78;1.11;1.73;6.0;3.8;17.5;51;49;93;92;49;30;17;6;5;0;11;12;2;1;0;0;1;3;12;3;1.33;0.33;1.17;0.83;1;0.96
2026-02-08;Le Havre;Strasbourg;FRANCE 1;2025/2026;2;1;1;1;1.78;1.16;1.46;1.18;2.52;3.25;3.3;11.0;51;49;88;84;48;43;15;10;7;3;15;12;2;1;0;1;2;1;9;3;1.4;1.1;1.0;1.5;0;0.96
2024-12-14;Union Berlin;Bochum;GERMANY 1;2024/2025;1;1;1;1;2.13;0.87;1.14;1.06;2.04;4.4;3.5;14.0;70;30;136;68;99;30;18;7;4;3;11;9;2;2;0;1;1;0;7;6;1.83;0.0;1.23;0.15;0;0.96
2026-01-31;Eintracht Frankfurt;Bayer Leverkusen;GERMANY 1;2025/2026;1;3;0;2;1.39;1.21;1.46;1.33;3.45;2.24;3.7;11.5;42;58;118;116;56;31;11;11;4;4;11;10;2;1;1;0;0;3;8;3;1.56;1.63;1.42;1.78;0;0.96
2026-02-16;Cagliari;Lecce;ITALY 1;2025/2026;0;2;0;0;1.0;1.4;1.09;0.97;2.26;3.9;3.25;12.5;59;41;88;101;41;41;11;13;0;4;16;14;0;0;0;0;-1;-1;8;2;1.36;0.73;1.17;0.88;0;0.96
2024-05-05;Empoli;Frosinone;ITALY 1;2023/2024;0;0;0;0;0.66;1.5;1.17;1.2;2.52;3.15;3.4;13.0;47;53;79;77;36;27;8;18;2;6;14;12;2;3;0;0;5;1;3;8;0.94;0.35;0.91;0.91;1;0.96
2026-01-08;AC Milan;Genoa;ITALY 1;2025/2026;1;1;0;1;3.36;0.7;1.63;1.22;1.53;7.0;4.8;27.0;61;39;145;77;110;15;32;7;8;2;12;8;4;1;0;0;1;1;12;1;2.22;1.0;2.24;0.83;0;0.96
2026-05-16;Heidenheim;Mainz;GERMANY 1;2025/2026;0;0;0;0;0.0;0.0;1.27;1.14;2.94;2.56;3.65;12.5;-1;-1;0;0;0;0;-1;-1;-1;-1;-1;-1;-1;-1;-1;-1;-1;-1;-1;-1;0.79;1.0;0.56;1.11;1;0.96
2025-08-31;Celta Vigo;Villarreal;SPAIN 1;2025/2026;1;1;0;0;1.23;0.94;1.49;0.0;2.42;3.1;3.75;16.5;65;35;174;65;59;31;10;8;2;3;11;8;1;1;0;0;-1;-1;1;5;0.5;0.0;0.67;3.0;0;0.96
2026-11-03;Athletico-PR;Vasco;BRAZIL 1;2026;0;0;0;0;0.0;0.0;1.3;1.43;1.75;5.8;3.8;16.0;-1;-1;0;0;0;0;-1;-1;-1;-1;-1;-1;-1;-1;-1;-1;-1;-1;-1;-1;2.25;0.33;1.86;1.38;1;0.96
2024-05-05;Cuiaba;Palmeiras;BRAZIL 1;2024;0;2;0;1;0.72;1.6;0.39;1.05;6.0;1.84;3.4;6.2;45;55;78;113;27;57;7;12;1;6;9;11;2;3;0;0;2;1;6;6;0.0;2.0;0.0;1.25;0;0.96
2026-11-27;Botafogo RJ;Bahia;BRAZIL 1;2026;0;0;0;0;0.0;0.0;0.89;1.02;2.26;3.55;3.5;13.5;-1;-1;0;0;0;0;-1;-1;-1;-1;-1;-1;-1;-1;-1;-1;-1;-1;-1;-1;1.5;2.25;1.0;2.0;1;0.96
2026-05-02;Famalicao;Benfica;PORTUGAL 1;2025/2026;0;0;0;0;0.0;0.0;1.59;1.83;8.0;1.42;5.8;13.0;-1;-1;0;0;0;0;-1;-1;-1;-1;-1;-1;-1;-1;-1;-1;-1;-1;-1;-1;1.86;2.54;1.67;2.41;1;0.96
2024-05-05;Sevilla;Granada CF;SPAIN 1;2023/2024;3;0;1;0;1.39;0.99;1.67;0.97;1.73;5.3;4.2;19.5;60;40;128;86;45;36;12;9;6;4;15;14;2;2;0;0;1;2;5;4;1.25;0.19;1.15;0.64;1;0.96
2024-05-05;Rayo Vallecano;Almeria;SPAIN 1;2023/2024;0;1;0;1;2.94;0.79;1.52;1.03;1.65;6.0;4.3;20.0;68;32;153;74;100;17;28;8;11;3;17;12;3;2;0;0;3;1;9;2;1.06;0.38;1.03;0.42;0;-19.0
2025-11-30;Crystal Palace;Manchester Utd;ENGLAND 1;2025/2026;1;2;1;0;1.36;1.6;1.49;1.33;2.34;3.0;4.0;20.0;44;56;101;119;36;40;14;14;3;6;14;14;3;2;0;0;3;0;4;4;1.67;1.0;1.67;1.5;0;0.96
2024-05-06;Salernitana;Atalanta;ITALY 1;2023/2024;1;2;1;0;0.79;1.85;1.23;1.29;9.2;1.4;5.5;10.5;31;69;83;155;18;92;10;18;3;5;13;11;1;0;0;0;0;3;1;7;0.47;1.29;0.44;1.73;0;0.96
2025-12-14;Udinese;Napoli;ITALY 1;2025/2026;1;0;0;0;1.74;0.8;1.55;1.54;4.0;2.0;3.85;10.5;38;62;86;94;36;48;18;7;5;0;16;9;1;0;0;0;1;1;1;3;1.14;1.71;1.29;2.21;1;0.96
2026-04-12;Nice;Le Havre;FRANCE 1;2025/2026;0;0;0;0;0.0;0.0;1.34;1.15;1.58;7.0;4.3;22.0;-1;-1;0;0;0;0;-1;-1;-1;-1;-1;-1;-1;-1;-1;-1;-1;-1;-1;-1;1.21;0.46;1.0;1.0;1;0.96
2025-03-16;Brest;Reims;FRANCE 1;2024/2025;0;0;0;0;0.94;1.03;1.5;1.09;1.72;5.5;4.1;22.0;72;28;91;55;69;36;7;10;0;2;9;13;1;3;1;0;1;1;4;4;1.92;1.0;1.44;0.88;1;0.96
2024-05-10;Chaves;Famalicao;PORTUGAL 1;2023/2024;0;1;0;1;1.18;1.5;1.29;1.24;2.84;2.76;3.4;10.5;42;58;95;122;64;79;10;13;3;5;18;22;3;1;0;0;1;2;3;3;0.81;0.94;0.72;1.22;0;-9.5
2026-03-22;Augsburg;Stuttgart;GERMANY 1;2025/2026;2;5;0;3;1.66;1.63;1.41;1.79;4.2;1.85;4.5;18.0;39;61;96;102;48;34;13;13;7;8;11;14;1;3;0;0;2;1;2;5;1.62;1.38;1.19;1.92;0;-17.0
2026-05-23;AC Milan;Cagliari;ITALY 1;2025/2026;0;0;0;0;0.0;0.0;1.76;1.11;1.59;6.0;4.8;26.0;-1;-1;0;0;0;0;-1;-1;-1;-1;-1;-1;-1;-1;-1;-1;-1;-1;-1;-1;2.07;0.93;2.1;1.0;1;0.96
2026-03-03;Bournemouth;Brentford;ENGLAND 1;2025/2026;0;0;0;0;1.23;0.71;1.63;1.23;2.04;3.65;4.1;24.0;48;52;17;22;40;36;13;5;2;2;9;10;2;1;0;0;2;0;4;3;1.71;1.29;1.39;1.54;1;0.96
2024-05-11;Everton;Sheffield Utd;ENGLAND 1;2023/2024;1;0;1;0;1.85;0.95;1.6;0.96;1.43;8.4;5.4;36.0;58;42;118;69;74;42;16;14;7;2;6;11;1;2;0;0;3;0;3;6;1.39;0.33;1.25;0.44;1;0.96
2026-05-09;Napoli;Bologna;ITALY 1;2025/2026;0;0;0;0;0.0;0.0;1.6;1.22;2.14;4.0;3.4;15.0;-1;-1;0;0;0;0;-1;-1;-1;-1;-1;-1;-1;-1;-1;-1;-1;-1;-1;-1;2.43;1.67;2.07;1.4;1;0.96
2025-12-02;Fulham;Manchester City;ENGLAND 1;2025/2026;4;5;1;3;1.59;1.25;1.5;1.46;18.0;1.22;7.8;14.0;57;43;118;85;56;38;12;11;6;4;9;7;0;1;0;0;4;1;7;2;2.17;1.17;1.31;1.92;0;0.96
2025-02-16;Mallorca;Las Palmas;SPAIN 1;2024/2025;3;1;3;0;1.65;1.21;1.11;0.91;1.69;7.2;3.6;16.5;49;51;104;102;57;49;14;9;5;4;7;13;1;4;0;0;4;3;3;5;1.33;0.91;1.35;1.0;0;0.96
2024-05-11;Granada CF;Real Madrid;SPAIN 1;2023/2024;0;4;0;2;1.01;1.46;1.39;1.57;5.8;1.61;4.7;10.5;42;58;100;91;58;45;13;14;2;8;10;11;2;0;0;0;3;0;8;5;1.06;2.35;0.62;2.56;0;0.96
2026-05-12;Villarreal;Sevilla;SPAIN 1;2025/2026;0;0;0;0;0.0;0.0;1.68;1.28;1.93;4.1;4.2;21.0;-1;-1;0;0;0;0;-1;-1;-1;-1;-1;-1;-1;-1;-1;-1;-1;-1;-1;-1;2.47;1.07;2.0;1.07;1;0.96
2026-04-19;Freiburg;Heidenheim;GERMANY 1;2025/2026;0;0;0;0;0.0;0.0;1.65;1.16;1.79;4.8;4.2;22.0;-1;-1;0;0;0;0;-1;-1;-1;-1;-1;-1;-1;-1;-1;-1;-1;-1;-1;-1;1.92;0.31;1.37;0.56;1;0.96
2025-11-23;RB Leipzig;Werder Bremen;GERMANY 1;2025/2026;2;0;0;0;2.7;1.67;1.72;1.13;1.33;9.4;6.8;55.0;52;48;127;78;55;42;22;15;13;6;5;7;1;2;0;0;1;2;13;7;3.0;1.0;2.2;1.5;1;0.96
2024-05-11;Portimonense;Rio Ave;PORTUGAL 1;2023/2024;2;2;0;1;1.96;1.04;1.26;1.1;2.34;3.35;3.45;12.5;57;43;113;67;82;25;21;10;6;5;11;16;3;2;0;0;1;4;12;4;0.88;0.63;0.88;1.09;0;0.96
2026-05-12;Valencia;Rayo Vallecano;SPAIN 1;2025/2026;0;0;0;0;0.0;0.0;1.47;1.27;2.3;3.85;3.15;10.5;-1;-1;0;0;0;0;-1;-1;-1;-1;-1;-1;-1;-1;-1;-1;-1;-1;-1;-1;1.64;0.8;1.21;1.1;1;0.96
2026-05-09;Atl. Madrid;Celta Vigo;SPAIN 1;2025/2026;0;0;0;0;0.0;0.0;1.97;1.15;1.44;8.8;5.0;34.0;-1;-1;0;0;0;0;-1;-1;-1;-1;-1;-1;-1;-1;-1;-1;-1;-1;-1;-1;2.67;1.71;1.97;1.41;1;0.96
2024-10-06;Lazio;Empoli;ITALY 1;2024/2025;2;1;1;1;1.53;0.57;1.31;0.85;1.67;6.2;4.1;18.5;55;45;0;0;0;0;12;4;5;1;11;16;2;4;0;0;0;1;5;3;2.33;2.33;1.67;1.67;0;0.96
2024-05-12;Juventus;Salernitana;ITALY 1;2023/2024;1;1;0;1;2.27;1.22;1.52;0.94;1.17;21.0;9.4;65.0;67;33;132;78;80;33;26;14;7;5;17;12;2;5;0;0;3;1;9;4;2.12;0.41;1.89;0.43;0;0.96
2025-08-17;Manchester Utd;Arsenal;ENGLAND 1;2025/2026;0;1;0;1;2.22;1.09;0.0;0.0;7.8;1.41;6.0;15.5;61;39;88;81;48;43;22;9;7;3;10;19;1;4;0;0;1;2;3;4;0.0;0.0;0.0;0.0;0;-14.5
2026-04-12;Genoa;Sassuolo;ITALY 1;2025/2026;0;0;0;0;0.0;0.0;1.35;1.17;2.3;3.45;3.55;13.5;-1;-1;0;0;0;0;-1;-1;-1;-1;-1;-1;-1;-1;-1;-1;-1;-1;-1;-1;1.19;1.27;1.1;1.3;1;0.96
2024-11-09;Bochum;Bayer Leverkusen;GERMANY 1;2024/2025;1;1;0;1;0.97;1.12;1.13;1.59;4.6;1.78;4.4;14.5;29;71;84;133;25;63;9;7;3;3;10;9;0;1;0;0;1;3;6;4;0.25;2.0;0.11;1.78;0;0.96
2024-05-12;Darmstadt;Hoffenheim;GERMANY 1;2023/2024;0;6;0;5;0.51;1.56;1.35;1.24;5.0;1.66;4.9;18.0;40;60;97;118;24;23;11;13;0;8;9;3;3;0;0;0;3;3;2;3;0.38;1.25;0.53;1.25;0;0.96
2024-12-28;FC Porto;Boavista;PORTUGAL 1;2024/2025;4;0;1;0;1.55;0.29;1.85;0.85;1.16;27.0;9.8;100.0;76;24;88;54;42;12;12;2;7;1;12;15;4;2;0;0;1;3;4;1;3.0;1.13;2.47;0.8;1;0.96
2025-10-25;Benfica;Arouca;PORTUGAL 1;2025/2026;5;0;3;0;2.04;0.61;2.18;0.88;1.29;9.8;7.8;60.0;53;47;107;84;56;39;17;5;8;0;13;18;2;2;0;0;4;1;9;1;2.0;1.33;2.25;1.13;1;0.96
2026-03-01;Casa Pia;Moreirense;PORTUGAL 1;2025/2026;1;1;1;0;0.8;1.47;0.92;1.06;2.66;3.15;3.15;10.5;36;64;81;87;29;40;7;12;2;6;21;12;2;3;0;0;0;1;1;7;1.0;1.17;0.96;1.43;0;-9.5
2026-04-17;Palmeiras;Athletico-PR;BRAZIL 1;2026;0;0;0;0;0.0;0.0;1.66;1.03;1.73;5.7;3.95;17.0;-1;-1;0;0;0;0;-1;-1;-1;-1;-1;-1;-1;-1;-1;-1;-1;-1;-1;-1;3.0;1.33;2.38;1.86;1;0.96
2025-08-09;Fortaleza;Botafogo RJ;BRAZIL 1;2025;0;5;0;2;0.83;2.49;1.58;1.35;2.0;4.4;3.55;15.0;43;57;72;102;26;46;9;21;1;12;8;12;2;0;1;0;1;1;2;8;1.22;1.38;0.88;1.63;0;0.96
2024-05-12;Atletico GO;Cruzeiro;BRAZIL 1;2024;0;1;0;0;1.4;1.14;0.86;1.15;2.92;2.78;3.2;9.0;46;54;104;97;48;38;11;8;5;5;11;8;1;2;0;0;0;2;5;5;0.0;0.5;0.25;1.75;0;-8.0
2026-12-01;Vasco;Vitoria;BRAZIL 1;2026;0;0;0;0;0.0;0.0;2.14;0.85;1.8;5.3;3.75;16.5;-1;-1;0;0;0;0;-1;-1;-1;-1;-1;-1;-1;-1;-1;-1;-1;-1;-1;-1;2.0;0.33;1.38;1.43;1;0.96
2026-01-11;Bayern Munich;Wolfsburg;GERMANY 1;2025/2026;8;1;2;1;2.15;0.91;2.41;1.13;1.43;7.4;5.9;40.0;68;32;121;63;60;26;16;8;10;3;7;6;0;1;0;0;1;0;6;2;2.75;1.43;2.73;1.0;0;0.96
2025-04-26;Gil Vicente;SC Farense;PORTUGAL 1;2024/2025;1;0;0;0;1.4;0.91;1.08;1.04;2.08;3.9;3.65;17.5;54;46;122;88;50;26;13;9;3;2;16;12;1;3;0;0;0;1;4;1;1.07;0.87;0.97;0.7;1;0.96
2025-01-17;Montpellier;Monaco;FRANCE 1;2024/2025;2;1;0;1;1.31;2.89;1.31;1.36;4.2;1.82;4.6;24.0;33;67;81;142;27;59;12;28;5;10;7;9;1;2;0;0;3;3;4;16;1.0;1.75;0.53;1.82;0;0.96
2025-10-19;Nantes;Lille;FRANCE 1;2025/2026;0;2;0;1;0.99;2.2;0.87;1.83;4.4;2.0;3.6;8.4;37;63;70;111;38;56;8;23;3;5;10;9;1;4;0;0;-1;-1;5;9;1.33;1.33;0.86;1.57;0;0.96
2026-04-03;PSG;Toulouse;FRANCE 1;2025/2026;0;0;0;0;0.0;0.0;2.32;1.31;1.42;7.8;5.7;40.0;-1;-1;0;0;0;0;-1;-1;-1;-1;-1;-1;-1;-1;-1;-1;-1;-1;-1;-1;2.58;1.31;2.31;1.37;1;0.96
2025-09-28;Rennes;Lens;FRANCE 1;2025/2026;0;0;0;0;1.53;1.28;1.75;0.97;2.34;3.3;3.65;15.5;67;33;145;56;69;45;14;13;2;2;16;9;3;2;0;1;1;0;8;4;3.0;1.5;1.6;1.8;1;0.96
2026-01-18;Strasbourg;Metz;FRANCE 1;2025/2026;2;1;2;1;1.79;0.98;1.48;0.99;2.18;3.55;3.75;14.0;47;53;109;69;67;37;14;9;6;2;12;12;2;3;0;0;2;1;4;1;2.0;0.44;1.41;0.71;0;0.96
2026-02-08;Lecce;Udinese;ITALY 1;2025/2026;2;1;1;1;1.74;0.67;1.2;1.18;3.35;2.56;3.15;8.2;54;46;101;95;53;28;16;6;5;1;9;21;1;2;0;0;3;2;7;0;0.83;1.45;0.78;1.39;0;0.96
2024-09-01;Fiorentina;Monza;ITALY 1;2024/2025;2;2;1;2;1.51;0.51;1.61;0.46;1.58;6.4;4.6;25.0;69;31;127;52;53;14;11;3;6;3;11;22;2;4;0;0;1;0;7;0;1.0;1.0;1.0;0.5;0;0.96
2026-05-17;Aston Villa;Liverpool;ENGLAND 1;2025/2026;0;0;0;0;0.0;0.0;1.62;1.56;4.1;1.8;4.8;19.5;-1;-1;0;0;0;0;-1;-1;-1;-1;-1;-1;-1;-1;-1;-1;-1;-1;-1;-1;2.0;1.31;1.74;1.58;1;0.96
2025-09-28;Barcelona;Real Sociedad;SPAIN 1;2025/2026;2;1;1;1;2.83;0.74;2.26;1.57;1.8;5.0;4.0;19.5;75;25;134;51;84;21;22;7;12;2;6;12;1;2;0;0;3;5;12;1;3.0;0.33;2.67;0.83;0;0.96
2026-03-07;Osasuna;Mallorca;SPAIN 1;2025/2026;2;2;0;1;2.34;0.98;1.47;1.05;2.92;3.05;3.0;7.6;50;50;93;63;86;26;22;8;5;4;11;12;2;5;1;2;4;0;8;0;2.0;0.38;1.27;0.92;0;0.96
2026-04-06;Girona;Villarreal;SPAIN 1;2025/2026;0;0;0;0;0.0;0.0;1.31;1.08;1.74;4.6;4.7;36.0;-1;-1;0;0;0;0;-1;-1;-1;-1;-1;-1;-1;-1;-1;-1;-1;-1;-1;-1;1.36;1.5;1.17;2.0;1;-35.0
2024-05-15;Rayo Vallecano;Granada CF;SPAIN 1;2023/2024;2;1;1;0;1.94;0.88;1.61;0.97;1.6;7.2;4.1;19.5;31;69;69;93;42;48;19;11;10;2;13;17;4;3;1;0;3;2;6;6;1.0;0.18;1.0;0.6;0;0.96
2025-11-23;Getafe;Atl. Madrid;SPAIN 1;2025/2026;0;1;0;0;0.99;1.55;1.08;1.38;5.5;1.81;3.75;7.6;41;59;119;87;47;42;9;13;1;6;9;17;2;3;0;0;2;5;6;7;1.6;1.2;1.42;2.08;0;0.96
2026-03-21;Nice;PSG;FRANCE 1;2025/2026;0;0;0;0;0.0;0.0;1.4;1.91;2.44;3.0;3.85;17.0;-1;-1;0;0;0;0;-1;-1;-1;-1;-1;-1;-1;-1;-1;-1;-1;-1;-1;-1;1.31;2.0;1.04;2.28;1;0.96
2026-05-16;Real Sociedad;Valencia;SPAIN 1;2025/2026;0;0;0;0;0.0;0.0;1.54;1.02;1.62;7.0;4.1;18.0;-1;-1;0;0;0;0;-1;-1;-1;-1;-1;-1;-1;-1;-1;-1;-1;-1;-1;-1;1.71;0.8;1.31;1.21;1;0.96
2024-05-16;Almeria;Barcelona;SPAIN 1;2023/2024;0;2;0;1;1.12;1.92;1.61;1.51;8.6;1.4;5.8;14.5;35;65;71;138;20;56;13;17;4;8;9;10;0;1;0;0;5;1;4;7;0.47;1.94;0.49;2.17;0;0.96
2025-09-13;Fiorentina;Napoli;ITALY 1;2025/2026;1;3;0;2;1.75;1.74;0.0;1.32;2.4;3.3;3.55;14.5;53;47;100;90;48;31;19;14;3;9;14;14;0;0;0;0;0;1;8;5;0.0;3.0;1.0;3.0;0;0.96
2026-02-23;Famalicao;Casa Pia;PORTUGAL 1;2025/2026;2;0;1;0;2.41;0.8;1.53;1.02;1.8;5.0;3.9;18.5;62;38;107;61;57;39;24;7;7;1;17;16;3;2;0;0;1;2;7;7;1.55;1.0;1.45;1.0;1;0.96
2026-01-17;Rio Ave;Benfica;PORTUGAL 1;2025/2026;0;2;0;2;0.67;2.73;1.09;1.68;8.8;1.42;5.3;12.0;37;63;61;135;21;92;7;24;1;8;12;8;1;2;0;0;2;0;3;11;1.13;2.5;1.18;2.29;0;0.96
2026-04-06;Lecce;Atalanta;ITALY 1;2025/2026;0;0;0;0;0.0;0.0;1.17;1.41;4.8;1.85;3.95;9.2;-1;-1;0;0;0;0;-1;-1;-1;-1;-1;-1;-1;-1;-1;-1;-1;-1;-1;-1;1.07;1.29;0.9;1.67;1;0.96
2025-12-08;Torino;AC Milan;ITALY 1;2025/2026;2;3;2;1;1.0;1.9;1.28;1.23;2.74;2.98;3.3;10.5;36;64;77;121;29;56;8;17;4;6;16;7;2;1;0;0;1;3;2;4;1.33;2.0;1.08;2.15;0;0.96
2025-04-19;Werder Bremen;Bochum;GERMANY 1;2024/2025;1;0;0;0;1.37;1.34;1.38;1.12;2.44;3.0;3.85;18.5;48;52;75;141;28;60;14;13;4;1;9;20;3;3;0;1;2;0;2;7;1.14;0.43;1.45;0.62;1;0.96
2025-11-01;Union Berlin;Freiburg;GERMANY 1;2025/2026;0;0;0;0;1.08;1.35;1.47;1.21;2.28;3.5;3.55;14.0;37;63;87;90;33;34;11;13;2;4;20;13;6;1;0;0;4;1;5;5;1.75;1.0;1.25;1.13;1;0.96
2025-09-20;Hoffenheim;Bayern Munich;GERMANY 1;2025/2026;1;4;0;1;1.37;2.15;1.91;2.4;3.15;2.14;4.6;29.0;38;62;75;117;37;43;13;18;4;10;17;9;1;2;0;0;2;1;5;5;0.0;3.0;2.0;3.0;0;0.96
2026-04-18;Eintracht Frankfurt;RB Leipzig;GERMANY 1;2025/2026;0;0;0;0;0.0;0.0;1.47;1.57;2.76;2.64;3.8;18.5;-1;-1;0;0;0;0;-1;-1;-1;-1;-1;-1;-1;-1;-1;-1;-1;-1;-1;-1;1.77;1.62;1.41;1.85;1;0.96
2026-04-18;Bayer Leverkusen;Augsburg;GERMANY 1;2025/2026;0;0;0;0;0.0;0.0;1.79;1.39;1.3;10.5;7.2;75.0;-1;-1;0;0;0;0;-1;-1;-1;-1;-1;-1;-1;-1;-1;-1;-1;-1;-1;-1;1.85;0.77;1.7;1.15;1;0.96
2025-08-31;Wolfsburg;Mainz;GERMANY 1;2025/2026;1;1;1;0;1.1;1.95;0.0;0.0;3.5;2.24;3.65;11.5;40;60;68;126;27;92;11;17;3;3;15;14;2;5;1;0;-1;-1;3;10;0.0;0.0;3.0;0.0;0;0.96
2024-05-18;Sporting CP;Chaves;PORTUGAL 1;2023/2024;3;0;2;0;2.3;1.08;1.95;1.13;1.09;32.0;18.0;980.0;67;33;93;62;57;28;24;18;9;0;16;7;2;1;0;1;0;1;5;3;3.0;0.63;2.64;0.7;1;0.96
2024-05-18;Boavista;Vizela;PORTUGAL 1;2023/2024;2;2;0;1;2.05;1.47;1.18;1.14;1.6;6.2;4.0;27.0;43;57;118;77;68;32;19;16;6;5;17;8;3;1;0;0;1;1;9;2;1.19;0.69;0.94;0.76;0;0.96
2026-02-07;Arouca;Vitoria Guimaraes;PORTUGAL 1;2025/2026;3;2;1;2;1.24;1.7;1.24;1.4;2.72;2.5;3.7;1000.0;51;49;80;99;25;54;10;14;6;6;19;15;1;4;0;0;1;1;1;6;0.9;1.11;1.0;1.4;0;0.96
2024-05-18;SC Farense;Portimonense;PORTUGAL 1;2023/2024;1;3;0;2;1.07;2.04;1.39;1.13;2.64;2.44;4.2;15.5;58;42;108;104;38;48;8;21;4;8;14;14;2;1;1;1;5;1;2;4;1.38;0.88;1.12;0.88;0;0.96
2024-05-19;Monza;Frosinone;ITALY 1;2023/2024;0;1;0;1;1.53;1.84;1.29;1.21;3.15;2.4;3.65;13.0;71;29;111;81;51;49;20;22;3;6;15;13;1;2;0;0;1;0;3;4;1.33;0.39;1.25;0.89;0;-12.0
2025-02-16;Udinese;Empoli;ITALY 1;2024/2025;3;0;1;0;1.97;1.57;0.97;0.86;2.02;4.6;3.45;13.5;57;43;95;79;37;39;17;16;9;4;12;17;0;0;0;0;0;3;9;5;1.42;1.08;1.25;0.88;1;0.96
2026-04-04;Sassuolo;Cagliari;ITALY 1;2025/2026;0;0;0;0;0.0;0.0;1.19;1.11;2.46;3.15;3.55;14.5;-1;-1;0;0;0;0;-1;-1;-1;-1;-1;-1;-1;-1;-1;-1;-1;-1;-1;-1;1.33;0.93;1.3;1.0;1;0.96
2026-02-13;Monaco;Nantes;FRANCE 1;2025/2026;3;1;3;1;1.49;1.4;1.51;0.99;1.42;8.4;5.6;48.0;47;53;105;117;42;60;12;13;6;2;15;8;4;2;1;0;2;2;9;3;1.73;0.9;1.33;0.67;0;0.96
2024-12-08;Lens;Montpellier;FRANCE 1;2024/2025;2;0;1;0;1.55;1.02;1.6;0.98;1.37;9.6;6.0;50.0;55;45;100;66;71;32;12;8;4;4;15;7;2;3;0;0;4;1;6;3;1.33;0.0;1.54;0.62;1;0.96
2025-08-24;Toulouse;Brest;FRANCE 1;2025/2026;2;0;0;0;0.87;1.51;0.0;0.0;3.7;2.12;3.85;13.0;47;53;85;103;38;50;6;16;3;2;14;10;0;1;0;0;3;2;3;9;0.0;0.0;3.0;1.0;1;0.96
2024-09-01;Reims;Rennes;FRANCE 1;2024/2025;2;1;1;1;1.38;1.17;0.26;1.35;2.92;2.54;3.7;16.5;53;47;81;91;35;43;10;8;7;5;9;13;2;1;0;0;0;2;3;5;0.0;0.0;0.5;1.5;0;0.96
2026-03-14;Arsenal;Everton;ENGLAND 1;2025/2026;2;0;0;0;2.67;1.0;1.82;1.09;1.18;20.0;9.6;75.0;65;35;132;68;84;30;25;9;7;3;11;12;0;0;0;0;2;1;8;3;2.5;1.71;2.23;1.48;1;0.96
2025-12-13;Metz;PSG;FRANCE 1;2025/2026;2;3;1;2;1.2;1.82;1.04;1.83;5.7;1.67;4.4;15.0;41;59;77;125;38;41;9;14;5;9;10;10;2;1;0;0;-1;-1;4;4;1.14;1.75;0.73;2.2;0;0.96
2024-05-19;Lorient;Clermont;FRANCE 1;2023/2024;5;0;2;0;3.3;1.22;1.25;1.15;1.67;5.3;4.6;30.0;45;55;132;92;64;32;37;12;11;5;20;8;3;3;0;0;4;2;9;2;0.81;0.69;0.79;0.76;1;0.96
2025-12-30;Chelsea;Bournemouth;ENGLAND 1;2025/2026;2;2;2;2;2.07;1.89;1.72;1.63;1.48;6.6;5.6;60.0;67;33;114;73;110;56;17;17;3;6;5;12;1;1;0;0;0;1;12;3;1.56;0.67;1.61;1.22;0;0.96
2026-01-07;Crystal Palace;Aston Villa;ENGLAND 1;2025/2026;0;0;0;0;1.29;1.5;1.48;1.28;1.9;3.9;4.5;29.0;41;59;82;95;33;48;11;15;5;3;8;3;2;0;0;0;2;0;3;5;1.1;1.7;1.35;2.1;1;0.96
2026-04-18;Lille;Nice;FRANCE 1;2025/2026;0;0;0;0;0.0;0.0;1.68;1.2;1.53;7.2;4.8;27.0;-1;-1;0;0;0;0;-1;-1;-1;-1;-1;-1;-1;-1;-1;-1;-1;-1;-1;-1;1.85;0.77;1.74;1.0;1;0.96
2026-01-24;Villarreal;Real Madrid;SPAIN 1;2025/2026;0;2;0;0;0.83;1.72;1.79;2.09;3.5;2.14;4.0;19.0;42;58;63;122;35;76;8;14;1;4;19;10;3;1;0;0;-1;-1;6;6;2.5;2.1;2.16;2.4;0;0.96
2026-04-25;Valencia;Girona;SPAIN 1;2025/2026;0;0;0;0;0.0;0.0;1.47;1.23;3.2;2.36;3.7;12.5;-1;-1;0;0;0;0;-1;-1;-1;-1;-1;-1;-1;-1;-1;-1;-1;-1;-1;-1;1.64;1.0;1.21;1.17;1;0.96
2024-05-19;Mallorca;Almeria;SPAIN 1;2023/2024;2;2;1;1;3.02;0.95;1.21;1.06;1.44;9.4;4.9;25.0;51;49;126;82;70;21;38;10;9;4;9;9;2;3;0;0;2;2;12;2;1.39;0.5;1.0;0.47;0;0.96
2024-05-19;Granada CF;Celta Vigo;SPAIN 1;2023/2024;1;2;0;0;1.4;1.43;1.37;1.14;4.0;2.06;3.65;9.8;49;51;97;117;49;60;14;10;4;6;12;11;2;1;0;0;3;2;10;2;1.0;0.78;0.58;1.03;0;0.96
2026-03-22;Barcelona;Rayo Vallecano;SPAIN 1;2025/2026;1;0;1;0;1.56;1.1;2.25;1.29;1.35;11.0;5.8;44.0;61;39;115;84;45;42;15;8;4;4;12;10;3;4;0;0;0;3;6;9;3.0;0.86;2.5;1.14;1;0.96
2025-10-18;Atl. Madrid;Osasuna;SPAIN 1;2025/2026;1;0;0;0;2.14;0.94;1.7;0.83;1.37;9.6;5.8;32.0;59;41;82;69;53;32;18;9;9;2;10;11;1;3;0;0;6;1;4;2;2.5;0.0;1.63;1.25;1;0.96
2025-12-14;Bologna;Juventus;ITALY 1;2025/2026;0;1;0;0;1.25;1.34;1.79;1.41;2.78;2.98;3.2;9.6;51;49;84;107;38;42;11;13;4;3;10;11;3;1;1;0;0;2;3;4;2.17;1.14;1.79;1.64;0;0.96
2025-08-24;Cagliari;Fiorentina;ITALY 1;2025/2026;1;1;0;0;1.57;0.56;0.0;0.0;4.8;1.8;4.1;11.0;45;55;89;96;36;31;14;4;6;1;18;14;4;2;0;0;1;4;3;2;0.0;0.0;0.0;0.0;0;0.96
2024-05-24;Girona;Granada CF;SPAIN 1;2023/2024;7;0;3;0;2.24;1.1;1.58;0.96;1.25;13.5;7.8;75.0;70;30;127;48;64;27;19;13;10;3;7;10;3;4;0;1;4;0;4;2;2.44;0.17;2.11;0.57;1;0.96
2026-01-25;Genoa;Bologna;ITALY 1;2025/2026;3;2;0;1;1.27;1.26;1.31;1.19;3.55;2.32;3.4;8.8;49;51;90;83;47;31;8;13;6;3;14;17;2;2;0;1;1;2;5;2;0.91;1.45;0.95;1.43;0;0.96
2025-04-27;Juventus;Monza;ITALY 1;2024/2025;2;0;2;0;1.22;1.5;1.59;0.79;1.36;10.0;5.9;34.0;35;65;74;108;32;73;10;12;5;3;17;5;3;3;1;0;0;1;0;5;2.0;0.44;1.79;0.45;1;0.96
2026-01-31;Osasuna;Villarreal;SPAIN 1;2025/2026;2;2;2;1;1.61;0.82;1.48;1.11;3.05;2.38;3.95;16.0;47;53;82;97;43;29;15;5;5;4;15;7;2;2;0;0;1;0;6;2;2.0;1.78;1.19;2.05;0;0.96
2026-01-04;Real Sociedad;Atl. Madrid;SPAIN 1;2025/2026;1;1;0;0;2.09;1.04;1.56;1.34;2.48;3.1;3.55;13.0;45;55;101;86;55;37;18;10;8;2;11;13;3;2;0;0;3;2;6;6;1.25;1.33;1.0;2.06;0;0.96
2024-05-25;AC Milan;Salernitana;ITALY 1;2023/2024;3;3;2;0;2.84;1.59;1.59;0.96;1.19;16.5;9.4;110.0;66;34;107;53;69;22;29;20;12;7;6;8;0;1;0;0;1;1;13;3;2.17;0.44;2.0;0.43;0;0.96
2024-05-26;Frosinone;Udinese;ITALY 1;2023/2024;0;1;0;0;2.09;1.37;1.44;1.12;2.62;3.15;3.25;13.0;58;42;108;81;39;35;31;12;6;6;6;11;0;2;0;0;0;2;11;1;1.39;1.11;0.95;0.92;0;-12.0
2026-05-12;Getafe;Mallorca;SPAIN 1;2025/2026;0;0;0;0;0.0;0.0;1.08;1.07;2.4;3.4;3.35;11.5;-1;-1;0;0;0;0;-1;-1;-1;-1;-1;-1;-1;-1;-1;-1;-1;-1;-1;-1;1.29;0.4;1.31;0.97;1;0.96
2026-01-10;Atalanta;Torino;ITALY 1;2025/2026;2;0;1;0;1.88;1.11;1.75;1.34;3.65;2.18;3.7;11.0;56;44;115;99;54;36;18;10;5;3;14;17;1;2;0;0;4;3;5;4;1.6;1.33;1.47;1.21;1;0.96
2026-03-14;Napoli;Lecce;ITALY 1;2025/2026;2;1;0;1;1.41;1.17;1.62;0.98;1.46;7.6;5.3;34.0;70;30;99;82;51;37;12;12;4;2;11;7;0;1;0;0;-1;-1;7;7;2.38;0.85;2.0;0.96;0;0.96
2026-01-03;Celta Vigo;Valencia;SPAIN 1;2025/2026;4;1;1;0;1.4;1.78;1.31;0.9;2.02;4.3;3.65;16.0;40;60;97;95;29;58;12;16;6;5;10;9;1;3;0;0;2;2;2;4;0.89;0.38;1.35;0.94;0;0.96
2025-10-05;Sevilla;Barcelona;SPAIN 1;2025/2026;4;1;2;1;1.52;1.87;1.38;2.37;4.0;1.92;4.2;15.5;39;61;60;91;50;32;13;17;5;8;18;9;7;5;0;0;10;0;7;6;0.33;2.5;1.43;2.71;0;0.96
2026-03-09;Lazio;Sassuolo;ITALY 1;2025/2026;2;1;1;1;1.58;1.03;1.42;1.22;1.36;9.6;6.0;40.0;50;50;100;111;56;41;13;7;5;4;7;8;0;4;0;0;2;3;1;6;1.46;1.38;1.26;1.41;0;0.96
2024-06-01;Cuiaba;Internacional;BRAZIL 1;2024;0;1;0;0;0.85;0.99;0.55;0.55;3.55;2.5;3.05;7.0;36;64;75;117;26;45;7;7;3;3;12;21;4;4;0;0;5;1;0;2;0.0;1.5;0.0;1.75;0;-6.0
2025-10-16;Fluminense;Juventude;BRAZIL 1;2025;1;0;0;0;1.33;0.85;1.64;0.91;1.61;6.4;4.3;22.0;67;33;110;76;60;28;13;9;1;1;12;18;2;6;0;1;0;1;8;2;2.08;0.38;1.46;0.85;1;0.96
2024-06-01;Vitoria;Atletico GO;BRAZIL 1;2024;0;2;0;1;0.84;1.29;1.09;0.73;2.24;3.9;3.3;11.5;34;66;81;126;25;41;7;10;3;5;7;9;2;2;2;0;0;1;3;4;0.33;0.5;0.2;0.2;0;0.96
2024-06-02;Criciuma;Palmeiras;BRAZIL 1;2024;1;2;0;0;1.13;1.81;0.86;1.23;4.8;2.0;3.35;6.6;39;61;62;118;39;62;9;16;4;5;17;9;7;3;0;0;0;1;4;6;1.0;2.33;1.67;1.33;0;0.96
2024-06-02;Fortaleza;Athletico-PR;BRAZIL 1;2024;1;0;1;0;1.02;1.11;1.27;1.03;2.3;3.75;3.25;11.5;52;48;103;98;30;46;8;10;4;2;12;17;2;4;0;0;0;2;2;4;1.0;1.33;1.4;2.17;1;0.96
2025-11-30;Atalanta;Fiorentina;ITALY 1;2025/2026;2;0;1;0;2.3;1.37;1.86;0.98;1.53;6.6;5.0;28.0;48;52;90;97;48;29;21;15;9;3;15;10;1;3;0;0;2;1;4;5;1.17;0.67;1.08;0.5;1;0.96
2024-06-05;Juventude;Atletico GO;BRAZIL 1;2024;1;0;1;0;0.86;1.58;1.45;0.92;2.3;3.9;3.2;11.0;42;58;82;119;37;46;7;14;2;5;13;12;2;3;1;0;1;1;4;7;2.0;1.33;1.2;0.67;1;0.96
2024-06-05;Cuiaba;Vitoria;BRAZIL 1;2024;0;0;0;0;0.78;1.31;0.65;1.18;2.26;4.0;3.15;11.0;54;46;117;100;45;46;7;11;0;4;19;14;3;4;0;0;1;1;4;3;0.0;0.0;0.0;0.17;1;0.96
2024-06-09;Criciuma;Cuiaba;BRAZIL 1;2024;2;5;0;3;2.1;1.48;1.0;0.76;2.16;4.2;3.3;10.5;61;39;113;59;64;41;17;11;8;7;10;14;5;5;1;0;5;0;6;2;0.5;0.0;1.25;0.17;0;0.96
2026-08-07;Botafogo RJ;Fluminense;BRAZIL 1;2026;0;0;0;0;0.0;0.0;0.89;1.67;2.02;4.5;3.5;14.0;-1;-1;0;0;0;0;-1;-1;-1;-1;-1;-1;-1;-1;-1;-1;-1;-1;-1;-1;1.5;1.0;1.0;2.0;1;0.96
2025-03-29;Juventude;Vitoria;BRAZIL 1;2025;2;0;1;0;1.05;1.5;0.0;0.0;2.26;4.0;3.2;11.0;36;64;68;114;27;44;9;13;4;5;16;16;3;4;0;0;-1;-1;3;5;0.0;0.0;0.0;0.0;1;0.96
2024-06-11;Atletico GO;Corinthians;BRAZIL 1;2024;2;2;0;1;2.17;0.74;1.04;1.22;2.78;3.0;3.15;8.8;72;28;134;34;101;21;15;6;7;3;12;13;3;4;0;1;1;0;3;4;0.0;0.0;0.57;0.71;0;0.96
2024-06-13;Athletico-PR;Criciuma;BRAZIL 1;2024;3;1;1;1;1.97;0.99;1.55;1.25;1.49;8.8;4.5;25.0;66;34;128;88;56;18;17;9;7;4;9;12;0;1;0;0;2;3;5;3;3.0;2.0;1.86;1.0;0;0.96
2024-06-13;Cruzeiro;Cuiaba;BRAZIL 1;2024;2;1;1;0;1.6;1.48;1.43;1.0;1.63;7.4;3.9;17.0;51;49;107;87;66;69;11;10;6;5;9;12;3;2;0;0;0;1;6;4;3.0;1.0;1.67;0.57;0;0.96
2024-06-16;Criciuma;Bahia;BRAZIL 1;2024;2;2;1;0;1.32;1.8;1.36;1.1;3.8;2.24;3.35;8.2;31;69;83;91;38;51;11;16;5;6;14;13;3;1;1;0;4;1;6;7;0.33;1.25;0.83;2.13;0;0.96
2024-06-16;Cuiaba;Fortaleza;BRAZIL 1;2024;5;0;4;0;2.48;0.29;0.68;1.12;3.25;2.8;2.92;7.6;54;46;98;78;61;20;18;2;13;0;9;6;1;3;0;2;1;1;5;1;0.25;1.33;0.5;1.43;1;0.96
2026-08-28;Vasco;Cruzeiro;BRAZIL 1;2026;0;0;0;0;0.0;0.0;2.14;1.26;2.86;2.9;3.2;8.8;-1;-1;0;0;0;0;-1;-1;-1;-1;-1;-1;-1;-1;-1;-1;-1;-1;-1;-1;2.0;0.25;1.38;0.5;1;0.96
2026-05-22;Vitoria;Internacional;BRAZIL 1;2026;0;0;0;0;0.0;0.0;1.44;1.69;3.15;2.76;3.05;8.0;-1;-1;0;0;0;0;-1;-1;-1;-1;-1;-1;-1;-1;-1;-1;-1;-1;-1;-1;2.25;1.25;1.43;1.0;1;0.96
2024-06-19;Atletico GO;Criciuma;BRAZIL 1;2024;1;2;1;0;0.99;1.48;1.32;1.16;1.8;5.3;3.8;16.5;49;51;105;94;47;40;9;11;1;7;10;11;1;1;1;0;1;4;5;1;0.25;1.33;0.89;0.86;0;0.96
2026-08-21;Botafogo RJ;Athletico-PR;BRAZIL 1;2026;0;0;0;0;0.0;0.0;0.89;1.03;2.1;4.1;3.45;13.5;-1;-1;0;0;0;0;-1;-1;-1;-1;-1;-1;-1;-1;-1;-1;-1;-1;-1;-1;1.5;1.33;1.0;1.86;1;0.96
2025-08-20;Juventude;Vasco;BRAZIL 1;2025;2;0;2;0;1.11;1.42;1.27;1.47;2.32;3.8;3.15;11.0;23;77;60;137;17;53;10;14;5;2;9;11;2;1;0;0;3;0;1;5;1.56;0.78;0.83;1.06;1;0.96
2024-06-22;Cuiaba;Atletico GO;BRAZIL 1;2024;0;0;0;0;1.08;1.72;1.04;1.21;2.3;3.9;3.15;10.5;53;47;90;103;50;36;8;13;3;9;9;12;3;1;0;0;0;2;5;4;0.8;1.4;1.0;0.8;1;0.96
2024-06-22;Criciuma;Botafogo RJ;BRAZIL 1;2024;2;1;1;0;1.36;1.01;1.35;0.92;3.3;2.44;3.35;8.8;38;62;73;131;44;48;11;8;5;2;16;14;4;3;0;0;2;1;4;7;0.5;2.0;1.13;2.0;0;0.96
2026-05-08;Bahia;Cruzeiro;BRAZIL 1;2026;0;0;0;0;0.0;0.0;1.76;1.26;2.04;4.3;3.45;13.0;-1;-1;0;0;0;0;-1;-1;-1;-1;-1;-1;-1;-1;-1;-1;-1;-1;-1;-1;1.67;0.25;2.0;0.5;1;0.96
2026-02-19;Athletico-PR;Corinthians;BRAZIL 1;2026;0;1;0;1;1.7;0.38;1.51;0.0;1.8;5.7;3.65;16.0;56;44;92;49;21;7;19;4;5;1;15;8;3;4;0;0;3;1;8;0;3.0;0.0;3.0;1.5;0;0.96
2025-10-11;Palmeiras;Juventude;BRAZIL 1;2025;4;1;2;0;2.37;0.69;1.7;0.93;1.4;10.0;5.0;28.0;67;33;137;73;64;14;19;8;10;1;9;15;1;2;0;0;1;0;6;0;2.23;0.42;2.2;0.88;0;0.96
2026-09-04;Cruzeiro;Athletico-PR;BRAZIL 1;2026;0;0;0;0;0.0;0.0;1.44;1.03;2.34;3.75;3.2;11.0;-1;-1;0;0;0;0;-1;-1;-1;-1;-1;-1;-1;-1;-1;-1;-1;-1;-1;-1;0.75;1.33;0.5;1.86;1;0.96
2024-06-26;Corinthians;Cuiaba;BRAZIL 1;2024;1;1;0;1;2.13;0.94;1.57;1.11;1.95;5.0;3.4;13.0;60;40;144;74;78;29;17;7;7;4;10;13;3;4;0;0;2;1;13;1;1.2;1.2;0.73;1.0;0;0.96
2026-05-08;Fluminense;Vitoria;BRAZIL 1;2026;0;0;0;0;0.0;0.0;1.65;0.85;2.0;4.6;3.45;14.0;-1;-1;0;0;0;0;-1;-1;-1;-1;-1;-1;-1;-1;-1;-1;-1;-1;-1;-1;3.0;0.33;2.0;1.43;1;-13.0
2026-04-04;Vasco;Botafogo RJ;BRAZIL 1;2026;0;0;0;0;0.0;0.0;2.14;0.86;3.0;2.72;3.25;8.8;-1;-1;0;0;0;0;-1;-1;-1;-1;-1;-1;-1;-1;-1;-1;-1;-1;-1;-1;2.0;0.75;1.38;1.0;1;0.96
2025-05-10;Fortaleza;Juventude;BRAZIL 1;2025;5;0;1;0;2.29;0.56;1.11;0.76;1.73;6.2;3.8;17.0;48;52;73;64;17;32;20;4;13;1;13;14;2;3;0;0;0;3;5;4;1.33;0.0;1.0;1.0;1;0.96
2026-10-23;Vitoria;Athletico-PR;BRAZIL 1;2026;0;0;0;0;0.0;0.0;1.44;1.03;2.88;2.98;3.1;8.8;-1;-1;0;0;0;0;-1;-1;-1;-1;-1;-1;-1;-1;-1;-1;-1;-1;-1;-1;2.25;1.33;1.43;1.86;1;-7.8
2024-06-30;Criciuma;Internacional;BRAZIL 1;2024;1;1;0;1;1.63;1.37;1.35;0.95;3.15;2.7;3.1;8.0;46;54;107;114;52;62;12;10;7;4;10;14;2;3;0;0;2;1;5;5;1.0;1.8;1.2;1.7;0;0.96
2026-10-09;Palmeiras;Corinthians;BRAZIL 1;2026;0;0;0;0;0.0;0.0;1.66;0.87;1.54;7.8;4.4;22.0;-1;-1;0;0;0;0;-1;-1;-1;-1;-1;-1;-1;-1;-1;-1;-1;-1;-1;-1;3.0;1.5;2.38;1.25;1;0.96
2025-05-17;Vasco;Fortaleza;BRAZIL 1;2025;3;0;1;0;1.64;1.22;1.15;1.11;2.58;3.15;3.3;10.0;50;50;86;88;37;52;14;10;7;3;12;11;2;1;1;1;3;1;4;7;1.75;0.75;0.88;1.25;1;0.96
2024-07-03;Criciuma;Cruzeiro;BRAZIL 1;2024;1;0;0;0;1.39;1.9;1.4;0.99;2.88;2.98;3.1;8.8;35;65;79;137;38;64;11;16;6;6;11;7;3;2;1;0;2;1;7;10;1.0;0.71;1.18;1.67;1;0.96
2024-07-03;Cuiaba;Botafogo RJ;BRAZIL 1;2024;1;2;1;1;1.49;0.7;0.99;1.0;2.88;2.84;3.25;9.4;51;49;93;76;61;21;10;4;6;4;8;15;4;1;0;0;2;7;7;5;0.86;1.57;1.0;1.85;0;0.96
2026-10-16;Corinthians;Vitoria;BRAZIL 1;2026;0;0;0;0;0.0;0.0;1.28;0.85;1.96;4.9;3.4;14.5;-1;-1;0;0;0;0;-1;-1;-1;-1;-1;-1;-1;-1;-1;-1;-1;-1;-1;-1;1.0;0.33;1.25;1.43;1;0.96
2026-10-27;Fluminense;Internacional;BRAZIL 1;2026;0;0;0;0;0.0;0.0;1.65;1.69;2.82;2.98;3.15;8.6;-1;-1;0;0;0;0;-1;-1;-1;-1;-1;-1;-1;-1;-1;-1;-1;-1;-1;-1;3.0;1.25;2.0;1.0;1;0.96
2025-07-27;Bahia;Juventude;BRAZIL 1;2025;3;0;1;0;2.02;0.33;1.39;0.68;1.58;7.4;4.2;21.0;66;34;104;70;53;18;17;3;8;0;18;15;1;2;0;1;1;1;2;1;2.43;0.0;1.79;0.79;1;0.96
2025-03-29;Fortaleza;Fluminense;BRAZIL 1;2025;2;0;2;0;0.67;1.44;0.0;0.0;1.85;5.3;3.6;16.0;30;70;59;121;19;57;5;15;3;1;16;5;1;0;0;0;4;1;4;5;0.0;0.0;0.0;0.0;1;0.96
2026-02-25;Cruzeiro;Corinthians;BRAZIL 1;2026;1;1;1;0;1.01;0.5;1.97;0.38;1.88;5.4;3.45;14.5;48;52;79;90;13;12;11;4;3;2;15;13;2;3;1;0;1;3;5;3;0.0;3.0;0.33;2.0;0;0.96
2026-05-15;Internacional;Vasco;BRAZIL 1;2026;0;0;0;0;0.0;0.0;1.91;1.43;1.57;7.6;4.2;20.0;-1;-1;0;0;0;0;-1;-1;-1;-1;-1;-1;-1;-1;-1;-1;-1;-1;-1;-1;0.75;0.33;1.0;1.38;1;0.96
2024-07-07;Vitoria;Criciuma;BRAZIL 1;2024;2;1;2;1;0.86;1.04;1.1;1.17;2.26;3.8;3.3;11.5;45;55;67;118;28;42;7;8;3;3;12;18;1;2;0;0;1;2;6;3;1.0;1.4;0.86;1.33;0;0.96
2024-07-07;Atletico GO;Athletico-PR;BRAZIL 1;2024;1;2;0;0;1.14;1.49;1.32;1.08;2.34;3.6;3.3;12.0;43;57;105;89;57;51;8;11;3;6;11;11;1;4;1;0;-1;-1;4;11;0.33;1.14;0.79;1.57;0;0.96
2026-10-06;Palmeiras;Bahia;BRAZIL 1;2026;0;0;0;0;0.0;0.0;1.66;1.02;1.71;5.5;4.2;18.5;-1;-1;0;0;0;0;-1;-1;-1;-1;-1;-1;-1;-1;-1;-1;-1;-1;-1;-1;3.0;2.25;2.38;2.0;1;0.96
2026-10-23;Vasco;Corinthians;BRAZIL 1;2026;0;0;0;0;0.0;0.0;2.14;0.87;2.24;3.95;3.3;12.5;-1;-1;0;0;0;0;-1;-1;-1;-1;-1;-1;-1;-1;-1;-1;-1;-1;-1;-1;2.0;1.5;1.38;1.25;1;0.96
2026-09-18;Athletico-PR;Bahia;BRAZIL 1;2026;0;0;0;0;0.0;0.0;1.3;1.02;2.26;3.6;3.45;12.5;-1;-1;0;0;0;0;-1;-1;-1;-1;-1;-1;-1;-1;-1;-1;-1;-1;-1;-1;2.25;2.25;1.86;2.0;1;0.96
2024-07-11;Palmeiras;Atletico GO;BRAZIL 1;2024;3;1;1;1;2.03;0.93;1.7;1.34;1.42;10.0;4.9;29.0;64;36;131;73;56;38;19;7;6;3;9;19;2;2;0;0;0;1;9;2;2.0;1.13;2.0;0.73;0;0.96
2024-07-11;Criciuma;Fluminense;BRAZIL 1;2024;1;1;0;0;1.15;1.95;1.4;0.91;2.06;4.2;3.5;12.5;41;59;73;134;41;67;9;12;4;10;15;7;2;1;0;0;2;1;2;5;1.29;0.0;1.23;0.47;0;0.96
2024-07-13;Bahia;Cuiaba;BRAZIL 1;2024;1;2;0;1;1.36;1.05;1.47;1.04;1.61;7.2;4.1;22.0;63;37;141;100;89;36;9;9;2;3;4;8;2;3;0;0;1;2;8;4;3.0;1.14;1.88;0.93;0;0.96
2024-07-17;Atletico GO;Vasco;BRAZIL 1;2024;0;1;0;0;1.72;1.45;1.29;1.01;2.2;3.9;3.4;11.5;52;48;95;97;66;38;12;13;7;5;13;11;2;2;0;0;0;3;4;6;0.29;0.43;0.69;1.25;0;-10.5
2026-04-24;Botafogo RJ;Internacional;BRAZIL 1;2026;0;0;0;0;0.0;0.0;0.89;1.69;1.78;5.7;3.75;16.5;-1;-1;0;0;0;0;-1;-1;-1;-1;-1;-1;-1;-1;-1;-1;-1;-1;-1;-1;1.5;1.25;1.0;1.0;1;0.96
2026-07-24;Bahia;Corinthians;BRAZIL 1;2026;0;0;0;0;0.0;0.0;1.76;0.87;1.72;6.0;3.95;20.0;-1;-1;0;0;0;0;-1;-1;-1;-1;-1;-1;-1;-1;-1;-1;-1;-1;-1;-1;1.67;1.5;2.0;1.25;1;-19.0
2024-07-21;Fortaleza;Atletico GO;BRAZIL 1;2024;3;1;1;1;1.04;0.94;1.28;1.3;1.71;5.7;4.0;18.0;60;40;123;71;42;40;8;8;3;2;12;12;4;3;1;1;2;1;5;6;2.33;1.0;1.81;0.65;0;0.96
2024-07-21;Cuiaba;Fluminense;BRAZIL 1;2024;0;1;0;0;1.49;1.2;1.05;1.04;2.5;3.35;3.2;10.5;47;53;90;102;51;38;11;10;6;4;19;7;1;2;0;1;1;1;6;4;0.75;0.13;1.06;0.5;0;-9.5
2025-07-20;Cruzeiro;Juventude;BRAZIL 1;2025;4;0;1;0;1.79;0.63;1.59;0.69;1.53;8.0;4.4;23.0;48;52;88;74;40;23;16;6;7;1;15;10;1;2;0;0;1;0;8;3;2.71;0.0;2.14;0.92;1;0.96
2024-07-24;Criciuma;Fortaleza;BRAZIL 1;2024;1;1;1;0;1.67;1.48;1.37;0.89;2.86;2.88;3.25;9.4;48;52;108;109;58;52;12;13;7;4;11;8;0;1;0;0;2;2;4;5;1.25;1.14;1.06;1.88;0;0.96
2026-08-28;Bahia;Internacional;BRAZIL 1;2026;0;0;0;0;0.0;0.0;1.76;1.69;2.14;3.95;3.45;12.5;-1;-1;0;0;0;0;-1;-1;-1;-1;-1;-1;-1;-1;-1;-1;-1;-1;-1;-1;1.67;1.25;2.0;1.0;1;0.96
2024-07-27;Juventude;Criciuma;BRAZIL 1;2024;1;2;0;0;1.27;1.52;1.2;1.17;2.34;3.7;3.25;11.5;59;41;100;91;48;46;9;11;5;7;13;18;1;2;0;0;1;0;5;7;2.11;0.88;1.24;1.06;0;0.96
2026-02-04;Palmeiras;Vitoria;BRAZIL 1;2026;5;1;3;0;1.91;1.08;0.0;0.0;1.42;9.6;5.0;26.0;60;40;84;70;38;31;17;9;8;4;2;0;1;4;0;0;2;1;6;4;0.0;0.0;1.0;3.0;0;0.96
2024-07-28;Cuiaba;Athletico-PR;BRAZIL 1;2024;1;2;0;1;1.81;1.07;1.1;1.23;2.62;3.3;3.15;9.2;50;50;121;86;80;38;15;8;4;4;8;12;0;2;0;0;4;0;12;2;0.67;1.22;1.0;1.47;0;0.96
2024-08-03;Vitoria;Cuiaba;BRAZIL 1;2024;1;0;0;0;1.26;0.83;1.09;1.04;2.74;3.05;3.2;8.2;47;53;90;120;49;40;11;6;3;2;16;17;3;3;0;0;1;1;4;5;1.0;1.38;0.9;0.94;1;0.96
2024-08-03;Atletico GO;Botafogo RJ;BRAZIL 1;2024;1;4;1;1;0.91;1.49;1.36;1.02;3.05;2.64;3.3;9.0;48;52;87;89;52;31;5;10;3;9;17;14;4;2;1;1;1;1;3;7;0.33;1.8;0.6;2.0;0;0.96
2026-02-12;Internacional;Palmeiras;BRAZIL 1;2026;1;3;1;1;2.36;1.26;2.1;1.57;2.5;3.35;3.25;9.4;62;38;123;61;62;10;26;11;4;7;11;8;1;1;0;0;1;3;16;4;0.0;1.0;0.5;2.0;0;0.96
2026-07-28;Fluminense;Bahia;BRAZIL 1;2026;0;0;0;0;0.0;0.0;1.65;1.02;2.16;4.0;3.45;12.5;-1;-1;0;0;0;0;-1;-1;-1;-1;-1;-1;-1;-1;-1;-1;-1;-1;-1;-1;3.0;2.25;2.0;2.0;1;0.96
2025-12-07;Corinthians;Juventude;BRAZIL 1;2025;1;1;1;0;1.41;1.46;1.5;0.97;1.81;5.8;3.6;16.0;57;43;75;104;34;22;14;16;4;4;18;17;0;1;0;0;2;3;4;7;1.61;0.61;1.24;0.92;0;0.96
2025-12-28;Sporting CP;Rio Ave;PORTUGAL 1;2025/2026;4;0;1;0;2.81;0.49;2.33;1.12;1.17;23.0;9.4;65.0;59;41;155;50;71;23;23;5;12;0;13;6;1;1;0;0;-1;-1;8;1;2.29;1.38;2.53;1.13;1;0.96
2025-12-21;AVS;Nacional;PORTUGAL 1;2025/2026;2;2;2;0;1.54;2.01;1.21;1.28;2.38;3.4;3.3;12.5;36;64;75;121;45;54;16;19;3;6;10;11;1;0;1;0;1;2;9;2;0.29;1.29;0.21;1.07;0;0.96
2026-01-26;FC Porto;Gil Vicente;PORTUGAL 1;2025/2026;3;0;1;0;1.56;1.21;1.68;1.43;1.23;16.5;7.6;55.0;58;42;79;79;35;22;14;11;6;5;13;8;2;2;0;1;3;0;11;3;2.75;1.56;2.89;1.72;1;0.96
2024-08-10;Casa Pia;Boavista;PORTUGAL 1;2024/2025;0;1;0;0;1.44;0.67;0.0;0.0;2.06;4.2;3.35;13.0;66;34;94;69;48;19;14;6;3;2;12;6;2;1;0;0;2;1;3;1;0.0;0.0;0.0;0.0;0;-12.0
2024-08-10;Fortaleza;Criciuma;BRAZIL 1;2024;1;0;0;0;1.19;0.93;1.23;1.21;1.73;6.2;3.7;17.5;51;49;96;104;29;28;11;9;4;2;16;13;2;4;0;0;2;1;4;6;2.45;1.11;1.95;1.26;1;0.96
2026-05-02;Famalicao;Benfica;PORTUGAL 1;2025/2026;0;0;0;0;0.0;0.0;1.59;1.83;7.6;1.46;5.3;10.5;-1;-1;0;0;0;0;-1;-1;-1;-1;-1;-1;-1;-1;-1;-1;-1;-1;-1;-1;1.86;2.54;1.67;2.41;1;0.96
2024-08-11;SC Farense;Moreirense;PORTUGAL 1;2024/2025;1;2;0;1;1.43;1.35;0.0;0.0;3.1;2.56;3.3;10.5;53;47;95;84;61;41;10;10;5;6;13;10;0;3;0;1;1;2;5;4;0.0;0.0;0.0;0.0;0;0.96
2025-08-24;Juventude;Botafogo RJ;BRAZIL 1;2025;1;3;1;1;1.87;1.53;1.25;1.48;3.65;2.32;3.3;8.6;50;50;119;93;61;40;16;13;6;6;10;17;0;2;0;0;2;0;5;3;1.7;1.56;0.95;1.61;0;0.96
2026-03-11;Bahia;Vitoria;BRAZIL 1;2026;0;0;0;0;0.0;0.0;1.84;1.08;1.7;6.4;3.8;17.0;-1;-1;0;0;0;0;-1;-1;-1;-1;-1;-1;-1;-1;-1;-1;-1;-1;-1;-1;1.0;0.0;2.33;1.0;1;0.96
2026-01-28;Internacional;Athletico-PR;BRAZIL 1;2026;0;1;0;1;2.1;0.66;0.0;0.0;1.96;4.9;3.45;14.0;71;29;121;68;56;18;19;6;7;2;13;11;3;1;0;0;4;1;13;1;0.0;0.0;0.0;0.0;0;0.96
2026-02-07;Arouca;Vitoria Guimaraes;PORTUGAL 1;2025/2026;3;2;1;2;1.24;1.7;1.24;1.4;3.25;2.4;3.55;11.0;51;49;80;99;25;54;10;14;6;6;19;15;1;4;0;0;1;1;1;6;0.9;1.11;1.0;1.4;0;-10.0
2025-04-26;Internacional;Juventude;BRAZIL 1;2025;3;1;2;1;1.58;0.46;2.07;0.9;1.67;6.2;4.0;18.0;53;47;109;70;36;17;13;4;7;1;17;8;1;2;0;0;4;5;9;2;1.5;0.0;1.2;1.4;0;0.96
2026-02-28;Le Havre;PSG;FRANCE 1;2025/2026;0;1;0;1;1.06;2.48;1.41;1.86;8.0;1.48;5.0;10.5;32;68;81;141;39;64;10;22;2;9;12;10;3;0;0;0;3;3;3;3;1.67;1.92;1.13;2.35;0;0.96
2026-02-01;Manchester Utd;Fulham;ENGLAND 1;2025/2026;3;2;1;0;1.58;1.76;1.92;1.22;1.65;5.6;4.5;26.0;42;58;70;61;48;65;13;14;6;6;6;9;2;1;0;0;1;2;3;7;1.91;1.0;1.65;1.48;0;0.96
2026-01-04;Santa Clara;FC Porto;PORTUGAL 1;2025/2026;0;1;0;0;0.98;1.27;1.35;1.76;7.4;1.47;5.0;8.8;43;57;76;101;31;56;12;8;0;5;20;22;2;4;0;0;0;2;2;7;1.38;3.0;1.07;2.88;0;0.96
2024-08-16;Las Palmas;Sevilla;SPAIN 1;2024/2025;2;2;1;1;1.31;1.57;0.0;0.0;2.88;2.82;3.3;9.6;48;52;106;91;35;38;11;15;5;5;14;15;2;2;0;0;1;2;6;3;0.0;0.0;0.0;0.0;0;0.96
2026-04-03;Gil Vicente;AVS;PORTUGAL 1;2025/2026;0;0;0;0;0.0;0.0;1.64;1.06;2.34;3.5;3.35;12.5;-1;-1;0;0;0;0;-1;-1;-1;-1;-1;-1;-1;-1;-1;-1;-1;-1;-1;-1;1.85;0.31;1.56;0.41;1;0.96
2024-08-17;Reims;Lille;FRANCE 1;2024/2025;0;2;0;1;0.26;1.88;0.0;0.0;3.0;2.62;3.45;11.0;31;69;73;119;25;89;1;13;0;6;6;15;2;2;1;0;0;2;0;8;0.0;0.0;0.0;0.0;0;0.96
2026-05-23;Valencia;Barcelona;SPAIN 1;2025/2026;0;0;0;0;0.0;0.0;1.47;2.18;5.1;1.79;4.0;9.4;-1;-1;0;0;0;0;-1;-1;-1;-1;-1;-1;-1;-1;-1;-1;-1;-1;-1;-1;1.64;2.0;1.21;2.52;1;0.96
2026-05-23;Valencia;Barcelona;SPAIN 1;2025/2026;0;0;0;0;0.0;0.0;1.47;2.18;5.0;1.82;3.95;9.4;-1;-1;0;0;0;0;-1;-1;-1;-1;-1;-1;-1;-1;-1;-1;-1;-1;-1;-1;1.64;2.0;1.21;2.52;1;0.96
2024-08-17;Rio Ave;SC Farense;PORTUGAL 1;2024/2025;1;0;1;0;0.98;1.27;0.0;0.0;2.04;4.0;3.45;14.0;51;49;78;116;36;39;8;11;3;4;8;16;0;1;0;0;3;3;7;14;0.0;0.0;0.0;0.0;1;0.96
2025-08-23;Nacional;Sporting CP;PORTUGAL 1;2025/2026;1;4;1;0;0.48;2.71;1.4;2.95;13.0;1.26;7.4;11.5;26;74;60;116;19;73;3;27;2;7;18;7;2;2;1;0;1;1;3;13;0.0;3.0;0.5;3.0;0;0.96
2025-08-23;Nacional;Sporting CP;PORTUGAL 1;2025/2026;1;4;1;0;0.48;2.71;1.4;2.95;13.0;1.28;6.8;9.6;26;74;60;116;19;73;3;27;2;7;18;7;2;2;1;0;1;1;3;13;0.0;3.0;0.5;3.0;0;0.96
2025-11-09;Benfica;Casa Pia;PORTUGAL 1;2025/2026;2;2;1;0;2.19;0.86;2.15;1.02;1.19;16.0;8.2;75.0;66;34;144;55;79;19;19;7;6;4;8;8;3;2;0;0;5;1;6;2;2.2;1.2;2.4;0.8;0;0.96
2025-11-09;Benfica;Casa Pia;PORTUGAL 1;2025/2026;2;2;1;0;2.19;0.86;2.15;1.02;1.24;14.5;8.0;50.0;66;34;144;55;79;19;19;7;6;4;8;8;3;2;0;0;5;1;6;2;2.2;1.2;2.4;0.8;0;0.96
2024-08-17;Osasuna;Leganes;SPAIN 1;2024/2025;1;1;0;1;1.7;0.81;0.0;0.0;2.0;4.8;3.35;12.0;61;39;140;87;70;19;12;6;6;4;14;12;3;2;0;0;1;2;6;4;0.0;0.0;0.0;0.0;0;0.96
2024-08-17;Osasuna;Leganes;SPAIN 1;2024/2025;1;1;0;1;1.7;0.81;0.0;0.0;1.93;4.9;3.55;13.0;61;39;140;87;70;19;12;6;6;4;14;12;3;2;0;0;1;2;6;4;0.0;0.0;0.0;0.0;0;0.96
2026-03-21;AC Milan;Torino;ITALY 1;2025/2026;3;2;1;1;1.68;1.91;1.77;1.21;1.57;7.2;4.3;23.0;63;37;88;72;43;40;15;18;6;7;9;10;3;1;0;0;1;2;4;6;2.0;0.93;2.07;1.14;0;0.96
2025-12-27;Parma;Fiorentina;ITALY 1;2025/2026;1;0;0;0;1.3;2.31;1.24;1.02;4.0;2.1;3.55;10.5;42;58;68;107;48;82;13;23;2;4;10;15;2;2;0;0;0;3;5;6;0.75;0.5;0.93;0.56;1;0.96
2024-08-17;Empoli;Monza;ITALY 1;2024/2025;0;0;0;0;0.82;0.46;0.0;0.0;2.66;3.1;3.25;11.0;39;61;100;74;49;26;5;3;2;1;16;19;0;2;0;0;4;1;7;3;0.0;0.0;0.0;0.0;1;0.96
2024-08-18;Athletico-PR;Juventude;BRAZIL 1;2024;1;2;1;1;1.93;0.99;1.63;1.02;1.6;6.4;4.3;22.0;60;40;119;92;50;26;17;7;7;5;17;10;4;2;0;0;1;1;10;4;1.56;0.3;1.45;1.19;0;0.96
2026-04-04;Mallorca;Real Madrid;SPAIN 1;2025/2026;0;0;0;0;0.0;0.0;1.39;1.96;8.8;1.49;4.6;7.6;-1;-1;0;0;0;0;-1;-1;-1;-1;-1;-1;-1;-1;-1;-1;-1;-1;-1;-1;1.57;2.14;0.97;2.38;1;0.96
2024-08-18;Atletico GO;Internacional;BRAZIL 1;2024;1;0;0;0;1.29;1.57;1.31;0.97;3.3;2.58;3.2;8.2;42;58;90;129;51;61;9;11;5;6;11;6;3;0;0;0;1;0;4;7;0.3;1.33;0.55;1.39;1;0.96
2024-08-18;Criciuma;Vasco;BRAZIL 1;2024;2;2;1;2;1.99;1.15;1.37;1.0;2.26;3.8;3.3;12.5;50;50;127;84;40;41;18;9;8;4;15;7;3;2;0;0;4;1;9;10;1.4;0.6;1.2;1.29;0;0.96
2024-08-18;Lazio;Venezia;ITALY 1;2024/2025;3;1;2;1;1.54;0.81;0.0;0.0;1.45;9.4;4.8;27.0;67;33;136;64;57;22;11;8;6;2;14;11;1;2;0;0;0;1;6;3;0.0;0.0;0.0;0.0;0;0.96
2026-04-06;Lecce;Atalanta;ITALY 1;2025/2026;0;0;0;0;0.0;0.0;1.17;1.41;4.4;1.96;3.75;9.0;-1;-1;0;0;0;0;-1;-1;-1;-1;-1;-1;-1;-1;-1;-1;-1;-1;-1;-1;1.07;1.29;0.9;1.67;1;0.96
2026-02-21;Juventus;Como;ITALY 1;2025/2026;0;2;0;1;1.28;1.03;2.22;1.42;1.48;8.6;4.7;26.0;52;48;87;81;51;26;11;11;3;2;10;15;1;0;0;0;4;0;7;2;2.17;1.58;1.84;1.68;0;0.96
2026-09-18;Vitoria;Cruzeiro;BRAZIL 1;2026;0;0;0;0;0.0;0.0;1.44;1.26;2.98;2.86;3.1;8.2;-1;-1;0;0;0;0;-1;-1;-1;-1;-1;-1;-1;-1;-1;-1;-1;-1;-1;-1;2.25;0.25;1.43;0.5;1;0.96
2024-08-19;Valladolid;Espanyol;SPAIN 1;2024/2025;1;0;1;0;0.82;0.82;0.0;0.0;2.44;3.65;3.1;10.5;45;55;97;81;41;31;7;7;1;2;15;8;2;2;0;0;6;1;3;2;0.0;0.0;0.0;0.0;1;0.96
2026-05-23;Villarreal;Atl. Madrid;SPAIN 1;2025/2026;0;0;0;0;0.0;0.0;1.68;1.31;3.9;2.04;3.85;11.5;-1;-1;0;0;0;0;-1;-1;-1;-1;-1;-1;-1;-1;-1;-1;-1;-1;-1;-1;2.47;1.21;2.0;1.97;1;0.96
2024-08-23;SC Farense;Sporting CP;PORTUGAL 1;2024/2025;0;5;0;2;0.31;1.91;1.43;1.81;17.5;1.2;8.8;14.0;32;68;22;62;7;21;3;18;1;9;18;6;4;1;0;0;1;2;1;5;0.0;3.0;0.0;3.0;0;0.96
2024-08-23;PSG;Montpellier;FRANCE 1;2024/2025;6;0;2;0;2.68;0.72;0.0;0.0;1.25;13.0;7.6;65.0;69;31;147;55;63;18;23;6;11;3;11;17;1;4;0;0;0;2;10;2;0.0;0.0;3.0;1.0;1;0.96
2025-09-23;Sevilla;Villarreal;SPAIN 1;2025/2026;1;2;0;1;1.67;1.43;1.24;0.93;2.5;3.0;3.65;14.0;65;35;118;85;72;44;16;12;2;5;17;14;3;3;0;0;0;3;3;3;0.5;0.5;1.4;2.0;0;0.96
2026-01-03;Celta Vigo;Valencia;SPAIN 1;2025/2026;4;1;1;0;1.4;1.78;1.31;0.9;2.24;3.7;3.4;12.0;40;60;97;95;29;58;12;16;6;5;10;9;1;3;0;0;2;2;2;4;0.89;0.38;1.35;0.94;0;0.96
2025-12-20;Augsburg;Werder Bremen;GERMANY 1;2025/2026;0;0;0;0;1.66;0.87;1.4;1.21;2.34;3.25;3.7;16.0;53;47;101;69;49;41;14;9;6;0;10;20;3;4;0;0;2;2;6;11;1.29;0.71;0.93;1.14;1;0.96
2024-08-24;Famalicao;Boavista;PORTUGAL 1;2024/2025;1;0;1;0;0.69;0.66;1.14;0.67;1.59;6.8;4.3;21.0;59;41;76;123;31;34;5;4;2;2;19;16;1;3;0;0;1;2;7;3;3.0;3.0;3.0;1.5;1;0.96
2026-02-22;FC Porto;Rio Ave;PORTUGAL 1;2025/2026;1;0;1;0;1.74;0.56;1.58;1.05;1.25;15.5;7.0;46.0;55;45;126;74;71;13;16;6;3;1;14;16;2;3;0;0;2;0;10;1;2.6;1.0;2.68;0.91;1;0.96
2026-04-18;Casa Pia;Santa Clara;PORTUGAL 1;2025/2026;0;0;0;0;0.0;0.0;0.91;1.3;2.82;2.62;3.3;1000.0;-1;-1;0;0;0;0;-1;-1;-1;-1;-1;-1;-1;-1;-1;-1;-1;-1;-1;-1;1.0;0.85;0.92;1.04;1;0.96
2025-09-13;Freiburg;Stuttgart;GERMANY 1;2025/2026;3;1;0;1;1.83;0.94;1.66;2.2;3.65;2.16;3.7;12.0;46;54;96;84;73;49;14;7;6;2;8;13;0;1;1;0;0;2;7;1;0.0;0.0;0.0;1.5;0;0.96
2026-05-08;Mainz;Union Berlin;GERMANY 1;2025/2026;0;0;0;0;0.0;0.0;1.53;1.29;2.12;4.1;3.4;13.0;-1;-1;0;0;0;0;-1;-1;-1;-1;-1;-1;-1;-1;-1;-1;-1;-1;-1;-1;1.21;1.0;1.11;1.15;1;0.96
2024-08-24;RB Leipzig;Bochum;GERMANY 1;2024/2025;1;0;0;0;1.03;0.73;0.0;0.0;1.27;12.0;7.2;55.0;63;37;83;106;43;25;8;4;3;4;9;16;1;3;1;0;3;2;9;3;0.0;0.0;0.0;0.0;1;0.96
2026-05-23;Espanyol;Real Sociedad;SPAIN 1;2025/2026;0;0;0;0;0.0;0.0;1.54;1.44;4.0;2.26;3.25;7.0;-1;-1;0;0;0;0;-1;-1;-1;-1;-1;-1;-1;-1;-1;-1;-1;-1;-1;-1;1.4;0.93;1.28;1.31;1;-6.0
2026-05-02;Getafe;Rayo Vallecano;SPAIN 1;2025/2026;0;0;0;0;0.0;0.0;1.08;1.27;2.72;3.3;3.0;8.4;-1;-1;0;0;0;0;-1;-1;-1;-1;-1;-1;-1;-1;-1;-1;-1;-1;-1;-1;1.29;0.8;1.31;1.1;1;0.96
2026-03-07;Osasuna;Mallorca;SPAIN 1;2025/2026;2;2;0;1;2.34;0.98;1.47;1.05;2.56;3.45;3.1;9.2;50;50;93;63;86;26;22;8;5;4;11;12;2;5;1;2;4;0;8;0;2.0;0.38;1.27;0.92;0;0.96
2024-08-24;Atletico GO;Juventude;BRAZIL 1;2024;2;1;0;0;1.61;0.99;1.31;1.02;1.98;4.6;3.5;14.5;40;60;79;86;32;37;14;8;7;3;18;10;4;5;1;1;0;2;4;6;0.55;0.55;0.65;1.27;0;0.96
2024-08-24;Palmeiras;Cuiaba;BRAZIL 1;2024;5;0;4;0;1.7;0.82;1.74;1.03;1.47;9.2;4.5;24.0;58;42;86;86;43;21;12;7;9;3;16;6;1;1;0;0;1;2;7;1;2.08;1.2;1.78;0.86;1;0.96
2024-08-24;Hoffenheim;Holstein Kiel;GERMANY 1;2024/2025;3;2;2;0;2.13;1.47;0.0;0.0;1.68;5.3;4.5;26.0;55;45;99;78;69;32;17;13;8;6;8;14;2;2;0;1;2;1;8;6;0.0;0.0;0.0;0.0;0;0.96
2025-12-27;Udinese;Lazio;ITALY 1;2025/2026;1;1;0;0;1.63;1.11;1.57;1.12;3.5;2.44;3.2;8.2;46;54;80;75;56;22;15;14;4;1;19;14;3;4;0;0;0;3;5;6;1.38;1.0;1.31;1.44;0;0.96
2025-11-08;Parma;AC Milan;ITALY 1;2025/2026;2;2;1;2;1.43;1.3;1.0;1.29;5.5;1.72;4.1;10.5;43;57;98;100;36;52;14;9;4;5;14;10;1;1;0;0;2;3;4;3;1.0;2.0;0.7;2.1;0;0.96
2024-08-24;Monza;Genoa;ITALY 1;2024/2025;0;1;0;1;1.05;0.79;0.0;0.0;2.84;2.98;3.15;9.2;70;30;115;81;54;29;8;8;2;1;6;17;2;3;0;0;2;1;8;3;0.0;0.0;1.0;1.0;0;-8.2
2024-08-24;Fulham;Leicester;ENGLAND 1;2024/2025;2;1;1;1;1.74;0.96;0.0;0.0;1.89;4.6;3.85;17.0;55;45;144;63;67;23;13;8;6;4;14;13;2;2;0;0;0;5;7;5;0.0;0.0;0.0;1.0;0;0.96
2025-12-06;Aston Villa;Arsenal;ENGLAND 1;2025/2026;2;1;1;0;1.64;1.98;1.39;1.61;4.7;1.8;4.1;10.5;47;53;74;80;38;57;15;15;6;9;10;8;0;2;0;0;0;3;3;3;2.29;2.0;1.93;2.36;0;0.96
2026-07-21;Internacional;Cruzeiro;BRAZIL 1;2026;0;0;0;0;0.0;0.0;1.91;1.26;2.04;4.8;3.25;12.0;-1;-1;0;0;0;0;-1;-1;-1;-1;-1;-1;-1;-1;-1;-1;-1;-1;-1;-1;0.75;0.25;1.0;0.5;1;0.96
2026-05-29;Bahia;Botafogo RJ;BRAZIL 1;2026;0;0;0;0;0.0;0.0;1.76;0.86;2.42;3.35;3.4;11.5;-1;-1;0;0;0;0;-1;-1;-1;-1;-1;-1;-1;-1;-1;-1;-1;-1;-1;-1;1.67;0.75;2.0;1.0;1;0.96
2025-12-03;Fortaleza;Corinthians;BRAZIL 1;2025;2;1;1;0;0.99;2.23;1.65;0.96;1.92;5.2;3.45;14.0;30;70;78;137;20;65;10;20;3;7;15;18;5;1;0;0;5;0;0;7;1.33;0.94;1.11;1.28;0;0.96
2026-05-09;Napoli;Bologna;ITALY 1;2025/2026;0;0;0;0;0.0;0.0;1.6;1.22;2.1;4.2;3.45;13.5;-1;-1;0;0;0;0;-1;-1;-1;-1;-1;-1;-1;-1;-1;-1;-1;-1;-1;-1;2.43;1.67;2.07;1.4;1;0.96
2024-08-25;Fiorentina;Venezia;ITALY 1;2024/2025;0;0;0;0;1.61;0.86;0.0;0.81;1.46;8.8;4.8;26.0;55;45;80;80;40;26;12;6;8;4;13;21;1;2;0;0;1;2;7;3;0.0;0.0;1.0;0.0;1;0.96
2025-09-21;Torino;Atalanta;ITALY 1;2025/2026;0;3;0;3;1.34;1.19;1.01;1.1;3.55;2.38;3.3;9.4;39;61;86;109;40;35;11;9;5;5;11;9;0;0;0;0;1;0;1;0;1.0;1.0;1.33;1.67;0;0.96
2026-05-24;Liverpool;Brentford;ENGLAND 1;2025/2026;0;0;0;0;0.0;0.0;1.96;1.17;1.26;13.0;7.6;60.0;-1;-1;0;0;0;0;-1;-1;-1;-1;-1;-1;-1;-1;-1;-1;-1;-1;-1;-1;1.87;1.25;1.58;1.48;1;0.96
2025-12-13;St. Pauli;Heidenheim;GERMANY 1;2025/2026;2;1;1;0;1.1;2.28;1.54;1.0;2.14;3.8;3.65;16.5;36;64;94;115;32;74;8;20;5;7;6;15;2;3;1;0;0;5;4;11;0.67;0.5;0.62;0.85;0;0.96
2025-08-29;Lens;Brest;FRANCE 1;2025/2026;3;1;0;1;2.87;0.86;2.04;1.51;1.85;4.8;3.75;17.0;68;32;61;65;41;21;30;9;10;2;7;12;1;3;0;1;2;0;15;1;0.0;0.0;1.5;0.5;0;0.96
2026-04-19;Strasbourg;Rennes;FRANCE 1;2025/2026;0;0;0;0;0.0;0.0;1.45;1.22;3.35;2.32;3.6;11.5;-1;-1;0;0;0;0;-1;-1;-1;-1;-1;-1;-1;-1;-1;-1;-1;-1;-1;-1;1.85;1.46;1.48;1.63;1;0.96
2026-05-16;Atl. Madrid;Girona;SPAIN 1;2025/2026;0;0;0;0;0.0;0.0;1.97;1.23;1.54;6.6;4.8;29.0;-1;-1;0;0;0;0;-1;-1;-1;-1;-1;-1;-1;-1;-1;-1;-1;-1;-1;-1;2.67;1.0;1.97;1.17;1;0.96
2025-08-16;Nice;Toulouse;FRANCE 1;2025/2026;0;1;0;0;1.36;1.08;0.0;0.0;1.92;4.6;3.65;15.5;57;43;82;82;56;42;13;10;2;2;12;13;2;3;0;0;-1;-1;9;4;0.0;0.0;0.0;0.0;0;0.96
2025-08-30;Nantes;Auxerre;FRANCE 1;2025/2026;1;0;1;0;0.62;1.55;0.47;1.58;2.4;3.35;3.4;12.0;43;57;74;113;20;52;4;14;3;4;13;11;1;3;0;0;1;6;3;9;0.0;0.0;0.0;1.5;1;0.96
2026-05-08;Wolfsburg;Bayern Munich;GERMANY 1;2025/2026;0;0;0;0;0.0;0.0;1.53;2.11;6.8;1.53;4.9;14.5;-1;-1;0;0;0;0;-1;-1;-1;-1;-1;-1;-1;-1;-1;-1;-1;-1;-1;-1;0.64;2.54;0.78;2.59;1;0.96
2026-02-21;Arouca;Nacional;PORTUGAL 1;2025/2026;3;0;0;0;1.36;1.53;1.24;1.31;2.12;3.65;3.55;15.5;61;39;73;75;33;33;10;15;7;5;13;13;4;2;1;1;6;0;4;1;1.09;0.91;1.05;0.95;1;0.96
2026-04-11;AVS;Vitoria Guimaraes;PORTUGAL 1;2025/2026;0;0;0;0;0.0;0.0;1.21;1.41;4.8;1.88;3.65;8.0;-1;-1;0;0;0;0;-1;-1;-1;-1;-1;-1;-1;-1;-1;-1;-1;-1;-1;-1;0.5;0.77;0.41;1.19;1;0.96
2024-08-25;Real Madrid;Valladolid;SPAIN 1;2024/2025;3;0;0;0;1.98;0.63;0.0;0.0;1.19;18.5;9.0;80.0;64;36;145;64;80;43;12;5;9;0;10;15;1;1;0;0;4;0;5;5;0.0;0.0;1.0;3.0;1;0.96
2024-08-25;Leganes;Las Palmas;SPAIN 1;2024/2025;2;1;0;0;1.15;1.14;0.0;0.0;2.34;3.95;3.0;10.5;40;60;72;107;32;38;9;8;5;5;11;10;1;1;0;0;1;0;3;7;0.0;0.0;1.0;1.0;0;0.96
2026-04-25;Villarreal;Celta Vigo;SPAIN 1;2025/2026;0;0;0;0;0.0;0.0;1.68;1.15;1.87;4.4;4.0;20.0;-1;-1;0;0;0;0;-1;-1;-1;-1;-1;-1;-1;-1;-1;-1;-1;-1;-1;-1;2.47;1.71;2.0;1.41;1;0.96
2026-03-07;Cagliari;Como;ITALY 1;2025/2026;1;2;0;1;1.01;0.89;1.08;1.39;2.34;3.45;3.4;12.5;43;57;89;98;40;32;8;8;3;2;17;18;3;1;0;0;7;2;2;3;1.23;1.69;1.11;1.78;0;0.96
2026-02-02;Mallorca;Sevilla;SPAIN 1;2025/2026;4;1;1;1;1.3;1.72;1.28;1.29;2.5;3.45;3.15;9.8;33;67;73;125;25;57;11;15;6;5;16;8;1;2;0;0;1;5;4;8;1.6;1.1;1.0;1.14;0;0.96
2025-08-31;Rayo Vallecano;Barcelona;SPAIN 1;2025/2026;1;1;0;1;1.46;1.23;0.0;2.84;6.0;1.67;4.2;9.0;43;57;100;86;38;36;12;12;6;3;16;8;4;1;0;0;7;2;9;4;0.0;3.0;1.5;3.0;0;0.96
2026-12-01;Cruzeiro;Internacional;BRAZIL 1;2026;0;0;0;0;0.0;0.0;1.44;1.69;2.38;3.6;3.2;10.5;-1;-1;0;0;0;0;-1;-1;-1;-1;-1;-1;-1;-1;-1;-1;-1;-1;-1;-1;0.75;1.25;0.5;1.0;1;0.96
2026-02-21;Atl. Madrid;Espanyol;SPAIN 1;2025/2026;4;2;1;1;2.22;0.89;1.91;1.42;1.29;15.0;6.0;38.0;61;39;140;83;62;33;18;8;9;2;8;10;0;1;0;0;0;2;5;3;2.58;1.36;1.88;1.46;0;0.96
2024-08-28;Valladolid;Leganes;SPAIN 1;2024/2025;0;0;0;0;1.27;0.6;0.82;0.81;2.3;4.1;3.1;11.0;59;41;85;93;61;28;11;5;2;1;13;19;1;5;0;0;0;2;4;4;3.0;1.0;1.5;2.0;1;0.96
2026-01-10;Girona;Osasuna;SPAIN 1;2025/2026;1;0;1;0;1.07;1.18;1.17;0.96;1.79;4.9;4.1;17.5;46;54;79;111;38;57;8;12;4;0;14;13;2;6;1;0;3;2;2;1;1.0;0.22;1.0;1.06;1;0.96
2024-08-29;Las Palmas;Real Madrid;SPAIN 1;2024/2025;1;1;1;0;0.87;2.25;1.31;1.45;10.5;1.35;5.9;10.0;44;56;60;149;30;75;7;18;3;8;16;13;0;3;0;0;1;0;2;6;1.0;1.0;0.5;2.0;0;0.96
2026-04-05;Union Berlin;St. Pauli;GERMANY 1;2025/2026;0;0;0;0;0.0;0.0;1.3;1.11;1.99;4.4;3.6;15.0;-1;-1;0;0;0;0;-1;-1;-1;-1;-1;-1;-1;-1;-1;-1;-1;-1;-1;-1;1.31;0.57;1.15;0.89;1;0.96
2024-08-30;Venezia;Torino;ITALY 1;2024/2025;0;1;0;0;1.24;1.47;0.0;0.72;3.9;2.16;3.55;8.8;42;58;68;115;45;57;10;10;4;6;7;15;2;4;0;0;3;4;3;3;0.0;1.0;0.5;2.0;0;-7.8
2025-12-14;Moreirense;Benfica;PORTUGAL 1;2025/2026;0;4;0;1;0.98;1.19;1.25;1.78;8.2;1.48;4.8;7.8;53;47;69;112;28;27;10;10;2;5;19;15;2;0;0;0;0;1;4;4;2.17;2.67;1.54;2.23;0;0.96
2025-09-19;Lecce;Cagliari;ITALY 1;2025/2026;1;2;1;1;1.37;1.67;0.87;0.83;2.42;3.5;3.25;11.0;52;48;91;80;44;42;11;15;5;6;10;19;2;3;0;0;0;2;4;7;0.0;0.0;0.33;1.33;0;0.96
2025-10-26;Stuttgart;Mainz;GERMANY 1;2025/2026;2;1;1;1;2.02;1.27;1.81;1.64;1.68;5.6;4.3;24.0;59;41;91;79;36;43;19;13;8;2;11;12;4;3;0;0;5;5;7;5;3.0;1.33;2.14;0.57;0;0.96
2024-08-31;Bologna;Empoli;ITALY 1;2024/2025;1;1;1;1;1.39;0.5;1.91;1.04;1.74;6.0;3.8;16.0;68;32;115;78;58;21;12;3;3;2;15;18;0;3;0;0;2;1;6;3;1.0;3.0;0.5;2.0;0;0.96
2024-08-31;Holstein Kiel;Wolfsburg;GERMANY 1;2024/2025;0;2;0;2;1.27;1.33;0.0;0.0;3.35;2.24;3.8;12.5;54;46;63;113;31;55;11;9;5;5;17;14;4;7;0;0;2;1;1;7;0.0;0.0;0.0;0.0;0;0.96
2026-01-24;Eintracht Frankfurt;Hoffenheim;GERMANY 1;2025/2026;1;3;1;0;0.99;1.34;1.52;1.36;1.85;4.2;4.3;26.0;47;53;76;125;29;48;9;10;3;5;8;16;0;4;0;0;0;3;6;6;1.75;1.88;1.5;1.94;0;0.96
2026-05-01;Bayer Leverkusen;RB Leipzig;GERMANY 1;2025/2026;0;0;0;0;0.0;0.0;1.79;1.57;1.78;4.6;4.3;27.0;-1;-1;0;0;0;0;-1;-1;-1;-1;-1;-1;-1;-1;-1;-1;-1;-1;-1;-1;1.85;1.62;1.7;1.85;1;0.96
2026-03-15;Lazio;AC Milan;ITALY 1;2025/2026;1;0;1;0;0.82;1.79;1.43;1.28;3.05;2.54;3.55;12.0;41;59;89;119;32;70;7;17;2;3;7;19;4;1;0;0;3;4;1;9;1.57;2.29;1.32;2.14;1;0.96
2026-01-14;Napoli;Parma;ITALY 1;2025/2026;0;0;0;0;1.96;0.42;1.56;1.23;1.49;7.8;4.8;30.0;69;31;146;46;92;12;16;4;4;1;11;12;1;3;0;0;1;0;7;1;2.5;1.33;2.05;1.11;1;0.96
2025-10-25;Santa Clara;AVS;PORTUGAL 1;2025/2026;2;0;0;0;1.95;0.96;1.46;1.07;1.86;4.9;3.55;15.5;60;40;113;77;47;52;20;7;5;2;10;15;1;1;0;0;2;0;8;4;1.0;0.25;1.0;0.13;1;0.96
2025-08-30;Sporting CP;FC Porto;PORTUGAL 1;2025/2026;1;2;0;0;1.87;1.6;2.26;1.56;1.94;4.4;3.75;17.5;59;41;102;100;55;30;20;14;3;7;8;15;3;5;0;0;2;1;5;3;3.0;3.0;3.0;3.0;0;0.96
2024-08-31;Barcelona;Valladolid;SPAIN 1;2024/2025;7;0;3;0;2.29;0.6;1.38;0.63;1.26;13.5;7.2;60.0;71;29;124;39;53;48;18;3;11;1;6;12;0;3;0;0;4;4;10;1;3.0;0.0;3.0;1.33;1;0.96
2025-10-25;Valencia;Villarreal;SPAIN 1;2025/2026;0;2;0;1;1.47;1.36;1.46;1.05;2.72;2.84;3.5;12.5;57;43;120;67;42;35;15;12;3;5;13;14;2;4;0;0;2;3;7;5;1.75;1.0;1.0;1.89;0;0.96
2024-08-31;Leganes;Mallorca;SPAIN 1;2024/2025;0;1;0;1;0.93;1.07;1.15;0.77;3.0;3.05;2.9;7.4;54;46;111;86;37;48;8;8;2;3;11;17;1;3;0;0;3;0;1;3;3.0;0.0;1.67;0.67;0;-6.4
2025-12-07;Espanyol;Rayo Vallecano;SPAIN 1;2025/2026;1;0;1;0;1.04;0.82;1.53;1.28;3.0;3.0;2.98;8.2;36;64;63;98;46;40;9;6;2;2;19;22;3;7;1;1;1;1;6;2;2.0;1.25;1.71;1.21;1;0.96
2024-08-31;Cuiaba;Criciuma;BRAZIL 1;2024;2;1;0;1;1.55;1.12;1.18;1.18;2.26;3.8;3.25;11.5;45;55;102;109;54;45;15;9;3;3;16;9;4;0;0;0;0;3;5;5;0.55;1.0;0.82;1.22;0;0.96
2026-02-10;Everton;Bournemouth;ENGLAND 1;2025/2026;1;2;1;0;1.9;1.19;1.44;1.57;2.82;2.7;3.55;12.0;53;47;120;77;65;29;16;11;6;4;14;15;1;3;1;0;1;0;7;2;1.33;0.92;1.48;1.36;0;0.96
2024-08-31;Brentford;Southampton;ENGLAND 1;2024/2025;3;1;1;0;1.76;1.63;1.16;1.56;1.82;4.8;4.1;20.0;37;63;75;91;54;54;14;13;7;6;10;7;2;1;0;0;1;2;2;8;3.0;0.0;1.5;0.0;0;0.96
2024-08-31;Leicester;Aston Villa;ENGLAND 1;2024/2025;1;2;0;1;1.01;1.1;0.73;1.14;4.7;1.83;4.1;11.0;57;43;102;75;39;33;8;8;3;5;13;21;4;5;0;0;3;1;1;4;1.0;3.0;0.5;1.5;0;0.96
2024-08-31;Montpellier;Nantes;FRANCE 1;2024/2025;1;3;1;2;1.46;1.05;1.08;0.98;2.34;3.3;3.6;14.0;69;31;142;48;73;37;9;8;5;4;11;14;2;2;0;0;0;1;8;3;1.0;1.0;0.5;2.0;0;0.96
2026-10-16;Athletico-PR;Palmeiras;BRAZIL 1;2026;0;0;0;0;0.0;0.0;1.3;1.11;3.45;2.38;3.4;9.6;-1;-1;0;0;0;0;-1;-1;-1;-1;-1;-1;-1;-1;-1;-1;-1;-1;-1;-1;2.25;1.75;1.86;2.38;1;0.96
2024-09-01;Nacional;SC Farense;PORTUGAL 1;2024/2025;2;0;1;0;1.23;0.68;1.05;1.27;2.44;3.1;3.5;14.0;51;49;76;83;35;40;11;6;4;0;19;16;3;3;0;0;0;5;4;4;0.0;0.0;0.33;0.0;1;0.96
2026-01-31;Rio Ave;Arouca;PORTUGAL 1;2025/2026;0;3;0;1;0.74;1.95;1.04;1.06;2.54;3.25;3.3;11.5;51;49;74;77;31;46;8;18;0;7;11;15;2;1;0;0;2;3;5;5;1.0;0.89;1.05;0.89;0;0.96
2026-03-14;Vitoria Guimaraes;Famalicao;PORTUGAL 1;2025/2026;1;2;1;1;1.47;1.37;1.48;1.24;2.04;4.4;3.4;13.0;44;56;84;73;40;47;12;13;6;3;21;13;1;0;0;0;0;2;3;11;1.69;1.33;1.28;1.56;0;0.96
2025-09-27;Juventude;Internacional;BRAZIL 1;2025;1;1;0;1;1.53;0.6;1.25;1.17;3.6;2.36;3.25;8.6;56;44;119;72;60;18;14;5;3;2;20;18;2;2;0;0;1;1;7;1;1.42;0.91;0.91;1.17;0;0.96
2026-07-21;Vitoria;Vasco;BRAZIL 1;2026;0;0;0;0;0.0;0.0;1.44;1.43;2.4;3.5;3.25;11.0;-1;-1;0;0;0;0;-1;-1;-1;-1;-1;-1;-1;-1;-1;-1;-1;-1;-1;-1;2.25;0.33;1.43;1.38;1;-10.0
2024-09-01;Cruzeiro;Atletico GO;BRAZIL 1;2024;3;1;2;1;1.29;1.58;1.42;1.26;1.59;7.0;4.0;19.5;49;51;88;94;41;49;9;15;6;4;13;7;2;5;0;0;0;3;8;3;2.36;0.75;1.58;0.75;0;0.96
2025-09-27;Heidenheim;Augsburg;GERMANY 1;2025/2026;2;1;0;0;1.34;0.92;0.7;1.36;2.54;2.98;3.6;14.0;48;52;85;115;41;36;11;8;5;2;16;20;1;6;0;0;1;2;3;2;0.0;1.5;0.0;0.75;0;0.96
2025-11-22;Bayern Munich;Freiburg;GERMANY 1;2025/2026;6;2;2;2;2.37;0.84;2.37;1.24;1.21;16.0;8.6;1000.0;72;28;101;62;60;26;22;8;8;2;9;7;1;0;0;0;1;3;3;5;3.0;1.0;2.8;1.3;0;0.96
2025-08-17;Chelsea;Crystal Palace;ENGLAND 1;2025/2026;0;0;0;0;1.89;1.13;0.0;0.0;1.65;5.6;4.6;28.0;72;28;116;57;67;21;19;11;3;4;10;12;2;3;0;0;-1;-1;11;2;0.0;0.0;0.0;0.0;1;0.96
2026-05-03;Manchester Utd;Liverpool;ENGLAND 1;2025/2026;0;0;0;0;0.0;0.0;1.98;1.56;4.1;1.9;4.2;15.0;-1;-1;0;0;0;0;-1;-1;-1;-1;-1;-1;-1;-1;-1;-1;-1;-1;-1;-1;2.2;1.31;1.77;1.58;1;0.96
2025-11-08;Monaco;Lens;FRANCE 1;2025/2026;1;4;1;3;1.81;2.39;1.55;1.04;1.93;4.1;4.2;21.0;50;50;101;87;52;41;16;20;6;12;15;19;1;2;1;0;2;2;5;4;2.17;1.4;1.82;2.0;0;0.96
2024-09-01;Reims;Rennes;FRANCE 1;2024/2025;2;1;1;1;1.38;1.17;0.26;1.35;3.05;2.44;3.6;12.5;53;47;81;91;35;43;10;8;7;5;9;13;2;1;0;0;0;2;3;5;0.0;0.0;0.5;1.5;0;0.96
2026-04-05;Le Havre;Auxerre;FRANCE 1;2025/2026;0;0;0;0;0.0;0.0;1.37;1.11;2.94;2.7;3.35;10.0;-1;-1;0;0;0;0;-1;-1;-1;-1;-1;-1;-1;-1;-1;-1;-1;-1;-1;-1;1.5;0.54;1.0;0.81;1;0.96
2025-10-05;Lille;PSG;FRANCE 1;2025/2026;1;1;0;0;1.09;1.72;1.73;1.83;4.1;1.93;4.0;12.0;38;62;77;107;43;41;9;17;3;5;11;12;1;1;0;0;1;0;3;5;2.0;2.0;1.67;2.5;0;0.96
2026-01-09;Getafe;Real Sociedad;SPAIN 1;2025/2026;1;2;0;1;0.79;1.58;1.14;1.55;3.35;2.78;2.88;7.0;43;57;110;119;25;65;6;12;3;5;17;17;2;1;0;0;4;2;2;4;1.38;0.78;1.17;1.0;0;0.96
2026-02-08;Sevilla;Girona;SPAIN 1;2025/2026;1;1;0;1;1.27;1.52;1.38;1.14;2.88;2.56;3.75;13.5;51;49;106;76;49;21;11;15;3;6;16;13;2;2;0;0;5;0;5;7;1.18;1.09;1.09;1.14;0;0.96
2025-10-26;Osasuna;Celta Vigo;SPAIN 1;2025/2026;2;3;2;1;2.15;1.22;1.24;0.97;2.64;3.0;3.35;11.0;61;39;136;58;81;24;17;11;7;5;10;13;3;4;0;0;0;5;5;2;2.5;0.67;1.11;0.78;0;0.96
2024-09-01;Fiorentina;Monza;ITALY 1;2024/2025;2;2;1;2;1.51;0.51;1.61;0.46;1.75;5.7;3.9;16.5;69;31;127;52;53;14;11;3;6;3;11;22;2;4;0;0;1;0;7;0;1.0;1.0;1.0;0.5;0;0.96
2026-04-06;Udinese;Como;ITALY 1;2025/2026;0;0;0;0;0.0;0.0;1.35;1.36;2.3;3.7;3.35;11.5;-1;-1;0;0;0;0;-1;-1;-1;-1;-1;-1;-1;-1;-1;-1;-1;-1;-1;-1;1.27;1.79;1.3;1.9;1;0.96
2024-09-05;Cuiaba;Juventude;BRAZIL 1;2024;0;0;0;0;0.94;1.02;1.21;1.02;1.97;4.5;3.6;13.0;53;47;92;83;39;33;7;9;3;3;17;11;3;1;0;0;0;2;3;3;0.75;0.5;0.91;1.17;1;0.96
2025-08-31;Internacional;Fortaleza;BRAZIL 1;2025;2;1;1;1;1.41;0.86;1.83;1.16;2.06;4.4;3.4;12.0;52;48;43;20;16;3;14;10;6;3;16;14;1;2;0;0;1;3;4;5;1.4;0.44;1.2;0.75;0;0.96
2026-01-24;Arouca;Sporting CP;PORTUGAL 1;2025/2026;1;2;0;1;1.18;1.69;1.25;1.96;14.5;1.26;6.8;12.5;35;65;63;128;19;63;11;15;5;4;11;12;3;4;2;2;2;1;4;7;1.0;2.56;0.94;2.5;0;0.96
2026-04-11;Wolfsburg;Eintracht Frankfurt;GERMANY 1;2025/2026;0;0;0;0;0.0;0.0;1.53;1.24;2.82;2.66;3.65;13.5;-1;-1;0;0;0;0;-1;-1;-1;-1;-1;-1;-1;-1;-1;-1;-1;-1;-1;-1;0.64;1.07;0.78;1.41;1;0.96
2026-04-24;RB Leipzig;Union Berlin;GERMANY 1;2025/2026;0;0;0;0;0.0;0.0;1.94;1.29;1.5;7.4;4.9;27.0;-1;-1;0;0;0;0;-1;-1;-1;-1;-1;-1;-1;-1;-1;-1;-1;-1;-1;-1;2.07;1.0;1.85;1.15;1;0.96
2025-12-06;Bournemouth;Chelsea;ENGLAND 1;2025/2026;0;0;0;0;1.46;1.38;1.62;1.58;3.5;2.12;4.0;19.0;39;61;89;105;39;55;13;11;5;4;15;13;0;2;0;0;4;0;5;0;2.0;1.86;1.36;1.71;1;-18.0
2026-01-17;Hoffenheim;Bayer Leverkusen;GERMANY 1;2025/2026;1;0;1;0;2.04;1.05;1.7;1.37;6.2;1.54;5.2;18.0;38;62;110;116;39;54;19;8;8;2;17;7;2;1;0;0;3;1;3;5;1.88;1.86;1.88;1.81;1;0.96
2024-09-14;Athletico-PR;Fortaleza;BRAZIL 1;2024;1;1;1;1;2.29;0.92;1.67;0.96;2.2;3.75;3.5;13.0;55;45;119;102;64;26;19;8;9;3;13;10;2;2;0;0;3;0;14;4;1.27;1.25;1.26;1.92;0;0.96
2025-09-12;Benfica;Santa Clara;PORTUGAL 1;2025/2026;1;1;0;0;2.53;1.04;2.61;1.16;1.3;11.5;6.8;38.0;78;22;182;48;115;17;19;9;7;5;8;11;1;1;0;1;2;0;4;5;3.0;1.5;3.0;1.0;0;0.96
2025-08-24;Famalicao;Gil Vicente;PORTUGAL 1;2025/2026;0;0;0;0;1.15;2.15;0.87;1.0;1.94;4.9;3.45;15.0;45;55;73;88;34;46;11;20;3;8;17;18;3;1;0;0;2;3;2;9;3.0;3.0;3.0;1.5;1;0.96
2025-12-06;AVS;Rio Ave;PORTUGAL 1;2025/2026;1;2;0;1;1.04;2.03;1.23;1.07;2.72;3.05;3.15;10.5;35;65;53;76;16;56;9;17;5;8;16;16;5;6;1;0;1;6;3;11;0.33;1.17;0.25;1.08;0;0.96
2026-03-01;Casa Pia;Moreirense;PORTUGAL 1;2025/2026;1;1;1;0;0.8;1.47;0.92;1.06;2.82;2.84;3.1;11.0;36;64;81;87;29;40;7;12;2;6;21;12;2;3;0;0;0;1;1;7;1.0;1.17;0.96;1.43;0;0.96
2024-09-14;Crystal Palace;Leicester;ENGLAND 1;2024/2025;2;2;0;1;1.36;0.96;1.16;0.96;1.67;5.9;4.2;22.0;67;33;126;76;61;23;10;8;4;4;11;15;0;3;0;0;3;0;5;2;0.0;0.0;0.33;0.33;0;0.96
2026-01-18;Aston Villa;Everton;ENGLAND 1;2025/2026;0;1;0;0;1.88;1.01;1.41;1.06;1.65;6.0;4.3;22.0;63;37;107;68;55;31;18;9;5;3;15;13;1;2;0;0;1;4;6;4;2.5;1.4;2.05;1.38;0;0.96
2024-09-14;Freiburg;Bochum;GERMANY 1;2024/2025;2;1;0;1;2.01;1.05;1.37;0.73;1.75;5.3;4.1;22.0;54;46;92;116;43;36;17;9;9;3;5;16;0;3;0;0;7;2;5;6;3.0;0.0;1.5;0.0;0;0.96
2024-09-14;Atletico GO;Vitoria;BRAZIL 1;2024;0;2;0;1;1.05;0.75;1.33;1.1;2.08;4.2;3.35;12.5;64;36;64;48;28;12;9;6;4;4;14;14;3;6;0;0;-1;-1;9;5;0.75;0.67;0.72;0.88;0;0.96
2024-09-14;Southampton;Manchester Utd;ENGLAND 1;2024/2025;0;3;0;2;0.87;1.89;0.51;1.17;4.8;1.8;4.1;12.0;44;56;85;104;37;50;5;13;4;10;11;14;1;4;1;0;-1;-1;0;7;0.0;0.0;0.0;1.0;0;0.96
2026-05-09;Manchester City;Brentford;ENGLAND 1;2025/2026;0;0;0;0;0.0;0.0;1.91;1.17;1.19;17.5;9.6;70.0;-1;-1;0;0;0;0;-1;-1;-1;-1;-1;-1;-1;-1;-1;-1;-1;-1;-1;-1;2.4;1.25;2.03;1.48;1;0.96
2024-09-14;Holstein Kiel;Bayern Munich;GERMANY 1;2024/2025;1;6;0;4;0.47;2.51;1.27;1.64;14.0;1.24;8.0;17.0;29;71;54;145;19;73;4;18;1;12;12;11;0;1;0;0;0;0;2;10;0.0;3.0;0.0;3.0;0;0.96
2024-09-14;AC Milan;Venezia;ITALY 1;2024/2025;4;0;4;0;1.49;0.71;2.09;0.83;1.31;11.0;6.6;48.0;62;38;84;56;40;26;10;6;8;2;12;12;1;2;0;1;0;2;6;1;1.0;0.5;0.67;0.33;1;0.96
2024-09-14;Empoli;Juventus;ITALY 1;2024/2025;0;0;0;0;0.74;1.21;0.82;0.95;6.6;1.71;3.75;6.4;34;66;69;133;19;48;6;10;3;3;11;10;1;2;0;0;0;0;4;8;1.0;3.0;1.67;2.33;1;0.96
2026-01-10;Como;Bologna;ITALY 1;2025/2026;1;1;0;0;1.28;0.75;1.67;1.19;3.15;2.6;3.3;9.2;59;41;100;61;42;22;12;7;3;2;14;3;3;3;0;1;2;4;4;2;2.25;1.33;1.83;1.44;0;0.96
2025-09-13;Auxerre;Monaco;FRANCE 1;2025/2026;1;2;0;1;0.94;1.54;0.83;0.78;4.3;1.88;4.1;14.5;33;67;92;116;30;70;9;13;2;3;12;19;2;6;1;0;0;1;5;8;3.0;0.0;1.0;2.0;0;0.96
2026-05-09;PSG;Brest;FRANCE 1;2025/2026;0;0;0;0;0.0;0.0;2.32;1.06;1.31;11.5;6.4;46.0;-1;-1;0;0;0;0;-1;-1;-1;-1;-1;-1;-1;-1;-1;-1;-1;-1;-1;-1;2.58;0.86;2.31;1.33;1;0.96
2025-08-25;Sevilla;Getafe;SPAIN 1;2025/2026;1;2;1;1;1.49;1.18;0.0;1.06;2.22;4.1;3.2;11.5;71;29;130;81;71;25;12;9;3;6;10;24;2;2;0;0;4;1;5;3;0.0;3.0;0.0;3.0;0;0.96
2025-09-13;Real Sociedad;Real Madrid;SPAIN 1;2025/2026;1;2;0;2;2.23;1.68;1.77;3.0;4.8;1.88;3.75;8.6;64;36;117;87;70;34;23;16;4;6;17;7;2;1;0;1;0;2;12;4;1.0;3.0;0.67;3.0;0;0.96
2026-05-09;Mallorca;Villarreal;SPAIN 1;2025/2026;0;0;0;0;0.0;0.0;1.39;1.08;2.64;3.0;3.4;11.0;-1;-1;0;0;0;0;-1;-1;-1;-1;-1;-1;-1;-1;-1;-1;-1;-1;-1;-1;1.57;1.5;0.97;2.0;1;0.96
2026-02-01;Torino;Lecce;ITALY 1;2025/2026;1;0;1;0;1.66;1.46;1.4;0.92;1.86;5.4;3.55;14.5;42;58;67;103;34;60;17;14;5;2;14;12;2;2;0;0;4;1;3;8;1.0;0.8;1.05;0.82;1;0.96
2025-11-30;Atalanta;Fiorentina;ITALY 1;2025/2026;2;0;1;0;2.3;1.37;1.86;0.98;1.85;4.8;3.9;20.0;48;52;90;97;48;29;21;15;9;3;15;10;1;3;0;0;2;1;4;5;1.17;0.67;1.08;0.5;1;0.96
2026-03-20;Cagliari;Napoli;ITALY 1;2025/2026;0;1;0;1;0.65;1.8;1.07;1.4;4.7;1.86;3.9;9.4;33;67;76;99;27;53;7;17;0;5;12;16;2;2;0;0;0;2;2;7;1.14;1.67;1.03;2.03;0;0.96
2024-09-15;Nantes;Reims;FRANCE 1;2024/2025;1;2;1;1;1.48;1.22;1.26;0.97;2.46;3.2;3.45;12.5;45;55;82;95;50;51;11;9;6;4;14;5;3;1;0;0;2;2;6;3;3.0;1.0;2.33;1.33;0;0.96
2025-12-13;Atl. Madrid;Valencia;SPAIN 1;2025/2026;2;1;1;0;1.39;1.31;1.93;0.84;1.34;12.5;5.6;38.0;46;54;107;99;45;48;10;13;6;2;13;11;3;1;0;0;2;1;5;7;2.75;0.43;1.94;1.0;0;0.96
2026-02-16;Girona;Barcelona;SPAIN 1;2025/2026;2;1;0;0;1.77;2.58;1.2;2.26;4.4;1.87;4.2;14.5;29;71;54;128;46;84;13;27;9;4;10;6;0;2;1;0;4;2;3;7;1.18;2.08;1.13;2.52;0;0.96
2024-09-15;Celta Vigo;Valladolid;SPAIN 1;2024/2025;3;1;2;0;1.51;0.65;0.98;0.62;1.71;5.8;4.1;21.0;54;46;98;72;33;34;10;4;9;2;14;15;3;5;0;1;3;1;5;3;3.0;0.0;1.5;1.0;0;0.96
2025-05-18;Juventude;Fluminense;BRAZIL 1;2025;1;1;0;0;0.88;1.84;1.62;0.99;2.84;2.9;3.25;9.0;33;67;70;111;33;38;9;17;1;7;18;13;4;3;0;0;-1;-1;5;5;1.75;0.75;0.88;1.63;0;0.96
2024-09-15;Palmeiras;Criciuma;BRAZIL 1;2024;5;0;3;0;1.61;1.4;1.74;1.17;1.29;14.0;6.2;44.0;53;47;91;84;40;49;12;11;8;5;12;11;0;2;1;0;3;2;4;6;2.15;0.91;1.88;1.17;1;0.96
2025-11-02;Toulouse;Le Havre;FRANCE 1;2025/2026;0;0;0;0;1.78;0.97;1.61;1.06;1.87;4.7;3.75;16.5;46;54;106;80;71;26;18;9;2;3;12;14;0;2;0;0;0;2;10;2;1.6;0.8;1.4;1.2;1;0.96
2024-09-15;Rennes;Montpellier;FRANCE 1;2024/2025;3;0;2;0;1.54;1.08;2.08;0.72;1.65;5.7;4.4;25.0;51;49;99;110;59;38;11;8;6;4;10;7;1;3;0;0;1;3;3;4;3.0;0.0;1.0;0.33;1;0.96
2025-11-01;Mainz;Werder Bremen;GERMANY 1;2025/2026;1;1;1;0;1.46;0.78;1.43;1.22;2.12;3.7;3.75;16.5;47;53;133;93;64;33;10;5;5;3;19;11;1;3;0;0;4;1;2;0;0.0;1.0;0.5;1.38;0;0.96
2024-09-15;FC Porto;SC Farense;PORTUGAL 1;2024/2025;2;1;0;0;2.76;1.34;1.99;0.97;1.14;28.0;10.5;95.0;72;28;113;50;74;23;22;12;12;6;7;19;2;3;0;0;2;0;11;0;3.0;0.0;2.25;0.0;0;0.96
2026-01-31;Augsburg;St. Pauli;GERMANY 1;2025/2026;2;1;1;1;1.43;1.75;1.4;1.06;2.16;3.8;3.6;16.0;44;56;94;118;34;45;12;17;6;5;15;13;3;1;0;0;1;1;5;5;1.2;0.5;1.0;0.74;0;0.96
2024-09-16;Internacional;Cuiaba;BRAZIL 1;2024;3;0;2;0;1.9;0.28;1.62;1.01;1.61;7.6;3.95;18.0;67;33;127;67;81;19;13;2;7;0;8;10;1;2;0;0;3;2;2;3;1.73;1.09;1.52;0.92;1;0.96
2026-01-24;Rayo Vallecano;Osasuna;SPAIN 1;2025/2026;1;3;0;1;1.31;1.57;1.73;0.98;2.16;4.3;3.2;11.5;67;33;100;87;45;46;11;14;4;5;12;15;2;2;0;0;2;2;4;3;1.33;0.2;1.1;1.1;0;0.96
2025-11-29;Parma;Udinese;ITALY 1;2025/2026;0;2;0;1;1.57;1.47;1.07;1.13;2.38;3.4;3.45;12.5;51;49;102;96;50;32;17;14;2;5;6;19;1;2;1;0;2;1;5;9;1.0;1.17;0.92;1.25;0;0.96
2026-02-28;Mallorca;Real Sociedad;SPAIN 1;2025/2026;0;1;0;1;0.93;1.22;1.31;1.5;3.0;3.1;2.86;7.8;44;56;88;112;66;43;6;12;1;2;6;22;0;2;0;0;1;0;3;7;1.58;0.92;0.96;1.28;0;0.96
2026-04-25;Valencia;Girona;SPAIN 1;2025/2026;0;0;0;0;0.0;0.0;1.47;1.23;2.9;2.7;3.45;11.0;-1;-1;0;0;0;0;-1;-1;-1;-1;-1;-1;-1;-1;-1;-1;-1;-1;-1;-1;1.64;1.0;1.21;1.17;1;0.96
2026-01-25;Juventus;Napoli;ITALY 1;2025/2026;3;0;1;0;1.5;0.88;2.19;1.48;2.34;3.6;3.35;11.5;42;58;109;86;43;33;12;9;6;1;21;11;1;2;0;0;1;1;2;2;2.2;1.73;1.86;2.05;1;0.96
2024-09-21;Venezia;Genoa;ITALY 1;2024/2025;2;0;0;0;1.12;0.4;1.24;0.79;3.3;2.52;3.25;9.0;49;51;99;95;36;27;9;3;4;0;9;12;2;3;0;0;0;7;3;4;0.0;3.0;0.25;1.25;1;0.96
2026-01-11;Lecce;Parma;ITALY 1;2025/2026;1;2;1;0;0.92;1.28;1.2;1.23;2.26;3.5;3.55;14.0;41;59;85;107;29;52;10;12;1;2;16;17;3;1;2;0;0;2;3;3;0.9;1.13;0.94;1.0;0;0.96
2024-09-21;Valladolid;Real Sociedad;SPAIN 1;2024/2025;0;0;0;0;1.0;1.22;1.05;0.85;4.0;2.26;3.15;7.2;35;65;64;115;49;49;8;9;2;4;15;12;4;4;0;0;0;3;5;7;2.0;1.33;0.8;0.67;1;0.96
2024-09-21;Osasuna;Las Palmas;SPAIN 1;2024/2025;2;1;1;1;1.34;1.47;1.36;1.24;1.98;4.6;3.55;14.0;39;61;100;96;49;48;11;11;4;6;14;11;2;5;0;0;4;3;2;4;2.33;0.0;1.4;0.4;0;0.96
2026-02-14;Werder Bremen;Bayern Munich;GERMANY 1;2025/2026;0;3;0;2;1.36;1.75;1.72;2.25;8.6;1.37;6.2;15.0;35;65;65;141;38;66;14;11;3;8;10;6;3;1;0;0;2;3;2;4;1.3;2.6;0.9;2.57;0;0.96
2025-09-20;Real Madrid;Espanyol;SPAIN 1;2025/2026;2;0;1;0;1.83;0.83;2.18;1.38;1.2;19.5;8.4;75.0;72;28;142;59;64;35;16;8;5;1;10;20;2;0;0;0;2;0;5;3;3.0;1.0;3.0;2.5;1;0.96
2025-09-13;Union Berlin;Hoffenheim;GERMANY 1;2025/2026;2;4;0;2;2.13;1.47;0.85;1.23;2.1;3.85;3.7;17.5;42;58;96;136;53;45;20;9;7;8;13;12;0;1;1;0;2;0;9;2;3.0;3.0;1.5;1.5;0;0.96
2025-12-06;Heidenheim;Freiburg;GERMANY 1;2025/2026;2;1;0;1;1.49;1.63;1.31;1.17;2.82;2.66;3.65;14.0;39;61;81;108;37;66;16;16;3;2;11;10;2;1;0;0;1;1;8;6;0.83;0.83;0.67;1.33;0;0.96
2025-11-29;Moreirense;Famalicao;PORTUGAL 1;2025/2026;2;2;0;1;1.3;1.97;1.24;1.56;2.56;3.0;3.15;0.0;48;52;57;105;26;46;11;17;6;8;17;22;3;5;1;0;1;0;5;4;2.4;2.2;1.64;1.73;0;0.96
2026-01-18;Vitoria Guimaraes;FC Porto;PORTUGAL 1;2025/2026;0;1;0;0;1.9;1.25;1.36;1.7;4.0;2.1;3.25;0.0;50;50;91;89;61;38;20;12;3;3;19;15;3;2;2;0;0;2;6;1;1.67;3.0;1.47;2.88;0;0.96
2025-08-16;Vitoria;Juventude;BRAZIL 1;2025;2;2;1;0;1.73;1.4;1.55;0.83;2.02;4.3;3.3;13.5;51;49;94;83;44;41;18;13;4;4;9;14;1;3;1;1;2;3;4;6;1.44;0.0;0.95;0.82;0;0.96
2024-09-21;Corinthians;Atletico GO;BRAZIL 1;2024;3;0;1;0;1.68;1.24;1.66;1.29;1.52;8.6;4.3;23.0;61;39;101;100;60;46;13;11;6;3;7;17;3;4;0;0;3;2;7;1;1.58;0.69;0.96;0.69;1;0.96
2026-02-12;Fluminense;Botafogo RJ;BRAZIL 1;2026;1;0;0;0;1.24;0.64;1.3;0.98;3.2;2.48;3.2;9.4;48;52;88;86;35;13;10;5;5;3;18;11;5;3;1;0;1;0;4;0;3.0;0.0;2.0;1.5;1;-8.4
2025-11-30;Crystal Palace;Manchester Utd;ENGLAND 1;2025/2026;1;2;1;0;1.36;1.6;1.49;1.33;2.96;2.46;3.85;15.0;44;56;101;119;36;40;14;14;3;6;14;14;3;2;0;0;3;0;4;4;1.67;1.0;1.67;1.5;0;0.96
2025-08-15;Liverpool;Bournemouth;ENGLAND 1;2025/2026;4;2;1;0;2.31;1.12;0.0;0.0;1.31;10.5;6.8;55.0;61;39;106;83;57;38;19;10;10;3;7;10;1;2;0;0;2;2;6;7;0.0;0.0;0.0;0.0;0;0.96
2024-09-21;Leicester;Everton;ENGLAND 1;2024/2025;1;1;0;1;1.23;1.31;0.87;0.66;2.62;2.98;3.5;13.5;58;42;101;97;72;44;9;10;2;5;11;12;1;2;0;0;2;5;6;1;0.5;0.0;0.5;0.0;0;0.96
2024-09-21;Bochum;Holstein Kiel;GERMANY 1;2024/2025;2;2;2;1;1.05;1.34;1.44;1.47;2.02;4.1;3.75;21.0;44;56;97;79;27;42;10;12;3;4;19;9;4;1;0;0;0;4;2;5;0.0;0.0;0.0;0.0;0;0.96
2025-09-28;Rennes;Lens;FRANCE 1;2025/2026;0;0;0;0;1.53;1.28;1.75;0.97;2.52;3.1;3.45;11.5;67;33;145;56;69;45;14;13;2;2;16;9;3;2;0;1;1;0;8;4;3.0;1.5;1.6;1.8;1;0.96
2026-01-25;Lille;Strasbourg;FRANCE 1;2025/2026;1;4;0;2;2.18;1.52;1.65;1.14;1.76;5.3;4.0;18.5;47;53;100;69;70;21;20;15;6;6;11;13;2;2;0;0;0;1;8;1;2.11;0.89;1.78;1.5;0;0.96
2024-09-21;Reims;PSG;FRANCE 1;2024/2025;1;1;1;0;0.46;1.44;0.82;1.69;7.4;1.47;5.3;11.5;22;78;36;169;19;79;4;9;1;4;11;6;2;1;0;0;1;1;3;5;1.5;3.0;1.75;3.0;0;0.96
2025-12-13;Sporting CP;AVS;PORTUGAL 1;2025/2026;6;0;3;0;2.97;0.86;2.22;1.02;1.07;48.0;18.0;220.0;67;33;122;74;67;28;24;7;14;3;11;9;1;3;0;0;0;1;8;1;2.17;0.17;2.46;0.23;1;0.96
2025-08-16;Monaco;Le Havre;FRANCE 1;2025/2026;3;1;1;0;1.56;1.0;0.0;0.0;1.39;9.6;5.5;36.0;74;26;149;65;71;20;13;9;3;4;5;14;0;1;0;0;5;1;5;4;0.0;0.0;0.0;0.0;0;0.96
2024-09-22;Montpellier;Auxerre;FRANCE 1;2024/2025;3;2;0;1;1.38;1.24;1.27;0.87;2.56;3.0;3.5;15.5;54;46;108;102;54;33;10;9;5;6;13;20;3;4;0;0;4;1;11;5;0.5;0.0;0.25;0.75;0;0.96
2026-04-25;Gil Vicente;Casa Pia;PORTUGAL 1;2025/2026;0;0;0;0;0.0;0.0;1.64;0.98;2.22;4.0;3.25;11.5;-1;-1;0;0;0;0;-1;-1;-1;-1;-1;-1;-1;-1;-1;-1;-1;-1;-1;-1;1.85;0.86;1.56;0.92;1;0.96
2024-09-22;SC Farense;Arouca;PORTUGAL 1;2024/2025;0;1;0;1;1.48;0.94;0.87;1.07;2.72;2.78;3.45;14.5;47;53;95;92;53;47;14;6;3;3;22;15;1;4;0;0;2;1;10;6;0.0;0.0;0.0;0.6;0;-13.5
2026-01-25;Brest;Toulouse;FRANCE 1;2025/2026;0;2;0;2;1.42;1.05;1.56;1.08;2.34;3.4;3.45;13.5;55;45;121;99;32;25;13;8;5;5;16;16;2;3;0;0;1;4;3;2;1.67;1.38;1.22;1.44;0;0.96
2024-09-22;Getafe;Leganes;SPAIN 1;2024/2025;1;1;0;0;1.03;0.55;1.01;0.56;2.14;5.1;2.9;11.0;59;41;128;76;67;20;5;4;3;2;16;17;3;2;0;0;0;1;6;2;1.0;0.67;0.6;0.83;0;0.96
2025-12-21;Villarreal;Barcelona;SPAIN 1;2025/2026;0;2;0;1;1.5;2.23;1.9;2.19;4.3;1.84;4.3;16.5;21;79;55;155;38;93;14;19;5;5;10;8;1;1;1;0;6;1;5;10;2.75;2.0;2.33;2.53;0;0.96
2026-02-15;Rayo Vallecano;Atl. Madrid;SPAIN 1;2025/2026;3;0;2;0;1.68;1.21;1.68;1.31;5.2;1.88;3.6;7.4;41;59;81;105;31;59;13;9;9;3;10;13;1;3;0;0;3;0;4;8;1.2;1.27;1.0;1.96;1;0.96
2026-04-19;Manchester City;Arsenal;ENGLAND 1;2025/2026;0;0;0;0;0.0;0.0;1.91;1.57;1.84;5.3;3.7;16.5;-1;-1;0;0;0;0;-1;-1;-1;-1;-1;-1;-1;-1;-1;-1;-1;-1;-1;-1;2.4;2.0;2.03;2.26;1;0.96
2026-03-12;Vasco;Palmeiras;BRAZIL 1;2026;0;0;0;0;0.0;0.0;2.81;1.41;4.7;1.9;3.7;8.2;-1;-1;0;0;0;0;-1;-1;-1;-1;-1;-1;-1;-1;-1;-1;-1;-1;-1;-1;0.5;2.0;0.25;2.5;1;-7.2
2026-01-27;St. Pauli;RB Leipzig;GERMANY 1;2025/2026;1;1;0;0;0.87;1.53;1.41;1.6;6.2;1.63;4.4;10.5;46;54;113;138;37;56;7;12;2;5;6;8;0;1;0;0;5;3;4;3;1.0;1.56;0.72;1.94;0;0.96
2026-04-13;Fiorentina;Lazio;ITALY 1;2025/2026;0;0;0;0;0.0;0.0;1.68;1.09;2.4;3.4;3.4;12.0;-1;-1;0;0;0;0;-1;-1;-1;-1;-1;-1;-1;-1;-1;-1;-1;-1;-1;-1;1.0;1.2;0.97;1.43;1;0.96
2024-09-22;Monza;Bologna;ITALY 1;2024/2025;1;2;1;1;0.8;1.51;0.81;1.01;3.4;2.52;3.2;8.2;42;58;88;111;27;34;6;11;3;8;20;16;3;2;0;0;1;1;2;2;0.5;0.5;0.75;0.75;0;0.96
2026-04-04;Bayer Leverkusen;Wolfsburg;GERMANY 1;2025/2026;0;0;0;0;0.0;0.0;1.79;1.06;1.29;12.5;6.6;48.0;-1;-1;0;0;0;0;-1;-1;-1;-1;-1;-1;-1;-1;-1;-1;-1;-1;-1;-1;1.85;0.92;1.7;0.78;1;0.96
2024-09-22;Criciuma;Athletico-PR;BRAZIL 1;2024;0;0;0;0;2.04;1.01;1.39;1.22;2.48;3.2;3.4;11.5;64;36;133;92;67;40;18;8;6;3;11;12;2;2;0;0;1;0;12;1;1.38;1.25;1.12;1.25;1;0.96
2024-09-22;Cuiaba;Cruzeiro;BRAZIL 1;2024;0;0;0;0;1.16;0.84;1.19;1.2;3.0;2.96;2.98;7.8;48;52;86;98;43;34;9;7;4;2;10;10;0;1;0;1;2;0;4;5;0.77;0.92;0.88;1.58;1;0.96
2025-10-04;Atalanta;Como;ITALY 1;2025/2026;1;1;1;1;1.65;1.3;2.23;1.66;1.54;6.8;4.7;27.0;51;49;97;96;50;35;16;12;4;4;10;19;1;3;0;0;2;1;8;3;2.0;1.5;1.8;1.6;0;0.96
2024-09-24;Sevilla;Valladolid;SPAIN 1;2024/2025;2;1;1;0;1.39;0.7;1.43;0.63;1.67;6.2;4.0;19.0;55;45;87;74;47;33;11;5;5;2;14;12;4;4;1;0;2;4;6;4;1.0;0.0;0.83;0.83;0;0.96
2026-03-01;Valencia;Osasuna;SPAIN 1;2025/2026;1;0;0;0;1.23;0.74;1.41;1.02;2.12;4.4;3.25;11.5;48;52;69;76;39;31;14;8;1;0;14;13;3;3;0;0;0;1;5;4;1.42;0.69;1.04;1.32;1;0.96
2025-09-21;Barcelona;Getafe;SPAIN 1;2025/2026;3;0;2;0;1.93;0.53;2.59;1.11;1.22;16.0;7.8;48.0;71;29;125;85;59;26;16;3;7;2;9;16;2;4;0;0;3;1;3;2;3.0;2.0;2.5;2.25;1;0.96
2025-08-15;Girona;Rayo Vallecano;SPAIN 1;2025/2026;1;3;0;3;0.86;1.7;0.0;0.0;1.79;5.1;4.0;16.5;44;56;98;88;37;48;7;16;2;5;8;17;0;1;1;0;1;1;2;4;0.0;0.0;0.0;0.0;0;0.96
2026-01-18;AC Milan;Lecce;ITALY 1;2025/2026;1;0;0;0;2.18;0.38;1.8;0.98;1.36;10.0;5.8;40.0;69;31;131;89;68;24;20;3;6;0;9;11;1;1;0;0;6;0;10;2;2.1;0.89;2.15;0.85;1;0.96
2024-09-27;Valladolid;Mallorca;SPAIN 1;2024/2025;1;2;0;0;0.96;1.67;1.03;0.97;3.15;2.84;2.98;7.4;50;50;92;90;44;51;9;14;1;6;16;11;3;2;0;0;2;1;7;4;1.67;2.0;0.71;1.57;0;0.96
2026-03-21;Auxerre;Brest;FRANCE 1;2025/2026;3;0;1;0;1.37;1.04;1.27;1.06;2.94;2.66;3.5;12.0;44;56;75;100;25;45;11;9;7;2;10;14;0;4;1;0;2;3;6;3;0.92;0.92;0.73;1.38;1;0.96
2025-12-06;PSG;Rennes;FRANCE 1;2025/2026;5;0;2;0;2.35;0.73;2.5;1.11;1.43;8.4;5.4;32.0;66;34;120;65;64;29;20;6;9;2;9;5;0;2;0;1;0;2;8;6;2.67;1.43;2.14;1.71;1;0.96
2026-03-21;Famalicao;Nacional;PORTUGAL 1;2025/2026;1;0;0;0;1.46;1.28;1.6;1.39;1.65;5.9;4.1;20.0;54;46;99;88;41;39;14;9;4;6;13;18;3;3;0;0;1;1;7;6;1.77;0.85;1.62;0.85;1;0.96
2024-09-29;Napoli;Monza;ITALY 1;2024/2025;2;0;2;0;0.97;0.48;1.71;0.48;1.34;11.0;5.7;34.0;49;51;122;78;43;28;8;3;2;1;16;8;1;2;0;0;0;0;1;3;3.0;1.0;2.0;0.6;1;0.96
2024-09-29;Empoli;Fiorentina;ITALY 1;2024/2025;0;0;0;0;0.58;0.74;0.78;1.35;3.75;2.26;3.35;8.6;37;63;89;125;25;47;5;6;1;0;15;12;0;1;0;0;1;1;2;4;1.0;0.5;1.8;1.2;1;0.96
2026-03-01;Torino;Lazio;ITALY 1;2025/2026;2;0;1;0;1.47;1.27;1.37;1.08;3.15;2.66;3.25;9.2;45;55;71;108;42;40;13;12;5;3;13;5;4;1;0;0;0;2;6;9;1.08;1.15;1.04;1.31;1;0.96
2026-02-27;FC Porto;Arouca;PORTUGAL 1;2025/2026;3;1;1;0;2.12;0.61;1.6;1.15;1.21;18.0;8.2;70.0;57;43;142;55;50;13;20;7;7;1;13;12;0;2;0;0;2;0;5;1;2.64;1.0;2.7;1.13;0;0.96
2024-09-29;Santa Clara;Boavista;PORTUGAL 1;2024/2025;1;0;1;0;1.36;0.52;0.98;0.83;1.63;6.6;4.1;19.5;57;43;92;92;44;15;12;4;4;2;11;9;4;3;0;0;4;1;3;0;2.0;1.33;2.0;0.83;1;0.96
2025-09-14;Celta Vigo;Girona;SPAIN 1;2025/2026;1;1;0;1;2.35;1.64;1.4;0.72;2.28;3.35;3.7;16.5;60;40;119;65;75;36;21;13;7;8;7;9;0;3;0;0;0;3;10;3;0.67;0.0;0.75;0.0;0;0.96
2025-09-27;Atl. Madrid;Real Madrid;SPAIN 1;2025/2026;5;2;2;2;1.56;0.85;1.74;2.42;2.88;2.8;3.35;12.0;37;63;73;121;35;43;13;6;7;2;17;14;5;4;0;0;1;1;7;2;2.33;3.0;1.5;3.0;0;0.96
2026-05-08;Hoffenheim;Werder Bremen;GERMANY 1;2025/2026;0;0;0;0;0.0;0.0;1.87;1.27;2.54;2.84;3.9;20.0;-1;-1;0;0;0;0;-1;-1;-1;-1;-1;-1;-1;-1;-1;-1;-1;-1;-1;-1;1.92;0.86;1.85;1.04;1;0.96
2024-09-29;Holstein Kiel;Eintracht Frankfurt;GERMANY 1;2024/2025;2;4;1;1;1.07;1.87;0.87;1.14;4.8;1.76;4.4;13.5;47;53;74;102;37;47;7;13;5;10;12;12;1;3;0;0;1;1;4;9;0.0;1.5;0.25;2.25;0;0.96
2024-09-29;Bahia;Criciuma;BRAZIL 1;2024;1;0;1;0;1.94;0.63;1.39;1.18;1.6;6.4;4.3;21.0;55;45;101;108;52;57;17;2;7;1;10;8;1;2;0;0;0;5;9;1;2.23;1.0;1.56;1.19;1;0.96
2026-03-15;Cruzeiro;Vasco;BRAZIL 1;2026;0;0;0;0;0.0;0.0;1.49;1.4;1.86;5.1;3.6;15.0;-1;-1;0;0;0;0;-1;-1;-1;-1;-1;-1;-1;-1;-1;-1;-1;-1;-1;-1;0.5;0.0;0.4;0.8;1;0.96
2026-11-20;Internacional;Vitoria;BRAZIL 1;2026;0;0;0;0;0.0;0.0;1.91;0.85;1.45;9.8;4.7;26.0;-1;-1;0;0;0;0;-1;-1;-1;-1;-1;-1;-1;-1;-1;-1;-1;-1;-1;-1;0.75;0.33;1.0;1.43;1;0.96
2024-09-29;Atletico GO;Fluminense;BRAZIL 1;2024;1;0;0;0;1.59;1.15;1.31;1.02;2.8;2.92;3.2;9.0;40;60;79;92;30;61;14;9;7;2;15;14;1;2;0;1;2;0;4;3;0.69;0.77;0.67;1.04;1;0.96
2024-09-29;Fortaleza;Cuiaba;BRAZIL 1;2024;1;0;1;0;1.55;0.38;1.23;0.95;1.73;6.2;3.8;16.0;54;46;109;99;50;23;12;2;6;1;18;9;2;4;0;0;2;7;7;3;2.57;1.0;1.93;0.88;1;0.96
2024-09-30;AVS;SC Farense;PORTUGAL 1;2024/2025;0;0;0;0;1.28;0.93;1.13;1.1;2.04;4.1;3.65;14.5;61;39;116;83;60;20;11;9;2;3;15;11;4;2;0;0;1;0;6;3;2.33;0.0;1.17;0.0;1;0.96
2026-02-27;Parma;Cagliari;ITALY 1;2025/2026;1;1;0;0;1.72;1.26;1.31;1.07;2.18;3.7;3.6;16.0;56;44;120;75;41;29;18;11;4;5;14;8;2;4;0;0;0;2;6;3;1.0;1.0;1.23;1.12;0;0.96
2024-09-30;Villarreal;Las Palmas;SPAIN 1;2024/2025;3;1;1;0;1.72;0.78;1.46;1.31;1.44;7.8;5.5;36.0;42;58;104;86;56;25;13;6;7;3;15;11;0;4;0;0;5;1;3;2;1.33;0.0;2.0;0.43;0;0.96
2024-09-30;Bournemouth;Southampton;ENGLAND 1;2024/2025;3;1;3;0;1.28;0.84;1.63;1.59;1.61;5.9;4.7;30.0;40;60;101;96;48;33;8;6;6;3;19;12;2;5;0;0;1;1;6;4;0.5;0.0;1.0;0.2;0;0.96
2024-10-03;Criciuma;Atletico GO;BRAZIL 1;2024;2;0;1;0;1.45;1.39;1.44;1.28;1.93;4.7;3.55;14.5;47;53;91;119;47;57;12;12;5;3;16;8;1;4;0;0;1;1;7;6;1.36;0.64;1.14;0.75;1;0.96
2024-10-04;Leganes;Valencia;SPAIN 1;2024/2025;0;0;0;0;0.58;0.61;1.12;0.84;3.1;2.96;2.88;7.2;59;41;113;86;43;29;4;5;0;1;15;14;2;2;0;0;9;1;1;2;1.0;0.0;0.88;0.63;1;0.96
2025-11-01;Napoli;Como;ITALY 1;2025/2026;0;0;0;0;1.65;1.28;1.65;1.37;1.47;8.6;4.9;30.0;45;55;102;95;36;44;13;13;8;2;15;16;3;1;0;0;-1;-1;4;2;3.0;1.25;2.33;1.78;1;0.96
2026-03-01;Rio Ave;Famalicao;PORTUGAL 1;2025/2026;0;0;0;0;1.58;1.26;1.1;1.23;3.1;2.76;3.1;8.2;46;54;89;97;40;47;16;10;4;4;20;15;4;2;0;0;1;0;5;5;0.82;1.36;0.87;1.52;1;0.96
2025-09-20;Werder Bremen;Freiburg;GERMANY 1;2025/2026;0;3;0;1;1.49;1.16;1.42;1.31;2.78;2.64;3.7;14.5;62;38;122;74;52;24;12;10;5;5;13;7;5;2;0;0;1;2;2;0;1.0;0.0;1.33;1.0;0;-13.5
2024-10-05;Bochum;Wolfsburg;GERMANY 1;2024/2025;1;3;0;2;1.4;1.21;1.24;1.15;3.1;2.38;3.8;14.5;58;42;111;74;56;31;10;10;5;5;11;12;1;2;0;0;5;1;7;6;0.5;1.5;0.2;0.8;0;0.96
2024-10-05;Bayer Leverkusen;Holstein Kiel;GERMANY 1;2024/2025;2;2;2;1;2.34;0.77;2.29;1.41;1.1;36.0;14.0;970.0;74;26;176;58;141;14;13;6;7;4;5;9;2;2;0;0;3;1;12;3;1.5;0.5;2.0;0.2;0;0.96
2026-05-01;St. Pauli;Mainz;GERMANY 1;2025/2026;0;0;0;0;0.0;0.0;1.34;1.14;2.3;3.55;3.5;14.5;-1;-1;0;0;0;0;-1;-1;-1;-1;-1;-1;-1;-1;-1;-1;-1;-1;-1;-1;1.23;1.0;0.89;1.11;1;0.96
2025-10-25;Udinese;Lecce;ITALY 1;2025/2026;3;2;2;0;1.07;1.39;1.64;1.02;2.44;3.45;3.25;11.5;44;56;86;118;38;48;8;13;4;3;12;12;2;2;0;0;1;0;4;9;0.67;1.33;1.29;0.86;0;0.96
2026-05-02;Atalanta;Genoa;ITALY 1;2025/2026;0;0;0;0;0.0;0.0;1.85;1.22;1.44;9.0;5.0;29.0;-1;-1;0;0;0;0;-1;-1;-1;-1;-1;-1;-1;-1;-1;-1;-1;-1;-1;-1;2.0;1.0;1.67;1.1;1;0.96
2026-01-24;Moreirense;Santa Clara;PORTUGAL 1;2025/2026;1;0;0;0;0.39;0.73;1.15;1.28;2.72;3.15;3.1;9.2;49;51;58;90;17;29;3;8;1;0;13;22;2;2;0;0;1;5;5;5;2.0;0.75;1.5;0.94;1;0.96
2025-08-09;Arouca;AVS;PORTUGAL 1;2025/2026;3;1;1;0;1.05;1.35;0.0;0.0;2.18;3.9;3.45;12.5;53;47;82;67;27;37;9;15;4;2;13;17;2;0;0;0;0;1;4;5;0.0;0.0;0.0;0.0;0;0.96
2026-01-16;Sporting CP;Casa Pia;PORTUGAL 1;2025/2026;3;0;2;0;1.69;0.66;2.39;1.06;1.15;28.0;10.0;90.0;61;39;100;74;55;28;16;6;4;1;12;12;0;2;0;1;2;3;4;6;2.38;1.11;2.47;0.82;1;0.96
2024-10-05;Leicester;Bournemouth;ENGLAND 1;2024/2025;1;0;1;0;0.67;1.34;0.99;1.56;3.4;2.28;3.7;13.0;44;56;85;123;28;69;5;11;2;2;12;14;4;1;0;0;2;3;0;9;0.67;1.33;0.5;1.33;1;0.96
2026-02-11;Manchester City;Fulham;ENGLAND 1;2025/2026;3;0;3;0;1.41;1.34;1.9;1.27;1.26;13.5;7.4;55.0;56;44;120;75;31;34;13;14;5;3;8;10;3;1;0;0;3;1;4;4;2.42;0.92;2.0;1.36;1;0.96
2025-09-27;Crystal Palace;Liverpool;ENGLAND 1;2025/2026;2;1;1;0;1.69;1.99;1.36;1.8;6.6;1.56;4.7;11.0;28;72;82;149;26;61;16;20;7;4;10;8;1;3;0;0;2;1;2;6;1.0;3.0;1.8;3.0;0;-10.0
2024-10-05;Arsenal;Southampton;ENGLAND 1;2024/2025;3;1;0;0;2.51;0.58;2.27;1.34;1.15;25.0;10.5;95.0;59;41;127;46;106;16;20;4;7;3;10;9;0;3;0;0;1;0;13;1;2.33;0.0;2.33;0.17;0;0.96
2025-11-22;Rennes;Monaco;FRANCE 1;2025/2026;4;1;1;0;2.15;1.49;1.81;1.31;2.9;2.62;3.6;13.0;50;50;109;107;62;63;17;13;9;3;3;13;0;1;0;1;1;5;4;6;1.83;1.4;1.5;1.67;0;0.96
2025-09-14;Lille;Toulouse;FRANCE 1;2025/2026;2;1;0;0;1.97;1.04;1.6;1.08;1.85;4.6;4.0;17.0;70;30;102;60;50;26;20;9;5;4;12;10;1;3;0;1;1;2;7;6;3.0;3.0;2.33;2.0;0;0.96
2025-10-04;Real Madrid;Villarreal;SPAIN 1;2025/2026;3;1;0;0;2.81;0.91;2.07;1.09;1.29;11.5;7.0;65.0;70;30;133;69;96;28;26;9;7;2;9;14;2;3;0;1;-1;-1;4;0;3.0;1.33;2.57;2.29;0;0.96
2024-10-05;Valladolid;Rayo Vallecano;SPAIN 1;2024/2025;1;2;0;0;1.35;1.3;1.01;0.86;3.45;2.56;3.05;7.8;39;61;72;95;32;54;11;11;6;3;13;18;4;2;0;0;1;2;5;13;1.25;1.25;0.63;1.25;0;0.96
2024-10-05;Las Palmas;Celta Vigo;SPAIN 1;2024/2025;0;1;0;1;1.9;0.67;1.1;1.39;3.5;2.26;3.6;11.5;61;39;121;96;74;29;16;6;5;1;9;13;3;6;0;2;1;2;11;2;0.75;0.0;0.38;1.25;0;-10.5
2025-09-15;Espanyol;Mallorca;SPAIN 1;2025/2026;3;2;2;1;0.96;2.61;1.24;1.09;3.6;2.54;2.98;7.0;38;62;76;115;24;56;9;24;3;10;9;16;2;1;1;0;0;2;3;9;3.0;0.0;2.33;0.33;0;0.96
2026-03-29;Athletico-PR;Botafogo RJ;BRAZIL 1;2026;0;0;0;0;0.0;0.0;1.3;0.86;3.3;2.38;3.45;8.8;-1;-1;0;0;0;0;-1;-1;-1;-1;-1;-1;-1;-1;-1;-1;-1;-1;-1;-1;2.25;0.75;1.86;1.0;1;-7.8
2026-04-05;Corinthians;Internacional;BRAZIL 1;2026;0;0;0;0;0.0;0.0;1.28;1.69;2.48;3.3;3.2;11.0;-1;-1;0;0;0;0;-1;-1;-1;-1;-1;-1;-1;-1;-1;-1;-1;-1;-1;-1;1.0;1.25;1.25;1.0;1;0.96
2026-05-23;Getafe;Osasuna;SPAIN 1;2025/2026;0;0;0;0;0.0;0.0;1.08;1.05;2.36;4.1;3.0;9.6;-1;-1;0;0;0;0;-1;-1;-1;-1;-1;-1;-1;-1;-1;-1;-1;-1;-1;-1;1.29;0.6;1.31;1.28;1;0.96
2026-02-27;Strasbourg;Lens;FRANCE 1;2025/2026;1;1;1;0;1.05;2.31;1.49;1.46;3.0;2.58;3.55;12.0;55;45;80;84;26;55;8;25;5;5;9;7;2;2;0;0;0;2;2;8;2.0;2.0;1.48;2.26;0;0.96
2024-10-06;Reims;Montpellier;FRANCE 1;2024/2025;4;2;2;1;1.49;0.96;0.7;0.91;1.75;5.2;4.2;23.0;48;52;64;80;45;41;13;7;5;3;15;13;3;5;0;0;3;0;4;4;1.33;0.0;1.83;0.67;0;0.96
2026-03-08;Brest;Le Havre;FRANCE 1;2025/2026;2;0;1;0;1.07;1.3;1.51;1.04;1.83;5.2;3.7;16.0;41;59;97;113;31;57;11;14;2;0;15;17;3;1;0;0;1;0;1;3;1.75;0.55;1.38;1.08;1;0.96
2026-03-21;Nice;PSG;FRANCE 1;2025/2026;0;0;0;0;0.0;0.0;1.4;1.91;5.8;1.68;4.3;9.8;-1;-1;0;0;0;0;-1;-1;-1;-1;-1;-1;-1;-1;-1;-1;-1;-1;-1;-1;1.31;2.0;1.04;2.28;1;0.96
2025-12-20;Stuttgart;Hoffenheim;GERMANY 1;2025/2026;0;0;0;0;1.06;0.57;1.72;1.47;1.34;9.4;6.6;75.0;47;53;82;105;29;32;10;4;3;1;10;17;3;2;0;0;1;2;4;2;2.5;2.0;1.79;1.86;1;0.96
2025-10-04;Eintracht Frankfurt;Bayern Munich;GERMANY 1;2025/2026;0;3;0;2;0.67;1.46;2.17;2.27;5.9;1.58;5.0;17.0;40;60;63;123;30;67;6;12;1;3;11;11;1;2;0;0;0;5;4;3;1.5;3.0;1.8;3.0;0;0.96
2026-01-24;Heidenheim;RB Leipzig;GERMANY 1;2025/2026;0;3;0;0;1.0;1.72;1.3;1.58;4.8;1.75;4.4;12.0;26;74;58;143;58;62;7;11;2;8;10;9;1;0;0;0;1;3;4;0;1.0;1.38;0.72;1.88;0;-11.0
2024-10-06;Vitoria Guimaraes;Boavista;PORTUGAL 1;2024/2025;2;2;1;0;0.93;0.81;1.06;0.75;1.46;8.8;4.8;26.0;54;46;0;0;0;0;7;6;2;3;14;16;5;5;0;0;1;1;6;5;2.0;1.0;1.86;0.71;0;0.96
2025-12-21;Aston Villa;Manchester Utd;ENGLAND 1;2025/2026;2;1;1;1;1.15;1.86;1.42;1.56;2.32;3.15;3.9;19.0;43;57;52;124;16;67;12;15;4;6;11;14;1;2;0;0;3;1;5;5;2.38;1.5;2.06;1.63;0;0.96
2026-01-04;Real Sociedad;Atl. Madrid;SPAIN 1;2025/2026;1;1;0;0;2.09;1.04;1.56;1.34;2.94;2.88;3.15;9.0;45;55;101;86;55;37;18;10;8;2;11;13;3;2;0;0;3;2;6;6;1.25;1.33;1.0;2.06;0;0.96
2026-01-11;Fiorentina;AC Milan;ITALY 1;2025/2026;1;1;0;0;2.14;1.29;1.65;1.34;3.65;2.2;3.65;11.5;52;48;105;85;54;35;20;13;7;3;10;14;2;3;0;0;1;0;8;5;0.89;2.25;0.68;2.17;0;0.96
2026-02-08;Bologna;Parma;ITALY 1;2025/2026;0;1;0;0;1.61;0.69;1.65;1.18;1.93;4.5;3.8;16.5;52;48;102;77;64;41;16;5;2;1;10;14;1;2;1;1;3;4;4;5;1.27;1.18;1.3;1.0;0;0.96
2024-10-06;Lazio;Empoli;ITALY 1;2024/2025;2;1;1;1;1.53;0.57;1.31;0.85;1.65;6.4;4.1;19.0;55;45;0;0;0;0;12;4;5;1;11;16;2;4;0;0;0;1;5;3;2.33;2.33;1.67;1.67;0;0.96
2025-11-29;Juventus;Cagliari;ITALY 1;2025/2026;2;1;2;1;1.74;0.71;2.2;1.04;1.44;9.6;4.8;26.0;57;43;141;64;58;24;14;5;6;3;16;16;1;5;0;0;1;0;1;6;2.0;1.0;1.67;0.92;0;0.96
2026-07-28;Corinthians;Athletico-PR;BRAZIL 1;2026;0;0;0;0;0.0;0.0;1.28;1.03;1.67;6.0;4.1;21.0;-1;-1;0;0;0;0;-1;-1;-1;-1;-1;-1;-1;-1;-1;-1;-1;-1;-1;-1;1.0;1.33;1.25;1.86;1;0.96
2024-10-18;Atletico GO;Cuiaba;BRAZIL 1;2024;0;0;0;0;1.58;0.31;1.33;0.9;2.12;4.3;3.3;11.5;60;40;118;84;83;23;11;2;4;0;17;15;2;3;0;0;0;1;8;4;0.86;0.92;0.72;0.93;1;0.96
2024-10-18;Botafogo RJ;Criciuma;BRAZIL 1;2024;1;1;0;0;1.93;0.7;1.59;1.14;1.38;10.0;5.5;34.0;74;26;174;58;66;14;15;6;7;3;12;10;1;2;0;0;1;2;9;1;2.29;0.93;2.07;1.21;0;0.96
2026-05-09;Monaco;Lille;FRANCE 1;2025/2026;0;0;0;0;0.0;0.0;1.48;1.51;2.0;4.1;3.8;18.0;-1;-1;0;0;0;0;-1;-1;-1;-1;-1;-1;-1;-1;-1;-1;-1;-1;-1;-1;2.0;1.64;1.7;1.74;1;0.96
2026-05-12;Girona;Real Sociedad;SPAIN 1;2025/2026;0;0;0;0;0.0;0.0;1.31;1.44;2.7;3.0;3.35;10.0;-1;-1;0;0;0;0;-1;-1;-1;-1;-1;-1;-1;-1;-1;-1;-1;-1;-1;-1;1.36;0.93;1.17;1.31;1;-9.0
2026-03-06;Celta Vigo;Real Madrid;SPAIN 1;2025/2026;1;2;1;1;0.94;1.6;1.42;1.98;5.4;1.69;4.3;11.0;37;63;71;146;20;69;8;14;4;3;4;12;1;2;0;0;2;0;1;6;1.31;2.08;1.54;2.31;0;0.96
2024-10-19;Southampton;Leicester;ENGLAND 1;2024/2025;2;3;2;0;1.48;1.54;0.78;0.81;2.38;3.25;3.65;14.0;42;58;71;90;32;43;12;15;7;4;10;10;5;3;1;0;1;2;10;5;0.33;0.33;0.14;0.86;0;0.96
2025-09-13;Mainz;RB Leipzig;GERMANY 1;2025/2026;0;1;0;1;1.53;1.58;1.87;1.08;4.4;1.92;3.95;12.0;56;44;152;78;77;24;13;19;2;3;12;11;1;0;0;0;4;1;3;5;0.0;0.0;0.5;1.5;0;0.96
2024-10-19;Hoffenheim;Bochum;GERMANY 1;2024/2025;3;1;1;0;1.52;1.26;1.55;0.93;1.72;4.7;4.7;34.0;50;50;73;113;47;36;11;10;7;5;10;12;1;1;0;0;3;0;4;2;1.0;0.0;0.67;0.17;0;0.96
2025-08-23;Freiburg;Augsburg;GERMANY 1;2025/2026;1;3;0;3;1.66;1.54;0.0;0.0;1.76;5.3;4.1;21.0;60;40;118;80;50;42;16;14;4;5;14;18;4;5;0;0;4;3;5;5;0.0;0.0;0.0;0.0;0;0.96
2025-09-12;Bayer Leverkusen;Eintracht Frankfurt;GERMANY 1;2025/2026;3;1;2;0;1.9;1.54;0.96;1.2;1.48;7.0;5.4;42.0;39;61;72;132;29;79;18;13;8;2;10;9;3;3;2;0;3;0;4;8;0.0;3.0;0.5;3.0;0;0.96
2026-04-19;Bayern Munich;Stuttgart;GERMANY 1;2025/2026;0;0;0;0;0.0;0.0;2.47;1.78;1.38;8.6;6.2;60.0;-1;-1;0;0;0;0;-1;-1;-1;-1;-1;-1;-1;-1;-1;-1;-1;-1;-1;-1;2.64;1.5;2.59;1.96;1;0.96
2026-04-04;Brest;Rennes;FRANCE 1;2025/2026;0;0;0;0;0.0;0.0;1.47;1.22;3.0;2.64;3.4;11.0;-1;-1;0;0;0;0;-1;-1;-1;-1;-1;-1;-1;-1;-1;-1;-1;-1;-1;-1;1.85;1.46;1.33;1.63;1;0.96
2025-10-17;PSG;Strasbourg;FRANCE 1;2025/2026;3;3;1;2;2.41;1.45;2.04;1.25;1.25;13.5;7.4;65.0;71;29;131;69;62;28;21;12;9;7;9;11;2;1;0;0;-1;-1;4;1;3.0;2.0;2.29;2.14;0;0.96
2026-01-03;Bournemouth;Arsenal;ENGLAND 1;2025/2026;2;3;1;1;1.37;1.48;1.6;1.62;5.6;1.71;4.2;9.8;43;57;93;115;29;50;15;12;3;5;13;8;3;1;0;0;1;1;7;5;1.78;1.89;1.21;2.37;0;0.96
2026-04-25;Fulham;Aston Villa;ENGLAND 1;2025/2026;0;0;0;0;0.0;0.0;1.52;1.33;2.64;2.86;3.65;15.0;-1;-1;0;0;0;0;-1;-1;-1;-1;-1;-1;-1;-1;-1;-1;-1;-1;-1;-1;1.81;1.47;1.42;1.74;1;0.96
2026-04-27;Manchester Utd;Brentford;ENGLAND 1;2025/2026;0;0;0;0;0.0;0.0;1.98;1.17;1.76;4.7;4.5;25.0;-1;-1;0;0;0;0;-1;-1;-1;-1;-1;-1;-1;-1;-1;-1;-1;-1;-1;-1;2.2;1.25;1.77;1.48;1;0.96
2026-01-25;Genoa;Bologna;ITALY 1;2025/2026;3;2;0;1;1.27;1.26;1.31;1.19;4.0;2.24;3.25;8.0;49;51;90;83;47;31;8;13;6;3;14;17;2;2;0;1;1;2;5;2;0.91;1.45;0.95;1.43;0;0.96
2026-05-16;Como;Parma;ITALY 1;2025/2026;0;0;0;0;0.0;0.0;1.8;1.08;2.04;4.0;3.8;18.5;-1;-1;0;0;0;0;-1;-1;-1;-1;-1;-1;-1;-1;-1;-1;-1;-1;-1;-1;2.0;1.33;1.9;1.13;1;0.96
2026-04-11;AC Milan;Udinese;ITALY 1;2025/2026;0;0;0;0;0.0;0.0;1.76;1.1;1.39;9.2;5.5;36.0;-1;-1;0;0;0;0;-1;-1;-1;-1;-1;-1;-1;-1;-1;-1;-1;-1;-1;-1;2.07;1.33;2.1;1.3;1;0.96
2026-02-08;Juventus;Lazio;ITALY 1;2025/2026;2;2;0;1;3.27;0.85;2.13;1.09;2.24;4.1;3.15;11.5;63;37;131;62;80;19;34;9;8;2;10;4;0;2;0;0;7;1;8;1;2.27;1.18;1.96;1.39;0;0.96
2024-10-20;Holstein Kiel;Union Berlin;GERMANY 1;2024/2025;0;2;0;1;1.28;0.97;0.93;1.08;3.6;2.24;3.55;9.6;48;52;0;0;0;0;10;6;5;3;8;11;2;1;0;0;0;4;7;3;0.0;0.67;0.33;1.83;0;0.96
2026-03-21;Wolfsburg;Werder Bremen;GERMANY 1;2025/2026;0;1;0;0;1.34;0.97;1.54;1.3;2.12;3.7;3.75;19.5;57;43;129;76;49;34;11;8;4;3;16;6;2;0;1;0;1;4;8;4;0.69;0.69;0.81;0.96;0;0.96
2026-01-25;Nantes;Nice;FRANCE 1;2025/2026;1;4;1;3;2.17;0.95;1.09;1.18;3.15;2.66;3.15;9.4;56;44;138;85;77;30;20;7;5;4;11;15;2;3;0;0;0;3;4;2;0.56;0.44;0.78;1.0;0;0.96
2024-10-20;Auxerre;Reims;FRANCE 1;2024/2025;2;1;1;0;0.84;0.82;1.4;1.43;3.25;2.36;3.6;12.5;40;60;0;0;0;0;5;4;3;2;7;8;2;3;0;0;2;1;5;9;2.0;2.33;0.86;2.0;0;0.96
2026-04-20;Lecce;Fiorentina;ITALY 1;2025/2026;0;0;0;0;0.0;0.0;1.17;1.16;3.4;2.42;3.4;9.8;-1;-1;0;0;0;0;-1;-1;-1;-1;-1;-1;-1;-1;-1;-1;-1;-1;-1;-1;1.07;0.93;0.9;0.97;1;0.96
2026-05-16;Cagliari;Torino;ITALY 1;2025/2026;0;0;0;0;0.0;0.0;1.04;1.26;2.46;3.6;3.15;12.5;-1;-1;0;0;0;0;-1;-1;-1;-1;-1;-1;-1;-1;-1;-1;-1;-1;-1;-1;1.07;0.87;1.0;1.1;1;0.96
2024-10-20;Venezia;Atalanta;ITALY 1;2024/2025;0;2;0;1;1.23;1.78;1.18;1.66;6.0;1.64;4.3;10.0;42;58;92;102;35;47;11;15;4;7;12;6;1;1;0;0;2;2;2;5;1.5;1.0;0.57;1.43;0;0.96
2024-10-20;Empoli;Napoli;ITALY 1;2024/2025;0;1;0;0;0.95;0.59;0.71;1.06;6.2;1.68;3.95;7.2;50;50;89;77;39;27;6;5;4;1;14;13;2;2;0;0;1;0;7;7;1.0;1.33;1.43;2.29;0;-6.2
2026-03-15;Barcelona;Sevilla;SPAIN 1;2025/2026;5;2;3;1;1.62;1.03;2.29;1.3;1.33;10.5;6.4;50.0;61;39;112;67;32;24;13;9;8;4;5;14;0;1;0;0;2;4;3;4;3.0;1.15;2.48;1.15;0;0.96
2025-12-06;Villarreal;Getafe;SPAIN 1;2025/2026;2;0;1;0;1.29;0.59;1.99;1.07;1.9;4.9;3.7;15.0;61;39;117;105;41;26;10;6;5;0;19;15;2;4;0;1;6;0;5;3;2.71;1.29;2.29;1.43;1;0.96
2026-04-12;Mallorca;Rayo Vallecano;SPAIN 1;2025/2026;0;0;0;0;0.0;0.0;1.39;1.27;2.18;4.3;3.15;11.0;-1;-1;0;0;0;0;-1;-1;-1;-1;-1;-1;-1;-1;-1;-1;-1;-1;-1;-1;1.57;0.8;0.97;1.1;1;0.96
2024-10-20;Atl. Madrid;Leganes;SPAIN 1;2024/2025;3;1;0;1;2.28;0.54;1.45;0.66;1.35;12.5;5.4;32.0;63;37;151;68;78;27;17;3;9;2;14;8;5;1;0;0;0;1;8;2;2.0;0.8;1.89;0.89;0;0.96
2026-05-09;Liverpool;Chelsea;ENGLAND 1;2025/2026;0;0;0;0;0.0;0.0;1.96;1.49;1.63;5.4;4.8;36.0;-1;-1;0;0;0;0;-1;-1;-1;-1;-1;-1;-1;-1;-1;-1;-1;-1;-1;-1;1.87;1.56;1.58;1.55;1;0.96
2025-11-02;Juventude;Palmeiras;BRAZIL 1;2025;0;2;0;1;1.83;1.43;1.33;1.46;5.2;1.79;3.9;8.0;51;49;100;92;51;26;12;14;10;5;16;15;2;1;0;0;0;2;4;1;1.4;2.0;0.87;2.14;0;0.96
2024-10-21;Valencia;Las Palmas;SPAIN 1;2024/2025;2;3;1;1;1.59;1.07;1.07;1.18;1.76;5.9;3.75;15.0;47;53;72;40;57;20;11;8;7;6;12;12;4;9;1;0;3;0;11;2;1.25;0.0;0.67;0.33;0;0.96
2026-03-15;Fluminense;Athletico-PR;BRAZIL 1;2026;3;2;2;1;2.66;0.51;1.27;1.3;1.96;4.9;3.45;14.0;79;21;118;47;71;15;23;4;10;2;13;9;2;3;0;1;2;1;7;1;3.0;2.0;2.0;1.75;0;0.96
2024-10-24;Vasco;Cuiaba;BRAZIL 1;2024;1;0;0;0;0.74;1.26;1.21;0.86;1.88;5.4;3.45;14.0;49;51;98;125;29;48;6;12;2;2;16;15;2;1;0;0;0;1;3;2;1.79;0.93;1.28;0.93;1;0.96
2025-11-24;Espanyol;Sevilla;SPAIN 1;2025/2026;2;1;0;0;1.11;2.15;1.6;1.0;3.3;2.54;3.25;8.6;33;67;77;97;35;48;8;22;5;6;18;7;4;1;0;0;0;1;4;13;1.86;1.5;1.5;1.33;0;0.96
2025-10-05;Udinese;Cagliari;ITALY 1;2025/2026;1;1;0;1;2.18;0.74;1.37;1.25;2.26;3.7;3.45;13.5;60;40;124;47;62;13;23;8;4;2;14;16;1;2;0;0;-1;-1;7;2;0.5;1.5;1.4;1.4;0;0.96
2025-11-24;Torino;Como;ITALY 1;2025/2026;1;5;1;1;1.03;1.82;1.33;1.36;2.78;3.1;3.1;10.0;35;65;94;87;34;53;10;15;2;7;6;9;0;1;0;0;3;0;3;4;1.6;1.2;1.27;1.64;0;0.96
2025-08-30;Casa Pia;Nacional;PORTUGAL 1;2025/2026;0;2;0;2;1.08;0.91;0.86;1.57;2.22;3.9;3.3;12.0;62;38;101;84;40;27;9;9;3;2;13;22;2;3;0;0;0;1;2;3;0.0;1.0;1.0;0.33;0;0.96
2026-03-21;Santa Clara;Gil Vicente;PORTUGAL 1;2025/2026;1;0;0;0;0.89;0.8;1.26;1.49;2.2;4.2;3.1;11.0;54;46;84;71;42;41;7;8;2;0;16;16;1;2;0;0;1;1;6;6;1.08;1.38;0.96;1.62;1;0.96
2026-01-18;Rennes;Le Havre;FRANCE 1;2025/2026;1;1;0;0;2.21;0.9;1.77;1.1;1.51;8.2;4.4;24.0;54;46;118;90;73;23;19;7;7;4;18;14;1;4;0;0;5;1;10;6;2.13;0.63;1.76;1.06;0;0.96
2024-10-26;Stuttgart;Holstein Kiel;GERMANY 1;2024/2025;2;1;1;0;1.8;0.85;2.06;1.19;1.26;12.5;7.8;70.0;59;41;131;60;58;35;15;6;6;3;6;17;2;5;1;1;2;3;9;5;1.67;0.67;1.29;0.29;0;0.96
2026-05-16;St. Pauli;Wolfsburg;GERMANY 1;2025/2026;0;0;0;0;0.0;0.0;1.34;1.06;2.72;2.78;3.6;13.0;-1;-1;0;0;0;0;-1;-1;-1;-1;-1;-1;-1;-1;-1;-1;-1;-1;-1;-1;1.23;0.92;0.89;0.78;1;0.96
2026-01-14;RB Leipzig;Freiburg;GERMANY 1;2025/2026;2;0;0;0;2.2;0.51;1.93;1.3;1.78;4.8;4.3;21.0;64;36;112;84;53;32;21;3;7;1;12;16;0;4;0;0;0;2;7;2;2.57;1.0;1.93;1.44;1;0.96
2025-08-30;Werder Bremen;Bayer Leverkusen;GERMANY 1;2025/2026;3;3;1;2;1.42;1.29;0.0;0.0;6.0;1.55;5.2;15.0;45;55;89;92;43;52;12;10;5;4;11;10;3;3;1;0;1;1;3;7;0.0;0.0;0.0;0.0;0;0.96
2024-10-26;Reims;Brest;FRANCE 1;2024/2025;1;2;1;2;1.28;1.06;0.9;0.9;1.99;4.5;3.55;15.5;53;47;111;85;69;37;9;8;3;4;15;11;3;2;0;0;3;1;7;3;1.75;0.0;1.75;1.25;0;0.96
2025-09-20;Lens;Lille;FRANCE 1;2025/2026;3;0;2;0;1.61;1.67;2.45;1.9;2.26;3.7;3.45;13.5;38;62;75;109;34;54;15;17;6;3;17;11;1;3;0;0;4;1;4;10;1.5;2.0;1.5;2.5;1;0.96
2026-03-14;Napoli;Lecce;ITALY 1;2025/2026;2;1;0;1;1.41;1.17;1.62;0.98;1.3;13.0;6.2;38.0;70;30;99;82;51;37;12;12;4;2;11;7;0;1;0;0;-1;-1;7;7;2.38;0.85;2.0;0.96;0;0.96
2024-10-26;Manchester City;Southampton;ENGLAND 1;2024/2025;1;0;1;0;2.33;0.54;2.17;1.15;1.13;26.0;12.5;110.0;58;42;140;51;114;19;15;4;8;2;9;9;1;3;0;0;1;2;12;1;2.5;0.0;2.5;0.13;1;0.96
2025-11-09;Aston Villa;Bournemouth;ENGLAND 1;2025/2026;4;0;2;0;1.83;1.26;1.2;1.42;1.9;4.3;4.1;22.0;52;48;78;77;37;40;16;12;8;3;8;20;2;2;0;0;0;2;6;9;2.0;1.0;1.5;1.8;1;0.96
2025-11-08;Everton;Fulham;ENGLAND 1;2025/2026;2;0;1;0;1.66;1.11;1.59;1.26;2.82;2.78;3.45;12.0;50;50;81;72;60;44;14;8;5;4;11;14;2;2;0;0;5;1;7;5;1.6;0.2;1.2;1.1;1;0.96
2024-10-26;Boavista;Moreirense;PORTUGAL 1;2024/2025;0;2;0;1;1.05;1.71;1.02;1.13;3.8;2.38;3.1;7.4;50;50;128;76;43;28;8;15;3;8;17;14;1;3;0;0;2;1;4;3;0.33;0.75;0.75;1.38;0;0.96
2025-09-13;Famalicao;Sporting CP;PORTUGAL 1;2025/2026;1;2;1;1;1.04;1.1;1.01;2.83;12.5;1.32;6.0;7.0;43;57;79;96;36;33;9;9;3;4;22;17;4;3;0;0;2;6;5;4;2.0;3.0;2.5;2.25;0;0.96
2024-10-26;Valladolid;Villarreal;SPAIN 1;2024/2025;1;2;0;1;0.91;2.2;1.08;1.13;3.75;2.08;3.8;11.5;45;55;85;103;34;51;7;18;3;10;16;13;4;3;0;0;1;0;4;6;1.0;2.0;0.8;1.8;0;0.96
2024-10-26;Las Palmas;Girona;SPAIN 1;2024/2025;1;0;1;0;1.1;0.83;1.26;1.04;2.98;2.6;3.5;11.0;43;57;78;93;35;40;10;5;3;3;12;14;4;5;0;1;0;5;3;5;0.6;1.0;0.6;1.2;1;0.96
2025-10-26;Real Madrid;Barcelona;SPAIN 1;2025/2026;2;1;2;1;2.5;1.8;2.25;2.27;1.97;3.75;4.4;28.0;32;68;82;121;50;59;23;15;10;6;12;9;5;4;1;1;5;2;12;4;3.0;2.0;2.67;2.44;0;0.96
2026-11-03;Vitoria;Fluminense;BRAZIL 1;2026;0;0;0;0;0.0;0.0;1.44;1.67;2.82;3.2;2.92;8.4;-1;-1;0;0;0;0;-1;-1;-1;-1;-1;-1;-1;-1;-1;-1;-1;-1;-1;-1;2.25;1.0;1.43;2.0;1;0.96
2025-09-20;Palmeiras;Fortaleza;BRAZIL 1;2025;4;1;1;1;2.49;1.01;1.66;1.13;1.41;9.6;5.2;32.0;66;34;108;61;48;21;23;8;10;5;11;15;1;1;0;0;2;3;11;2;2.09;0.4;2.19;0.82;0;0.96
2026-03-18;Athletico-PR;Cruzeiro;BRAZIL 1;2026;0;0;0;0;0.0;0.0;1.6;1.36;2.2;4.0;3.3;12.0;-1;-1;0;0;0;0;-1;-1;-1;-1;-1;-1;-1;-1;-1;-1;-1;-1;-1;-1;1.5;0.33;1.4;0.5;1;0.96
2026-03-07;Heidenheim;Hoffenheim;GERMANY 1;2025/2026;2;4;0;2;0.93;1.81;1.3;1.38;2.58;2.86;3.7;16.5;46;54;92;105;38;42;8;16;2;7;7;15;0;0;0;0;4;1;4;3;0.83;1.83;0.58;1.92;0;0.96
2026-02-06;Union Berlin;Eintracht Frankfurt;GERMANY 1;2025/2026;1;1;0;0;1.17;0.57;1.37;1.36;2.76;2.86;3.4;12.0;27;73;63;127;37;39;11;3;3;1;9;11;4;2;0;1;1;0;5;2;1.3;1.3;1.2;1.35;0;0.96
2024-10-27;Bochum;Bayern Munich;GERMANY 1;2024/2025;0;5;0;2;0.65;2.25;1.29;2.17;18.0;1.17;11.0;21.0;27;73;72;144;26;65;5;17;2;10;15;6;1;1;0;0;3;3;2;6;0.33;2.5;0.14;2.43;0;0.96
2024-10-27;Leganes;Celta Vigo;SPAIN 1;2024/2025;3;0;0;0;0.87;1.39;0.99;1.21;3.55;2.42;3.25;8.4;39;61;107;104;27;46;6;11;4;5;15;17;2;2;0;0;2;2;4;2;1.0;0.75;0.8;1.3;1;0.96
2026-01-18;Getafe;Valencia;SPAIN 1;2025/2026;0;1;0;0;1.56;0.83;1.1;1.0;2.22;4.4;3.05;10.0;55;45;116;68;64;44;14;7;3;1;8;18;2;3;0;1;3;2;9;3;1.22;0.33;1.11;0.89;0;0.96
2026-03-15;Real Sociedad;Osasuna;SPAIN 1;2025/2026;3;1;2;0;1.71;1.84;1.53;1.0;1.79;5.7;3.7;15.5;49;51;84;106;48;93;15;13;6;5;16;11;3;0;0;0;1;0;3;5;1.62;0.64;1.3;1.26;0;0.96
2024-10-27;Montpellier;Toulouse;FRANCE 1;2024/2025;0;3;0;3;0.91;1.42;1.23;1.09;3.3;2.3;3.75;12.5;52;48;104;87;43;42;7;11;2;6;8;20;1;2;1;0;0;1;1;3;1.0;0.33;0.5;0.75;0;0.96
2025-09-23;Benfica;Rio Ave;PORTUGAL 1;2025/2026;1;1;0;0;2.41;0.57;2.57;1.57;1.17;22.0;9.6;85.0;69;31;149;59;99;23;19;4;7;2;16;17;2;2;0;0;2;0;11;2;2.0;0.5;2.6;0.6;0;0.96
2026-01-30;Lazio;Genoa;ITALY 1;2025/2026;3;2;0;0;1.46;1.45;1.38;1.16;1.53;7.4;4.6;23.0;55;45;73;63;41;23;14;16;4;4;12;12;2;3;0;0;2;1;5;3;1.45;1.0;1.32;1.05;0;0.96
2024-10-27;Monza;Venezia;ITALY 1;2024/2025;2;2;2;2;1.17;0.63;0.71;0.97;2.18;4.0;3.3;12.5;46;54;88;105;55;30;10;4;2;2;17;16;3;2;1;0;0;1;4;3;0.5;0.2;0.88;0.5;0;0.96
2024-10-27;Parma;Empoli;ITALY 1;2024/2025;1;1;0;1;1.37;0.62;1.2;0.78;2.28;3.55;3.45;13.5;60;40;114;69;45;32;12;5;4;1;12;17;4;5;0;0;1;2;9;3;1.0;1.75;0.88;1.25;0;0.96
2026-01-08;Arsenal;Liverpool;ENGLAND 1;2025/2026;0;0;0;0;1.27;0.77;1.9;1.53;2.62;3.0;3.45;12.5;48;52;107;98;57;35;9;8;4;0;10;9;2;2;0;0;2;1;3;0;2.8;1.4;2.4;1.7;1;0.96
2025-08-24;Strasbourg;Nantes;FRANCE 1;2025/2026;1;0;0;0;1.65;0.94;0.0;0.0;1.91;4.6;3.75;17.0;49;51;105;76;59;31;15;9;4;2;11;9;2;2;0;0;4;2;7;6;0.0;0.0;3.0;0.0;1;0.96
2026-02-08;Nice;Monaco;FRANCE 1;2025/2026;0;0;0;0;1.37;1.01;1.44;1.38;3.4;2.28;3.6;11.5;44;56;95;97;37;31;13;10;4;2;10;11;2;2;0;0;2;1;8;6;1.5;0.89;1.1;1.35;1;0.96
2024-10-28;Cuiaba;Corinthians;BRAZIL 1;2024;0;1;0;1;1.28;0.78;1.15;1.08;3.8;2.4;3.1;7.0;56;44;90;102;41;33;10;5;5;3;14;16;5;2;0;0;1;5;5;2;0.93;0.4;0.9;1.07;0;-6.0
2026-05-09;AVS;FC Porto;PORTUGAL 1;2025/2026;0;0;0;0;0.0;0.0;1.21;1.6;14.0;1.28;6.4;8.0;-1;-1;0;0;0;0;-1;-1;-1;-1;-1;-1;-1;-1;-1;-1;-1;-1;-1;-1;0.5;2.64;0.41;2.67;1;0.96
2025-09-28;AC Milan;Napoli;ITALY 1;2025/2026;2;1;2;0;0.69;2.23;1.9;1.53;2.58;3.0;3.55;13.0;37;63;66;107;13;75;6;19;3;7;7;7;1;0;1;0;1;0;1;7;1.5;3.0;2.25;3.0;0;0.96
2025-10-19;Cagliari;Bologna;ITALY 1;2025/2026;0;2;0;1;0.59;1.29;1.18;1.01;3.15;2.62;3.25;9.2;42;58;61;54;16;23;4;10;3;7;15;19;1;3;0;0;5;1;2;7;1.33;0.33;1.33;1.67;0;0.96
2024-10-30;Atalanta;Monza;ITALY 1;2024/2025;2;0;0;0;1.58;0.62;1.75;0.59;1.33;12.0;5.9;44.0;54;46;147;81;79;20;9;4;6;3;14;11;2;3;0;0;0;1;5;1;2.25;1.25;1.78;0.89;1;0.96
2025-08-24;Juventus;Parma;ITALY 1;2025/2026;2;0;0;0;2.6;0.87;0.0;0.0;1.44;8.8;5.0;28.0;64;36;108;72;65;30;25;8;8;2;9;13;1;2;1;0;-1;-1;6;6;0.0;0.0;0.0;0.0;1;0.96
2024-10-30;Venezia;Udinese;ITALY 1;2024/2025;3;2;1;2;1.65;1.43;1.2;1.1;2.9;2.82;3.3;9.8;57;43;110;88;55;36;12;13;7;5;9;13;3;4;0;1;3;0;2;6;1.0;1.0;0.56;1.78;0;0.96
2025-08-24;Como;Lazio;ITALY 1;2025/2026;2;0;0;0;2.05;0.56;0.0;0.0;3.15;2.6;3.35;9.8;63;37;120;54;60;23;19;5;6;1;15;12;2;3;0;0;0;1;6;0;0.0;0.0;0.0;0.0;1;0.96
2025-11-09;Genoa;Fiorentina;ITALY 1;2025/2026;2;2;1;1;1.38;0.84;1.43;1.0;5.7;1.74;4.0;7.6;41;59;74;85;45;25;10;7;6;3;20;15;2;3;0;0;-1;-1;3;7;0.4;0.6;0.6;0.4;0;-6.6
2026-01-10;Bayer Leverkusen;Stuttgart;GERMANY 1;2025/2026;1;4;0;4;1.63;1.46;1.83;1.94;1.6;5.5;5.1;40.0;57;43;102;111;47;45;16;10;4;7;13;11;4;2;0;0;2;2;5;3;2.0;1.25;1.93;1.73;0;0.96
2024-11-02;Holstein Kiel;Heidenheim;GERMANY 1;2024/2025;1;0;1;0;1.33;1.61;1.02;1.14;2.86;2.64;3.65;13.0;46;54;97;107;37;51;10;14;6;5;16;14;4;5;0;0;1;0;5;6;0.0;1.5;0.25;1.25;1;0.96
2026-02-21;Wolfsburg;Augsburg;GERMANY 1;2025/2026;2;3;1;0;1.12;1.88;1.58;1.38;2.04;3.85;3.9;19.5;50;50;99;108;27;71;10;15;4;6;10;16;3;4;0;0;1;1;4;10;0.82;0.7;0.91;1.14;0;0.96
2026-02-28;Hoffenheim;St. Pauli;GERMANY 1;2025/2026;0;1;0;1;2.68;1.11;1.74;1.11;1.91;4.3;4.1;21.0;65;35;153;61;89;29;20;11;11;3;13;7;1;2;0;0;4;1;10;3;2.18;0.42;2.0;0.87;0;0.96
2024-11-02;Eintracht Frankfurt;Bochum;GERMANY 1;2024/2025;7;2;4;1;1.97;1.81;1.29;1.01;1.36;9.0;6.2;46.0;65;35;122;74;80;78;12;11;9;8;6;15;1;2;0;0;0;1;5;2;2.33;0.0;1.75;0.13;0;0.96
2026-03-21;Bayern Munich;Union Berlin;GERMANY 1;2025/2026;4;0;2;0;3.04;0.63;2.43;1.34;1.19;19.0;8.6;75.0;74;26;118;63;65;33;31;5;9;1;5;8;1;2;0;0;1;4;12;1;2.62;1.08;2.58;1.19;1;0.96
2024-11-02;Southampton;Everton;ENGLAND 1;2024/2025;1;0;0;0;0.89;1.57;0.95;1.03;2.78;2.74;3.55;12.5;65;35;95;102;41;36;7;14;2;6;14;18;4;2;0;0;3;1;3;6;0.25;1.0;0.11;1.0;1;0.96
2026-05-17;Bournemouth;Manchester City;ENGLAND 1;2025/2026;0;0;0;0;0.0;0.0;1.61;1.56;6.0;1.64;4.4;10.5;-1;-1;0;0;0;0;-1;-1;-1;-1;-1;-1;-1;-1;-1;-1;-1;-1;-1;-1;1.63;1.67;1.35;2.03;1;0.96
2024-11-02;Osasuna;Valladolid;SPAIN 1;2024/2025;1;0;1;0;1.71;0.86;1.39;0.72;1.68;6.6;3.9;19.0;50;50;105;94;67;34;15;5;4;4;21;12;1;5;0;0;0;2;7;2;2.17;0.6;1.64;0.73;1;0.96
2024-11-02;Girona;Leganes;SPAIN 1;2024/2025;4;3;2;2;1.38;1.04;1.19;0.64;1.81;5.9;3.55;15.5;55;45;103;89;44;24;10;8;6;5;17;15;3;4;0;0;1;0;6;1;1.4;0.67;1.09;1.0;0;0.96
2024-11-02;Monza;AC Milan;ITALY 1;2024/2025;0;1;0;1;0.95;1.58;0.81;1.47;6.2;1.68;3.95;8.0;44;56;68;94;33;36;9;13;2;7;18;15;2;1;0;0;2;1;3;5;0.6;1.0;0.8;1.56;0;-7.0
2026-03-14;Udinese;Juventus;ITALY 1;2025/2026;0;1;0;1;0.99;2.37;1.37;1.64;5.2;1.94;3.4;7.0;44;56;62;101;30;59;10;22;2;8;12;14;3;1;0;0;0;3;2;6;1.36;1.5;1.29;1.79;0;0.96
2026-04-12;Bologna;Lecce;ITALY 1;2025/2026;0;0;0;0;0.0;0.0;1.62;0.98;1.72;6.2;3.8;17.0;-1;-1;0;0;0;0;-1;-1;-1;-1;-1;-1;-1;-1;-1;-1;-1;-1;-1;-1;1.13;0.73;1.4;0.9;1;0.96
2026-01-04;Rio Ave;Casa Pia;PORTUGAL 1;2025/2026;3;1;0;0;1.62;1.55;1.01;1.0;2.32;3.75;3.15;11.5;51;49;87;74;41;35;12;15;8;5;10;23;0;1;0;0;3;2;9;4;0.86;1.25;1.06;0.88;0;0.96
2025-09-14;PSG;Lens;FRANCE 1;2025/2026;2;0;1;0;1.7;1.16;2.57;0.78;1.45;8.2;5.3;34.0;68;32;139;51;53;36;14;11;6;3;10;8;1;2;0;0;-1;-1;4;3;3.0;3.0;3.0;2.0;1;0.96
2025-09-20;Brest;Nice;FRANCE 1;2025/2026;4;1;2;1;1.19;2.12;2.07;0.99;2.72;2.98;3.3;10.5;38;62;76;148;20;70;11;21;5;4;17;11;1;3;0;0;0;1;2;7;0.5;0.0;0.25;1.5;0;-9.5
2024-11-02;SC Farense;Benfica;PORTUGAL 1;2024/2025;1;2;1;1;0.97;2.0;1.03;1.48;17.0;1.22;7.6;12.5;30;70;71;153;33;94;7;13;4;7;10;5;1;0;0;0;0;4;3;8;0.75;1.33;0.44;2.38;0;0.96
2024-11-02;Gil Vicente;Boavista;PORTUGAL 1;2024/2025;1;2;0;0;1.36;1.32;1.08;0.76;1.79;5.5;3.65;16.5;67;33;133;65;44;29;14;12;2;5;14;11;3;2;0;0;1;0;7;2;2.0;1.0;1.11;0.67;0;0.96
2026-04-24;Athletico-PR;Vitoria;BRAZIL 1;2026;0;0;0;0;0.0;0.0;1.3;0.85;1.83;5.5;3.55;15.5;-1;-1;0;0;0;0;-1;-1;-1;-1;-1;-1;-1;-1;-1;-1;-1;-1;-1;-1;2.25;0.33;1.86;1.43;1;0.96
2025-10-05;Juventude;Fortaleza;BRAZIL 1;2025;1;2;1;0;1.79;0.9;1.27;1.12;2.68;3.0;3.3;11.0;49;51;79;70;40;24;16;8;7;3;14;15;1;3;1;0;3;2;8;1;1.38;0.36;0.92;0.84;0;0.96
2025-09-20;Manchester Utd;Chelsea;ENGLAND 1;2025/2026;2;1;2;0;1.39;0.65;2.38;1.77;2.66;2.68;3.95;22.0;41;59;113;96;56;35;11;5;4;1;13;14;1;5;1;1;3;2;5;5;1.5;2.0;1.0;2.0;0;0.96
2026-01-30;Vitoria Guimaraes;Moreirense;PORTUGAL 1;2025/2026;1;0;0;0;1.29;1.19;1.41;1.08;1.76;5.7;3.6;16.0;43;57;91;74;36;28;14;10;2;5;19;12;2;5;0;0;2;3;5;5;1.5;1.1;1.32;1.58;1;0.96
2025-08-30;AVS;Famalicao;PORTUGAL 1;2025/2026;0;1;0;0;1.34;1.35;1.02;1.71;3.3;2.58;3.1;7.8;45;55;78;93;43;62;13;11;3;3;16;18;1;4;0;1;2;0;5;9;0.0;3.0;0.33;2.33;0;0.96
2025-08-31;Torino;Fiorentina;ITALY 1;2025/2026;0;0;0;0;1.01;1.51;0.0;0.56;3.5;2.36;3.35;9.6;45;55;87;86;38;30;7;16;4;4;21;13;2;2;0;0;2;1;7;3;0.0;1.0;0.0;1.0;1;-8.6
2025-11-22;Napoli;Atalanta;ITALY 1;2025/2026;3;1;3;0;1.37;1.45;1.65;1.22;2.22;3.75;3.5;14.5;45;55;93;111;34;49;11;14;6;3;11;12;1;2;0;0;3;1;5;3;2.6;1.2;2.0;1.18;0;0.96
2024-11-03;Toulouse;Reims;FRANCE 1;2024/2025;1;0;0;0;1.51;0.87;1.2;1.28;2.08;3.9;3.7;16.0;50;50;90;94;55;47;11;6;6;2;16;15;0;3;0;0;0;3;6;7;1.0;1.75;1.0;1.56;1;0.96
2024-11-03;Le Havre;Montpellier;FRANCE 1;2024/2025;1;0;0;0;1.09;0.99;1.04;0.92;2.24;3.5;3.55;14.5;48;52;104;113;41;47;8;9;4;1;11;13;2;1;0;0;3;0;2;10;0.75;0.0;0.67;0.44;1;0.96
2026-02-22;Auxerre;Rennes;FRANCE 1;2025/2026;0;3;0;3;1.17;1.49;1.3;1.16;3.55;2.18;3.7;12.5;43;57;103;88;46;33;11;12;2;7;17;22;1;4;0;0;1;2;4;5;1.0;1.18;0.77;1.55;0;0.96
2026-05-02;Sevilla;Real Sociedad;SPAIN 1;2025/2026;0;0;0;0;0.0;0.0;1.33;1.44;3.3;2.6;3.15;8.2;-1;-1;0;0;0;0;-1;-1;-1;-1;-1;-1;-1;-1;-1;-1;-1;-1;-1;-1;1.07;0.93;1.07;1.31;1;0.96
2026-04-11;Barcelona;Espanyol;SPAIN 1;2025/2026;0;0;0;0;0.0;0.0;2.2;1.32;1.12;27.0;13.0;140.0;-1;-1;0;0;0;0;-1;-1;-1;-1;-1;-1;-1;-1;-1;-1;-1;-1;-1;-1;3.0;1.14;2.52;1.28;1;0.96
2024-11-03;Atl. Madrid;Las Palmas;SPAIN 1;2024/2025;2;0;1;0;1.45;0.25;1.61;1.16;1.31;12.5;6.2;40.0;57;43;128;91;74;13;11;1;3;1;13;13;1;1;0;0;1;0;9;1;2.2;0.6;1.82;0.82;1;0.96
2025-11-30;Freiburg;Mainz;GERMANY 1;2025/2026;4;0;2;0;2.55;0.2;1.34;1.35;1.76;5.3;4.0;21.0;75;25;128;60;55;7;23;1;10;1;9;12;0;2;0;1;4;0;6;2;1.6;0.8;1.18;0.55;1;0.96
2025-09-20;Fulham;Brentford;ENGLAND 1;2025/2026;3;1;2;1;1.34;1.04;1.21;0.98;2.1;3.75;3.8;18.5;53;47;95;81;33;44;14;8;3;3;11;13;4;1;0;0;2;2;2;10;2.0;0.0;1.25;1.0;0;0.96
2026-01-18;Parma;Genoa;ITALY 1;2025/2026;0;0;0;0;1.32;1.17;1.17;1.16;1.91;4.7;3.7;17.5;51;49;96;85;40;36;14;11;2;3;13;18;3;2;0;0;1;1;7;3;0.9;1.0;1.1;0.95;1;-16.5
2024-11-04;Empoli;Como;ITALY 1;2024/2025;1;0;0;0;1.05;0.99;0.69;1.19;2.78;2.98;3.25;9.8;41;59;59;90;36;47;8;8;4;2;17;9;1;0;0;0;1;1;3;6;0.6;0.67;1.1;0.9;1;0.96
2025-11-03;Lazio;Cagliari;ITALY 1;2025/2026;2;0;0;0;0.98;1.62;1.38;1.04;1.53;7.8;4.5;26.0;51;49;106;79;34;28;8;17;3;5;8;18;0;2;0;0;-1;-1;7;5;1.75;1.25;1.33;1.0;1;0.96
2025-08-17;Celta Vigo;Getafe;SPAIN 1;2025/2026;0;2;0;0;1.42;1.06;0.0;0.0;2.12;4.5;3.25;12.0;69;31;135;70;69;30;11;10;3;3;15;17;3;2;0;0;2;0;9;3;0.0;0.0;0.0;0.0;0;0.96
2026-04-10;Corinthians;Palmeiras;BRAZIL 1;2026;0;0;0;0;0.0;0.0;1.28;1.11;3.35;2.44;3.35;9.4;-1;-1;0;0;0;0;-1;-1;-1;-1;-1;-1;-1;-1;-1;-1;-1;-1;-1;-1;1.0;1.75;1.25;2.38;1;0.96
2026-01-11;Nacional;Santa Clara;PORTUGAL 1;2025/2026;3;3;2;2;1.56;2.19;1.19;1.15;3.65;2.32;3.15;8.0;46;54;92;102;54;54;13;22;5;6;14;11;4;4;0;0;1;1;2;8;0.86;0.71;1.0;1.0;0;0.96
2026-04-26;Genoa;Como;ITALY 1;2025/2026;0;0;0;0;0.0;0.0;1.35;1.36;3.1;2.68;3.2;9.0;-1;-1;0;0;0;0;-1;-1;-1;-1;-1;-1;-1;-1;-1;-1;-1;-1;-1;-1;1.19;1.79;1.1;1.9;1;0.96
2025-11-01;Union Berlin;Freiburg;GERMANY 1;2025/2026;0;0;0;0;1.08;1.35;1.47;1.21;2.54;3.2;3.35;11.0;37;63;87;90;33;34;11;13;2;4;20;13;6;1;0;0;4;1;5;5;1.75;1.0;1.25;1.13;1;0.96
2026-02-07;Moreirense;Gil Vicente;PORTUGAL 1;2025/2026;1;2;0;1;0.39;1.74;1.06;1.41;2.16;4.2;3.15;12.5;42;58;65;124;16;70;3;15;1;4;18;16;3;1;1;0;1;4;3;6;2.11;1.4;1.5;1.7;0;0.96
2024-11-08;Rayo Vallecano;Las Palmas;SPAIN 1;2024/2025;1;3;0;1;2.44;0.95;1.42;1.01;1.93;4.8;3.55;14.0;64;36;140;69;96;23;21;9;6;3;9;13;1;3;0;0;4;2;12;4;1.6;0.5;1.45;0.75;0;0.96
2026-05-01;Internacional;Fluminense;BRAZIL 1;2026;0;0;0;0;0.0;0.0;1.91;1.67;1.55;7.8;4.1;20.0;-1;-1;0;0;0;0;-1;-1;-1;-1;-1;-1;-1;-1;-1;-1;-1;-1;-1;-1;0.75;1.0;1.0;2.0;1;0.96
2024-11-08;Lecce;Empoli;ITALY 1;2024/2025;1;1;0;1;1.79;1.11;1.15;0.75;2.42;3.75;3.1;10.0;59;41;111;95;60;23;17;8;4;6;7;24;0;3;0;0;1;1;4;3;1.4;1.6;0.73;1.27;0;0.96
2026-04-17;Vitoria;Corinthians;BRAZIL 1;2026;0;0;0;0;0.0;0.0;1.44;0.87;3.15;2.66;3.0;8.8;-1;-1;0;0;0;0;-1;-1;-1;-1;-1;-1;-1;-1;-1;-1;-1;-1;-1;-1;2.25;1.5;1.43;1.25;1;0.96
2024-11-09;Botafogo RJ;Cuiaba;BRAZIL 1;2024;0;0;0;0;2.35;0.44;1.62;0.87;1.26;16.5;6.2;42.0;74;26;149;60;102;14;20;3;5;2;8;13;0;6;0;0;5;0;8;1;2.25;0.88;2.09;0.88;1;0.96
2024-11-09;Cruzeiro;Criciuma;BRAZIL 1;2024;2;1;1;0;2.12;1.51;1.4;1.09;1.65;6.8;3.85;22.0;63;37;111;79;31;36;20;12;9;7;13;11;4;4;0;0;1;2;6;5;1.94;0.88;1.38;1.16;0;0.96
2025-10-15;Fortaleza;Vasco;BRAZIL 1;2025;0;2;0;1;2.82;0.79;1.59;1.39;1.73;5.8;3.85;17.5;55;45;119;72;69;27;27;6;9;3;15;9;5;2;2;1;2;2;10;2;1.21;0.85;0.92;1.22;0;0.96
2025-11-28;Juventude;Bahia;BRAZIL 1;2025;1;1;1;1;1.97;1.52;1.37;1.29;2.74;2.64;3.3;11.5;45;55;80;85;39;31;18;15;8;5;17;15;2;3;0;0;4;2;7;5;1.29;0.82;0.94;1.6;0;0.96
2026-05-09;Lens;Nantes;FRANCE 1;2025/2026;0;0;0;0;0.0;0.0;1.79;0.98;1.68;6.4;3.95;19.0;-1;-1;0;0;0;0;-1;-1;-1;-1;-1;-1;-1;-1;-1;-1;-1;-1;-1;-1;2.57;0.75;2.19;0.65;1;0.96
2026-05-16;Strasbourg;Monaco;FRANCE 1;2025/2026;0;0;0;0;0.0;0.0;1.45;1.4;3.7;2.12;3.8;14.0;-1;-1;0;0;0;0;-1;-1;-1;-1;-1;-1;-1;-1;-1;-1;-1;-1;-1;-1;1.85;1.38;1.48;1.7;1;0.96
2024-11-09;Venezia;Parma;ITALY 1;2024/2025;1;2;1;1;1.5;0.84;1.31;1.24;2.58;3.0;3.45;15.0;67;33;96;79;61;25;10;7;6;3;9;10;1;2;0;0;5;1;6;6;1.5;0.8;0.73;0.82;0;0.96
2026-01-02;Cagliari;AC Milan;ITALY 1;2025/2026;0;1;0;0;0.69;1.4;1.19;1.33;5.9;1.66;4.3;10.0;46;54;76;122;32;57;6;11;1;4;10;8;2;1;0;0;0;2;6;7;1.13;2.14;1.06;2.19;0;0.96
2025-11-08;Juventus;Torino;ITALY 1;2025/2026;0;0;0;0;2.39;0.9;2.17;1.3;1.61;7.6;4.0;19.5;72;28;165;64;79;25;22;8;6;3;9;4;0;1;0;0;1;2;6;2;2.2;1.0;1.8;1.3;1;0.96
2025-11-01;Liverpool;Aston Villa;ENGLAND 1;2025/2026;2;0;1;0;1.62;1.13;1.67;1.23;1.47;7.0;5.5;34.0;53;47;92;77;46;39;16;10;4;3;13;11;2;3;0;0;8;0;1;4;2.25;1.25;1.67;1.67;1;0.96
2025-08-19;Real Madrid;Osasuna;SPAIN 1;2025/2026;1;0;0;0;2.14;0.28;0.0;0.0;1.25;15.0;7.2;60.0;71;29;167;61;89;20;18;2;5;0;10;12;1;0;0;1;-1;-1;7;0;0.0;0.0;0.0;0.0;1;0.96
2024-11-09;Leganes;Sevilla;SPAIN 1;2024/2025;1;0;0;0;0.9;1.01;0.96;1.05;2.96;2.86;3.15;8.8;43;57;100;107;22;40;7;9;4;2;7;10;2;1;0;1;3;3;0;6;1.4;1.0;0.92;1.25;1;0.96
2024-11-09;Boavista;Rio Ave;PORTUGAL 1;2024/2025;0;2;0;1;1.66;0.58;1.03;0.67;2.84;2.86;3.2;10.5;52;48;116;67;59;24;15;4;4;2;10;17;4;3;1;1;4;0;7;2;0.25;0.0;0.9;0.9;0;0.96
2026-03-06;Famalicao;Arouca;PORTUGAL 1;2025/2026;1;0;0;0;1.6;1.13;1.6;1.1;1.91;4.8;3.4;15.0;55;45;85;68;58;30;12;10;6;4;10;17;1;1;0;0;5;2;5;1;1.67;0.92;1.5;1.08;1;0.96
2024-11-09;Casa Pia;SC Farense;PORTUGAL 1;2024/2025;1;1;1;1;0.99;0.69;1.12;0.94;2.04;4.7;3.2;13.5;64;36;122;64;45;22;8;5;2;3;13;16;4;3;0;0;1;0;4;2;1.4;0.2;1.2;0.4;0;0.96
2024-11-09;Werder Bremen;Holstein Kiel;GERMANY 1;2024/2025;2;1;1;0;1.51;0.98;0.87;1.11;1.67;5.4;4.5;27.0;61;39;137;67;53;16;12;8;5;5;10;19;3;2;0;0;0;2;6;3;0.5;0.5;1.33;0.56;0;0.96
2026-04-11;St. Pauli;Bayern Munich;GERMANY 1;2025/2026;0;0;0;0;0.0;0.0;1.34;2.11;15.0;1.24;7.8;14.0;-1;-1;0;0;0;0;-1;-1;-1;-1;-1;-1;-1;-1;-1;-1;-1;-1;-1;-1;1.23;2.54;0.89;2.59;1;-13.0
2024-11-09;Bochum;Bayer Leverkusen;GERMANY 1;2024/2025;1;1;0;1;0.97;1.12;1.13;1.59;13.0;1.27;7.2;16.5;29;71;84;133;25;63;9;7;3;3;10;9;0;1;0;0;1;3;6;4;0.25;2.0;0.11;1.78;0;0.96
2026-01-01;Crystal Palace;Fulham;ENGLAND 1;2025/2026;1;1;1;0;1.22;1.78;1.5;1.21;2.98;2.64;3.45;10.5;40;60;82;120;54;49;11;17;2;5;7;10;0;5;0;0;5;1;6;3;1.11;1.11;1.44;1.44;0;0.96
2025-12-27;Brentford;Bournemouth;ENGLAND 1;2025/2026;4;1;2;0;1.75;2.56;1.3;1.51;2.62;2.82;3.75;16.5;49;51;72;101;44;84;15;20;7;10;9;8;2;2;0;0;3;1;2;15;2.13;0.75;1.35;1.29;0;0.96
2026-03-07;Atalanta;Udinese;ITALY 1;2025/2026;2;2;0;1;2.11;0.85;1.87;1.14;1.41;9.2;5.4;34.0;68;32;123;72;61;27;22;8;4;2;7;10;1;2;0;0;-1;-1;11;3;2.0;1.23;1.67;1.3;0;0.96
2024-11-10;Monza;Lazio;ITALY 1;2024/2025;0;1;0;1;1.07;1.51;0.83;1.35;5.0;1.86;3.65;8.0;51;49;111;73;48;38;9;13;2;6;13;10;5;1;0;0;2;0;6;6;0.5;1.2;0.73;2.0;0;-7.0
2026-03-08;Santa Clara;Vitoria Guimaraes;PORTUGAL 1;2025/2026;2;0;2;0;0.94;1.67;1.29;1.39;3.05;2.68;3.05;1000.0;39;61;79;115;38;50;6;14;4;6;26;15;3;2;0;0;0;4;2;4;0.92;0.91;0.79;1.33;1;0.96
2026-03-08;Benfica;FC Porto;PORTUGAL 1;2025/2026;2;2;0;2;2.16;1.57;2.1;1.64;1.99;4.3;3.6;16.0;59;41;113;80;67;37;20;14;6;6;11;17;2;6;2;0;0;1;8;2;2.33;2.75;2.42;2.71;0;0.96
2025-09-21;Mallorca;Atl. Madrid;SPAIN 1;2025/2026;1;1;0;0;1.07;1.72;0.91;1.72;3.7;2.44;3.05;7.4;43;57;88;119;48;65;8;12;3;7;14;6;0;0;0;1;0;1;3;6;0.5;0.5;0.25;1.25;0;-6.4
2025-10-31;Getafe;Girona;SPAIN 1;2025/2026;2;1;0;0;1.38;0.93;1.0;1.07;2.46;3.55;3.15;9.8;40;60;122;78;45;19;12;8;4;4;17;15;1;2;0;0;3;0;8;3;1.25;0.5;1.4;0.7;0;-8.8
2026-01-18;Real Sociedad;Barcelona;SPAIN 1;2025/2026;2;1;1;0;1.1;2.74;1.62;2.15;4.6;1.86;4.0;11.5;28;72;64;123;32;75;7;25;6;9;13;8;3;3;1;0;4;3;6;8;1.22;2.2;1.11;2.58;0;0.96
2025-11-30;Chelsea;Arsenal;ENGLAND 1;2025/2026;1;1;0;0;1.26;1.19;1.82;1.68;2.9;2.68;3.5;13.5;38;62;84;93;39;55;11;8;4;4;12;13;1;6;1;0;1;3;3;3;1.67;2.17;1.92;2.42;0;0.96
2024-11-10;Manchester Utd;Leicester;ENGLAND 1;2024/2025;3;0;2;0;1.08;1.01;1.35;1.1;1.4;8.4;5.9;40.0;51;49;125;102;57;37;7;6;3;5;9;5;0;1;0;0;1;2;1;5;1.4;1.0;1.2;1.0;1;0.96
2025-08-23;Heidenheim;Wolfsburg;GERMANY 1;2025/2026;1;3;1;1;0.82;1.62;0.0;0.0;3.0;2.62;3.45;11.0;49;51;89;85;31;45;7;15;2;5;12;12;2;3;0;0;2;0;2;5;0.0;0.0;0.0;0.0;0;0.96
2026-01-13;Stuttgart;Eintracht Frankfurt;GERMANY 1;2025/2026;3;2;2;1;2.41;1.25;1.63;1.4;2.02;3.75;4.0;24.0;58;42;100;83;53;19;20;12;11;5;8;15;2;2;0;0;6;1;10;2;2.29;1.5;1.81;1.63;0;0.96
2026-04-10;Augsburg;Hoffenheim;GERMANY 1;2025/2026;0;0;0;0;0.0;0.0;1.43;1.39;2.18;3.4;3.9;21.0;-1;-1;0;0;0;0;-1;-1;-1;-1;-1;-1;-1;-1;-1;-1;-1;-1;-1;-1;1.5;1.79;1.15;1.85;1;0.96
2025-10-29;Nice;Lille;FRANCE 1;2025/2026;2;0;1;0;0.9;2.33;1.48;1.92;2.56;3.15;3.3;11.5;32;68;51;144;16;100;8;21;4;4;11;10;3;3;0;0;1;0;2;13;2.0;1.75;1.56;1.89;1;0.96
2026-02-28;Rennes;Toulouse;FRANCE 1;2025/2026;1;0;1;0;1.09;1.01;1.87;1.29;2.22;3.7;3.4;13.5;65;35;135;96;42;40;10;9;2;2;9;13;1;3;0;0;1;0;6;1;1.91;1.27;1.61;1.35;1;0.96
2024-11-10;Montpellier;Brest;FRANCE 1;2024/2025;3;1;2;0;1.56;1.92;1.16;0.94;3.55;2.2;3.65;11.5;33;67;76;116;42;50;11;18;8;6;18;13;5;1;0;0;3;1;3;7;0.8;0.75;0.4;1.3;0;0.96
2024-11-10;Le Havre;Reims;FRANCE 1;2024/2025;0;3;0;2;1.05;1.57;1.05;1.2;3.4;2.36;3.4;9.6;55;45;82;73;46;36;8;13;3;7;10;17;1;4;0;0;1;3;8;7;1.2;1.4;0.9;1.4;0;0.96
2024-11-20;Criciuma;Vitoria;BRAZIL 1;2024;0;1;0;0;1.06;1.32;1.41;1.06;2.24;3.85;3.35;12.0;49;51;89;86;58;57;9;11;1;3;11;18;1;3;1;0;2;3;6;5;1.44;0.94;1.12;1.15;0;-11.0
2026-04-05;Bahia;Palmeiras;BRAZIL 1;2026;0;0;0;0;0.0;0.0;1.76;1.11;3.4;2.28;3.7;11.0;-1;-1;0;0;0;0;-1;-1;-1;-1;-1;-1;-1;-1;-1;-1;-1;-1;-1;-1;1.67;1.75;2.0;2.38;1;0.96
2026-08-14;Corinthians;Cruzeiro;BRAZIL 1;2026;0;0;0;0;0.0;0.0;1.28;1.26;1.43;9.4;4.8;26.0;-1;-1;0;0;0;0;-1;-1;-1;-1;-1;-1;-1;-1;-1;-1;-1;-1;-1;-1;1.0;0.25;1.25;0.5;1;0.96
2024-11-20;Athletico-PR;Atletico GO;BRAZIL 1;2024;2;0;1;0;1.54;1.58;1.74;1.29;1.61;6.4;4.0;25.0;37;63;99;99;38;46;11;13;8;6;9;8;1;2;1;0;1;1;6;9;1.31;0.56;1.12;0.79;1;0.96
2026-11-17;Vasco;Internacional;BRAZIL 1;2026;0;0;0;0;0.0;0.0;2.14;1.69;3.75;2.26;3.35;8.2;-1;-1;0;0;0;0;-1;-1;-1;-1;-1;-1;-1;-1;-1;-1;-1;-1;-1;-1;2.0;1.25;1.38;1.0;1;-7.2
2026-04-03;PSG;Toulouse;FRANCE 1;2025/2026;0;0;0;0;0.0;0.0;2.32;1.31;1.38;9.2;5.9;38.0;-1;-1;0;0;0;0;-1;-1;-1;-1;-1;-1;-1;-1;-1;-1;-1;-1;-1;-1;2.58;1.31;2.31;1.37;1;0.96
2026-03-14;Monaco;Brest;FRANCE 1;2025/2026;2;0;1;0;1.3;1.21;1.5;1.04;1.57;6.8;4.5;24.0;56;44;115;108;52;52;10;12;4;1;9;8;2;1;0;0;5;0;3;8;1.92;1.0;1.6;1.44;1;0.96
2024-11-22;Getafe;Valladolid;SPAIN 1;2024/2025;2;0;0;0;1.34;0.84;1.14;0.74;1.73;7.0;3.5;15.5;56;44;126;81;57;33;9;6;5;3;15;15;3;2;0;0;4;4;3;2;1.14;0.5;0.77;0.69;1;0.96
2026-01-24;Bayern Munich;Augsburg;GERMANY 1;2025/2026;1;2;1;0;1.85;1.65;2.38;1.33;1.15;22.0;11.0;100.0;70;30;155;70;65;31;15;16;6;6;10;5;1;1;0;0;3;3;9;3;2.78;0.5;2.78;0.89;0;0.96
2025-08-30;Parma;Atalanta;ITALY 1;2025/2026;1;1;0;0;0.97;1.1;0.0;0.0;5.8;1.64;4.5;13.0;46;54;93;65;42;27;7;11;3;3;8;15;2;2;0;0;1;4;1;2;0.0;0.0;0.0;1.0;0;0.96
2026-04-26;AC Milan;Juventus;ITALY 1;2025/2026;0;0;0;0;0.0;0.0;1.76;1.69;2.3;3.7;3.35;12.5;-1;-1;0;0;0;0;-1;-1;-1;-1;-1;-1;-1;-1;-1;-1;-1;-1;-1;-1;2.07;1.6;2.1;1.8;1;0.96
2024-11-23;Stuttgart;Bochum;GERMANY 1;2024/2025;2;0;0;0;1.54;0.87;2.05;1.17;1.34;9.8;6.4;55.0;58;42;119;87;50;30;13;8;5;2;7;16;2;3;0;0;2;1;7;4;1.6;0.0;1.3;0.2;1;0.96
2025-11-08;Hoffenheim;RB Leipzig;GERMANY 1;2025/2026;3;1;2;1;1.35;1.81;1.68;1.57;3.5;2.16;3.9;15.0;49;51;114;108;41;54;12;17;4;5;13;5;3;2;0;0;4;2;5;5;0.75;2.0;1.78;2.44;0;0.96
2025-11-08;Bayer Leverkusen;Heidenheim;GERMANY 1;2025/2026;6;0;5;0;2.72;0.15;1.68;1.2;1.21;17.5;8.4;65.0;74;26;154;44;60;10;25;1;10;0;5;7;0;1;0;0;-1;-1;11;1;2.0;0.0;1.89;0.56;1;0.96
2025-12-06;Wolfsburg;Union Berlin;GERMANY 1;2025/2026;3;1;2;0;0.58;2.3;1.73;1.11;2.4;3.4;3.4;12.0;43;57;79;116;14;78;4;21;3;6;13;10;4;1;0;0;1;1;0;11;0.33;1.2;0.75;1.25;0;0.96
2025-11-09;Celta Vigo;Barcelona;SPAIN 1;2025/2026;2;4;2;3;0.78;2.51;1.51;2.19;4.7;1.75;4.6;14.5;39;61;79;115;34;78;5;21;3;9;13;10;1;4;0;1;5;2;2;5;0.83;1.67;1.18;2.27;0;0.96
2025-09-26;Girona;Espanyol;SPAIN 1;2025/2026;0;0;0;0;1.36;1.9;1.21;1.11;1.66;6.4;4.0;18.0;60;40;105;88;53;41;12;20;3;5;9;11;0;1;0;0;1;1;8;4;0.0;0.5;0.33;1.83;1;0.96
2024-11-23;Las Palmas;Mallorca;SPAIN 1;2024/2025;2;3;0;0;1.12;1.04;1.24;1.11;3.0;2.9;3.05;8.4;62;38;106;75;46;35;9;9;3;3;10;18;4;2;0;1;1;0;4;3;1.0;1.5;0.92;1.38;0;0.96
2025-08-31;Aston Villa;Crystal Palace;ENGLAND 1;2025/2026;0;3;0;1;1.56;0.85;0.69;1.13;1.66;6.0;4.3;23.0;58;42;120;67;63;26;13;6;4;4;7;14;2;3;0;0;0;2;10;1;1.0;1.0;0.5;1.0;0;0.96
2026-01-04;Everton;Brentford;ENGLAND 1;2025/2026;2;4;0;1;1.75;1.46;1.44;1.11;2.48;3.15;3.5;13.5;45;55;112;96;61;37;14;11;6;7;9;8;0;2;0;0;0;2;4;5;1.56;0.67;1.47;1.42;0;0.96
2024-11-23;Leicester;Chelsea;ENGLAND 1;2024/2025;1;2;0;1;0.43;1.78;0.98;1.21;7.0;1.52;5.0;12.5;37;63;81;122;21;64;3;13;1;7;15;12;4;3;0;0;3;1;2;9;1.0;2.0;0.91;1.73;0;0.96
2024-11-23;Atletico GO;Palmeiras;BRAZIL 1;2024;0;1;0;1;1.01;1.01;1.32;1.4;9.4;1.41;5.3;8.2;55;45;134;73;57;31;7;9;2;3;16;14;3;2;0;0;1;0;4;2;1.0;1.71;0.76;1.97;0;-7.2
2026-02-24;Botafogo RJ;Vitoria;BRAZIL 1;2026;0;0;0;0;0.0;0.0;1.18;1.08;1.36;10.5;5.5;32.0;-1;-1;0;0;0;0;-1;-1;-1;-1;-1;-1;-1;-1;-1;-1;-1;-1;-1;-1;3.0;0.0;1.0;1.0;1;0.96
2024-11-23;Juventude;Cuiaba;BRAZIL 1;2024;1;1;0;0;1.62;0.65;1.37;0.85;1.65;7.0;3.8;18.5;60;40;118;80;53;35;15;5;4;1;9;7;0;3;0;0;2;1;6;5;1.71;0.88;1.12;0.85;0;0.96
2025-08-23;Eintracht Frankfurt;Werder Bremen;GERMANY 1;2025/2026;4;1;2;0;1.95;1.21;0.0;0.0;1.81;4.6;4.3;25.0;53;47;104;90;65;30;18;10;5;5;9;9;1;3;0;0;2;3;7;1;0.0;0.0;0.0;0.0;0;0.96
2026-01-31;Osasuna;Villarreal;SPAIN 1;2025/2026;2;2;2;1;1.61;0.82;1.48;1.11;2.68;2.88;3.55;13.0;47;53;82;97;43;29;15;5;5;4;15;7;2;2;0;0;1;0;6;2;2.0;1.78;1.19;2.05;0;0.96
2026-01-03;Lille;Rennes;FRANCE 1;2025/2026;0;2;0;0;1.31;1.96;1.69;1.07;1.93;4.4;3.7;16.5;39;61;88;108;38;76;13;18;3;4;4;14;1;1;1;0;0;2;4;7;2.38;1.25;2.0;1.69;0;0.96
2026-02-22;Nantes;Le Havre;FRANCE 1;2025/2026;2;0;2;0;0.98;0.9;1.21;1.06;1.9;5.1;3.45;14.5;29;71;83;126;37;60;9;6;2;1;17;13;4;3;0;0;0;4;5;6;0.45;0.6;0.64;1.18;1;0.96
2026-01-03;Nice;Strasbourg;FRANCE 1;2025/2026;1;1;0;1;1.84;1.2;1.37;1.14;1.83;4.9;3.95;20.0;45;55;83;86;31;47;19;8;6;5;12;12;1;2;0;0;1;1;5;7;1.63;0.88;1.06;1.44;0;0.96
2024-11-24;Holstein Kiel;Mainz;GERMANY 1;2024/2025;0;3;0;2;0.6;1.61;1.08;0.86;3.25;2.36;3.65;12.5;38;62;76;128;18;48;5;12;2;7;11;7;1;0;0;0;1;2;2;6;0.6;2.0;0.5;1.3;0;0.96
2026-03-08;Sevilla;Rayo Vallecano;SPAIN 1;2025/2026;1;1;1;0;1.14;0.91;1.33;1.32;2.4;3.5;3.3;11.0;42;58;92;102;41;26;11;9;2;2;13;15;1;3;0;0;1;0;6;2;1.15;0.85;1.15;1.15;0;0.96
2024-11-24;Leganes;Real Madrid;SPAIN 1;2024/2025;0;3;0;1;0.38;1.87;0.95;1.43;9.4;1.43;5.0;8.2;32;68;79;106;25;66;3;12;0;9;17;11;2;0;0;0;2;1;2;4;1.67;1.8;1.08;2.25;0;0.96
2026-04-01;Bahia;Athletico-PR;BRAZIL 1;2026;0;0;0;0;0.0;0.0;1.76;1.03;1.78;4.9;4.1;20.0;-1;-1;0;0;0;0;-1;-1;-1;-1;-1;-1;-1;-1;-1;-1;-1;-1;-1;-1;1.67;1.33;2.0;1.86;1;0.96
2026-04-24;Corinthians;Vasco;BRAZIL 1;2026;0;0;0;0;0.0;0.0;1.28;1.43;1.58;7.0;4.3;22.0;-1;-1;0;0;0;0;-1;-1;-1;-1;-1;-1;-1;-1;-1;-1;-1;-1;-1;-1;1.0;0.33;1.25;1.38;1;0.96
2026-01-12;Genoa;Cagliari;ITALY 1;2025/2026;3;0;1;0;1.4;1.45;1.3;1.09;2.78;2.96;3.25;10.5;44;56;92;102;29;40;11;15;7;3;17;20;2;5;0;0;1;1;2;3;0.7;1.0;0.84;1.0;1;0.96
2024-11-24;Torino;Monza;ITALY 1;2024/2025;1;1;0;0;1.12;1.19;1.0;0.6;2.16;4.6;3.1;11.5;55;45;117;88;43;27;7;9;5;6;17;13;1;2;0;0;2;0;7;3;1.4;1.0;1.17;0.67;0;0.96
2026-02-14;Como;Fiorentina;ITALY 1;2025/2026;1;2;0;1;1.66;0.79;1.8;1.18;3.6;2.36;3.35;9.0;67;33;118;63;61;18;16;7;3;3;14;12;3;2;2;0;3;2;4;2;1.92;0.67;1.78;0.75;0;0.96
2025-12-07;Lazio;Bologna;ITALY 1;2025/2026;1;1;1;1;1.92;1.49;1.47;1.22;1.91;4.9;3.6;15.5;47;53;90;100;38;33;16;13;9;6;13;18;3;3;1;0;1;1;7;3;2.17;1.57;1.38;1.85;0;0.96
2024-11-24;Southampton;Liverpool;ENGLAND 1;2024/2025;2;3;1;1;0.98;2.56;0.94;1.33;12.5;1.3;6.4;12.5;38;62;42;118;26;91;7;18;5;11;11;9;3;4;0;0;0;1;3;10;0.8;2.6;0.36;2.55;0;0.96
2024-11-25;Empoli;Udinese;ITALY 1;2024/2025;1;1;1;0;0.5;1.73;0.75;1.2;3.0;2.98;2.98;8.0;30;70;0;0;0;0;4;17;2;3;8;14;3;2;0;0;1;0;1;8;1.0;0.67;1.25;1.33;0;0.96
2024-11-25;Venezia;Lecce;ITALY 1;2024/2025;0;1;0;0;1.77;0.69;1.35;1.12;2.36;3.55;3.35;12.5;61;39;128;77;63;22;14;6;6;2;12;16;1;4;0;0;2;1;6;2;1.2;0.17;0.67;0.75;0;-11.5
2024-11-26;Fluminense;Criciuma;BRAZIL 1;2024;0;0;0;0;1.52;0.92;1.36;1.11;1.69;6.4;3.9;18.5;64;36;144;70;66;28;13;8;3;3;6;15;1;2;0;0;2;2;9;4;1.47;0.82;1.12;1.09;1;0.96
2024-11-29;Reims;Lens;FRANCE 1;2024/2025;0;2;0;1;1.23;1.26;1.1;1.16;3.1;2.46;3.55;11.5;52;48;118;72;43;28;11;10;3;6;14;12;1;2;0;0;1;4;3;1;1.33;1.5;1.5;1.42;0;0.96
2026-04-21;Mallorca;Valencia;SPAIN 1;2025/2026;0;0;0;0;0.0;0.0;1.39;1.02;2.16;4.8;3.0;11.0;-1;-1;0;0;0;0;-1;-1;-1;-1;-1;-1;-1;-1;-1;-1;-1;-1;-1;-1;1.57;0.8;0.97;1.21;1;0.96
2024-11-29;St. Pauli;Holstein Kiel;GERMANY 1;2024/2025;3;1;1;0;1.03;0.9;1.14;1.08;1.88;4.7;3.85;17.0;48;52;91;104;41;23;7;8;4;3;10;11;2;5;0;0;3;0;4;4;0.4;0.4;0.73;0.45;0;0.96
2026-04-03;Sporting CP;Santa Clara;PORTUGAL 1;2025/2026;0;0;0;0;0.0;0.0;2.24;1.3;1.24;17.5;7.0;60.0;-1;-1;0;0;0;0;-1;-1;-1;-1;-1;-1;-1;-1;-1;-1;-1;-1;-1;-1;2.58;0.85;2.5;1.04;1;-59.0
2024-11-30;Nacional;Boavista;PORTUGAL 1;2024/2025;0;0;0;0;1.91;0.84;1.02;0.85;1.9;4.7;3.75;15.5;62;38;114;82;37;43;17;6;8;2;14;15;1;2;0;0;0;1;4;7;1.5;1.33;0.8;0.82;1;0.96
2026-02-16;Rio Ave;Moreirense;PORTUGAL 1;2025/2026;1;2;1;1;1.99;0.71;1.01;1.09;3.1;2.66;3.2;9.0;60;40;158;66;58;16;18;6;6;3;16;24;1;3;0;0;0;2;7;1;0.9;1.0;0.95;1.43;0;0.96
2024-11-30;Brentford;Leicester;ENGLAND 1;2024/2025;4;1;3;1;1.58;0.73;1.57;1.08;1.69;5.3;4.4;25.0;60;40;128;79;81;35;9;4;6;3;9;10;1;1;0;0;1;1;5;4;2.67;0.83;1.42;0.83;0;0.96
2024-11-30;Valladolid;Atl. Madrid;SPAIN 1;2024/2025;0;5;0;3;0.7;1.64;1.0;0.85;8.4;1.5;4.6;7.2;45;55;95;103;33;42;6;11;1;9;6;11;1;2;0;0;1;3;3;5;0.86;1.71;0.64;2.07;0;0.96
2026-02-14;Espanyol;Celta Vigo;SPAIN 1;2025/2026;2;2;0;1;1.13;1.57;1.45;1.15;3.55;2.32;3.4;9.0;43;57;103;103;48;46;9;14;3;5;9;11;1;0;0;0;1;2;2;2;1.58;1.73;1.48;1.43;0;0.96
2024-11-30;Barcelona;Las Palmas;SPAIN 1;2024/2025;1;2;0;0;2.09;0.61;1.8;1.0;1.17;20.0;10.0;120.0;70;30;144;55;80;20;15;4;8;3;7;11;0;0;0;0;2;5;7;0;3.0;0.86;2.43;0.86;0;0.96
2025-12-14;Werder Bremen;Stuttgart;GERMANY 1;2025/2026;0;4;0;2;1.17;2.84;1.68;1.81;2.98;2.44;3.85;15.0;38;62;83;125;26;68;11;24;4;12;11;6;1;0;1;0;0;2;1;9;1.83;1.0;1.23;1.69;0;0.96
2026-02-21;Union Berlin;Bayer Leverkusen;GERMANY 1;2025/2026;1;0;1;0;1.03;1.65;1.35;1.3;5.0;1.83;3.85;8.8;35;65;89;123;32;79;8;16;4;1;15;7;5;2;0;0;1;1;4;5;1.27;1.7;1.14;1.86;1;0.96
2026-02-15;RB Leipzig;Wolfsburg;GERMANY 1;2025/2026;2;2;0;0;2.78;1.01;1.91;1.11;1.79;4.9;4.1;22.0;68;32;173;61;113;23;20;10;10;3;6;10;1;2;0;0;-1;-1;6;2;2.1;1.0;1.86;0.9;0;0.96
2024-11-30;Augsburg;Bochum;GERMANY 1;2024/2025;1;0;1;0;1.36;0.7;1.59;1.12;1.78;5.0;4.1;21.0;53;47;102;113;53;32;11;6;4;1;8;22;3;3;0;0;3;0;6;1;1.83;0.0;1.09;0.18;1;0.96
2026-05-12;Brest;Strasbourg;FRANCE 1;2025/2026;0;0;0;0;0.0;0.0;1.47;1.25;2.26;3.7;3.45;14.0;-1;-1;0;0;0;0;-1;-1;-1;-1;-1;-1;-1;-1;-1;-1;-1;-1;-1;-1;1.85;1.14;1.33;1.48;1;0.96
2026-04-22;PSG;Nantes;FRANCE 1;2025/2026;0;0;0;0;0.0;0.0;2.32;0.98;1.23;16.0;7.8;60.0;-1;-1;0;0;0;0;-1;-1;-1;-1;-1;-1;-1;-1;-1;-1;-1;-1;-1;-1;2.58;0.75;2.31;0.65;1;0.96
2024-11-30;Bologna;Venezia;ITALY 1;2024/2025;3;0;1;0;1.96;0.45;1.39;0.9;1.92;4.8;3.6;14.5;61;39;118;69;61;25;14;3;9;1;14;15;0;2;0;0;2;0;1;0;1.4;0.29;1.5;0.62;1;0.96
2024-11-30;AC Milan;Empoli;ITALY 1;2024/2025;3;0;2;0;1.2;0.51;1.42;0.81;1.36;11.0;5.5;34.0;56;44;102;70;47;26;9;5;4;0;12;16;2;2;0;0;0;3;7;3;1.83;1.5;1.58;1.23;1;0.96
2024-11-30;Como;Monza;ITALY 1;2024/2025;1;1;1;0;1.11;1.02;1.34;0.7;2.16;4.1;3.3;12.5;54;46;89;78;36;33;10;9;3;3;16;11;3;0;0;0;-1;-1;11;4;1.0;1.0;0.77;0.69;0;0.96
2024-11-30;Criciuma;Corinthians;BRAZIL 1;2024;2;4;2;0;1.05;2.12;1.39;1.08;3.6;2.3;3.35;8.8;38;62;85;115;35;55;8;15;4;11;10;8;2;3;0;0;2;3;3;7;1.35;0.71;1.09;1.34;0;0.96
2024-11-30;Cuiaba;Bahia;BRAZIL 1;2024;1;2;1;1;1.07;1.12;1.14;1.18;4.6;1.96;3.55;7.8;44;56;89;108;50;45;9;9;2;3;9;8;4;1;0;0;5;1;3;4;0.82;0.82;0.86;1.34;0;0.96
2025-11-24;Manchester Utd;Everton;ENGLAND 1;2025/2026;0;1;0;1;2.65;0.49;1.92;0.92;1.61;6.4;4.4;22.0;70;30;150;95;91;30;25;3;6;1;12;9;2;0;0;1;1;2;9;1;2.4;0.8;1.64;1.36;0;0.96
2026-02-08;Liverpool;Manchester City;ENGLAND 1;2025/2026;1;2;0;0;1.63;1.87;2.01;1.44;2.14;3.65;3.8;20.0;47;53;100;99;55;42;15;17;4;7;13;16;2;4;1;0;6;2;5;4;2.0;1.5;1.63;1.96;0;0.96
2025-12-27;Chelsea;Aston Villa;ENGLAND 1;2025/2026;1;2;1;0;1.67;1.44;1.73;1.27;1.74;4.9;4.4;26.0;63;37;116;33;79;27;14;11;3;8;16;8;5;3;0;0;-1;-1;6;7;1.75;1.75;1.71;2.12;0;0.96
2026-08-28;Athletico-PR;Fluminense;BRAZIL 1;2026;0;0;0;0;0.0;0.0;1.3;1.67;2.2;4.0;3.2;12.5;-1;-1;0;0;0;0;-1;-1;-1;-1;-1;-1;-1;-1;-1;-1;-1;-1;-1;-1;2.25;1.0;1.86;2.0;1;0.96
2025-04-16;Vitoria;Fortaleza;BRAZIL 1;2025;2;1;1;0;1.82;1.22;0.66;0.83;2.62;3.15;3.15;9.8;40;60;81;122;43;50;15;9;8;4;15;10;1;1;0;0;4;4;5;5;0.0;1.0;0.33;1.67;0;0.96
2024-12-01;Montpellier;Lille;FRANCE 1;2024/2025;2;2;1;1;1.24;1.28;1.23;1.36;4.6;1.91;3.85;11.0;42;58;82;101;35;41;10;11;5;4;9;21;4;5;1;1;4;1;7;2;1.17;1.83;0.58;1.83;0;0.96
2025-10-18;Torino;Napoli;ITALY 1;2025/2026;1;0;1;0;1.18;2.26;1.17;1.76;5.6;1.83;3.55;6.8;31;69;60;87;40;74;12;22;2;5;9;9;1;2;0;0;2;2;3;11;0.5;2.0;0.83;2.5;1;-5.8
2026-03-14;Arouca;Benfica;PORTUGAL 1;2025/2026;1;2;1;0;1.3;2.26;1.26;1.79;12.0;1.29;6.8;10.5;39;61;65;100;16;74;12;22;6;5;18;11;5;5;1;1;0;5;2;15;1.25;2.5;1.04;2.36;0;0.96
2025-11-01;Heidenheim;Eintracht Frankfurt;GERMANY 1;2025/2026;1;1;1;0;1.1;1.89;1.51;1.45;4.2;1.96;3.9;11.0;28;72;79;138;34;92;9;16;4;3;7;11;0;2;0;0;1;2;2;8;1.0;1.75;0.5;1.63;0;0.96
2025-11-21;Mainz;Hoffenheim;GERMANY 1;2025/2026;1;1;0;1;1.64;1.97;1.43;1.41;2.04;3.95;3.8;19.5;45;55;106;136;49;58;17;19;3;5;13;13;3;2;1;0;2;2;7;4;0.2;2.6;0.5;1.9;0;0.96
2026-03-02;Real Madrid;Getafe;SPAIN 1;2025/2026;0;1;0;1;2.1;0.99;2.28;1.13;1.35;12.5;5.4;29.0;77;23;152;75;64;29;18;9;7;3;11;17;4;5;1;1;0;1;10;2;2.75;1.17;2.4;1.16;0;0.96
2025-08-24;Villarreal;Girona;SPAIN 1;2025/2026;5;0;4;0;2.07;0.72;2.89;0.0;1.91;4.3;4.0;20.0;53;47;95;96;53;35;19;5;7;2;8;9;1;2;0;0;3;0;8;1;3.0;0.0;3.0;0.0;1;0.96
2025-12-08;Udinese;Genoa;ITALY 1;2025/2026;1;2;0;1;2.22;1.34;1.44;1.23;2.06;4.4;3.4;13.5;58;42;93;76;50;22;23;12;6;6;16;12;1;0;0;0;3;3;6;2;1.33;0.83;1.38;0.85;0;0.96
2025-12-13;Parma;Lazio;ITALY 1;2025/2026;0;1;0;0;1.89;1.48;1.14;1.07;4.7;1.85;4.0;11.5;47;53;93;85;48;25;19;15;5;5;14;8;2;1;0;2;2;0;4;4;0.86;0.71;1.0;1.36;0;0.96
2026-05-09;Lecce;Juventus;ITALY 1;2025/2026;0;0;0;0;0.0;0.0;1.17;1.69;6.6;1.75;3.55;5.8;-1;-1;0;0;0;0;-1;-1;-1;-1;-1;-1;-1;-1;-1;-1;-1;-1;-1;-1;1.07;1.6;0.9;1.8;1;0.96
2026-02-01;Toulouse;Auxerre;FRANCE 1;2025/2026;0;0;0;0;1.28;0.87;1.62;1.13;1.76;5.5;3.95;22.0;50;50;28;21;36;33;12;8;4;2;12;13;1;2;0;0;2;1;5;4;1.5;0.22;1.53;0.63;1;0.96
2025-08-24;FC Porto;Casa Pia;PORTUGAL 1;2025/2026;4;0;3;0;2.2;0.58;2.03;1.18;1.2;18.0;8.4;980.0;65;35;108;58;63;18;20;7;7;0;11;8;3;1;0;0;3;0;7;2;3.0;3.0;3.0;1.5;1;0.96
2025-12-08;Vitoria Guimaraes;Gil Vicente;PORTUGAL 1;2025/2026;0;0;0;0;1.15;0.68;1.34;1.51;1.68;6.0;3.85;18.5;52;48;81;70;42;31;10;6;3;1;15;17;4;5;0;0;1;1;8;4;1.83;1.83;1.42;1.92;1;0.96
2025-11-08;Sevilla;Osasuna;SPAIN 1;2025/2026;1;0;0;0;1.18;1.13;1.41;0.94;2.16;3.85;3.5;12.5;47;53;78;94;37;48;10;9;4;3;21;13;5;3;0;0;6;0;5;6;0.8;0.17;1.18;1.0;1;0.96
2026-01-28;Corinthians;Bahia;BRAZIL 1;2026;1;2;1;2;1.5;1.26;0.0;0.0;1.72;5.6;4.1;21.0;59;41;100;87;9;19;17;11;5;6;14;14;3;4;0;1;3;0;4;6;0.0;0.0;0.0;0.0;0;0.96
2025-08-16;Mallorca;Barcelona;SPAIN 1;2025/2026;0;3;0;2;0.5;2.67;0.0;0.0;6.6;1.58;4.5;9.6;29;71;54;126;24;84;4;24;1;8;8;17;3;1;2;0;2;3;3;6;0.0;0.0;0.0;0.0;0;0.96
2026-02-01;Aston Villa;Brentford;ENGLAND 1;2025/2026;0;1;0;1;3.41;0.86;1.45;1.19;1.91;4.4;4.0;21.0;72;28;61;50;195;48;27;6;5;2;8;8;0;3;0;1;1;6;12;1;2.27;0.82;2.0;1.43;0;0.96
2024-12-04;Southampton;Chelsea;ENGLAND 1;2024/2025;1;5;1;3;0.82;2.58;0.95;1.31;10.0;1.34;6.2;15.5;45;55;55;92;39;57;4;20;4;13;7;14;1;0;1;0;3;1;5;7;0.67;2.17;0.38;1.92;0;0.96
2026-01-25;Arsenal;Manchester Utd;ENGLAND 1;2025/2026;2;3;1;1;1.67;0.98;1.85;1.69;1.44;8.4;5.1;28.0;56;44;102;81;61;18;15;10;4;3;11;9;2;0;0;0;3;0;9;2;2.64;1.27;2.27;1.59;0;0.96
2024-12-05;Fluminense;Cuiaba;BRAZIL 1;2024;1;0;0;0;2.01;0.56;1.37;0.84;1.41;10.5;4.6;32.0;59;41;122;74;63;20;18;3;6;3;14;9;3;4;0;0;1;1;10;3;1.44;0.89;1.11;0.83;1;0.96
2026-02-21;Moreirense;Sporting CP;PORTUGAL 1;2025/2026;0;3;0;0;0.71;1.89;1.0;1.87;10.0;1.35;6.0;8.2;38;62;67;127;26;51;6;15;2;8;12;14;1;1;0;0;-1;-1;1;8;1.9;2.45;1.5;2.5;0;0.96
2026-02-22;Celta Vigo;Mallorca;SPAIN 1;2025/2026;2;0;0;0;2.11;0.27;1.36;1.12;1.93;4.9;3.5;13.5;57;43;123;70;49;27;20;1;7;0;11;10;1;5;0;0;-1;-1;7;2;1.17;0.42;1.42;1.0;1;0.96
2026-01-18;Stuttgart;Union Berlin;GERMANY 1;2025/2026;1;1;0;0;1.33;1.88;1.72;1.33;1.85;5.1;3.7;16.0;57;43;99;112;39;56;12;20;4;3;6;11;1;1;0;0;-1;-1;3;8;2.38;1.25;1.88;1.35;0;0.96
2025-10-28;Atalanta;AC Milan;ITALY 1;2025/2026;1;1;1;1;1.67;0.68;2.0;1.49;2.22;3.55;3.6;16.0;56;44;122;83;53;30;17;6;3;1;9;8;1;3;0;0;0;1;9;4;1.5;2.33;1.5;2.13;0;0.96
2026-01-23;Auxerre;PSG;FRANCE 1;2025/2026;0;1;0;0;0.87;1.93;1.34;1.83;9.8;1.34;6.2;14.5;31;69;80;129;50;48;8;16;0;8;10;12;0;1;0;0;2;0;2;7;1.11;1.89;0.67;2.33;0;0.96
2026-02-14;Lille;Brest;FRANCE 1;2025/2026;1;1;0;0;2.22;1.25;1.7;1.07;1.72;6.0;3.9;18.0;69;31;151;65;83;38;20;11;5;4;6;12;0;1;0;0;2;0;13;1;1.9;0.8;1.57;1.24;0;0.96
2026-02-22;Genoa;Torino;ITALY 1;2025/2026;3;0;2;0;1.62;0.86;1.31;1.27;2.58;3.35;3.15;9.8;62;38;113;79;35;27;16;7;5;3;9;14;0;1;0;1;0;1;1;3;1.0;1.08;0.96;1.08;1;0.96
2026-04-19;Juventus;Bologna;ITALY 1;2025/2026;0;0;0;0;0.0;0.0;2.19;1.22;1.73;6.4;3.7;16.0;-1;-1;0;0;0;0;-1;-1;-1;-1;-1;-1;-1;-1;-1;-1;-1;-1;-1;-1;2.0;1.67;1.8;1.4;1;0.96
2026-05-01;Bayern Munich;Heidenheim;GERMANY 1;2025/2026;0;0;0;0;0.0;0.0;2.47;1.16;1.11;29.0;13.0;120.0;-1;-1;0;0;0;0;-1;-1;-1;-1;-1;-1;-1;-1;-1;-1;-1;-1;-1;-1;2.64;0.31;2.59;0.56;1;0.96
2024-12-07;Aston Villa;Southampton;ENGLAND 1;2024/2025;1;0;1;0;1.38;0.43;1.41;0.96;1.38;9.2;5.9;42.0;47;53;76;96;55;57;10;0;5;0;18;15;1;3;0;0;0;4;14;1;1.71;0.14;1.57;0.36;1;0.96
2026-01-17;Gil Vicente;Nacional;PORTUGAL 1;2025/2026;2;1;1;1;1.71;1.34;1.65;1.37;2.06;4.1;3.4;14.0;54;46;79;76;59;33;16;13;4;4;7;18;1;2;0;0;2;2;7;5;1.75;1.11;1.65;1.0;0;0.96
2026-04-12;Nice;Le Havre;FRANCE 1;2025/2026;0;0;0;0;0.0;0.0;1.34;1.15;1.67;6.4;3.95;20.0;-1;-1;0;0;0;0;-1;-1;-1;-1;-1;-1;-1;-1;-1;-1;-1;-1;-1;-1;1.21;0.46;1.0;1.0;1;0.96
2026-04-11;Santa Clara;Rio Ave;PORTUGAL 1;2025/2026;0;0;0;0;0.0;0.0;1.25;1.06;1.83;5.3;3.55;16.0;-1;-1;0;0;0;0;-1;-1;-1;-1;-1;-1;-1;-1;-1;-1;-1;-1;-1;-1;1.21;1.21;1.04;1.11;1;0.96
2026-03-21;Benfica;Vitoria Guimaraes;PORTUGAL 1;2025/2026;3;0;1;0;1.36;1.41;2.11;1.41;1.29;11.5;6.6;40.0;49;51;80;97;45;35;12;16;4;2;12;14;0;1;0;0;0;1;4;8;2.23;0.83;2.38;1.23;1;0.96
2025-10-25;Monaco;Toulouse;FRANCE 1;2025/2026;1;0;1;0;1.38;1.2;1.73;1.23;1.76;5.1;4.1;21.0;54;46;86;128;19;58;14;10;5;2;15;18;3;4;0;0;-1;-1;2;5;2.5;1.5;1.75;1.63;1;0.96
2025-11-09;Famalicao;FC Porto;PORTUGAL 1;2025/2026;0;1;0;1;0.7;2.02;1.55;1.75;6.8;1.5;4.7;8.2;46;54;75;115;26;55;8;19;0;6;24;13;5;2;0;0;0;3;2;4;1.6;3.0;1.9;2.8;0;0.96
2024-12-07;Holstein Kiel;RB Leipzig;GERMANY 1;2024/2025;0;2;0;1;1.39;0.93;1.0;1.09;6.0;1.59;4.8;13.0;56;44;100;78;47;26;11;6;5;5;11;13;4;3;0;0;2;2;6;1;0.5;1.67;0.42;1.75;0;0.96
2025-12-13;Eintracht Frankfurt;Augsburg;GERMANY 1;2025/2026;1;0;0;0;1.33;1.17;1.58;1.31;1.61;6.4;4.4;26.0;51;49;109;84;48;47;11;12;4;1;14;10;2;3;0;0;3;5;2;6;1.67;0.67;1.62;1.0;1;0.96
2024-12-07;Bochum;Werder Bremen;GERMANY 1;2024/2025;0;1;0;0;1.1;0.56;1.1;1.25;3.5;2.2;3.75;13.5;52;48;111;70;53;23;9;5;2;1;12;10;1;1;0;0;1;0;9;5;0.4;1.67;0.17;1.33;0;-12.5
2026-02-14;Bayer Leverkusen;St. Pauli;GERMANY 1;2025/2026;4;0;2;0;1.68;1.0;1.76;1.12;1.27;15.0;6.8;55.0;68;32;141;69;57;32;12;11;7;1;7;11;0;1;0;0;2;3;8;3;1.9;0.45;1.8;0.81;1;0.96
2024-12-07;Las Palmas;Valladolid;SPAIN 1;2024/2025;2;1;1;1;1.14;0.82;1.22;0.75;1.83;5.2;3.75;17.0;58;42;103;77;29;41;9;6;5;2;17;13;4;2;0;0;0;3;3;3;0.86;0.43;1.0;0.6;0;0.96
2026-05-12;Valencia;Rayo Vallecano;SPAIN 1;2025/2026;0;0;0;0;0.0;0.0;1.47;1.27;2.32;4.1;3.05;10.5;-1;-1;0;0;0;0;-1;-1;-1;-1;-1;-1;-1;-1;-1;-1;-1;-1;-1;-1;1.64;0.8;1.21;1.1;1;-9.5
2025-11-30;Girona;Real Madrid;SPAIN 1;2025/2026;1;1;1;0;1.07;2.6;1.2;2.15;4.9;1.8;4.1;12.0;40;60;65;106;22;106;10;25;4;4;9;13;3;0;0;0;1;2;2;5;1.14;2.0;0.85;2.46;0;0.96
2025-12-14;Crystal Palace;Manchester City;ENGLAND 1;2025/2026;0;3;0;1;1.6;1.1;1.47;1.43;5.7;1.65;4.4;11.0;39;61;82;114;44;30;16;7;4;6;9;6;2;0;0;0;3;2;2;2;1.43;1.43;1.73;2.07;0;0.96
2024-12-08;Lens;Montpellier;FRANCE 1;2024/2025;2;0;1;0;1.55;1.02;1.6;0.98;1.39;9.6;5.4;36.0;55;45;100;66;71;32;12;8;4;4;15;7;2;3;0;0;4;1;6;3;1.33;0.0;1.54;0.62;1;0.96
2025-09-20;Nantes;Rennes;FRANCE 1;2025/2026;2;2;0;2;1.52;1.06;0.55;1.15;3.35;2.48;3.3;8.6;43;57;77;86;32;37;16;8;4;4;14;18;3;1;0;0;1;3;4;4;1.5;0.5;0.75;1.75;0;0.96
2024-12-08;Strasbourg;Reims;FRANCE 1;2024/2025;0;0;0;0;1.0;0.98;1.08;1.26;2.48;3.0;3.7;14.5;48;52;101;80;56;45;6;7;3;3;13;16;1;2;0;0;0;2;3;2;1.83;1.67;1.0;1.38;1;0.96
2025-08-31;Wolfsburg;Mainz;GERMANY 1;2025/2026;1;1;1;0;1.1;1.95;0.0;0.0;2.2;3.8;3.5;15.5;40;60;68;126;27;92;11;17;3;3;15;14;2;5;1;0;-1;-1;3;10;0.0;0.0;3.0;0.0;0;0.96
2026-02-14;Hoffenheim;Freiburg;GERMANY 1;2025/2026;3;0;0;0;2.55;1.18;1.66;1.22;2.84;2.62;3.65;14.5;61;39;95;66;69;21;25;13;7;3;8;6;3;1;0;0;2;2;6;6;2.1;0.82;2.0;1.43;1;0.96
2024-12-08;Cuiaba;Vasco;BRAZIL 1;2024;1;2;1;2;0.99;1.08;1.13;0.96;3.4;2.34;3.3;8.8;33;67;67;129;27;38;8;8;4;4;15;8;0;1;0;0;1;2;2;5;0.78;0.67;0.81;1.27;0;0.96
2024-12-08;Bahia;Atletico GO;BRAZIL 1;2024;2;0;1;0;1.35;1.01;1.49;1.3;1.35;9.4;5.4;40.0;48;52;88;97;42;40;11;9;5;2;15;11;4;1;0;0;2;2;4;5;1.83;0.56;1.35;0.81;1;0.96
2026-02-25;Palmeiras;Fluminense;BRAZIL 1;2026;2;1;2;1;1.63;2.01;1.91;1.46;1.52;7.2;4.4;25.0;35;65;72;103;46;54;14;18;6;7;14;12;3;4;0;0;3;2;5;11;3.0;1.0;2.33;2.33;0;-24.0
2025-11-20;Juventude;Cruzeiro;BRAZIL 1;2025;3;3;2;1;1.5;1.97;1.36;1.26;2.54;3.2;3.25;11.5;36;64;69;89;35;57;12;17;7;7;19;13;4;1;0;0;1;2;3;9;1.31;1.56;0.97;1.94;0;-10.5
2025-04-13;Fortaleza;Internacional;BRAZIL 1;2025;0;0;0;0;1.05;0.8;0.67;0.4;2.5;2.98;3.35;12.5;54;46;91;88;28;40;11;8;2;0;12;13;5;2;1;0;2;0;5;5;3.0;1.0;2.0;2.0;1;0.96
2025-10-18;Fulham;Arsenal;ENGLAND 1;2025/2026;0;1;0;0;0.82;1.9;1.25;1.46;6.0;1.6;4.6;9.8;37;63;43;79;35;77;9;16;0;5;11;4;0;0;0;0;0;2;6;10;2.33;2.0;1.14;2.29;0;0.96
2024-12-08;Boavista;SC Farense;PORTUGAL 1;2024/2025;1;1;0;0;1.4;1.32;1.15;0.9;2.6;3.2;3.15;10.5;53;47;0;0;0;0;12;12;3;5;7;16;2;3;1;1;0;1;5;4;0.2;0.33;0.83;0.67;0;0.96
2024-12-08;Leganes;Real Sociedad;SPAIN 1;2024/2025;0;3;0;1;0.89;1.19;0.87;0.92;5.4;1.94;3.3;5.5;56;44;101;86;32;45;8;8;2;5;12;15;2;2;0;0;5;1;5;3;1.43;1.57;1.0;1.4;0;0.96
2026-01-23;Casa Pia;AVS;PORTUGAL 1;2025/2026;3;3;1;0;1.11;2.71;0.91;0.96;1.88;5.2;3.45;16.0;43;57;65;110;36;65;9;28;4;7;15;13;3;5;0;0;2;0;2;11;0.5;0.13;0.78;0.22;0;0.96
2025-11-01;Atl. Madrid;Sevilla;SPAIN 1;2025/2026;3;0;0;0;1.76;1.02;1.79;1.0;1.43;9.8;5.0;29.0;47;53;118;93;53;33;15;10;6;2;9;12;0;3;0;0;-1;-1;9;4;2.6;1.8;1.9;1.3;1;0.96
2024-12-08;Venezia;Como;ITALY 1;2024/2025;2;2;1;0;0.93;1.21;1.42;1.22;2.82;2.78;3.45;10.5;34;66;62;120;27;57;6;8;5;4;12;10;1;1;0;0;2;0;5;9;1.0;0.63;0.57;0.79;0;0.96
2026-04-18;Napoli;Lazio;ITALY 1;2025/2026;0;0;0;0;0.0;0.0;1.6;1.09;1.98;4.7;3.5;14.5;-1;-1;0;0;0;0;-1;-1;-1;-1;-1;-1;-1;-1;-1;-1;-1;-1;-1;-1;2.43;1.2;2.07;1.43;1;-13.5
2026-01-24;Fiorentina;Cagliari;ITALY 1;2025/2026;1;2;0;1;1.65;1.16;1.7;1.12;1.56;6.8;4.6;27.0;70;30;140;48;67;15;15;10;3;6;11;17;2;3;0;0;1;1;8;3;0.9;0.91;0.81;1.05;0;0.96
2025-12-13;Getafe;Espanyol;SPAIN 1;2025/2026;0;1;0;0;1.1;0.81;1.15;1.52;1.83;6.4;3.3;14.0;56;44;120;67;45;20;11;6;1;4;18;17;5;1;0;0;2;3;6;4;1.57;1.33;1.33;1.8;0;0.96
2024-12-09;Monza;Udinese;ITALY 1;2024/2025;1;2;0;1;2.03;0.86;0.86;1.28;2.74;3.2;3.05;9.6;67;33;138;62;93;19;16;8;5;3;12;16;1;2;0;0;2;1;10;1;0.43;0.71;0.71;1.21;0;0.96
2026-05-01;Freiburg;Wolfsburg;GERMANY 1;2025/2026;0;0;0;0;0.0;0.0;1.65;1.06;2.2;3.65;3.55;14.5;-1;-1;0;0;0;0;-1;-1;-1;-1;-1;-1;-1;-1;-1;-1;-1;-1;-1;-1;1.92;0.92;1.37;0.78;1;0.96
2024-12-13;Empoli;Torino;ITALY 1;2024/2025;0;1;0;0;1.02;1.25;0.71;0.92;2.8;3.2;2.96;8.4;59;41;117;72;38;29;7;12;4;4;7;15;2;3;0;0;1;2;12;3;1.0;1.0;1.27;1.07;0;-7.4
2024-12-13;Valladolid;Valencia;SPAIN 1;2024/2025;1;0;1;0;0.34;1.12;0.97;0.72;3.4;2.54;3.1;8.0;33;67;56;141;19;81;2;6;1;2;10;10;4;3;1;0;4;1;1;7;0.75;0.29;0.56;0.71;1;0.96
2026-03-14;Arsenal;Everton;ENGLAND 1;2025/2026;2;0;0;0;2.67;1.0;1.82;1.09;1.25;15.5;7.2;44.0;65;35;132;68;84;30;25;9;7;3;11;12;0;0;0;0;2;1;8;3;2.5;1.71;2.23;1.48;1;0.96
2026-04-11;Liverpool;Fulham;ENGLAND 1;2025/2026;0;0;0;0;0.0;0.0;1.96;1.24;1.33;10.0;6.4;44.0;-1;-1;0;0;0;0;-1;-1;-1;-1;-1;-1;-1;-1;-1;-1;-1;-1;-1;-1;1.87;1.0;1.58;1.42;1;0.96
2026-02-22;St. Pauli;Werder Bremen;GERMANY 1;2025/2026;2;1;0;0;0.83;1.58;1.4;1.24;2.78;2.78;3.45;11.5;42;58;91;123;39;66;4;13;4;4;6;10;2;6;0;0;5;1;1;5;1.2;0.55;0.77;0.86;0;0.96
2025-12-06;Augsburg;Bayer Leverkusen;GERMANY 1;2025/2026;2;0;2;0;1.42;1.88;1.39;1.19;6.2;1.65;4.2;9.2;32;68;70;143;25;65;13;20;6;2;12;6;4;3;0;0;1;1;5;7;1.0;2.0;0.83;1.92;1;0.96
2026-04-24;Mainz;Bayern Munich;GERMANY 1;2025/2026;0;0;0;0;0.0;0.0;1.53;2.11;7.0;1.51;5.0;11.0;-1;-1;0;0;0;0;-1;-1;-1;-1;-1;-1;-1;-1;-1;-1;-1;-1;-1;-1;1.21;2.54;1.11;2.59;1;0.96
2024-12-14;Union Berlin;Bochum;GERMANY 1;2024/2025;1;1;1;1;2.13;0.87;1.14;1.06;1.62;7.0;4.1;21.0;70;30;136;68;99;30;18;7;4;3;11;9;2;2;0;1;1;0;7;6;1.83;0.0;1.23;0.15;0;0.96
2024-12-14;Reims;Monaco;FRANCE 1;2024/2025;0;0;0;0;0.67;1.27;1.12;1.33;3.8;2.12;3.7;11.5;37;63;90;142;38;57;6;10;0;3;15;22;1;3;0;0;1;6;1;4;1.14;2.0;1.36;2.07;1;0.96
2025-10-04;Auxerre;Lens;FRANCE 1;2025/2026;1;2;0;1;1.75;0.9;0.81;1.07;4.3;2.0;3.65;9.6;57;43;120;76;65;23;18;7;2;4;10;21;3;6;0;1;0;2;2;2;2.0;1.33;1.0;1.67;0;0.96
2026-04-27;Cagliari;Atalanta;ITALY 1;2025/2026;0;0;0;0;0.0;0.0;1.04;1.41;6.4;1.58;4.6;11.0;-1;-1;0;0;0;0;-1;-1;-1;-1;-1;-1;-1;-1;-1;-1;-1;-1;-1;-1;1.07;1.29;1.0;1.67;1;-10.0
2025-12-14;Udinese;Napoli;ITALY 1;2025/2026;1;0;0;0;1.74;0.8;1.55;1.54;5.5;1.84;3.6;7.2;38;62;86;94;36;48;18;7;5;0;16;9;1;0;0;0;1;1;1;3;1.14;1.71;1.29;2.21;1;0.96
2024-12-14;Juventus;Venezia;ITALY 1;2024/2025;2;2;1;0;1.33;0.58;1.28;0.84;1.35;11.5;5.5;34.0;69;31;114;71;57;24;10;4;4;2;9;8;1;3;0;0;2;0;7;4;1.75;0.25;1.8;0.6;0;0.96
2026-01-04;Mallorca;Girona;SPAIN 1;2025/2026;1;2;0;1;1.06;1.18;1.23;1.17;2.56;3.35;3.15;10.5;49;51;110;82;47;45;9;9;2;4;10;14;2;1;0;0;2;0;3;6;1.63;0.75;1.06;0.88;0;0.96
2026-01-12;Sevilla;Celta Vigo;SPAIN 1;2025/2026;0;1;0;0;1.02;1.21;1.43;1.11;2.44;3.35;3.35;12.5;59;41;95;61;59;20;7;9;2;7;16;16;3;3;0;0;4;0;6;1;1.11;1.88;1.11;1.44;0;0.96
2025-11-09;Rayo Vallecano;Real Madrid;SPAIN 1;2025/2026;0;0;0;0;1.32;2.1;1.74;2.14;6.6;1.61;4.2;8.6;46;54;70;108;50;60;13;21;2;5;17;7;3;2;0;0;1;1;5;8;1.25;2.4;1.27;2.73;1;0.96
2025-08-31;Espanyol;Osasuna;SPAIN 1;2025/2026;1;0;0;0;1.21;1.13;1.28;0.28;2.84;2.9;3.25;9.4;45;55;85;92;41;39;10;10;4;3;13;14;2;3;0;0;2;1;2;3;3.0;0.0;2.0;1.5;1;0.96
2024-12-14;SC Farense;Gil Vicente;PORTUGAL 1;2024/2025;0;1;0;0;1.22;0.71;1.01;0.78;2.88;2.86;3.1;9.8;49;51;104;88;53;33;11;5;2;2;13;15;3;2;0;1;2;0;7;1;1.0;0.29;0.69;1.0;0;-8.8
2025-10-04;Nacional;Moreirense;PORTUGAL 1;2025/2026;3;2;1;1;1.92;1.11;1.22;0.66;3.0;2.68;3.15;9.8;58;42;97;55;49;27;17;10;7;4;12;16;1;3;0;1;1;1;2;4;0.0;1.0;1.0;2.14;0;0.96
2024-12-14;Sporting CP;Boavista;PORTUGAL 1;2024/2025;3;2;1;1;2.56;0.81;1.89;0.85;1.11;26.0;14.5;980.0;72;28;0;0;0;0;22;8;7;2;11;6;3;3;0;0;2;2;10;1;2.5;1.29;2.54;0.85;0;0.96
2025-09-20;AVS;Benfica;PORTUGAL 1;2025/2026;0;3;0;1;0.84;2.02;1.18;1.15;19.5;1.19;8.6;10.5;37;63;81;118;36;55;8;19;1;6;17;11;1;1;0;0;0;3;2;1;0.0;3.0;0.2;2.5;0;0.96
2026-05-02;Arouca;Santa Clara;PORTUGAL 1;2025/2026;0;0;0;0;0.0;0.0;1.26;1.3;3.4;2.44;3.25;8.0;-1;-1;0;0;0;0;-1;-1;-1;-1;-1;-1;-1;-1;-1;-1;-1;-1;-1;-1;1.15;0.85;1.07;1.04;1;0.96
2026-01-08;AC Milan;Genoa;ITALY 1;2025/2026;1;1;0;1;3.36;0.7;1.63;1.22;1.51;8.0;4.6;25.0;61;39;145;77;110;15;32;7;8;2;12;8;4;1;0;0;1;1;12;1;2.22;1.0;2.24;0.83;0;0.96
2026-01-18;Bologna;Fiorentina;ITALY 1;2025/2026;1;2;0;2;1.85;1.14;1.67;1.16;3.0;2.76;3.2;9.8;61;39;122;62;69;23;18;11;3;4;14;13;3;0;0;0;0;3;7;1;1.56;0.5;1.5;0.7;0;0.96
2024-12-15;Lecce;Monza;ITALY 1;2024/2025;2;1;2;1;1.07;0.81;1.25;0.74;2.62;3.3;3.1;9.8;45;55;87;95;30;50;9;7;4;0;16;16;1;5;0;0;4;4;2;7;1.29;1.0;0.87;0.67;0;0.96
2026-01-17;Chelsea;Brentford;ENGLAND 1;2025/2026;2;0;1;0;0.81;1.66;1.76;1.14;1.33;9.4;6.6;50.0;46;54;79;107;39;49;6;15;2;5;7;10;3;2;0;0;0;1;3;9;1.5;0.9;1.48;1.57;1;0.96
2025-09-14;Manchester City;Manchester Utd;ENGLAND 1;2025/2026;3;0;1;0;1.49;1.37;1.33;1.17;1.65;5.2;4.8;30.0;45;55;74;126;34;64;13;12;6;2;8;8;0;0;0;0;2;3;2;4;0.0;1.0;1.0;1.33;1;0.96
2026-02-08;Le Havre;Strasbourg;FRANCE 1;2025/2026;2;1;1;1;1.78;1.16;1.46;1.18;3.25;2.52;3.3;10.5;51;49;88;84;48;43;15;10;7;3;15;12;2;1;0;1;2;1;9;3;1.4;1.1;1.0;1.5;0;0.96
2025-10-04;Brest;Nantes;FRANCE 1;2025/2026;0;0;0;0;1.77;0.61;1.78;1.11;2.24;3.85;3.35;12.0;51;49;93;92;49;30;17;6;5;0;11;12;2;1;0;0;1;3;12;3;1.33;0.33;1.17;0.83;1;0.96
2024-12-15;Montpellier;Nice;FRANCE 1;2024/2025;2;2;1;2;1.87;1.52;1.23;1.26;3.15;2.42;3.65;12.5;52;48;97;94;59;38;14;13;8;6;15;13;1;2;0;0;1;0;9;4;1.14;1.14;0.57;1.64;0;0.96
2025-12-06;RB Leipzig;Eintracht Frankfurt;GERMANY 1;2025/2026;6;0;2;0;1.82;0.92;1.91;1.53;2.24;3.2;3.95;20.0;52;48;106;95;44;37;16;8;7;2;9;17;1;2;0;0;1;1;4;0;3.0;1.83;2.17;1.75;1;0.96
2026-02-22;Heidenheim;Stuttgart;GERMANY 1;2025/2026;3;3;2;2;1.26;1.78;1.31;1.83;4.6;1.86;4.0;11.0;34;66;70;130;28;62;10;12;6;8;13;7;0;1;0;0;3;2;3;4;0.82;1.45;0.59;1.91;0;0.96
2026-03-14;Atl. Madrid;Getafe;SPAIN 1;2025/2026;1;0;1;0;1.73;0.93;1.99;1.12;1.4;13.0;4.6;28.0;66;34;105;98;51;37;16;7;5;3;11;11;3;3;0;1;1;4;10;3;2.64;1.31;2.0;1.3;1;0.96
2024-12-15;Barcelona;Leganes;SPAIN 1;2024/2025;0;1;0;1;1.97;0.71;1.85;0.69;1.16;26.0;9.8;110.0;80;20;184;65;101;15;15;5;4;4;5;13;0;2;0;0;3;1;8;2;2.5;0.63;2.24;0.94;0;-109.0
2024-12-15;Real Sociedad;Las Palmas;SPAIN 1;2024/2025;0;0;0;0;1.37;0.76;1.3;0.95;1.46;10.0;4.6;25.0;61;39;127;75;61;22;10;6;4;3;17;13;2;3;0;0;5;4;8;6;1.25;1.13;1.5;1.13;1;0.96
2025-12-13;Rio Ave;Vitoria Guimaraes;PORTUGAL 1;2025/2026;0;1;0;1;0.79;1.63;1.05;1.37;3.75;2.2;3.35;8.8;43;57;59;122;19;56;8;16;2;3;15;15;3;4;1;0;0;1;6;6;1.0;1.0;1.23;1.38;0;0.96
2025-11-01;Villarreal;Rayo Vallecano;SPAIN 1;2025/2026;4;0;1;0;1.81;1.33;2.05;1.24;1.96;4.3;3.75;16.5;47;53;78;106;43;40;16;13;7;3;7;11;1;1;0;0;1;0;3;5;2.6;1.5;2.0;1.4;1;0.96
2025-11-29;Monaco;PSG;FRANCE 1;2025/2026;1;0;0;0;1.26;1.63;1.59;1.85;4.3;1.87;4.1;14.0;43;57;100;99;37;38;10;17;5;4;10;13;3;1;1;0;3;1;4;4;1.86;2.0;1.54;2.31;1;0.96
2025-09-23;Espanyol;Valencia;SPAIN 1;2025/2026;2;2;0;1;2.59;0.67;1.15;0.47;2.74;3.2;3.05;9.0;56;44;124;83;78;28;21;5;10;2;9;9;1;4;0;0;5;2;8;3;3.0;0.0;2.0;1.4;0;0.96
2025-11-29;Nacional;Benfica;PORTUGAL 1;2025/2026;1;2;0;0;0.71;3.22;1.32;1.49;10.5;1.3;5.5;11.5;30;70;71;153;25;108;6;30;2;8;10;8;4;2;0;0;0;1;2;11;0.6;2.6;1.09;2.27;0;0.96
2024-12-20;Girona;Valladolid;SPAIN 1;2024/2025;3;0;2;0;0.0;0.0;1.24;0.76;1.44;9.0;5.0;28.0;-1;-1;0;0;0;0;-1;-1;-1;-1;-1;-1;3;1;0;0;-1;-1;-1;-1;1.63;0.38;1.29;0.71;1;0.96
2026-02-14;Casa Pia;Arouca;PORTUGAL 1;2025/2026;3;2;3;2;1.14;1.14;0.9;1.15;2.44;3.6;3.05;10.0;31;69;58;110;23;47;11;8;4;4;20;9;5;2;0;0;0;1;2;3;0.8;1.1;0.9;1.1;0;0.96
2025-08-22;Bayern Munich;RB Leipzig;GERMANY 1;2025/2026;6;0;3;0;2.26;1.08;0.0;0.0;1.26;12.5;7.4;65.0;63;37;123;55;50;35;19;12;10;1;13;13;4;1;0;0;2;0;5;5;0.0;0.0;0.0;0.0;1;0.96
2025-09-19;Stuttgart;St. Pauli;GERMANY 1;2025/2026;2;0;1;0;1.94;0.94;1.54;1.96;1.51;7.8;4.7;29.0;54;46;116;93;41;31;17;9;8;2;13;15;0;2;0;0;2;0;8;4;3.0;3.0;1.0;2.33;1;-28.0
2025-10-24;Werder Bremen;Union Berlin;GERMANY 1;2025/2026;1;0;0;0;1.51;1.27;1.49;1.13;2.16;3.95;3.45;13.5;58;42;115;92;39;51;16;12;3;2;6;13;4;0;0;0;0;2;5;6;1.33;1.0;1.14;1.43;1;0.96
2025-10-27;Moreirense;FC Porto;PORTUGAL 1;2025/2026;1;2;1;1;0.77;1.96;1.36;1.7;7.6;1.52;4.5;7.0;39;61;46;122;27;63;8;16;1;7;15;13;3;1;0;0;0;5;2;7;3.0;3.0;1.88;2.75;0;0.96
2024-12-21;Boavista;AVS;PORTUGAL 1;2024/2025;0;0;0;0;1.38;0.7;1.19;0.86;2.32;3.65;3.2;12.0;44;56;123;103;46;42;12;5;4;1;9;14;1;2;0;0;2;2;5;1;0.33;0.5;0.79;0.86;1;0.96
2024-12-21;Famalicao;SC Farense;PORTUGAL 1;2024/2025;1;2;0;1;1.04;0.93;0.89;0.96;1.87;5.2;3.45;15.5;74;26;136;58;53;27;9;6;1;5;5;19;3;6;0;0;0;2;7;4;1.43;0.43;1.36;0.64;0;0.96
2026-05-12;Getafe;Mallorca;SPAIN 1;2025/2026;0;0;0;0;0.0;0.0;1.08;1.07;2.52;4.0;2.78;8.2;-1;-1;0;0;0;0;-1;-1;-1;-1;-1;-1;-1;-1;-1;-1;-1;-1;-1;-1;1.29;0.4;1.31;0.97;1;-7.2
2025-10-19;Celta Vigo;Real Sociedad;SPAIN 1;2025/2026;1;1;1;0;0.45;2.05;1.73;1.36;3.05;2.7;3.2;8.8;41;59;61;125;16;67;4;17;1;7;10;20;3;3;1;0;1;8;1;10;0.8;0.25;0.75;0.63;0;0.96
2025-12-02;Barcelona;Atl. Madrid;SPAIN 1;2025/2026;3;1;1;1;2.01;0.87;2.27;1.41;1.98;4.0;3.95;21.0;58;42;98;95;55;38;19;7;6;2;12;9;1;1;0;0;1;4;5;4;3.0;1.5;2.43;2.21;0;0.96
2026-02-15;Torino;Bologna;ITALY 1;2025/2026;1;2;0;0;0.77;1.76;1.42;1.19;3.6;2.52;3.0;7.6;47;53;63;92;25;44;7;15;2;7;14;10;3;1;0;0;2;1;4;2;1.17;1.33;1.13;1.25;0;0.96
2026-02-07;Genoa;Napoli;ITALY 1;2025/2026;2;3;1;2;1.32;1.4;1.31;1.43;6.2;1.71;3.85;6.8;40;60;108;82;47;22;12;14;3;5;16;12;2;3;0;1;1;1;4;3;1.08;1.58;1.0;2.0;0;0.96
2026-01-24;Lecce;Lazio;ITALY 1;2025/2026;0;0;0;0;1.44;0.76;1.18;1.12;5.9;1.69;4.0;8.2;39;61;105;98;49;41;15;6;2;1;16;6;2;1;0;0;-1;-1;4;1;0.82;1.2;0.81;1.33;1;0.96
2025-10-26;Aston Villa;Manchester City;ENGLAND 1;2025/2026;1;0;1;0;1.0;1.91;1.25;1.26;3.4;2.18;3.95;15.0;47;53;81;110;29;69;9;18;3;4;8;16;1;4;0;0;1;3;5;6;1.75;1.75;1.5;2.0;1;0.96
2026-05-24;Crystal Palace;Arsenal;ENGLAND 1;2025/2026;0;0;0;0;0.0;0.0;1.49;1.57;7.4;1.54;4.6;8.2;-1;-1;0;0;0;0;-1;-1;-1;-1;-1;-1;-1;-1;-1;-1;-1;-1;-1;-1;1.07;2.0;1.3;2.26;1;0.96
2025-11-09;Eintracht Frankfurt;Mainz;GERMANY 1;2025/2026;1;0;0;0;1.51;0.56;1.57;1.55;1.9;4.4;4.0;20.0;56;44;94;122;48;48;14;3;4;0;8;14;0;5;0;0;1;1;4;3;1.5;1.0;1.56;0.56;1;0.96
2024-12-21;Holstein Kiel;Augsburg;GERMANY 1;2024/2025;5;1;4;1;1.05;1.3;1.06;0.74;3.35;2.4;3.45;11.0;38;62;91;107;24;53;7;10;6;4;11;13;0;4;0;0;2;1;3;8;0.43;0.33;0.36;1.14;0;0.96
2025-10-26;Bayer Leverkusen;Freiburg;GERMANY 1;2025/2026;2;0;1;0;1.92;1.1;1.62;1.24;1.4;9.2;5.4;34.0;69;31;114;72;61;36;19;10;4;3;9;8;1;1;0;1;1;0;2;3;1.75;1.33;2.0;1.29;1;0.96
2026-01-02;Gil Vicente;Sporting CP;PORTUGAL 1;2025/2026;1;1;0;1;2.14;1.47;1.58;2.02;9.4;1.36;6.0;10.5;36;64;70;98;44;42;19;14;9;4;17;14;3;3;0;1;1;0;8;7;1.86;2.75;1.69;2.56;0;0.96
2026-03-21;Everton;Chelsea;ENGLAND 1;2025/2026;3;0;1;0;1.43;1.51;1.49;1.49;5.5;1.7;4.3;11.0;36;64;49;117;24;64;10;12;9;4;5;7;0;2;0;0;-1;-1;3;9;1.27;1.67;1.43;1.6;1;0.96
2024-12-22;Fulham;Southampton;ENGLAND 1;2024/2025;0;0;0;0;1.54;0.36;1.45;0.89;1.46;8.0;5.2;32.0;57;43;119;77;67;21;11;2;5;1;8;15;1;3;0;0;1;2;6;5;1.75;0.13;1.5;0.31;1;0.96
2025-12-15;Manchester Utd;Bournemouth;ENGLAND 1;2025/2026;4;4;2;1;2.56;1.86;2.02;1.46;1.87;4.5;4.0;23.0;57;43;93;106;50;47;25;14;9;9;15;12;2;3;0;0;0;1;5;4;1.86;0.71;1.67;1.33;0;0.96
2025-12-20;Real Madrid;Sevilla;SPAIN 1;2025/2026;2;0;1;0;2.07;1.43;2.39;1.12;1.32;11.0;6.2;44.0;53;47;108;64;51;28;18;14;8;5;13;19;2;5;0;1;1;0;6;5;2.57;1.25;2.29;1.25;1;0.96
2024-12-22;Leganes;Villarreal;SPAIN 1;2024/2025;2;5;2;2;0.59;1.87;0.87;1.31;4.4;1.99;3.6;8.8;36;64;53;85;17;40;4;15;3;9;17;15;1;2;2;0;2;1;1;5;1.25;1.75;1.06;1.59;0;0.96
2024-12-22;Venezia;Cagliari;ITALY 1;2024/2025;2;1;1;0;1.26;1.77;1.35;0.87;2.62;3.05;3.35;13.0;32;68;70;131;28;62;10;13;6;7;7;11;1;2;0;0;4;3;4;8;1.0;0.71;0.63;0.88;0;0.96
2024-12-22;Bochum;Heidenheim;GERMANY 1;2024/2025;2;0;2;0;1.21;0.75;1.1;1.03;2.3;3.45;3.55;15.5;51;49;152;98;46;38;9;5;4;2;18;15;2;7;0;0;2;0;5;2;0.33;0.86;0.21;0.71;1;0.96
2024-12-22;Monza;Juventus;ITALY 1;2024/2025;1;2;1;2;1.47;1.84;1.01;1.01;6.8;1.67;3.8;6.6;45;55;98;109;50;53;12;13;5;9;7;13;1;1;0;0;-1;-1;3;7;0.38;1.86;0.63;1.75;0;0.96
2024-12-22;Atalanta;Empoli;ITALY 1;2024/2025;3;2;2;1;1.79;0.68;1.62;0.84;1.29;14.5;6.2;42.0;65;35;121;83;65;19;13;5;7;3;11;15;1;1;0;0;1;1;6;3;2.57;1.5;2.31;1.19;0;0.96
2024-12-22;Las Palmas;Espanyol;SPAIN 1;2024/2025;1;0;0;0;1.2;0.76;1.21;0.71;1.95;4.7;3.55;14.5;58;42;95;76;39;32;10;6;4;2;9;16;4;2;0;0;2;2;2;2;1.13;0.13;1.12;0.88;1;0.96
2026-01-02;Vitoria Guimaraes;Nacional;PORTUGAL 1;2025/2026;2;1;0;0;1.24;1.36;1.37;1.37;1.45;9.2;4.8;28.0;57;43;91;85;53;27;9;14;4;4;20;18;1;3;0;0;3;2;2;3;1.5;1.25;1.38;1.07;0;0.96
2025-12-21;Fiorentina;Udinese;ITALY 1;2025/2026;5;1;3;0;2.06;1.18;1.47;1.18;1.63;6.4;4.1;23.0;63;37;88;77;44;28;20;11;7;4;10;8;3;1;0;1;0;2;1;4;0.29;1.43;0.4;1.4;0;0.96
2025-10-18;Manchester City;Everton;ENGLAND 1;2025/2026;2;0;0;0;2.21;0.58;1.75;1.06;1.37;9.2;5.9;38.0;71;29;118;54;72;26;19;5;7;1;8;14;0;2;0;0;0;1;11;3;2.0;1.0;1.86;1.57;1;0.96
2026-05-02;Bournemouth;Crystal Palace;ENGLAND 1;2025/2026;0;0;0;0;0.0;0.0;1.61;1.15;1.94;4.1;4.0;19.0;-1;-1;0;0;0;0;-1;-1;-1;-1;-1;-1;-1;-1;-1;-1;-1;-1;-1;-1;1.63;1.53;1.35;1.3;1;0.96
2024-12-26;Liverpool;Leicester;ENGLAND 1;2024/2025;3;1;1;1;2.11;0.35;1.6;0.96;1.1;32.0;16.0;140.0;69;31;156;44;101;12;14;3;7;1;17;5;3;2;0;0;3;2;14;1;2.38;0.63;2.44;0.82;0;0.96
2025-08-30;Chelsea;Fulham;ENGLAND 1;2025/2026;2;0;1;0;1.62;1.17;1.89;0.9;1.48;7.0;5.3;34.0;54;46;97;92;52;36;13;11;6;3;11;17;2;2;0;0;3;1;6;4;1.0;1.0;2.0;1.0;1;0.96
2025-12-28;Arouca;Gil Vicente;PORTUGAL 1;2025/2026;2;2;2;1;1.12;1.77;1.27;1.39;2.4;3.55;3.25;10.5;46;54;91;85;26;49;9;17;5;5;13;5;5;2;0;0;2;6;4;8;1.0;1.63;0.87;1.73;0;0.96
2024-12-28;Parma;Monza;ITALY 1;2024/2025;2;1;0;0;0.72;1.22;1.21;0.75;2.38;3.25;3.6;15.0;44;56;79;65;34;43;4;10;3;4;16;21;3;6;0;1;0;5;4;6;0.89;0.88;0.88;0.59;0;0.96
2024-12-28;Empoli;Genoa;ITALY 1;2024/2025;1;2;0;0;1.56;1.23;0.75;0.84;2.66;3.4;3.0;9.0;59;41;96;110;41;33;11;10;8;5;16;13;1;2;0;0;2;1;7;4;0.88;1.43;1.12;0.94;0;0.96
2024-12-28;FC Porto;Boavista;PORTUGAL 1;2024/2025;4;0;1;0;1.55;0.29;1.85;0.85;1.13;27.0;11.0;90.0;76;24;88;54;42;12;12;2;7;1;12;15;4;2;0;0;1;3;4;1;3.0;1.13;2.47;0.8;1;0.96
2026-02-14;Lazio;Atalanta;ITALY 1;2025/2026;0;2;0;1;1.85;1.3;1.39;1.29;3.15;2.5;3.5;12.5;50;50;92;67;51;27;18;12;5;5;10;16;1;4;0;0;3;1;5;4;1.58;1.27;1.38;1.63;0;0.96
2026-05-09;Fulham;Bournemouth;ENGLAND 1;2025/2026;0;0;0;0;0.0;0.0;1.52;1.55;2.4;3.2;3.65;15.5;-1;-1;0;0;0;0;-1;-1;-1;-1;-1;-1;-1;-1;-1;-1;-1;-1;-1;-1;1.81;1.07;1.42;1.35;1;0.96
2024-12-29;Crystal Palace;Southampton;ENGLAND 1;2024/2025;2;1;1;1;1.93;0.85;1.21;0.84;1.67;6.0;4.1;22.0;46;54;100;102;56;34;13;6;10;3;18;19;2;3;0;0;2;1;8;7;0.78;0.22;0.94;0.33;0;0.96
2024-12-29;Leicester;Manchester City;ENGLAND 1;2024/2025;0;2;0;1;1.19;1.37;0.95;1.7;10.0;1.33;6.4;14.5;54;46;96;88;46;45;9;11;4;5;11;6;2;1;0;0;3;2;4;4;1.0;1.22;0.78;1.56;0;0.96
2024-12-29;SC Farense;Vitoria Guimaraes;PORTUGAL 1;2024/2025;2;2;1;0;0.64;2.7;1.04;1.2;4.6;1.93;3.6;8.0;33;67;80;125;23;57;5;23;2;12;12;15;2;3;0;0;2;2;6;9;0.86;1.13;0.8;1.53;0;0.96
2025-08-17;Rio Ave;Nacional;PORTUGAL 1;2025/2026;1;1;1;0;2.1;1.57;0.0;0.0;2.22;3.85;3.3;14.0;62;38;77;87;29;46;20;13;9;6;16;18;2;3;0;1;-1;-1;6;6;0.0;0.0;0.0;0.0;0;0.96
2026-04-19;Sporting CP;Benfica;PORTUGAL 1;2025/2026;0;0;0;0;0.0;0.0;2.24;1.83;2.48;2.92;3.8;15.0;-1;-1;0;0;0;0;-1;-1;-1;-1;-1;-1;-1;-1;-1;-1;-1;-1;-1;-1;2.58;2.54;2.5;2.41;1;0.96
2026-05-16;Juventus;Fiorentina;ITALY 1;2025/2026;0;0;0;0;0.0;0.0;2.19;1.16;1.96;5.2;3.25;15.5;-1;-1;0;0;0;0;-1;-1;-1;-1;-1;-1;-1;-1;-1;-1;-1;-1;-1;-1;2.0;0.93;1.8;0.97;1;0.96
2024-12-29;Napoli;Venezia;ITALY 1;2024/2025;1;0;0;0;2.28;0.54;1.35;0.81;1.28;15.0;6.4;44.0;67;33;142;90;71;26;19;3;8;2;10;12;0;3;0;0;1;1;14;4;2.25;0.33;2.24;0.76;1;0.96
2026-05-02;Udinese;Torino;ITALY 1;2025/2026;0;0;0;0;0.0;0.0;1.35;1.26;2.26;4.3;3.0;11.5;-1;-1;0;0;0;0;-1;-1;-1;-1;-1;-1;-1;-1;-1;-1;-1;-1;-1;-1;1.27;0.87;1.3;1.1;1;0.96
2026-02-28;Como;Lecce;ITALY 1;2025/2026;3;1;3;1;1.6;0.67;1.79;1.0;1.8;5.5;3.8;16.5;69;31;97;78;48;28;12;5;7;2;15;12;0;1;0;0;1;2;5;1;1.77;0.92;1.73;0.92;0;0.96
2025-08-10;Famalicao;Santa Clara;PORTUGAL 1;2025/2026;3;0;2;0;0.87;0.77;0.0;0.0;2.9;3.05;2.98;8.8;46;54;81;86;37;25;6;7;3;2;20;15;4;2;0;0;-1;-1;2;3;0.0;0.0;0.0;0.0;1;0.96
2026-03-08;Nice;Rennes;FRANCE 1;2025/2026;0;4;0;2;1.39;1.48;1.4;1.19;2.3;3.6;3.4;13.0;40;60;100;105;50;40;14;12;2;6;9;8;2;1;0;0;4;3;7;1;1.42;1.33;1.0;1.67;0;0.96
2025-12-23;Vitoria Guimaraes;Sporting CP;PORTUGAL 1;2025/2026;1;4;0;2;1.76;1.73;1.32;2.06;4.1;2.04;3.65;9.0;44;56;80;81;48;32;17;16;5;7;21;14;3;5;1;0;1;1;2;5;1.71;2.71;1.5;2.5;0;0.96
2026-02-08;Valencia;Real Madrid;SPAIN 1;2025/2026;0;2;0;0;0.77;1.52;1.47;2.05;8.8;1.43;5.1;9.6;40;60;83;101;44;55;7;11;0;6;10;13;1;1;0;0;1;3;5;8;1.55;2.18;1.05;2.45;0;0.96
2025-09-13;Fiorentina;Napoli;ITALY 1;2025/2026;1;3;0;2;1.75;1.74;0.0;1.32;3.15;2.68;3.2;9.4;53;47;100;90;48;31;19;14;3;9;14;14;0;0;0;0;0;1;8;5;0.0;3.0;1.0;3.0;0;0.96
2025-01-04;Venezia;Empoli;ITALY 1;2024/2025;1;1;1;1;0.77;1.55;1.34;0.82;2.44;3.5;3.2;11.5;50;50;100;127;32;59;5;11;3;6;15;14;1;2;0;0;2;1;2;8;1.25;1.33;0.72;1.06;0;0.96
2025-01-04;Aston Villa;Leicester;ENGLAND 1;2024/2025;2;1;0;0;1.32;0.6;1.38;0.89;1.35;10.0;6.0;40.0;61;39;121;75;62;27;8;4;5;2;10;11;0;1;0;0;1;1;6;2;1.9;0.56;1.53;0.74;0;0.96
2025-12-02;Bournemouth;Everton;ENGLAND 1;2025/2026;0;1;0;0;0.76;1.53;1.77;0.85;1.77;5.3;4.0;18.5;55;45;92;96;41;70;5;13;2;3;14;14;3;3;0;0;1;1;1;6;2.33;1.17;1.46;1.38;0;0.96
2026-01-25;Crystal Palace;Chelsea;ENGLAND 1;2025/2026;1;3;0;1;1.67;1.32;1.46;1.49;3.9;2.02;4.0;13.5;43;57;109;76;49;37;13;10;7;6;11;10;3;2;1;0;2;1;4;5;1.09;1.45;1.27;1.55;0;0.96
2025-01-04;Southampton;Brentford;ENGLAND 1;2024/2025;0;5;0;1;0.77;2.22;1.0;0.81;3.25;2.32;3.75;13.5;51;49;110;87;42;44;6;18;1;11;10;4;2;0;0;0;1;2;2;2;0.44;0.22;0.32;1.26;0;0.96
2025-01-04;Boavista;Arouca;PORTUGAL 1;2024/2025;1;3;0;1;0.95;1.35;1.22;0.94;3.7;2.42;3.1;7.8;33;67;90;66;41;34;8;12;2;5;8;18;4;7;1;0;3;3;3;3;0.43;0.5;0.75;0.75;0;0.96
2026-05-16;Moreirense;AVS;PORTUGAL 1;2025/2026;0;0;0;0;0.0;0.0;0.94;1.06;1.87;5.1;3.45;17.0;-1;-1;0;0;0;0;-1;-1;-1;-1;-1;-1;-1;-1;-1;-1;-1;-1;-1;-1;1.54;0.31;1.3;0.41;1;0.96
2026-03-01;Lille;Nantes;FRANCE 1;2025/2026;1;0;0;0;1.13;0.42;1.75;1.03;1.58;6.8;4.3;21.0;73;27;91;54;48;21;9;3;3;1;11;15;3;1;0;0;3;2;4;1;1.82;0.82;1.61;0.74;1;0.96
2026-04-17;Lens;Toulouse;FRANCE 1;2025/2026;0;0;0;0;0.0;0.0;1.79;1.31;2.06;4.3;3.5;14.5;-1;-1;0;0;0;0;-1;-1;-1;-1;-1;-1;-1;-1;-1;-1;-1;-1;-1;-1;2.57;1.31;2.19;1.37;1;-13.5
2025-10-29;Strasbourg;Auxerre;FRANCE 1;2025/2026;3;0;0;0;2.04;0.73;1.56;1.31;1.91;4.5;3.75;21.0;64;36;125;66;36;38;18;6;9;1;11;16;1;1;0;0;1;1;4;3;2.25;0.25;1.78;0.78;1;0.96
2025-10-19;Liverpool;Manchester Utd;ENGLAND 1;2025/2026;1;2;0;1;2.14;1.25;1.51;1.37;1.31;10.5;6.8;44.0;64;36;121;85;72;28;19;12;6;4;8;14;0;2;0;0;1;1;9;4;3.0;0.33;2.14;1.43;0;0.96
2026-03-13;Torino;Parma;ITALY 1;2025/2026;4;1;1;1;1.58;0.88;1.38;1.1;1.89;4.9;3.65;16.5;50;50;87;96;29;39;15;6;6;3;17;13;1;3;0;0;4;3;2;7;1.21;1.43;1.07;1.21;0;0.96
2025-01-05;Santa Clara;SC Farense;PORTUGAL 1;2024/2025;0;0;0;0;1.85;0.29;1.21;0.96;1.7;6.4;3.45;21.0;69;31;119;73;75;19;14;1;6;1;16;15;3;3;0;1;1;0;13;2;2.25;0.75;1.88;0.81;1;0.96
2025-09-21;Casa Pia;Famalicao;PORTUGAL 1;2025/2026;1;1;0;0;1.12;1.15;0.97;1.53;2.16;4.3;3.2;12.0;53;47;93;75;37;44;10;11;3;2;18;21;1;2;0;0;1;2;5;3;0.0;3.0;1.2;2.0;0;0.96
2025-01-05;Monza;Cagliari;ITALY 1;2024/2025;1;2;1;1;0.85;1.16;1.06;0.98;2.58;3.15;3.35;12.0;53;47;89;96;45;42;6;9;2;4;16;19;2;2;1;0;2;2;1;3;0.33;0.63;0.56;0.78;0;0.96
2026-05-23;Lecce;Genoa;ITALY 1;2025/2026;0;0;0;0;0.0;0.0;1.17;1.22;2.86;3.05;3.05;9.4;-1;-1;0;0;0;0;-1;-1;-1;-1;-1;-1;-1;-1;-1;-1;-1;-1;-1;-1;1.07;1.0;0.9;1.1;1;0.96
2025-12-20;Gil Vicente;Rio Ave;PORTUGAL 1;2025/2026;2;2;1;1;2.24;0.49;1.47;1.2;2.26;3.85;3.25;13.0;54;46;96;55;62;21;23;3;5;2;16;16;3;4;0;1;1;2;10;1;2.0;1.43;1.79;1.14;0;0.96
2026-01-19;Lazio;Como;ITALY 1;2025/2026;0;3;0;2;1.0;1.3;1.42;1.46;1.97;4.5;3.6;14.5;34;66;77;84;29;24;8;11;4;6;14;9;4;3;0;0;1;0;3;2;1.6;1.5;1.4;1.7;0;0.96
2025-10-29;Nantes;Monaco;FRANCE 1;2025/2026;3;5;2;2;1.72;2.07;0.9;1.12;5.0;1.84;3.85;9.0;48;52;103;94;32;33;18;19;5;9;13;17;3;7;0;0;0;2;1;3;1.0;1.0;1.0;1.89;0;0.96
2025-12-14;Auxerre;Lille;FRANCE 1;2025/2026;3;4;0;1;2.18;1.17;1.24;1.74;5.0;1.8;3.9;9.6;45;55;80;103;69;42;18;8;8;5;21;10;4;2;2;2;-1;-1;10;3;1.25;1.43;0.8;1.93;0;0.96
2025-09-21;Rayo Vallecano;Celta Vigo;SPAIN 1;2025/2026;1;1;0;0;1.74;1.25;1.46;0.83;2.88;2.9;3.2;10.0;59;41;117;75;60;46;15;9;5;5;8;10;1;1;0;0;1;0;5;7;1.0;1.0;1.0;0.8;0;0.96
2025-01-11;Reims;Nice;FRANCE 1;2024/2025;2;4;1;2;1.22;1.81;1.06;1.29;2.88;2.66;3.5;12.5;55;45;97;94;43;40;11;13;3;10;13;7;4;2;0;0;0;3;6;3;1.13;1.13;1.25;1.69;0;0.96
2026-03-21;Sevilla;Valencia;SPAIN 1;2025/2026;0;0;0;0;0.0;0.0;1.32;1.03;2.16;4.0;3.45;11.5;-1;-1;0;0;0;0;-1;-1;-1;-1;-1;-1;-1;-1;-1;-1;-1;-1;-1;-1;1.14;0.64;1.11;1.14;1;0.96
2025-01-11;Espanyol;Leganes;SPAIN 1;2024/2025;1;1;1;1;1.37;1.52;0.99;0.69;2.2;4.4;3.1;11.0;53;47;109;87;53;38;10;13;5;6;15;19;2;2;0;1;2;1;8;4;1.56;0.89;0.83;1.0;0;0.96
2025-11-01;Udinese;Atalanta;ITALY 1;2025/2026;1;0;1;0;1.34;0.6;1.5;1.37;5.8;1.68;4.2;9.4;40;60;81;82;40;38;11;5;5;0;14;11;1;3;0;0;0;3;5;4;1.25;1.5;1.33;1.44;1;0.96
2025-01-11;Empoli;Lecce;ITALY 1;2024/2025;1;3;0;2;1.5;1.34;0.84;0.98;1.98;5.1;3.3;13.5;50;50;145;89;60;30;11;11;5;6;11;21;0;3;0;0;2;3;9;2;0.78;0.44;1.05;0.89;0;0.96
2026-05-23;Torino;Juventus;ITALY 1;2025/2026;0;0;0;0;0.0;0.0;1.39;1.69;5.3;1.98;3.25;6.4;-1;-1;0;0;0;0;-1;-1;-1;-1;-1;-1;-1;-1;-1;-1;-1;-1;-1;-1;1.33;1.6;1.1;1.8;1;0.96
2026-05-23;AC Milan;Cagliari;ITALY 1;2025/2026;0;0;0;0;0.0;0.0;1.76;1.11;1.37;10.0;5.8;36.0;-1;-1;0;0;0;0;-1;-1;-1;-1;-1;-1;-1;-1;-1;-1;-1;-1;-1;-1;2.07;0.93;2.1;1.0;1;0.96
2025-01-11;Freiburg;Holstein Kiel;GERMANY 1;2024/2025;3;2;2;0;1.22;1.37;1.46;1.01;1.44;8.2;5.3;32.0;51;49;103;94;40;33;9;10;5;7;9;12;2;3;0;0;1;4;7;1;2.29;0.29;1.6;0.53;0;0.96
2026-04-11;Heidenheim;Union Berlin;GERMANY 1;2025/2026;0;0;0;0;0.0;0.0;1.27;1.29;3.25;2.48;3.35;9.6;-1;-1;0;0;0;0;-1;-1;-1;-1;-1;-1;-1;-1;-1;-1;-1;-1;-1;-1;0.79;1.0;0.56;1.15;1;0.96
2025-01-11;Mainz;Bochum;GERMANY 1;2024/2025;2;0;1;0;1.21;0.72;1.34;1.04;1.64;6.0;4.4;23.0;58;42;129;104;38;34;9;5;5;2;6;16;0;2;0;0;5;1;5;6;1.38;0.13;1.67;0.4;1;0.96
2026-03-08;St. Pauli;Eintracht Frankfurt;GERMANY 1;2025/2026;0;0;0;0;1.1;0.99;1.35;1.26;3.6;2.24;3.55;11.5;28;72;76;124;37;45;11;8;2;2;13;8;3;1;0;0;1;1;6;5;1.36;1.17;0.96;1.42;1;-10.5
2026-03-14;Hoffenheim;Wolfsburg;GERMANY 1;2025/2026;1;1;0;0;2.36;0.63;1.82;1.1;2.46;3.05;3.7;17.0;69;31;115;86;95;31;20;4;6;2;10;10;0;3;0;0;2;1;16;4;2.0;0.92;1.96;0.8;0;-16.0
2025-10-19;Genoa;Parma;ITALY 1;2025/2026;0;0;0;0;2.32;0.19;1.12;1.4;2.04;4.2;3.6;16.5;69;31;107;46;53;17;23;1;7;0;15;12;2;4;0;1;2;1;3;0;0.33;0.33;0.33;0.83;1;0.96
2026-03-22;Augsburg;Stuttgart;GERMANY 1;2025/2026;2;5;0;3;1.66;1.63;1.41;1.79;3.85;2.06;3.8;11.5;39;61;96;102;48;34;13;13;7;8;11;14;1;3;0;0;2;1;2;5;1.62;1.38;1.19;1.92;0;-10.5
2025-11-23;RB Leipzig;Werder Bremen;GERMANY 1;2025/2026;2;0;0;0;2.7;1.67;1.72;1.13;1.86;4.4;4.2;23.0;52;48;127;78;55;42;22;15;13;6;5;7;1;2;0;0;1;2;13;7;3.0;1.0;2.2;1.5;1;0.96
2025-01-12;Las Palmas;Getafe;SPAIN 1;2024/2025;1;2;0;0;1.44;0.98;1.21;0.92;2.68;3.4;2.98;9.0;64;36;109;89;33;35;11;8;7;3;14;17;2;3;0;0;2;3;4;5;1.33;0.25;1.22;0.89;0;0.96
2025-12-06;Toulouse;Strasbourg;FRANCE 1;2025/2026;1;0;1;0;0.73;0.52;1.76;1.22;1.84;4.9;3.9;18.5;28;72;68;124;18;42;6;3;3;0;21;13;3;3;0;0;1;3;1;2;1.29;1.0;1.21;1.57;1;0.96
2025-08-24;Le Havre;Lens;FRANCE 1;2025/2026;1;2;1;2;2.04;0.78;0.0;0.0;6.8;1.65;3.95;7.6;57;43;120;68;67;25;18;6;6;3;17;16;3;1;0;0;2;0;7;0;0.0;0.0;0.0;0.0;0;0.96
2025-10-18;Atl. Madrid;Osasuna;SPAIN 1;2025/2026;1;0;0;0;2.14;0.94;1.7;0.83;1.33;12.5;5.8;34.0;59;41;82;69;53;32;18;9;9;2;10;11;1;3;0;0;6;1;4;2;2.5;0.0;1.63;1.25;1;0.96
2025-01-13;Monza;Fiorentina;ITALY 1;2024/2025;2;1;1;0;1.02;1.34;1.04;1.13;4.6;1.97;3.55;8.0;34;66;69;122;24;69;10;11;3;2;26;9;4;1;0;0;0;1;2;4;0.3;1.67;0.53;1.78;0;0.96
2025-11-30;Real Sociedad;Villarreal;SPAIN 1;2025/2026;2;3;0;1;2.03;1.28;1.5;1.09;2.12;3.95;3.5;14.0;60;40;142;70;54;41;18;10;7;5;15;18;3;7;0;0;1;0;8;2;1.67;1.67;1.23;2.23;0;0.96
2025-12-30;Chelsea;Bournemouth;ENGLAND 1;2025/2026;2;2;2;2;2.07;1.89;1.72;1.63;1.65;5.5;4.6;30.0;67;33;114;73;110;56;17;17;3;6;5;12;1;1;0;0;0;1;12;3;1.56;0.67;1.61;1.22;0;0.96
2025-10-05;Brentford;Manchester City;ENGLAND 1;2025/2026;0;1;0;1;0.72;1.25;1.15;1.26;5.2;1.67;4.6;16.5;30;70;71;140;37;44;6;10;1;4;10;6;3;2;0;0;1;1;3;2;2.33;1.33;1.17;1.67;0;0.96
2026-02-28;Bayer Leverkusen;Mainz;GERMANY 1;2025/2026;1;1;0;0;1.65;1.11;1.75;1.14;1.43;8.4;5.3;34.0;66;34;136;102;74;44;12;8;5;4;9;13;1;2;0;0;2;0;6;2;2.0;0.82;1.77;0.96;0;0.96
2026-01-15;Como;AC Milan;ITALY 1;2025/2026;1;3;1;1;2.18;0.86;1.62;1.33;4.2;2.02;3.7;10.5;68;32;137;57;66;18;18;7;8;4;7;5;1;0;0;0;0;3;8;4;2.11;2.11;1.79;2.11;0;0.96
2026-04-11;Atalanta;Juventus;ITALY 1;2025/2026;0;0;0;0;0.0;0.0;1.85;1.69;2.18;3.95;3.4;13.5;-1;-1;0;0;0;0;-1;-1;-1;-1;-1;-1;-1;-1;-1;-1;-1;-1;-1;-1;2.0;1.6;1.67;1.8;1;0.96
2026-03-01;Eintracht Frankfurt;Freiburg;GERMANY 1;2025/2026;2;0;0;0;1.7;0.62;1.46;1.22;1.87;4.2;4.1;21.0;63;37;91;64;36;30;15;4;7;2;9;11;1;2;0;0;2;1;5;6;1.55;0.75;1.35;1.43;1;0.96
2025-01-15;Leicester;Crystal Palace;ENGLAND 1;2024/2025;0;2;0;0;1.97;1.12;0.98;1.27;4.0;2.06;3.75;10.5;57;43;120;107;50;36;21;9;4;4;7;6;0;0;0;0;1;3;4;3;0.9;1.11;0.7;1.05;0;0.96
2026-02-08;Bayern Munich;Hoffenheim;GERMANY 1;2025/2026;5;1;3;1;3.26;1.1;2.33;1.35;1.13;26.0;12.0;120.0;55;45;119;68;81;34;27;9;14;4;11;9;2;2;0;1;3;0;8;3;2.5;2.1;2.55;2.1;0;0.96
2025-01-15;Bochum;St. Pauli;GERMANY 1;2024/2025;1;0;0;0;0.88;1.31;1.12;1.0;2.72;2.96;3.3;10.5;51;49;94;104;32;48;9;13;1;2;7;15;1;3;0;1;3;2;6;7;0.71;1.13;0.38;0.88;1;0.96
2026-02-28;Werder Bremen;Heidenheim;GERMANY 1;2025/2026;2;0;0;0;1.82;0.78;1.68;1.26;1.74;5.1;4.3;24.0;49;51;108;79;45;29;17;9;6;0;14;9;1;0;0;0;2;0;3;2;1.18;0.36;0.83;0.61;1;0.96
2026-05-16;Union Berlin;Augsburg;GERMANY 1;2025/2026;0;0;0;0;0.0;0.0;1.3;1.39;2.1;4.2;3.4;13.5;-1;-1;0;0;0;0;-1;-1;-1;-1;-1;-1;-1;-1;-1;-1;-1;-1;-1;-1;1.31;0.77;1.15;1.15;1;0.96
2026-03-15;Stuttgart;RB Leipzig;GERMANY 1;2025/2026;1;0;0;0;1.45;1.2;1.77;1.6;1.94;4.1;4.1;26.0;57;43;129;78;47;48;13;9;4;4;3;14;1;2;0;0;0;1;5;6;2.42;1.75;1.88;1.88;1;0.96
2025-09-13;Everton;Aston Villa;ENGLAND 1;2025/2026;0;0;0;0;1.88;0.76;1.24;1.81;3.55;2.38;3.3;8.6;48;52;95;87;68;33;20;7;2;1;17;15;3;3;0;0;2;2;10;3;3.0;0.0;2.0;0.33;1;-7.6
2025-01-16;Manchester Utd;Southampton;ENGLAND 1;2024/2025;3;1;0;1;2.45;1.44;1.35;0.84;1.32;11.0;6.4;42.0;59;41;76;115;53;35;23;13;9;5;7;10;1;3;0;0;2;0;4;4;1.3;0.2;1.15;0.3;0;0.96
2025-12-22;Benfica;Famalicao;PORTUGAL 1;2025/2026;1;0;1;0;1.34;0.6;2.02;1.62;1.26;14.0;7.2;55.0;55;45;128;89;46;27;9;4;6;2;11;21;0;1;0;0;1;0;5;2;1.86;2.0;2.29;1.64;1;0.96
2025-01-17;Montpellier;Monaco;FRANCE 1;2024/2025;2;1;0;1;1.31;2.89;1.31;1.36;6.0;1.59;4.7;13.5;33;67;81;142;27;59;12;28;5;10;7;9;1;2;0;0;3;3;4;16;1.0;1.75;0.53;1.82;0;0.96
2026-04-18;Lille;Nice;FRANCE 1;2025/2026;0;0;0;0;0.0;0.0;1.68;1.2;2.14;3.95;3.55;14.5;-1;-1;0;0;0;0;-1;-1;-1;-1;-1;-1;-1;-1;-1;-1;-1;-1;-1;-1;1.85;0.77;1.74;1.0;1;0.96
2025-01-17;Espanyol;Valladolid;SPAIN 1;2024/2025;2;1;1;0;1.24;1.22;1.02;0.76;1.86;5.5;3.5;15.0;36;64;98;102;27;32;12;11;4;4;13;16;2;2;0;0;1;0;1;7;1.5;0.33;0.84;0.79;0;0.96
2026-04-25;Getafe;Barcelona;SPAIN 1;2025/2026;0;0;0;0;0.0;0.0;1.08;2.18;7.2;1.56;4.5;7.8;-1;-1;0;0;0;0;-1;-1;-1;-1;-1;-1;-1;-1;-1;-1;-1;-1;-1;-1;1.29;2.0;1.31;2.52;1;0.96
2025-12-13;Rennes;Brest;FRANCE 1;2025/2026;3;1;2;1;1.13;1.75;1.86;1.0;2.04;4.4;3.4;13.0;61;39;86;112;28;51;9;14;5;7;16;22;2;3;0;0;2;4;5;7;2.0;1.0;1.6;1.27;0;0.96
2025-01-18;Leganes;Atl. Madrid;SPAIN 1;2024/2025;1;0;0;0;0.96;2.09;0.84;0.92;8.2;1.52;4.3;6.8;32;68;76;109;24;85;9;19;3;4;16;6;1;3;0;0;2;2;2;9;1.11;2.0;1.0;2.32;1;0.96
2026-04-24;Heidenheim;St. Pauli;GERMANY 1;2025/2026;0;0;0;0;0.0;0.0;1.27;1.11;2.48;3.1;3.5;12.5;-1;-1;0;0;0;0;-1;-1;-1;-1;-1;-1;-1;-1;-1;-1;-1;-1;-1;-1;0.79;0.57;0.56;0.89;1;0.96
2026-01-11;Bayern Munich;Wolfsburg;GERMANY 1;2025/2026;8;1;2;1;2.15;0.91;2.41;1.13;1.19;18.0;9.2;1000.0;68;32;121;63;60;26;16;8;10;3;7;6;0;1;0;0;1;0;6;2;2.75;1.43;2.73;1.0;0;0.96
2025-01-18;Bochum;RB Leipzig;GERMANY 1;2024/2025;3;3;0;3;1.19;1.2;1.09;0.97;3.85;2.08;3.75;12.0;45;55;109;109;56;48;9;10;3;3;14;7;4;0;0;0;5;4;6;3;1.0;1.44;0.53;1.76;0;0.96
2026-05-12;Lens;PSG;FRANCE 1;2025/2026;0;0;0;0;0.0;0.0;1.79;1.91;4.8;1.78;4.2;12.5;-1;-1;0;0;0;0;-1;-1;-1;-1;-1;-1;-1;-1;-1;-1;-1;-1;-1;-1;2.57;2.07;2.19;2.31;1;0.96
2026-02-01;Stuttgart;Freiburg;GERMANY 1;2025/2026;1;0;0;0;1.98;1.15;1.68;1.23;1.67;5.3;4.5;27.0;69;31;54;43;51;45;18;11;7;2;14;14;3;1;0;0;2;1;6;2;2.22;0.9;1.89;1.42;1;0.96
2025-01-18;Holstein Kiel;Hoffenheim;GERMANY 1;2024/2025;1;3;0;2;1.26;1.5;1.09;0.93;3.1;2.44;3.7;14.0;54;46;98;118;40;52;12;11;3;6;13;13;2;1;0;0;0;2;4;3;1.0;0.5;0.65;0.82;0;0.96
2025-08-30;Girona;Sevilla;SPAIN 1;2025/2026;0;2;0;1;2.05;1.26;0.86;1.39;2.0;4.3;3.65;15.5;59;41;93;62;62;22;20;13;5;4;5;14;0;1;0;0;2;0;11;3;0.0;0.0;0.0;0.0;0;0.96
2025-01-18;Leicester;Fulham;ENGLAND 1;2024/2025;0;2;0;0;1.14;1.61;1.07;1.31;4.3;1.95;3.9;11.0;39;61;91;118;48;55;8;17;4;2;8;8;3;1;0;0;2;2;5;2;0.82;1.3;0.67;1.43;0;0.96
2025-10-25;Brentford;Liverpool;ENGLAND 1;2025/2026;3;2;2;1;2.03;1.96;1.04;1.71;7.0;1.48;5.4;16.0;34;66;94;111;55;66;17;18;8;5;7;10;3;2;0;0;2;0;5;4;1.75;1.5;1.25;1.88;0;0.96
2025-12-30;Arsenal;Aston Villa;ENGLAND 1;2025/2026;4;1;0;0;2.28;1.22;1.86;1.29;1.63;6.6;4.1;19.0;46;54;79;83;58;43;22;11;7;3;18;9;2;3;0;0;4;0;3;3;2.78;1.89;2.33;2.17;0;0.96
2025-10-05;Juventus;AC Milan;ITALY 1;2025/2026;0;0;0;0;1.38;1.29;2.23;1.59;2.44;3.45;3.25;11.0;51;49;97;75;56;26;12;13;3;4;15;8;2;2;0;0;0;1;6;0;2.33;3.0;2.2;2.4;1;0.96
2025-01-18;Bologna;Monza;ITALY 1;2024/2025;3;1;2;1;1.98;0.45;1.58;0.8;1.64;6.4;4.1;19.5;59;41;131;96;48;24;18;3;7;1;16;18;1;3;0;0;0;1;4;0;1.56;0.78;1.58;0.65;0;0.96
2026-02-22;Atalanta;Napoli;ITALY 1;2025/2026;2;1;0;1;1.66;1.22;1.88;1.42;2.5;3.3;3.3;12.0;57;43;104;88;74;42;10;10;7;4;10;9;1;1;0;0;1;2;6;1;1.92;1.69;1.68;2.0;0;0.96
2026-05-09;Rio Ave;Sporting CP;PORTUGAL 1;2025/2026;0;0;0;0;0.0;0.0;1.19;1.84;10.0;1.33;6.2;11.0;-1;-1;0;0;0;0;-1;-1;-1;-1;-1;-1;-1;-1;-1;-1;-1;-1;-1;-1;1.0;2.43;1.11;2.5;1;0.96
2025-08-30;Vitoria Guimaraes;Arouca;PORTUGAL 1;2025/2026;1;1;1;1;1.2;0.93;1.76;0.64;1.66;6.4;4.0;19.0;54;46;105;61;30;20;12;9;3;3;15;17;4;4;0;0;4;0;2;2;3.0;0.0;1.0;1.33;0;0.96
2026-01-10;Union Berlin;Mainz;GERMANY 1;2025/2026;2;2;0;1;1.76;1.19;1.34;1.08;2.8;2.9;3.3;10.5;57;43;135;113;45;26;17;9;5;6;9;8;2;0;0;0;0;1;2;1;1.5;0.71;1.4;0.53;0;0.96
2026-05-01;Werder Bremen;Augsburg;GERMANY 1;2025/2026;0;0;0;0;0.0;0.0;1.69;1.39;1.94;4.4;3.8;17.5;-1;-1;0;0;0;0;-1;-1;-1;-1;-1;-1;-1;-1;-1;-1;-1;-1;-1;-1;1.23;0.77;1.04;1.15;1;0.96
2025-01-19;Reims;Le Havre;FRANCE 1;2024/2025;1;1;1;0;1.27;0.65;1.08;0.79;1.67;6.2;4.0;19.5;55;45;113;76;67;26;9;5;3;2;9;8;2;2;0;0;1;2;6;6;1.0;0.75;1.18;0.71;0;0.96
2025-08-18;Gil Vicente;FC Porto;PORTUGAL 1;2025/2026;0;2;0;1;1.32;1.56;0.0;0.0;7.4;1.52;4.6;7.2;41;59;77;80;41;46;14;15;2;4;9;20;2;4;0;0;0;1;1;5;0.0;0.0;3.0;3.0;0;0.96
2026-05-02;Nacional;AVS;PORTUGAL 1;2025/2026;0;0;0;0;0.0;0.0;1.34;1.06;2.1;4.1;3.35;13.0;-1;-1;0;0;0;0;-1;-1;-1;-1;-1;-1;-1;-1;-1;-1;-1;-1;-1;-1;0.85;0.31;0.81;0.41;1;0.96
2025-01-19;Moreirense;SC Farense;PORTUGAL 1;2024/2025;0;0;0;0;1.43;0.72;1.01;0.88;2.08;4.7;3.2;12.0;66;34;118;78;57;36;15;6;1;1;16;14;2;4;0;0;2;2;6;3;1.88;0.78;1.29;0.82;1;0.96
2026-02-16;Cagliari;Lecce;ITALY 1;2025/2026;0;2;0;0;1.0;1.4;1.09;0.97;2.04;4.3;3.55;15.0;59;41;88;101;41;41;11;13;0;4;16;14;0;0;0;0;-1;-1;8;2;1.36;0.73;1.17;0.88;0;0.96
2025-01-19;Parma;Venezia;ITALY 1;2024/2025;1;1;0;1;2.04;0.62;1.17;0.79;2.34;3.3;3.7;15.5;60;40;123;74;64;30;16;4;8;2;13;16;2;3;0;0;0;1;8;2;1.1;0.3;0.95;0.7;0;0.96
2025-01-19;Real Madrid;Las Palmas;SPAIN 1;2024/2025;4;1;3;1;2.96;0.6;1.67;0.93;1.17;19.5;10.0;85.0;61;39;110;50;66;10;25;6;13;2;11;13;0;1;0;1;6;0;8;2;2.67;1.11;2.26;1.16;0;0.96
2025-09-14;Osasuna;Rayo Vallecano;SPAIN 1;2025/2026;2;0;1;0;1.28;2.1;1.71;1.24;2.4;3.6;3.2;10.5;36;64;66;116;31;67;9;19;7;6;13;7;3;2;0;0;0;1;3;6;3.0;1.5;1.0;1.33;1;0.96
2025-08-16;Valencia;Real Sociedad;SPAIN 1;2025/2026;1;1;0;0;1.65;1.32;0.0;0.0;3.35;2.66;3.05;7.2;54;46;92;66;53;41;18;13;2;3;5;11;1;2;0;0;1;2;8;7;0.0;0.0;0.0;0.0;0;0.96
2026-02-07;Fiorentina;Torino;ITALY 1;2025/2026;2;2;0;1;1.98;1.3;1.69;1.27;1.78;6.0;3.6;16.0;55;45;125;77;42;36;21;12;5;4;6;23;2;5;0;0;3;1;9;4;0.82;1.09;0.74;1.13;0;0.96
2026-01-03;Como;Udinese;ITALY 1;2025/2026;1;0;1;0;1.57;0.36;1.68;1.18;2.22;3.85;3.4;13.0;62;38;90;76;58;21;15;3;3;0;12;15;1;3;0;0;0;3;3;2;2.14;1.25;1.69;1.29;1;0.96
2025-01-20;Boavista;Casa Pia;PORTUGAL 1;2024/2025;2;3;1;2;1.25;1.32;1.19;0.92;4.1;2.28;3.1;6.8;36;64;74;96;37;26;10;10;5;7;13;14;3;2;1;0;6;3;2;3;0.38;1.38;0.71;1.41;0;0.96
2025-11-22;Villarreal;Mallorca;SPAIN 1;2025/2026;2;1;1;1;1.86;1.05;2.01;1.28;1.69;6.0;4.0;20.0;58;42;120;108;66;36;14;9;7;3;17;8;2;2;0;0;3;1;3;1;2.67;0.5;2.17;1.0;0;0.96
2025-11-02;Arouca;Moreirense;PORTUGAL 1;2025/2026;0;2;0;2;1.25;0.99;1.14;0.77;2.28;3.6;3.25;13.5;59;41;153;68;55;26;11;7;2;5;11;11;3;2;0;0;0;2;5;2;1.0;0.75;1.0;1.67;0;0.96
2025-01-24;Wolfsburg;Holstein Kiel;GERMANY 1;2024/2025;2;2;0;1;2.3;0.59;1.21;1.06;1.44;7.6;5.3;34.0;70;30;151;45;77;18;22;5;5;2;9;10;2;4;0;0;2;2;10;3;1.22;0.25;1.5;0.61;0;0.96
2025-12-27;Torino;Cagliari;ITALY 1;2025/2026;1;2;1;1;2.32;0.99;1.33;0.97;2.24;3.95;3.25;12.0;56;44;125;72;58;18;19;9;10;4;14;13;3;0;0;0;1;0;6;2;1.38;0.75;1.25;0.94;0;0.96
2025-01-24;Las Palmas;Osasuna;SPAIN 1;2024/2025;1;1;0;0;1.76;1.52;1.23;0.64;2.62;3.2;3.2;11.0;51;49;103;90;36;31;16;16;7;4;14;17;6;8;1;0;4;1;4;2;1.2;0.78;1.1;1.3;0;0.96
2025-09-13;Atl. Madrid;Villarreal;SPAIN 1;2025/2026;2;0;1;0;1.13;0.91;1.77;0.94;1.82;4.9;4.0;21.0;61;39;126;80;55;46;8;8;3;1;12;15;2;4;0;0;1;0;8;3;1.0;1.0;0.67;2.33;1;0.96
2026-05-09;Sevilla;Espanyol;SPAIN 1;2025/2026;0;0;0;0;0.0;0.0;1.33;1.32;1.78;5.6;3.8;15.5;-1;-1;0;0;0;0;-1;-1;-1;-1;-1;-1;-1;-1;-1;-1;-1;-1;-1;-1;1.07;1.14;1.07;1.28;1;0.96
2025-01-25;Valladolid;Real Madrid;SPAIN 1;2024/2025;0;3;0;1;0.74;1.98;0.88;1.45;14.0;1.26;7.2;11.5;32;68;76;122;29;61;6;20;2;4;10;12;2;3;1;0;2;3;1;7;1.2;1.9;0.75;2.3;0;0.96
2026-02-01;Sporting CP;Nacional;PORTUGAL 1;2025/2026;2;1;0;0;2.01;0.78;2.31;1.37;1.16;19.5;10.0;75.0;62;38;117;89;70;24;16;5;7;4;12;15;0;3;0;0;3;2;11;0;2.44;1.0;2.53;1.05;0;0.96
2026-04-06;Casa Pia;Benfica;PORTUGAL 1;2025/2026;0;0;0;0;0.0;0.0;0.91;1.83;9.0;1.41;5.3;8.2;-1;-1;0;0;0;0;-1;-1;-1;-1;-1;-1;-1;-1;-1;-1;-1;-1;-1;-1;1.0;2.54;0.92;2.41;1;0.96
2025-01-25;SC Farense;Rio Ave;PORTUGAL 1;2024/2025;1;2;0;1;1.72;0.9;0.99;0.8;2.52;3.35;3.2;10.5;54;46;99;74;59;25;15;9;5;2;16;10;5;4;0;0;2;4;9;2;0.88;0.44;0.83;1.11;0;0.96
2026-01-04;Manchester City;Chelsea;ENGLAND 1;2025/2026;1;1;1;0;1.6;0.96;1.95;1.54;2.2;3.35;4.0;26.0;57;43;135;65;69;34;14;8;3;3;12;14;3;3;0;0;2;2;8;2;2.67;1.67;2.16;1.58;0;0.96
2025-01-25;Empoli;Bologna;ITALY 1;2024/2025;1;1;1;1;0.39;1.53;0.91;1.1;4.4;2.1;3.3;7.0;36;64;75;90;25;46;2;10;1;8;25;13;3;0;0;0;2;0;2;4;0.7;1.6;0.95;1.65;0;0.96
2025-12-07;Napoli;Juventus;ITALY 1;2025/2026;2;1;1;0;1.2;0.63;1.6;1.54;2.46;3.65;3.05;10.5;50;50;120;69;47;23;9;5;4;2;6;15;2;1;0;0;1;4;9;0;2.67;1.33;2.15;1.77;0;0.96
2026-02-01;Como;Atalanta;ITALY 1;2025/2026;0;0;0;0;2.98;0.75;1.69;1.35;4.2;1.98;3.8;11.0;79;21;115;37;83;32;28;6;9;2;9;11;4;3;0;1;1;2;7;1;2.0;1.3;1.82;1.59;1;0.96
2026-01-31;Monaco;Rennes;FRANCE 1;2025/2026;4;0;1;0;1.54;1.03;1.51;1.17;1.73;5.6;4.0;22.0;46;54;87;95;32;32;14;8;6;4;15;9;1;2;0;0;3;5;5;2;1.6;1.44;1.26;1.63;1;0.96
2025-11-09;Strasbourg;Lille;FRANCE 1;2025/2026;2;0;1;0;0.61;1.17;1.65;2.0;3.25;2.48;3.4;11.0;42;58;61;107;20;69;5;6;2;4;9;20;4;3;0;1;1;1;1;4;2.4;1.4;1.73;1.82;1;0.96
2025-01-25;PSG;Reims;FRANCE 1;2024/2025;1;1;0;0;2.33;0.78;2.21;1.2;1.23;15.0;7.8;60.0;78;22;159;58;96;26;18;6;7;3;13;13;2;2;0;0;0;3;8;1;2.78;1.38;2.56;1.17;0;0.96
2026-02-15;Augsburg;Heidenheim;GERMANY 1;2025/2026;1;0;0;0;1.39;1.48;1.4;1.23;1.95;4.5;3.65;16.5;49;51;91;111;49;45;12;16;4;2;9;9;1;2;0;0;-1;-1;4;5;1.36;0.4;1.05;0.62;1;0.96
2026-04-04;Freiburg;Bayern Munich;GERMANY 1;2025/2026;0;0;0;0;0.0;0.0;1.65;2.11;12.0;1.29;6.8;13.0;-1;-1;0;0;0;0;-1;-1;-1;-1;-1;-1;-1;-1;-1;-1;-1;-1;-1;-1;1.92;2.54;1.37;2.59;1;0.96
2026-03-07;Mainz;Stuttgart;GERMANY 1;2025/2026;2;2;1;0;2.02;1.33;1.52;1.83;3.0;2.54;3.55;12.0;38;62;77;116;66;47;18;11;6;4;7;12;0;2;0;0;2;0;5;6;1.08;1.42;0.96;1.92;0;0.96
2025-12-20;RB Leipzig;Bayer Leverkusen;GERMANY 1;2025/2026;1;3;1;2;2.12;1.79;1.9;1.3;4.5;1.87;4.0;13.0;44;56;110;81;60;40;19;15;7;8;10;12;1;2;0;0;1;1;2;8;3.0;1.67;2.07;1.86;0;0.96
2026-05-09;Rayo Vallecano;Girona;SPAIN 1;2025/2026;0;0;0;0;0.0;0.0;1.72;1.23;2.82;2.94;3.2;10.5;-1;-1;0;0;0;0;-1;-1;-1;-1;-1;-1;-1;-1;-1;-1;-1;-1;-1;-1;1.43;1.0;1.1;1.17;1;0.96
2026-04-21;Real Sociedad;Getafe;SPAIN 1;2025/2026;0;0;0;0;0.0;0.0;1.54;1.11;1.83;6.4;3.3;13.5;-1;-1;0;0;0;0;-1;-1;-1;-1;-1;-1;-1;-1;-1;-1;-1;-1;-1;-1;1.71;1.33;1.31;1.31;1;0.96
2026-02-22;AC Milan;Parma;ITALY 1;2025/2026;0;1;0;0;2.72;0.95;1.77;1.14;1.32;11.0;6.4;46.0;67;33;158;57;100;24;25;9;6;3;13;10;2;1;0;0;1;1;5;2;2.08;1.33;2.16;1.16;0;0.96
2025-09-14;Barcelona;Valencia;SPAIN 1;2025/2026;6;0;1;0;2.59;0.38;0.0;0.57;1.24;14.0;7.8;65.0;72;28;126;69;52;24;24;2;10;1;9;8;0;1;0;0;4;4;5;4;0.0;0.0;2.33;1.33;1;0.96
2026-01-07;Lazio;Fiorentina;ITALY 1;2025/2026;2;2;0;0;2.06;1.09;1.35;1.17;2.18;3.85;3.55;15.0;49;51;96;86;49;31;17;8;9;5;11;15;3;5;0;0;0;1;8;2;1.67;0.44;1.33;0.67;0;0.96
2026-05-16;FC Porto;Santa Clara;PORTUGAL 1;2025/2026;0;0;0;0;0.0;0.0;1.67;1.3;1.64;6.8;4.0;18.0;-1;-1;0;0;0;0;-1;-1;-1;-1;-1;-1;-1;-1;-1;-1;-1;-1;-1;-1;2.69;0.85;2.67;1.04;1;0.96
2025-11-23;St. Pauli;Union Berlin;GERMANY 1;2025/2026;0;1;0;1;1.44;0.89;1.56;1.17;2.48;3.4;3.2;11.0;59;41;134;108;63;31;12;7;3;3;10;8;1;1;0;0;1;2;8;2;0.8;0.75;0.7;1.2;0;0.96
2025-08-30;Hoffenheim;Eintracht Frankfurt;GERMANY 1;2025/2026;1;3;0;2;1.91;1.2;0.0;0.0;3.35;2.26;3.7;13.5;58;42;130;64;66;29;17;9;5;6;14;10;2;3;0;0;3;1;4;5;0.0;0.0;3.0;3.0;0;0.96
2025-01-26;Toulouse;Montpellier;FRANCE 1;2024/2025;1;2;0;0;1.72;0.8;1.35;1.06;1.75;5.5;4.0;20.0;67;33;130;70;66;18;14;6;5;4;9;15;1;2;0;0;2;1;6;2;1.56;0.0;1.39;0.67;0;0.96
2025-10-29;Le Havre;Brest;FRANCE 1;2025/2026;1;0;0;0;1.36;0.95;1.52;1.13;3.5;2.4;3.2;8.4;46;54;95;102;45;41;13;8;3;2;12;11;1;3;0;0;2;1;5;1;1.25;1.0;1.0;1.0;1;-7.4
2025-11-01;Crystal Palace;Brentford;ENGLAND 1;2025/2026;2;0;1;0;1.16;0.89;1.68;1.32;2.1;3.8;3.8;17.0;36;64;79;85;44;50;10;6;3;2;7;11;0;3;0;0;1;3;6;5;1.5;0.75;1.44;1.44;1;0.96
2025-08-24;Fulham;Manchester Utd;ENGLAND 1;2025/2026;1;1;0;0;1.55;1.17;0.0;0.0;2.42;3.25;3.5;13.5;52;48;106;87;62;45;13;10;4;3;12;10;1;1;0;0;2;1;9;6;0.0;0.0;1.0;0.0;0;-12.5
2025-01-27;Genoa;Monza;ITALY 1;2024/2025;2;0;0;0;1.97;0.62;1.12;0.77;2.32;4.0;3.1;11.5;50;50;95;78;58;31;18;5;6;1;13;19;0;4;0;0;4;1;9;6;0.82;0.7;1.1;0.62;1;0.96
2025-11-09;AVS;Gil Vicente;PORTUGAL 1;2025/2026;1;1;0;1;1.88;1.45;1.1;1.53;3.35;2.56;3.15;8.4;45;55;61;87;44;47;16;12;8;5;12;19;1;5;0;0;0;1;1;4;0.2;2.0;0.2;2.2;0;0.96
2026-03-15;Werder Bremen;Mainz;GERMANY 1;2025/2026;0;2;0;1;1.66;1.11;1.7;1.14;2.36;3.35;3.5;14.5;66;34;135;77;59;38;16;11;3;2;7;7;2;1;0;0;2;2;9;4;1.33;0.83;1.0;0.96;0;0.96
2025-10-04;Parma;Lecce;ITALY 1;2025/2026;0;1;0;1;1.09;0.92;1.08;1.07;2.24;3.65;3.5;15.0;63;37;97;89;43;36;10;7;2;3;16;16;1;2;0;0;2;2;4;9;2.0;0.5;1.0;0.4;0;0.96
2025-01-31;Leganes;Rayo Vallecano;SPAIN 1;2024/2025;0;1;0;0;0.6;1.86;0.85;0.93;3.25;2.68;3.1;8.2;33;67;66;114;28;62;5;19;1;3;7;19;2;4;1;0;2;0;2;9;1.3;1.27;1.1;1.38;0;-7.2
2025-01-31;Boavista;Famalicao;PORTUGAL 1;2024/2025;0;2;0;1;0.72;2.07;1.19;1.09;3.8;2.32;3.15;7.2;45;55;120;93;43;64;5;20;1;5;12;16;3;1;0;0;4;1;2;7;0.33;1.11;0.63;1.11;0;0.96
2025-01-31;Montpellier;Lens;FRANCE 1;2024/2025;0;2;0;1;1.48;1.9;1.31;1.3;4.6;1.88;3.9;10.5;50;50;118;116;43;47;15;18;3;6;12;17;4;3;0;0;2;2;4;5;1.2;1.78;0.79;1.58;0;0.96
2025-02-01;Everton;Leicester;ENGLAND 1;2024/2025;4;0;3;0;1.57;0.91;1.23;0.9;1.89;4.8;3.75;14.5;47;53;89;105;36;36;13;9;7;1;7;13;0;0;0;0;3;1;5;6;1.18;0.73;1.05;0.74;1;0.96
2026-01-24;Bournemouth;Liverpool;ENGLAND 1;2025/2026;3;2;2;1;1.35;1.73;1.53;1.46;4.8;1.74;4.5;14.5;33;67;72;128;33;77;12;14;5;4;7;7;1;1;0;0;-1;-1;3;11;1.73;1.36;1.23;1.64;0;0.96
2026-02-22;Getafe;Sevilla;SPAIN 1;2025/2026;0;1;0;0;0.75;0.68;1.1;1.33;2.64;3.45;2.96;8.8;31;69;60;105;22;30;6;6;3;1;5;18;1;1;1;0;3;4;2;2;1.25;1.0;1.21;1.08;0;0.96
2025-02-01;Villarreal;Valladolid;SPAIN 1;2024/2025;5;1;1;0;2.36;0.8;1.42;0.81;1.24;15.0;7.6;60.0;53;47;114;66;58;29;22;7;8;2;9;14;1;2;0;0;2;1;3;6;1.6;0.3;1.62;0.71;0;0.96
2025-02-01;Udinese;Venezia;ITALY 1;2024/2025;3;2;0;0;1.45;1.36;0.93;0.77;1.9;4.9;3.65;16.0;52;48;94;72;38;37;13;14;5;3;20;9;3;3;0;0;3;1;4;6;1.27;0.36;1.18;0.73;0;0.96
2026-01-10;Atalanta;Torino;ITALY 1;2025/2026;2;0;1;0;1.88;1.11;1.75;1.34;1.48;8.6;4.8;24.0;56;44;115;99;54;36;18;10;5;3;14;17;1;2;0;0;4;3;5;4;1.6;1.33;1.47;1.21;1;0.96
2026-01-25;Atl. Madrid;Mallorca;SPAIN 1;2025/2026;3;0;1;0;2.16;0.65;1.92;1.18;1.46;9.8;4.6;24.0;61;39;120;102;73;25;17;6;8;1;10;7;2;1;0;0;-1;-1;10;3;2.8;0.5;2.05;1.05;1;0.96
2026-05-02;Espanyol;Real Madrid;SPAIN 1;2025/2026;0;0;0;0;0.0;0.0;1.54;1.96;10.0;1.36;5.8;10.0;-1;-1;0;0;0;0;-1;-1;-1;-1;-1;-1;-1;-1;-1;-1;-1;-1;-1;-1;1.4;2.14;1.28;2.38;1;0.96
2025-08-30;Bologna;Como;ITALY 1;2025/2026;1;0;0;0;1.38;1.28;0.0;0.0;1.94;4.9;3.55;15.5;36;64;60;83;41;44;15;13;2;2;13;19;4;3;0;0;3;0;7;4;0.0;0.0;0.0;3.0;1;0.96
2025-11-28;Vitoria Guimaraes;AVS;PORTUGAL 1;2025/2026;4;0;3;0;1.24;0.87;1.36;1.05;1.58;7.4;4.3;22.0;46;54;81;70;36;32;11;9;4;1;11;14;0;1;0;0;3;1;7;3;1.6;0.2;1.27;0.27;1;0.96
2025-12-12;Union Berlin;RB Leipzig;GERMANY 1;2025/2026;3;1;0;0;1.4;1.02;1.33;1.66;3.25;2.36;3.6;12.5;37;63;53;58;32;34;12;9;6;3;7;8;2;2;0;0;1;0;4;6;1.29;1.57;1.15;2.23;0;0.96
2025-02-01;Bayern Munich;Holstein Kiel;GERMANY 1;2024/2025;4;3;2;0;3.28;1.13;2.24;1.01;1.07;50.0;20.0;1000.0;71;29;141;57;85;11;29;10;12;6;7;10;1;1;0;0;2;0;12;1;2.78;0.33;2.53;0.63;0;0.96
2025-02-01;Bochum;Freiburg;GERMANY 1;2024/2025;0;1;0;1;2.09;1.59;1.1;1.04;2.94;2.6;3.55;12.5;58;42;122;109;59;58;22;13;4;5;15;10;3;2;0;0;1;1;9;7;1.0;0.8;0.53;1.42;0;-11.5
2025-09-14;St. Pauli;Augsburg;GERMANY 1;2025/2026;2;1;1;1;1.63;1.19;1.61;1.54;2.4;3.4;3.35;11.5;57;43;122;92;43;28;13;10;7;5;10;12;1;4;0;0;0;3;3;1;1.0;3.0;2.0;1.5;0;0.96
2025-10-25;Brest;PSG;FRANCE 1;2025/2026;0;3;0;2;0.79;2.19;1.78;1.8;7.2;1.5;5.0;11.5;25;75;81;134;18;68;8;18;2;8;10;10;1;1;0;0;2;2;2;7;1.25;1.75;1.13;2.13;0;0.96
2026-04-19;Monaco;Auxerre;FRANCE 1;2025/2026;0;0;0;0;0.0;0.0;1.48;1.11;1.37;8.8;5.9;55.0;-1;-1;0;0;0;0;-1;-1;-1;-1;-1;-1;-1;-1;-1;-1;-1;-1;-1;-1;2.0;0.54;1.7;0.81;1;0.96
2025-09-20;Nacional;Arouca;PORTUGAL 1;2025/2026;1;2;0;0;1.78;1.06;0.94;0.78;2.6;3.15;3.25;10.5;58;42;88;59;58;31;15;10;6;3;10;18;2;1;1;1;7;0;3;5;0.0;0.5;0.8;1.0;0;0.96
2025-12-06;Santa Clara;Casa Pia;PORTUGAL 1;2025/2026;1;0;1;0;1.25;0.63;1.4;0.99;2.16;4.2;3.05;13.5;43;57;83;73;47;23;11;5;3;2;23;12;5;4;0;0;1;0;7;7;1.17;1.17;1.0;0.75;1;0.96
2025-09-21;Arsenal;Manchester City;ENGLAND 1;2025/2026;1;1;0;1;1.45;0.86;1.89;1.47;2.04;4.1;3.7;17.5;67;33;106;63;66;46;12;5;3;3;11;10;1;2;0;0;4;2;11;1;3.0;1.5;2.25;1.5;0;0.96
2026-01-17;Toulouse;Nice;FRANCE 1;2025/2026;5;1;2;0;2.33;1.77;1.54;1.1;2.68;2.92;3.45;12.5;43;57;84;108;34;56;22;15;10;6;12;17;1;2;0;0;0;1;6;7;1.33;0.5;1.35;1.06;0;0.96
2025-11-02;Rennes;Strasbourg;FRANCE 1;2025/2026;4;1;2;0;1.51;1.77;1.87;1.2;2.14;3.9;3.55;15.0;41;59;80;126;37;51;13;20;6;2;15;9;1;1;0;0;2;3;6;5;1.6;1.4;1.2;1.9;0;0.96
2025-02-02;Reims;Nantes;FRANCE 1;2024/2025;1;2;1;1;1.59;1.42;1.1;0.99;2.3;3.5;3.4;12.5;54;46;108;71;69;32;15;11;2;7;14;10;3;3;1;0;3;0;9;3;1.0;0.8;1.16;0.95;0;0.96
2026-03-01;Manchester Utd;Crystal Palace;ENGLAND 1;2025/2026;2;1;0;1;2.53;0.95;1.95;1.17;1.98;4.4;3.6;16.5;61;39;103;80;70;31;20;8;11;3;13;12;2;2;0;1;1;2;7;1;2.08;1.54;1.78;1.3;0;0.96
2025-11-22;Osasuna;Real Sociedad;SPAIN 1;2025/2026;1;3;1;0;1.42;2.14;1.42;1.48;3.2;2.74;3.05;8.0;46;54;75;75;36;44;14;19;4;9;13;7;3;2;1;0;1;3;3;3;2.0;0.5;0.92;1.08;0;0.96
2026-04-05;Valencia;Celta Vigo;SPAIN 1;2025/2026;0;0;0;0;0.0;0.0;1.47;1.15;2.36;3.6;3.25;12.0;-1;-1;0;0;0;0;-1;-1;-1;-1;-1;-1;-1;-1;-1;-1;-1;-1;-1;-1;1.64;1.71;1.21;1.41;1;0.96
2025-08-23;Bayer Leverkusen;Hoffenheim;GERMANY 1;2025/2026;1;2;1;1;0.96;1.23;0.0;0.0;1.23;14.5;8.2;80.0;60;40;130;81;49;34;7;10;2;5;9;17;0;4;0;0;1;1;6;4;0.0;0.0;0.0;0.0;0;0.96
2025-02-02;Sporting CP;SC Farense;PORTUGAL 1;2024/2025;3;1;2;1;2.33;0.71;1.9;0.86;1.16;27.0;9.2;85.0;71;29;142;64;79;17;20;7;7;2;12;8;1;0;0;0;1;2;9;1;2.67;0.8;2.47;0.79;0;0.96
2025-02-02;Juventus;Empoli;ITALY 1;2024/2025;4;1;0;1;2.43;0.95;1.35;0.86;1.44;9.8;4.8;26.0;56;44;95;87;51;14;24;10;8;3;14;13;0;2;0;1;0;1;8;6;1.73;1.18;1.68;0.95;0;0.96
2026-05-09;Fiorentina;Genoa;ITALY 1;2025/2026;0;0;0;0;0.0;0.0;1.68;1.22;1.77;5.6;3.85;16.5;-1;-1;0;0;0;0;-1;-1;-1;-1;-1;-1;-1;-1;-1;-1;-1;-1;-1;-1;1.0;1.0;0.97;1.1;1;0.96
2025-11-30;Eintracht Frankfurt;Wolfsburg;GERMANY 1;2025/2026;1;1;0;0;1.7;1.08;1.56;1.11;2.08;3.8;3.9;23.0;54;46;105;83;75;32;15;10;3;3;7;9;1;4;0;0;2;3;14;1;1.8;1.2;1.82;0.73;0;0.96
2026-02-21;Cagliari;Lazio;ITALY 1;2025/2026;0;0;0;0;0.98;1.23;1.09;1.07;4.3;2.0;3.65;9.6;42;58;65;129;20;51;11;10;2;3;12;15;2;2;1;0;2;0;3;6;1.25;1.17;1.12;1.32;1;0.96
2025-09-19;Rio Ave;FC Porto;PORTUGAL 1;2025/2026;0;3;0;2;0.78;1.97;1.36;1.58;10.0;1.39;5.3;8.4;48;52;99;89;25;39;7;19;2;7;11;18;2;1;0;0;2;0;2;10;1.0;3.0;0.75;3.0;0;0.96
2025-02-03;Girona;Las Palmas;SPAIN 1;2024/2025;2;1;1;0;1.38;1.07;1.22;0.9;1.54;6.8;4.8;24.0;47;53;81;97;48;40;12;10;4;2;12;12;2;3;0;0;6;3;11;3;1.6;1.0;1.33;1.1;0;0.96
2025-09-26;Bayern Munich;Werder Bremen;GERMANY 1;2025/2026;4;0;2;0;3.07;1.02;2.52;1.32;1.12;26.0;13.0;130.0;59;41;159;63;71;34;26;9;13;3;9;4;2;0;0;0;0;2;7;6;3.0;1.5;3.0;1.0;1;0.96
2026-02-09;FC Porto;Sporting CP;PORTUGAL 1;2025/2026;1;1;0;0;0.8;1.23;1.67;1.93;2.86;2.72;3.5;12.5;45;55;106;82;29;45;8;11;1;3;14;11;3;5;0;0;1;0;1;8;2.78;2.6;2.75;2.55;0;0.96
2025-10-19;Como;Juventus;ITALY 1;2025/2026;2;0;1;0;1.41;1.54;1.63;1.33;4.0;2.12;3.5;8.8;45;55;73;77;32;54;12;15;6;3;17;15;3;1;0;0;1;2;4;1;1.67;2.0;1.5;2.0;1;0.96
2025-02-07;Rayo Vallecano;Valladolid;SPAIN 1;2024/2025;1;0;0;0;2.13;0.91;1.49;0.81;1.51;8.2;4.4;23.0;69;31;135;68;62;26;20;8;6;3;11;15;2;2;0;0;0;1;4;2;1.5;0.27;1.45;0.68;1;0.96
2026-03-06;PSG;Monaco;FRANCE 1;2025/2026;1;3;0;1;2.39;1.36;2.32;1.34;1.45;6.8;5.6;40.0;72;28;139;72;98;34;20;11;6;6;12;6;1;3;0;0;1;2;7;3;2.82;1.09;2.38;1.54;0;0.96
2026-04-19;Nantes;Brest;FRANCE 1;2025/2026;0;0;0;0;0.0;0.0;1.24;1.06;2.52;3.25;3.35;11.5;-1;-1;0;0;0;0;-1;-1;-1;-1;-1;-1;-1;-1;-1;-1;-1;-1;-1;-1;0.57;0.86;0.65;1.33;1;0.96
2025-10-26;Famalicao;Vitoria Guimaraes;PORTUGAL 1;2025/2026;2;0;1;0;1.92;1.33;1.45;1.42;3.3;2.58;3.1;8.4;50;50;68;102;38;41;15;13;10;3;20;14;1;2;0;0;2;6;5;4;1.25;0.75;1.63;1.38;1;0.96
2026-04-25;Benfica;Moreirense;PORTUGAL 1;2025/2026;0;0;0;0;0.0;0.0;2.06;1.05;1.22;17.5;8.0;55.0;-1;-1;0;0;0;0;-1;-1;-1;-1;-1;-1;-1;-1;-1;-1;-1;-1;-1;-1;2.29;1.07;2.41;1.3;1;0.96
2025-11-22;Wolfsburg;Bayer Leverkusen;GERMANY 1;2025/2026;1;3;0;3;2.49;1.04;1.58;1.23;4.7;1.85;4.0;12.5;38;62;58;93;67;52;21;7;10;3;12;7;2;1;0;0;1;0;9;1;0.4;1.75;0.8;2.0;0;0.96
2026-02-07;Mainz;Augsburg;GERMANY 1;2025/2026;2;0;1;0;1.34;1.54;1.52;1.36;1.83;5.3;3.7;16.0;39;61;51;71;40;33;10;14;6;6;12;10;2;2;0;0;2;1;6;4;0.9;0.78;0.9;1.1;1;0.96
2026-01-31;Hoffenheim;Union Berlin;GERMANY 1;2025/2026;3;1;2;0;1.04;1.66;1.73;1.39;2.28;3.45;3.65;16.0;59;41;98;90;24;62;9;16;4;3;11;18;2;2;0;0;3;0;3;10;2.0;1.22;2.05;1.26;0;0.96
2026-04-19;Freiburg;Heidenheim;GERMANY 1;2025/2026;0;0;0;0;0.0;0.0;1.65;1.16;1.69;5.7;4.2;25.0;-1;-1;0;0;0;0;-1;-1;-1;-1;-1;-1;-1;-1;-1;-1;-1;-1;-1;-1;1.92;0.31;1.37;0.56;1;0.96
2026-03-15;AVS;Santa Clara;PORTUGAL 1;2025/2026;0;1;0;0;0.97;1.23;1.23;1.31;4.4;2.02;3.4;6.2;45;55;75;93;27;35;10;12;2;3;16;10;1;1;1;0;0;3;4;6;0.54;0.67;0.4;0.88;0;0.96
2025-10-26;Torino;Genoa;ITALY 1;2025/2026;2;1;0;1;1.64;1.18;1.18;0.98;2.44;3.75;3.0;9.6;59;41;128;80;53;37;13;11;6;3;14;9;2;2;0;0;1;0;9;1;1.33;0.33;1.14;0.43;0;0.96
2025-02-08;Empoli;AC Milan;ITALY 1;2024/2025;0;2;0;0;0.71;1.8;0.86;1.31;6.2;1.71;3.85;8.0;38;62;73;112;28;61;8;16;0;5;17;10;2;3;1;1;5;2;2;6;0.73;1.4;0.91;1.59;0;0.96
2026-03-22;Real Madrid;Atl. Madrid;SPAIN 1;2025/2026;3;2;0;1;2.15;1.61;2.22;1.29;1.98;4.1;3.9;18.5;53;47;116;77;51;41;17;13;10;7;2;15;1;4;1;0;2;0;4;1;2.57;1.31;2.36;2.04;0;0.96
2025-02-08;Las Palmas;Villarreal;SPAIN 1;2024/2025;1;2;0;0;0.0;0.0;1.28;1.36;5.1;1.74;4.2;13.0;57;43;0;0;0;0;15;6;4;4;12;12;6;3;0;0;0;5;6;5;1.18;1.64;1.05;1.68;0;0.96
2026-05-02;Lille;Le Havre;FRANCE 1;2025/2026;0;0;0;0;0.0;0.0;1.68;1.15;1.28;14.0;6.6;42.0;-1;-1;0;0;0;0;-1;-1;-1;-1;-1;-1;-1;-1;-1;-1;-1;-1;-1;-1;1.85;0.46;1.74;1.0;1;0.96
2026-05-02;Nice;Lens;FRANCE 1;2025/2026;0;0;0;0;0.0;0.0;1.34;1.6;2.48;3.1;3.5;13.5;-1;-1;0;0;0;0;-1;-1;-1;-1;-1;-1;-1;-1;-1;-1;-1;-1;-1;-1;1.21;1.77;1.0;2.19;1;0.96
2025-02-09;SC Farense;Nacional;PORTUGAL 1;2024/2025;0;2;0;0;2.23;1.12;1.07;1.13;2.44;3.35;3.25;36.0;56;44;122;91;69;28;22;10;5;4;16;15;1;3;1;1;3;0;12;3;0.78;0.3;0.75;0.95;0;0.96
2025-09-13;Cagliari;Parma;ITALY 1;2025/2026;2;0;1;0;1.31;1.85;1.57;0.87;1.95;4.4;3.8;19.0;51;49;53;98;28;60;12;17;5;5;15;18;3;1;0;0;3;0;4;5;1.0;0.0;0.5;0.5;1;0.96
2025-09-28;Lecce;Bologna;ITALY 1;2025/2026;2;2;1;1;1.24;1.54;1.12;0.74;5.6;1.81;3.65;7.0;33;67;62;111;28;41;12;14;4;5;13;13;4;2;0;0;1;4;3;9;0.0;0.0;0.25;1.5;0;0.96
2026-05-23;Napoli;Udinese;ITALY 1;2025/2026;0;0;0;0;0.0;0.0;1.6;1.1;1.5;8.8;4.4;23.0;-1;-1;0;0;0;0;-1;-1;-1;-1;-1;-1;-1;-1;-1;-1;-1;-1;-1;-1;2.43;1.33;2.07;1.3;1;0.96
2025-10-05;Sevilla;Barcelona;SPAIN 1;2025/2026;4;1;2;1;1.52;1.87;1.38;2.37;6.6;1.5;5.2;13.0;39;61;60;91;50;32;13;17;5;8;18;9;7;5;0;0;10;0;7;6;0.33;2.5;1.43;2.71;0;0.96
2025-08-24;Real Sociedad;Espanyol;SPAIN 1;2025/2026;2;2;0;2;1.77;1.38;0.0;0.0;1.6;7.4;4.0;19.0;62;38;101;89;45;40;15;14;7;3;16;18;2;2;0;0;1;1;5;2;0.0;0.0;1.0;3.0;0;0.96
2025-02-09;Valencia;Leganes;SPAIN 1;2024/2025;2;0;2;0;1.64;1.36;1.16;0.76;1.81;6.0;3.55;14.5;44;56;64;123;32;43;18;12;4;4;14;9;1;1;0;0;1;2;9;3;1.36;0.91;0.86;1.05;1;0.96
2025-02-09;Lazio;Monza;ITALY 1;2024/2025;5;1;1;0;2.72;0.38;1.39;0.75;1.36;11.0;5.5;36.0;61;39;106;52;64;15;26;3;9;1;10;12;0;1;0;0;2;1;8;1;1.91;0.64;1.83;0.57;0;0.96
2025-09-21;Auxerre;Toulouse;FRANCE 1;2025/2026;1;0;1;0;0.67;1.41;0.88;1.06;3.15;2.52;3.4;10.5;40;60;80;101;29;52;6;13;1;3;12;20;1;6;1;0;-1;-1;3;4;1.5;1.5;0.75;1.5;1;0.96
2025-02-09;Strasbourg;Montpellier;FRANCE 1;2024/2025;2;0;1;0;2.19;1.29;1.13;1.03;1.88;4.4;4.0;19.0;59;41;133;86;63;36;22;13;5;3;12;12;1;4;0;0;2;3;6;2;2.0;0.33;1.35;0.75;1;0.96
2026-05-08;RB Leipzig;St. Pauli;GERMANY 1;2025/2026;0;0;0;0;0.0;0.0;1.94;1.11;1.64;5.9;4.4;23.0;-1;-1;0;0;0;0;-1;-1;-1;-1;-1;-1;-1;-1;-1;-1;-1;-1;-1;-1;2.07;0.57;1.85;0.89;1;0.96
2025-02-09;Holstein Kiel;Bochum;GERMANY 1;2024/2025;2;2;1;2;1.1;2.05;1.1;1.02;2.38;3.2;3.7;17.5;49;51;76;127;36;60;10;20;3;5;11;17;2;2;0;0;-1;-1;3;5;0.9;0.1;0.6;0.5;0;0.96
2025-11-29;Mallorca;Osasuna;SPAIN 1;2025/2026;2;2;0;0;1.01;1.43;1.17;0.97;2.34;3.9;3.1;10.5;52;48;92;87;39;57;7;14;4;2;10;15;3;4;0;0;0;1;2;8;1.5;0.14;0.92;0.85;0;0.96
2025-08-23;Arouca;Rio Ave;PORTUGAL 1;2025/2026;3;3;1;0;1.5;1.63;1.05;0.0;2.18;4.0;3.35;13.5;56;44;88;78;27;27;14;15;6;7;13;17;3;2;0;0;-1;-1;4;2;3.0;0.0;1.5;1.0;0;0.96
2026-04-19;Everton;Liverpool;ENGLAND 1;2025/2026;0;0;0;0;0.0;0.0;1.48;1.56;7.8;1.49;4.8;8.8;-1;-1;0;0;0;0;-1;-1;-1;-1;-1;-1;-1;-1;-1;-1;-1;-1;-1;-1;1.38;1.31;1.48;1.58;1;0.96
2026-01-04;Brest;Auxerre;FRANCE 1;2025/2026;2;0;1;0;1.33;0.99;1.59;1.22;2.14;3.95;3.5;14.5;50;50;103;108;48;38;11;10;4;1;16;9;3;2;0;0;1;0;7;6;1.5;0.29;1.19;0.75;1;0.96
2025-10-25;Augsburg;RB Leipzig;GERMANY 1;2025/2026;0;6;0;4;1.41;1.74;1.46;1.53;3.45;2.26;3.65;11.0;50;50;146;78;43;33;15;15;2;8;9;10;3;1;0;0;2;0;2;3;1.0;1.75;1.0;2.29;0;0.96
2026-01-26;Girona;Getafe;SPAIN 1;2025/2026;1;1;0;0;1.58;0.82;1.16;1.1;2.04;4.6;3.3;12.5;69;31;146;82;73;23;12;8;4;2;13;15;5;3;0;0;2;2;3;4;1.2;1.0;1.2;1.05;0;0.96
2025-10-29;Bologna;Torino;ITALY 1;2025/2026;0;0;0;0;1.27;0.86;1.81;1.41;1.83;5.7;3.5;15.0;71;29;147;53;57;30;11;8;2;2;11;20;2;3;0;0;0;2;3;3;3.0;1.0;1.75;1.38;1;0.96
2026-02-22;Villarreal;Valencia;SPAIN 1;2025/2026;2;1;2;1;1.45;1.16;1.64;0.99;1.62;6.2;4.4;22.0;43;57;84;109;47;60;12;8;5;3;7;16;2;4;0;0;1;2;5;4;2.33;0.75;2.0;1.08;0;0.96
2026-05-09;Atl. Madrid;Celta Vigo;SPAIN 1;2025/2026;0;0;0;0;0.0;0.0;1.97;1.15;1.45;9.0;5.0;28.0;-1;-1;0;0;0;0;-1;-1;-1;-1;-1;-1;-1;-1;-1;-1;-1;-1;-1;-1;2.67;1.71;1.97;1.41;1;0.96
2026-02-21;Osasuna;Real Madrid;SPAIN 1;2025/2026;2;1;1;0;1.28;1.7;1.49;2.01;6.4;1.56;4.7;11.5;39;61;89;104;44;55;13;15;2;5;17;6;2;4;0;0;1;2;3;7;1.91;2.25;1.25;2.5;0;0.96
2025-12-13;Atalanta;Cagliari;ITALY 1;2025/2026;2;1;1;0;1.99;0.83;1.92;0.99;1.44;8.0;5.3;32.0;59;41;121;85;49;34;17;8;8;1;13;15;1;2;0;0;0;4;5;4;1.43;0.86;1.14;1.0;0;0.96
2026-01-04;Lazio;Napoli;ITALY 1;2025/2026;0;2;0;2;0.47;1.51;1.45;1.54;2.7;3.0;3.3;11.0;35;65;55;94;21;58;5;14;0;3;10;13;4;1;2;1;1;0;2;6;1.88;1.67;1.41;2.13;0;0.96
2025-09-27;Moreirense;Casa Pia;PORTUGAL 1;2025/2026;2;1;1;1;1.31;1.84;1.38;0.96;2.5;3.4;3.1;23.0;54;46;82;100;37;42;12;20;4;4;13;15;4;4;0;0;4;3;6;8;3.0;2.0;2.0;1.17;0;0.96
2026-02-13;Santa Clara;Benfica;PORTUGAL 1;2025/2026;1;2;0;2;0.97;1.27;1.32;1.9;6.2;1.67;4.0;6.2;53;47;103;107;35;49;9;11;2;3;23;5;5;2;1;0;0;1;1;7;1.0;2.4;0.81;2.33;0;-5.2
2025-08-17;Sporting CP;Arouca;PORTUGAL 1;2025/2026;6;0;3;0;2.26;0.64;0.0;0.0;1.25;13.0;7.2;65.0;57;43;139;56;49;17;19;7;10;1;7;7;1;0;0;1;2;1;6;1;0.0;0.0;3.0;3.0;1;0.96
2026-03-14;Bayer Leverkusen;Bayern Munich;GERMANY 1;2025/2026;1;1;1;0;2.27;1.41;1.74;2.16;3.15;2.34;3.75;13.5;45;55;103;119;64;49;21;11;7;5;12;13;3;3;0;2;2;1;4;1;1.92;2.67;1.76;2.64;0;0.96
2026-03-22;St. Pauli;Freiburg;GERMANY 1;2025/2026;1;2;1;0;1.29;1.59;1.33;1.17;2.56;3.2;3.3;11.0;49;51;106;76;51;31;10;15;4;6;9;6;1;1;0;0;5;3;3;2;1.33;0.69;0.92;1.31;0;-10.0
2026-03-01;Stuttgart;Wolfsburg;GERMANY 1;2025/2026;4;0;3;0;2.76;1.12;1.68;1.1;1.69;5.2;4.5;29.0;63;37;111;93;67;37;24;10;11;3;5;17;0;0;0;0;1;1;7;3;2.36;1.0;1.87;0.87;1;0.96
2025-08-30;Toulouse;PSG;FRANCE 1;2025/2026;3;6;1;4;1.55;1.84;0.87;2.31;6.8;1.51;5.1;11.5;24;76;72;118;34;63;14;13;6;8;7;11;1;0;0;0;1;0;5;7;3.0;3.0;3.0;3.0;0;-10.5
2026-02-13;Monaco;Nantes;FRANCE 1;2025/2026;3;1;3;1;1.49;1.4;1.51;0.99;1.57;6.6;4.5;27.0;47;53;105;117;42;60;12;13;6;2;15;8;4;2;1;0;2;2;9;3;1.73;0.9;1.33;0.67;0;0.96
2025-02-15;Southampton;Bournemouth;ENGLAND 1;2024/2025;1;3;0;2;1.37;1.72;1.02;1.5;6.6;1.54;5.0;12.5;45;55;107;93;53;48;11;14;4;7;13;15;1;3;0;0;-1;-1;4;6;0.36;1.58;0.38;1.67;0;0.96
2025-02-15;Leicester;Arsenal;ENGLAND 1;2024/2025;0;2;0;0;0.85;1.5;1.07;1.16;11.5;1.34;5.8;7.6;40;60;66;123;45;62;6;11;2;5;9;10;2;1;0;0;1;4;3;7;0.75;1.83;0.71;2.08;0;0.96
2026-05-09;Crystal Palace;Everton;ENGLAND 1;2025/2026;0;0;0;0;0.0;0.0;1.49;1.09;1.88;5.2;3.55;14.5;-1;-1;0;0;0;0;-1;-1;-1;-1;-1;-1;-1;-1;-1;-1;-1;-1;-1;-1;1.07;1.6;1.3;1.48;1;0.96
2025-09-21;Fiorentina;Como;ITALY 1;2025/2026;1;2;1;0;0.78;2.04;1.75;1.28;2.22;3.75;3.5;14.0;39;61;79;109;27;48;8;19;1;7;16;19;4;3;0;0;2;2;2;6;0.0;0.0;0.67;1.33;0;0.96
2025-02-16;Udinese;Empoli;ITALY 1;2024/2025;3;0;1;0;1.97;1.57;0.97;0.86;1.89;5.0;3.55;15.0;57;43;95;79;37;39;17;16;9;4;12;17;0;0;0;0;0;3;9;5;1.42;1.08;1.25;0.88;1;0.96
2025-02-16;Monza;Lecce;ITALY 1;2024/2025;0;0;0;0;1.06;1.85;1.05;0.98;2.88;2.86;3.25;9.6;56;44;104;111;46;41;8;19;3;5;10;18;2;2;0;0;2;0;3;7;0.5;0.83;0.54;1.0;1;0.96
2026-05-16;Heidenheim;Mainz;GERMANY 1;2025/2026;0;0;0;0;0.0;0.0;1.27;1.14;3.7;2.22;3.55;10.0;-1;-1;0;0;0;0;-1;-1;-1;-1;-1;-1;-1;-1;-1;-1;-1;-1;-1;-1;0.79;1.0;0.56;1.11;1;0.96
2025-02-16;Eintracht Frankfurt;Holstein Kiel;GERMANY 1;2024/2025;3;1;2;0;2.2;1.14;1.71;1.02;1.36;9.4;6.2;46.0;51;49;111;92;42;31;20;10;9;4;16;10;2;0;0;0;1;2;4;6;2.1;0.3;1.86;0.62;0;0.96
2026-01-27;Werder Bremen;Hoffenheim;GERMANY 1;2025/2026;0;2;0;1;2.29;1.3;1.6;1.36;1.95;4.1;4.0;23.0;59;41;99;96;63;45;26;12;3;3;7;10;2;2;0;1;2;1;6;7;1.5;2.0;1.0;2.0;0;0.96
2026-04-17;Rio Ave;AVS;PORTUGAL 1;2025/2026;0;0;0;0;0.0;0.0;1.19;1.06;2.18;3.8;3.25;12.0;-1;-1;0;0;0;0;-1;-1;-1;-1;-1;-1;-1;-1;-1;-1;-1;-1;-1;-1;1.0;0.31;1.11;0.41;1;0.96
2025-02-16;SC Farense;FC Porto;PORTUGAL 1;2024/2025;0;1;0;0;0.9;1.16;1.19;1.36;8.0;1.51;4.4;6.8;34;66;81;117;25;43;9;11;2;2;15;10;4;2;1;0;4;0;2;4;0.7;1.4;0.71;2.05;0;-5.8
2025-02-16;Mallorca;Las Palmas;SPAIN 1;2024/2025;3;1;3;0;1.65;1.21;1.11;0.91;1.78;6.0;3.6;15.0;49;51;104;102;57;49;14;9;5;4;7;13;1;4;0;0;4;3;3;5;1.33;0.91;1.35;1.0;0;0.96
2025-02-16;Valladolid;Sevilla;SPAIN 1;2024/2025;0;4;0;2;0.81;1.34;0.87;1.07;4.3;2.04;3.45;7.8;52;48;88;95;30;30;7;11;2;6;11;10;4;2;0;0;3;0;3;2;1.09;0.91;0.65;1.22;0;0.96
2026-03-15;Rennes;Lille;FRANCE 1;2025/2026;1;2;0;1;1.43;0.96;1.8;1.58;2.84;2.84;3.3;10.0;59;41;124;67;53;34;12;8;4;3;16;6;2;5;0;0;3;1;5;2;2.0;1.42;1.72;1.64;0;0.96
2025-08-31;Le Havre;Nice;FRANCE 1;2025/2026;3;1;1;0;1.61;0.99;2.04;0.0;5.6;1.71;4.1;9.0;41;59;74;107;41;45;12;7;8;3;13;16;1;4;0;0;-1;-1;0;5;0.0;0.0;0.0;1.5;0;0.96
2025-11-22;Lens;Strasbourg;FRANCE 1;2025/2026;1;0;0;0;1.53;0.8;1.69;1.29;1.85;4.8;3.9;19.0;55;45;67;69;50;40;13;7;5;1;13;13;2;3;1;1;3;2;3;1;2.5;1.17;2.08;1.83;1;0.96
2026-02-01;Gil Vicente;Famalicao;PORTUGAL 1;2025/2026;5;0;1;0;1.95;0.43;1.66;1.43;2.42;3.8;3.05;11.0;56;44;68;65;35;23;17;4;9;0;19;10;1;1;0;1;3;0;3;1;1.89;1.67;1.63;1.53;1;0.96
2026-03-22;Barcelona;Rayo Vallecano;SPAIN 1;2025/2026;1;0;1;0;1.56;1.1;2.25;1.29;1.22;14.5;8.6;70.0;61;39;115;84;45;42;15;8;4;4;12;10;3;4;0;0;0;3;6;9;3.0;0.86;2.5;1.14;1;0.96
2025-02-17;Genoa;Venezia;ITALY 1;2024/2025;2;0;0;0;1.54;0.93;1.19;0.82;1.9;5.1;3.5;15.0;50;50;104;97;42;36;14;7;5;3;14;15;1;1;0;0;3;1;4;5;1.0;0.33;1.13;0.67;1;0.96
2026-05-17;Aston Villa;Liverpool;ENGLAND 1;2025/2026;0;0;0;0;0.0;0.0;1.62;1.56;4.3;1.9;4.1;12.5;-1;-1;0;0;0;0;-1;-1;-1;-1;-1;-1;-1;-1;-1;-1;-1;-1;-1;-1;2.0;1.31;1.74;1.58;1;0.96
2025-02-21;Rennes;Reims;FRANCE 1;2024/2025;1;0;1;0;2.73;0.37;1.38;1.13;2.18;3.8;3.5;14.0;59;41;103;80;106;23;26;3;5;0;15;7;1;1;0;2;4;4;9;2;1.58;1.2;1.05;1.0;1;0.96
2026-02-07;Freiburg;Werder Bremen;GERMANY 1;2025/2026;1;0;1;0;0.86;1.82;1.67;1.18;2.14;3.85;3.55;14.5;33;67;28;85;40;56;7;17;2;5;9;12;0;1;1;0;0;2;4;8;2.0;0.6;1.35;0.95;1;0.96
2026-02-06;Celta Vigo;Osasuna;SPAIN 1;2025/2026;1;2;0;1;1.79;1.04;1.33;1.04;1.75;5.7;3.9;18.0;57;43;109;72;51;55;18;8;4;2;9;14;2;2;0;0;0;2;7;3;1.27;0.45;1.5;1.18;0;0.96
2025-02-21;Leicester;Brentford;ENGLAND 1;2024/2025;0;4;0;3;1.05;1.77;1.05;1.05;3.85;2.02;3.95;13.5;47;53;80;97;46;65;8;14;3;6;10;10;4;0;0;0;1;1;5;6;0.69;0.92;0.68;1.36;0;0.96
2026-02-08;Lecce;Udinese;ITALY 1;2025/2026;2;1;1;1;1.74;0.67;1.2;1.18;3.05;2.76;3.15;9.0;54;46;101;95;53;28;16;6;5;1;9;21;1;2;0;0;3;2;7;0;0.83;1.45;0.78;1.39;0;-8.0
2026-05-02;Valencia;Atl. Madrid;SPAIN 1;2025/2026;0;0;0;0;0.0;0.0;1.47;1.31;4.1;2.12;3.4;7.8;-1;-1;0;0;0;0;-1;-1;-1;-1;-1;-1;-1;-1;-1;-1;-1;-1;-1;-1;1.64;1.21;1.21;1.97;1;0.96
2025-02-22;Las Palmas;Barcelona;SPAIN 1;2024/2025;0;2;0;0;0.95;1.82;1.28;1.56;12.5;1.26;7.6;16.5;30;70;60;156;24;70;10;15;2;5;13;4;1;1;0;0;6;1;5;3;1.08;2.08;0.96;2.13;0;0.96
2026-05-16;Rayo Vallecano;Villarreal;SPAIN 1;2025/2026;0;0;0;0;0.0;0.0;1.72;1.08;3.05;2.5;3.55;12.0;-1;-1;0;0;0;0;-1;-1;-1;-1;-1;-1;-1;-1;-1;-1;-1;-1;-1;-1;1.43;1.5;1.1;2.0;1;-11.0
2026-03-04;Aston Villa;Chelsea;ENGLAND 1;2025/2026;1;4;1;2;1.11;1.77;1.61;1.47;2.74;2.66;3.8;17.0;43;57;61;83;36;37;9;15;4;8;10;9;3;2;0;0;2;2;3;8;2.07;1.57;1.82;1.61;0;0.96
2025-02-22;Holstein Kiel;Bayer Leverkusen;GERMANY 1;2024/2025;0;2;0;2;0.58;2.33;1.1;1.36;12.0;1.28;7.0;12.5;38;62;74;141;14;87;4;18;3;8;11;10;4;1;0;0;1;3;5;11;0.91;2.0;0.59;2.14;0;0.96
2025-12-21;Mainz;St. Pauli;GERMANY 1;2025/2026;0;0;0;0;1.27;0.6;1.41;1.1;1.85;5.3;3.65;15.5;53;47;116;85;51;28;13;5;1;1;5;9;1;1;0;0;1;0;9;5;0.29;0.57;0.5;0.79;1;0.96
2025-02-22;Wolfsburg;Bochum;GERMANY 1;2024/2025;1;1;0;0;1.57;1.37;1.34;1.11;1.59;6.2;4.5;26.0;55;45;107;78;45;45;13;11;6;5;0;1;2;3;0;0;1;1;3;5;1.18;0.18;1.5;0.64;0;0.96
2025-02-22;Benfica;Boavista;PORTUGAL 1;2024/2025;3;0;1;0;3.39;0.59;1.88;0.84;1.14;30.0;11.0;1000.0;73;27;144;61;73;18;31;5;13;2;10;7;0;3;0;1;1;1;13;2;2.73;0.82;2.27;0.55;1;0.96
2025-12-13;Casa Pia;Gil Vicente;PORTUGAL 1;2025/2026;1;1;0;1;0.34;1.37;1.04;1.39;2.26;3.9;3.05;1000.0;33;67;58;116;9;73;3;11;1;2;19;8;3;1;0;0;2;1;1;8;0.33;1.71;0.69;1.85;0;0.96
2025-12-07;Fulham;Crystal Palace;ENGLAND 1;2025/2026;1;2;1;1;1.46;1.35;1.51;1.17;2.14;3.9;3.55;14.0;63;37;91;69;59;43;12;11;4;5;5;8;0;0;0;0;3;2;6;4;1.86;1.86;1.21;1.64;0;0.96
2026-02-23;Everton;Manchester Utd;ENGLAND 1;2025/2026;0;1;0;0;1.5;1.24;1.48;1.6;2.68;3.1;3.25;10.5;48;52;132;93;63;46;12;11;4;3;12;7;2;3;0;0;1;0;10;1;1.23;1.38;1.42;1.73;0;0.96
2025-08-24;Lille;Monaco;FRANCE 1;2025/2026;1;0;0;0;1.6;0.78;0.0;0.0;2.24;3.3;3.8;17.5;50;50;109;86;54;44;18;6;1;1;7;14;1;2;0;0;2;0;8;3;0.0;0.0;1.0;3.0;1;0.96
2025-11-02;Parma;Bologna;ITALY 1;2025/2026;1;3;1;1;0.67;2.28;1.08;1.01;4.4;1.96;3.8;9.6;35;65;78;101;21;66;7;22;1;6;16;15;1;2;1;0;1;6;1;5;1.25;1.0;0.78;1.67;0;0.96
2025-12-08;Torino;AC Milan;ITALY 1;2025/2026;2;3;2;1;1.0;1.9;1.28;1.23;4.3;2.0;3.7;9.2;36;64;77;121;29;56;8;17;4;6;16;7;2;1;0;0;1;3;2;4;1.33;2.0;1.08;2.15;0;0.96
2025-02-22;Venezia;Lazio;ITALY 1;2024/2025;0;0;0;0;1.01;1.09;1.22;1.44;5.6;1.71;4.2;9.2;37;63;90;96;41;42;9;9;2;3;21;12;4;2;0;0;0;1;6;6;1.0;1.75;0.64;1.84;1;0.96
2025-11-09;Manchester City;Liverpool;ENGLAND 1;2025/2026;3;0;2;0;1.7;0.82;1.88;1.76;3.15;2.28;4.0;18.5;49;51;75;80;56;41;14;7;6;1;14;15;2;4;0;0;1;7;7;7;2.4;1.2;1.9;1.8;1;0.96
2025-12-06;Nantes;Lens;FRANCE 1;2025/2026;1;2;1;1;1.13;2.15;1.14;1.35;3.85;2.16;3.45;9.2;34;66;86;104;29;65;10;20;4;6;8;13;2;0;0;0;0;3;1;12;0.71;1.86;0.79;2.21;0;0.96
2025-11-30;Strasbourg;Brest;FRANCE 1;2025/2026;1;2;1;0;1.6;0.96;1.48;1.0;2.08;3.9;3.7;16.5;57;43;100;100;40;31;14;7;6;4;12;14;0;3;0;0;1;1;5;0;2.5;0.67;1.69;1.0;0;0.96
2025-02-23;Nice;Montpellier;FRANCE 1;2024/2025;2;0;1;0;1.79;1.39;1.51;1.06;1.38;9.4;5.7;40.0;57;43;97;130;50;39;16;14;6;3;17;15;1;1;0;0;1;4;8;5;2.4;0.3;1.82;0.68;1;0.96
2026-02-15;Le Havre;Toulouse;FRANCE 1;2025/2026;2;1;1;1;0.55;2.9;1.49;1.12;4.0;2.16;3.4;8.0;33;67;53;143;12;97;5;25;2;9;7;16;1;4;1;0;1;1;1;10;1.55;1.4;1.1;1.43;0;0.96
2026-04-10;Real Madrid;Girona;SPAIN 1;2025/2026;0;0;0;0;0.0;0.0;2.22;1.23;1.3;10.5;6.8;55.0;-1;-1;0;0;0;0;-1;-1;-1;-1;-1;-1;-1;-1;-1;-1;-1;-1;-1;-1;2.6;1.0;2.38;1.17;1;0.96
2025-02-23;Real Sociedad;Leganes;SPAIN 1;2024/2025;3;0;1;0;1.39;0.89;1.31;0.81;1.6;7.8;3.95;17.5;56;44;112;94;38;32;12;8;5;2;13;13;3;3;0;0;1;7;3;3;1.42;0.83;1.29;1.0;1;0.96
2026-05-02;Como;Napoli;ITALY 1;2025/2026;0;0;0;0;0.0;0.0;1.8;1.43;3.65;2.32;3.35;8.4;-1;-1;0;0;0;0;-1;-1;-1;-1;-1;-1;-1;-1;-1;-1;-1;-1;-1;-1;2.0;1.75;1.9;2.07;1;0.96
2026-05-01;Hoffenheim;Stuttgart;GERMANY 1;2025/2026;0;0;0;0;0.0;0.0;1.87;1.78;3.75;2.04;3.95;14.5;-1;-1;0;0;0;0;-1;-1;-1;-1;-1;-1;-1;-1;-1;-1;-1;-1;-1;-1;1.92;1.5;1.85;1.96;1;0.96
2026-02-21;Bayern Munich;Eintracht Frankfurt;GERMANY 1;2025/2026;3;2;2;0;2.75;0.97;2.41;1.28;1.27;12.0;7.6;65.0;51;49;123;47;65;27;24;9;11;3;9;10;0;3;0;0;1;0;8;2;2.55;1.27;2.59;1.41;0;0.96
2026-01-17;Cagliari;Juventus;ITALY 1;2025/2026;1;0;0;0;0.35;2.52;1.14;1.55;4.5;2.02;3.45;7.8;22;78;36;168;12;117;3;21;1;5;16;12;0;1;0;0;0;1;1;18;1.0;1.7;0.95;1.95;1;-6.8
2025-08-30;RB Leipzig;Heidenheim;GERMANY 1;2025/2026;2;0;0;0;2.0;0.7;0.0;0.0;1.36;9.8;6.0;44.0;66;34;132;64;62;23;19;5;5;3;7;13;2;5;0;0;1;2;4;3;0.0;0.0;0.0;0.0;1;0.96
2026-04-10;Famalicao;Moreirense;PORTUGAL 1;2025/2026;0;0;0;0;0.0;0.0;1.59;1.05;2.44;3.75;3.05;10.5;-1;-1;0;0;0;0;-1;-1;-1;-1;-1;-1;-1;-1;-1;-1;-1;-1;-1;-1;1.86;1.07;1.67;1.3;1;0.96
2026-04-25;AVS;Sporting CP;PORTUGAL 1;2025/2026;0;0;0;0;0.0;0.0;1.21;1.84;8.4;1.44;5.1;8.0;-1;-1;0;0;0;0;-1;-1;-1;-1;-1;-1;-1;-1;-1;-1;-1;-1;-1;-1;0.5;2.43;0.41;2.5;1;0.96
2025-02-23;Arouca;SC Farense;PORTUGAL 1;2024/2025;2;2;0;1;0.98;1.97;1.1;0.85;1.91;4.6;3.45;14.5;61;39;84;79;35;38;8;18;3;8;16;16;3;3;0;0;0;3;4;9;1.2;0.73;1.09;0.68;0;0.96
2025-02-23;Empoli;Atalanta;ITALY 1;2024/2025;0;5;0;3;1.04;1.02;0.85;1.47;7.2;1.55;4.5;8.6;46;54;113;97;26;51;11;8;2;2;4;17;0;1;0;0;0;1;3;4;0.67;2.08;0.84;2.04;0;0.96
2025-10-18;Sevilla;Mallorca;SPAIN 1;2025/2026;1;3;1;0;1.36;1.14;1.42;1.3;2.12;4.3;3.3;11.5;58;42;87;76;36;38;13;7;4;6;16;13;2;1;0;0;3;0;9;2;1.0;0.0;1.63;0.63;0;0.96
2025-08-11;FC Porto;Vitoria Guimaraes;PORTUGAL 1;2025/2026;3;0;2;0;2.03;0.94;0.0;0.0;1.74;5.9;3.8;17.0;50;50;85;71;46;22;17;10;9;2;18;9;1;3;0;0;2;2;7;4;0.0;0.0;0.0;0.0;1;0.96
2026-04-11;Brentford;Everton;ENGLAND 1;2025/2026;0;0;0;0;0.0;0.0;1.34;1.09;2.18;3.7;3.65;15.5;-1;-1;0;0;0;0;-1;-1;-1;-1;-1;-1;-1;-1;-1;-1;-1;-1;-1;-1;1.73;1.6;1.48;1.48;1;0.96
2026-02-03;Bologna;AC Milan;ITALY 1;2025/2026;0;3;0;2;1.35;1.29;1.68;1.23;2.92;2.82;3.25;10.5;54;46;147;67;52;23;13;10;2;7;14;10;3;0;0;0;0;1;5;0;1.4;2.09;1.36;2.14;0;0.96
2025-02-28;Valladolid;Las Palmas;SPAIN 1;2024/2025;1;1;0;1;2.43;0.77;0.86;0.94;3.25;2.52;3.35;8.6;65;35;109;72;77;41;22;4;7;3;11;8;2;1;0;1;3;0;13;4;1.0;0.83;0.6;0.92;0;0.96
2025-11-02;Fiorentina;Lecce;ITALY 1;2025/2026;0;1;0;1;1.55;1.17;1.39;1.11;1.81;5.8;3.6;15.0;63;37;104;95;44;25;15;11;4;4;14;21;4;1;0;0;3;0;4;4;0.25;1.0;0.44;0.67;0;0.96
2025-02-28;Monaco;Reims;FRANCE 1;2024/2025;3;0;2;0;2.57;1.41;1.58;1.06;1.38;9.4;5.8;40.0;56;44;127;78;68;40;23;10;9;7;7;7;0;0;0;0;1;2;7;2;2.17;1.09;1.74;0.96;1;0.96
2025-12-06;Stuttgart;Bayern Munich;GERMANY 1;2025/2026;0;5;0;1;1.08;2.39;1.85;2.18;5.1;1.72;4.4;12.5;41;59;65;112;26;59;13;19;1;11;6;11;2;4;1;0;5;5;3;4;3.0;2.6;1.83;2.83;0;0.96
2026-05-09;Vitoria Guimaraes;Casa Pia;PORTUGAL 1;2025/2026;0;0;0;0;0.0;0.0;1.48;0.98;1.92;5.2;3.45;14.5;-1;-1;0;0;0;0;-1;-1;-1;-1;-1;-1;-1;-1;-1;-1;-1;-1;-1;-1;1.57;0.86;1.19;0.92;1;0.96
2025-09-29;Arouca;FC Porto;PORTUGAL 1;2025/2026;0;4;0;1;1.16;1.68;1.23;1.71;5.9;1.71;4.0;7.4;47;53;64;80;18;45;13;16;3;5;13;8;5;2;0;1;0;2;5;8;1.33;3.0;1.33;3.0;0;0.96
2025-11-01;Nacional;Famalicao;PORTUGAL 1;2025/2026;0;1;0;1;1.01;1.94;1.39;1.46;2.84;2.9;3.15;12.5;44;56;95;79;40;56;8;20;3;4;15;18;3;6;1;0;2;1;3;10;0.75;2.0;1.22;1.78;0;0.96
2025-11-07;Werder Bremen;Wolfsburg;GERMANY 1;2025/2026;2;1;0;1;2.39;1.0;1.5;1.13;2.9;2.58;3.65;14.5;60;40;128;85;89;37;20;7;7;4;13;8;2;0;0;0;2;2;13;3;1.75;1.5;1.33;0.89;0;0.96
2026-01-31;RB Leipzig;Mainz;GERMANY 1;2025/2026;1;2;1;1;1.77;1.24;1.93;1.13;2.08;3.85;3.7;16.5;70;30;156;103;74;35;15;11;4;4;4;13;0;4;0;0;2;2;5;4;2.33;0.67;1.89;0.79;0;0.96
2025-03-01;Bochum;Hoffenheim;GERMANY 1;2024/2025;0;1;0;0;1.42;1.07;1.27;1.13;2.54;2.96;3.7;16.0;58;42;125;103;53;40;13;10;3;2;16;17;0;1;0;0;1;0;8;5;1.09;0.91;0.65;0.96;0;-15.0
2026-01-31;Eintracht Frankfurt;Bayer Leverkusen;GERMANY 1;2025/2026;1;3;0;2;1.39;1.21;1.46;1.33;4.6;1.87;3.95;11.0;42;58;118;116;56;31;11;11;4;4;11;10;2;1;1;0;0;3;8;3;1.56;1.63;1.42;1.78;0;0.96
2026-03-01;Girona;Celta Vigo;SPAIN 1;2025/2026;1;2;1;0;1.9;0.98;1.24;1.19;2.3;3.4;3.55;13.5;57;43;109;89;64;33;15;6;7;5;9;8;2;2;0;0;2;1;10;6;1.33;1.67;1.2;1.48;0;0.96
2025-09-28;Rayo Vallecano;Sevilla;SPAIN 1;2025/2026;0;1;0;0;2.02;0.52;1.6;1.24;2.54;3.25;3.25;10.5;64;36;107;76;65;26;18;4;6;1;11;15;3;2;1;0;0;1;12;4;1.0;2.0;0.83;1.17;0;0.96
2026-04-18;Udinese;Parma;ITALY 1;2025/2026;0;0;0;0;0.0;0.0;1.35;1.08;1.89;4.9;3.7;17.5;-1;-1;0;0;0;0;-1;-1;-1;-1;-1;-1;-1;-1;-1;-1;-1;-1;-1;-1;1.27;1.33;1.3;1.13;1;0.96
2025-03-01;Atalanta;Venezia;ITALY 1;2024/2025;0;0;0;0;1.9;0.86;1.71;0.83;1.21;21.0;7.8;65.0;59;41;126;103;77;27;18;8;3;2;12;14;1;2;0;0;3;3;3;2;2.0;0.31;2.08;0.65;1;0.96
2026-01-30;Lens;Le Havre;FRANCE 1;2025/2026;1;0;1;0;1.63;0.88;1.69;1.07;1.41;9.6;5.3;30.0;54;46;103;77;65;32;15;8;3;2;20;10;1;2;0;0;-1;-1;4;3;2.67;0.67;2.26;1.05;1;0.96
2026-01-16;PSG;Lille;FRANCE 1;2025/2026;3;0;1;0;1.77;0.96;2.44;1.67;1.41;9.0;5.4;34.0;61;39;138;67;62;32;13;7;7;4;14;6;0;1;0;0;1;3;4;2;2.75;1.63;2.29;1.88;1;0.96
2026-01-18;Augsburg;Freiburg;GERMANY 1;2025/2026;2;2;0;0;1.41;1.44;1.4;1.21;2.8;2.88;3.35;10.0;45;55;79;94;33;36;13;13;5;5;11;14;3;2;0;0;1;1;9;6;1.22;0.89;0.88;1.35;0;0.96
2025-08-24;Osasuna;Valencia;SPAIN 1;2025/2026;1;0;1;0;1.71;0.57;0.0;0.0;2.58;3.25;3.2;10.5;56;44;99;79;59;32;16;4;4;1;14;13;2;1;0;1;2;1;3;4;0.0;0.0;0.0;1.0;1;0.96
2025-09-28;Barcelona;Real Sociedad;SPAIN 1;2025/2026;2;1;1;1;2.83;0.74;2.26;1.57;1.29;13.5;6.4;42.0;75;25;134;51;84;21;22;7;12;2;6;12;1;2;0;0;3;5;12;1;3.0;0.33;2.67;0.83;0;0.96
2025-03-02;Leganes;Getafe;SPAIN 1;2024/2025;1;0;0;0;0.68;0.94;0.84;0.97;3.35;2.8;2.86;7.0;59;41;96;114;30;49;6;9;1;0;15;15;1;1;0;0;1;1;2;6;1.17;1.17;0.96;1.2;1;0.96
2025-03-02;Boavista;Santa Clara;PORTUGAL 1;2024/2025;1;0;0;0;1.37;1.16;1.14;0.84;4.8;1.96;3.2;6.4;31;69;68;85;28;54;13;11;5;1;10;19;4;3;0;0;0;1;9;5;0.27;1.55;0.52;1.7;1;0.96
2025-03-02;Monza;Torino;ITALY 1;2024/2025;0;2;0;1;0.95;1.65;1.05;0.95;4.3;2.04;3.45;7.4;53;47;85;102;32;46;9;13;2;7;10;20;2;2;0;0;3;1;1;4;0.54;1.08;0.54;1.19;0;0.96
2025-03-02;Genoa;Empoli;ITALY 1;2024/2025;1;1;0;1;0.63;0.77;1.22;0.92;1.99;4.9;3.35;14.0;61;39;97;89;40;52;4;5;1;1;12;18;1;3;0;0;0;3;3;6;1.15;1.0;1.15;0.81;0;0.96
2026-05-02;Bologna;Cagliari;ITALY 1;2025/2026;0;0;0;0;0.0;0.0;1.62;1.11;1.63;6.8;4.0;20.0;-1;-1;0;0;0;0;-1;-1;-1;-1;-1;-1;-1;-1;-1;-1;-1;-1;-1;-1;1.13;0.93;1.4;1.0;1;0.96
2025-11-29;AC Milan;Lazio;ITALY 1;2025/2026;1;0;0;0;1.57;1.13;1.71;1.06;2.12;3.85;3.65;16.0;46;54;104;98;38;38;16;9;4;4;10;12;3;3;0;0;1;2;1;4;2.17;0.83;2.08;1.5;1;0.96
2025-03-02;Union Berlin;Holstein Kiel;GERMANY 1;2024/2025;0;1;0;1;1.71;1.11;1.37;1.03;1.66;5.8;4.3;23.0;51;49;99;70;86;37;14;10;3;3;16;12;4;0;0;0;1;1;11;3;1.45;0.27;1.04;0.57;0;-22.0
2025-03-02;Montpellier;Rennes;FRANCE 1;2024/2025;0;4;0;1;2.11;1.53;1.34;1.17;3.55;2.18;3.65;11.0;45;55;111;73;58;39;19;12;7;7;15;15;2;1;0;0;6;0;6;5;1.0;0.4;0.65;1.13;0;0.96
2026-03-07;Auxerre;Strasbourg;FRANCE 1;2025/2026;0;0;0;0;1.08;1.37;1.29;1.2;2.84;2.7;3.35;12.0;28;72;67;117;23;25;10;13;4;5;10;11;2;2;0;0;1;3;5;4;0.92;1.0;0.75;1.46;1;-11.0
2025-03-02;SC Farense;AVS;PORTUGAL 1;2024/2025;0;1;0;0;1.89;0.92;1.16;0.92;2.34;3.95;3.05;11.0;44;56;126;107;65;44;18;6;4;3;24;12;2;2;0;0;-1;-1;6;1;0.64;0.55;0.7;0.87;0;-10.0
2025-11-22;Cagliari;Genoa;ITALY 1;2025/2026;3;3;2;2;1.28;1.62;0.99;1.15;2.52;3.45;3.1;10.5;50;50;39;41;34;35;11;13;5;8;22;16;4;2;0;1;0;4;6;2;0.8;0.8;0.91;0.64;0;0.96
2026-04-25;Toulouse;Monaco;FRANCE 1;2025/2026;0;0;0;0;0.0;0.0;1.61;1.4;3.6;2.18;3.7;12.0;-1;-1;0;0;0;0;-1;-1;-1;-1;-1;-1;-1;-1;-1;-1;-1;-1;-1;-1;1.43;1.38;1.37;1.7;1;0.96
2026-01-14;Wolfsburg;St. Pauli;GERMANY 1;2025/2026;2;1;1;1;1.58;1.07;1.56;1.04;1.82;5.4;3.7;17.5;61;39;165;76;53;30;13;9;5;4;10;9;1;2;0;0;4;2;7;4;0.63;0.63;0.94;0.8;0;0.96
2026-05-16;Freiburg;RB Leipzig;GERMANY 1;2025/2026;0;0;0;0;0.0;0.0;1.65;1.57;2.64;3.0;3.45;12.5;-1;-1;0;0;0;0;-1;-1;-1;-1;-1;-1;-1;-1;-1;-1;-1;-1;-1;-1;1.92;1.62;1.37;1.85;1;0.96
2026-01-24;Bayer Leverkusen;Werder Bremen;GERMANY 1;2025/2026;1;0;1;0;1.35;1.68;1.81;1.12;1.28;13.0;6.6;48.0;50;50;93;104;34;55;13;17;4;3;6;9;2;3;0;0;1;1;5;5;1.78;0.67;1.71;1.06;1;0.96
2025-03-08;Bayern Munich;Bochum;GERMANY 1;2024/2025;2;3;2;1;1.75;1.07;2.4;1.13;1.13;25.0;12.0;95.0;74;26;171;56;69;29;14;8;5;5;7;14;0;6;1;0;3;1;9;3;2.83;0.25;2.54;0.63;0;0.96
2025-03-08;Holstein Kiel;Stuttgart;GERMANY 1;2024/2025;2;2;1;1;1.8;0.63;1.06;1.15;6.2;1.58;4.8;12.5;53;47;98;94;53;21;17;5;5;2;8;9;1;2;0;1;2;1;3;1;0.83;1.45;0.67;1.5;0;0.96
2025-08-29;Lecce;AC Milan;ITALY 1;2025/2026;0;2;0;0;0.87;1.63;0.0;0.0;4.5;1.95;3.65;9.4;45;55;104;73;38;46;7;14;2;6;10;8;1;0;0;0;1;4;4;5;0.0;0.0;1.0;0.0;0;0.96
2025-03-08;Como;Venezia;ITALY 1;2024/2025;1;1;0;0;1.62;1.05;1.4;0.83;1.63;7.2;4.0;21.0;56;44;87;89;42;27;13;9;7;4;11;14;2;3;0;0;0;3;3;5;1.38;0.36;1.04;0.67;0;0.96
2025-09-29;Parma;Torino;ITALY 1;2025/2026;2;1;1;0;1.2;1.65;0.97;1.11;3.2;2.56;3.3;9.4;37;63;80;97;33;59;13;15;2;4;10;12;3;3;0;0;1;1;4;3;1.0;1.5;0.5;1.0;0;0.96
2025-03-08;Lille;Montpellier;FRANCE 1;2024/2025;1;0;0;0;2.2;0.89;1.47;1.09;1.42;9.4;5.2;32.0;77;23;159;54;78;25;18;9;7;2;11;12;2;3;0;0;0;2;7;1;2.0;0.27;1.71;0.63;1;0.96
2025-08-23;Brentford;Aston Villa;ENGLAND 1;2025/2026;1;0;1;0;0.97;1.81;0.0;0.0;2.32;3.1;3.95;20.0;24;76;52;110;37;83;9;17;2;2;11;9;1;2;0;0;1;0;2;9;0.0;0.0;0.0;1.0;1;-19.0
2025-03-08;Liverpool;Southampton;ENGLAND 1;2024/2025;3;1;0;1;2.89;0.83;1.65;0.93;1.14;25.0;11.5;90.0;71;29;151;49;89;23;28;6;7;4;10;9;2;1;0;0;0;1;6;4;2.46;0.36;2.39;0.33;0;0.96
2026-02-13;Rennes;PSG;FRANCE 1;2025/2026;3;1;1;0;1.29;2.4;1.92;1.81;5.1;1.76;4.2;11.5;33;67;77;109;26;74;13;22;4;7;10;9;0;0;0;0;3;1;5;8;1.8;2.09;1.48;2.43;0;0.96
2025-03-08;Valencia;Valladolid;SPAIN 1;2024/2025;2;1;1;1;1.82;1.21;1.25;0.8;1.43;10.0;4.8;27.0;62;38;128;72;64;33;17;11;4;4;11;10;1;3;0;0;2;0;5;4;1.38;0.23;0.92;0.62;0;0.96
2025-03-08;Celta Vigo;Leganes;SPAIN 1;2024/2025;2;1;2;1;0.91;1.5;1.26;0.81;1.58;7.6;4.1;21.0;56;44;94;136;24;42;7;12;4;6;10;9;3;2;0;0;1;3;2;5;2.0;0.77;1.27;1.04;0;0.96
2026-04-12;Benfica;Nacional;PORTUGAL 1;2025/2026;0;0;0;0;0.0;0.0;2.06;1.38;1.22;18.5;7.6;75.0;-1;-1;0;0;0;0;-1;-1;-1;-1;-1;-1;-1;-1;-1;-1;-1;-1;-1;-1;2.29;0.79;2.41;0.81;1;0.96
2026-01-17;AVS;Arouca;PORTUGAL 1;2025/2026;0;1;0;1;1.18;1.97;1.23;0.94;3.2;2.62;3.15;9.2;37;63;80;150;29;86;12;18;3;3;11;12;3;6;1;0;3;4;2;3;0.33;0.63;0.24;0.82;0;-8.2
2025-10-24;Real Sociedad;Sevilla;SPAIN 1;2025/2026;2;1;2;1;0.8;0.75;1.75;1.06;2.44;3.55;3.15;9.6;40;60;85;102;37;39;5;6;3;1;19;14;1;3;0;0;2;1;1;9;1.0;2.25;0.67;1.44;0;-8.6
2025-11-23;Getafe;Atl. Madrid;SPAIN 1;2025/2026;0;1;0;0;0.99;1.55;1.08;1.38;5.3;1.93;3.35;5.8;41;59;119;87;47;42;9;13;1;6;9;17;2;3;0;0;2;5;6;7;1.6;1.2;1.42;2.08;0;0.96
2025-10-25;Hoffenheim;Heidenheim;GERMANY 1;2025/2026;3;1;2;0;1.74;1.26;1.66;1.18;1.88;4.5;3.95;18.0;60;40;115;96;50;39;14;12;7;3;14;13;1;1;0;0;-1;-1;7;5;0.0;0.0;1.43;0.57;0;0.96
2025-09-21;Eintracht Frankfurt;Union Berlin;GERMANY 1;2025/2026;3;4;1;2;2.39;1.16;1.95;1.22;1.79;4.8;4.1;22.0;78;22;127;69;68;16;19;11;10;5;10;11;3;2;0;0;2;5;5;1;3.0;0.0;2.0;1.0;0;0.96
2026-03-22;Nantes;Strasbourg;FRANCE 1;2025/2026;2;3;1;1;1.73;1.75;1.21;1.21;2.98;2.64;3.45;11.5;37;63;66;102;31;40;14;13;9;9;13;16;3;3;0;0;0;2;3;6;0.62;1.0;0.68;1.42;0;-10.5
2025-03-09;Reims;Auxerre;FRANCE 1;2024/2025;0;2;0;2;1.69;1.62;1.19;1.14;2.42;3.35;3.45;13.0;57;43;108;86;46;41;17;12;4;8;9;13;1;1;0;0;2;1;6;12;0.83;0.45;0.92;1.17;0;0.96
2025-08-17;Santa Clara;Moreirense;PORTUGAL 1;2025/2026;0;1;0;1;1.37;0.62;0.0;0.0;2.08;4.5;3.25;11.0;58;42;125;60;54;21;12;5;3;2;20;18;4;5;0;0;2;2;3;0;0.0;0.0;0.0;3.0;0;0.96
2025-08-08;Casa Pia;Sporting CP;PORTUGAL 1;2025/2026;0;2;0;1;0.86;2.95;0.0;0.0;7.2;1.53;4.7;8.0;33;67;53;112;39;58;7;27;2;12;14;11;4;1;0;0;1;1;2;9;0.0;0.0;0.0;0.0;0;0.96
2025-03-09;Boavista;Vitoria Guimaraes;PORTUGAL 1;2024/2025;1;2;1;0;0.79;2.44;1.16;1.33;5.8;1.77;3.7;6.6;34;66;70;118;27;58;6;21;3;10;17;16;2;1;0;0;1;0;2;7;0.5;1.0;0.63;1.46;0;0.96
2026-02-01;Real Madrid;Rayo Vallecano;SPAIN 1;2025/2026;2;1;1;0;2.06;1.25;2.39;1.32;1.3;12.0;6.4;40.0;57;43;121;68;87;38;16;11;6;4;6;18;2;7;0;2;1;1;9;4;2.7;0.91;2.43;1.05;0;0.96
2025-03-09;Chelsea;Leicester;ENGLAND 1;2024/2025;1;0;0;0;2.38;0.64;1.82;0.91;1.23;14.5;8.0;65.0;57;43;117;83;79;32;21;3;7;3;12;13;1;0;0;0;0;2;12;2;1.92;0.62;1.7;0.63;1;0.96
2025-08-17;Manchester Utd;Arsenal;ENGLAND 1;2025/2026;0;1;0;1;2.22;1.09;0.0;0.0;5.8;1.8;3.6;7.4;61;39;88;81;48;43;22;9;7;3;10;19;1;4;0;0;1;2;3;4;0.0;0.0;0.0;0.0;0;0.96
2026-01-31;Napoli;Fiorentina;ITALY 1;2025/2026;2;1;1;0;1.99;1.49;1.56;1.16;1.61;7.2;4.1;19.5;53;47;100;85;51;27;19;15;6;5;21;13;1;1;0;0;0;2;4;4;2.4;0.73;1.95;0.77;0;0.96
2025-09-27;Juventus;Atalanta;ITALY 1;2025/2026;1;1;0;1;2.86;1.05;1.92;1.14;2.76;3.0;3.25;11.0;67;33;131;59;90;21;24;12;10;2;6;7;0;2;0;1;1;0;14;5;3.0;2.0;2.5;2.0;0;0.96
2026-04-27;Lazio;Udinese;ITALY 1;2025/2026;0;0;0;0;0.0;0.0;1.39;1.1;1.76;5.6;3.85;19.0;-1;-1;0;0;0;0;-1;-1;-1;-1;-1;-1;-1;-1;-1;-1;-1;-1;-1;-1;1.67;1.33;1.43;1.3;1;0.96
2026-01-16;Espanyol;Girona;SPAIN 1;2025/2026;0;2;0;1;1.42;0.99;1.49;1.17;3.2;2.56;3.3;9.0;49;51;99;87;55;35;14;7;2;4;17;17;5;5;0;0;1;4;5;4;1.9;1.0;1.79;1.11;0;0.96
2025-09-28;Famalicao;Rio Ave;PORTUGAL 1;2025/2026;0;0;0;0;2.75;0.7;1.02;1.23;1.96;4.8;3.5;15.5;58;42;137;51;89;23;28;5;5;3;19;15;4;5;0;0;2;0;11;6;1.33;0.67;1.83;0.67;1;0.96
2025-08-23;Genoa;Lecce;ITALY 1;2025/2026;0;0;0;0;0.7;0.76;0.0;0.0;2.16;4.6;3.05;11.5;59;41;89;95;32;42;5;7;2;0;16;13;2;3;0;0;0;2;3;7;0.0;0.0;0.0;0.0;1;0.96
2025-10-19;St. Pauli;Hoffenheim;GERMANY 1;2025/2026;0;3;0;0;1.13;1.44;1.64;1.44;2.4;3.4;3.4;12.0;49;51;89;93;49;28;10;14;2;5;10;17;1;3;0;0;4;2;9;7;1.33;2.33;1.17;1.17;0;0.96
2025-08-23;Nice;Auxerre;FRANCE 1;2025/2026;3;1;2;1;1.77;1.58;1.36;0.0;1.63;6.2;4.3;24.0;55;45;76;95;48;35;16;12;6;8;10;15;2;2;0;1;1;0;5;4;0.0;0.0;0.0;3.0;0;0.96
2026-02-15;Sporting CP;Famalicao;PORTUGAL 1;2025/2026;1;0;0;0;2.31;0.3;2.28;1.33;1.3;13.0;6.4;50.0;70;30;137;57;79;13;22;2;5;1;16;18;3;2;0;0;4;1;14;1;2.5;1.5;2.48;1.52;1;0.96
2025-03-15;Torino;Empoli;ITALY 1;2024/2025;1;0;0;0;1.36;1.67;1.03;0.91;1.89;5.2;3.55;15.5;51;49;74;80;46;73;13;16;3;2;9;12;1;0;0;0;4;2;5;5;1.31;1.0;1.25;0.79;1;0.96
2025-03-15;Valladolid;Celta Vigo;SPAIN 1;2024/2025;0;1;0;0;0.6;1.09;0.98;1.15;5.7;1.74;3.95;7.8;39;61;61;125;19;52;5;10;2;1;9;15;3;3;0;0;2;2;3;4;1.0;0.54;0.59;1.33;0;-6.8
2026-03-15;Mallorca;Espanyol;SPAIN 1;2025/2026;2;1;0;1;2.83;0.97;1.28;1.35;1.83;5.9;3.45;14.0;68;32;103;52;49;28;26;10;12;2;11;14;3;3;0;1;1;6;5;6;1.46;1.23;0.93;1.37;0;0.96
2026-01-24;Villarreal;Real Madrid;SPAIN 1;2025/2026;0;2;0;0;0.83;1.72;1.79;2.09;3.3;2.24;3.95;16.0;42;58;63;122;35;76;8;14;1;4;19;10;3;1;0;0;-1;-1;6;6;2.5;2.1;2.16;2.4;0;0.96
2025-10-04;Girona;Valencia;SPAIN 1;2025/2026;2;1;1;0;0.77;1.95;1.25;0.54;2.08;4.1;3.55;13.5;45;55;72;120;32;45;4;19;4;6;13;12;4;1;2;0;5;1;0;7;0.25;0.33;0.43;1.14;0;0.96
2026-03-03;Bournemouth;Brentford;ENGLAND 1;2025/2026;0;0;0;0;1.23;0.71;1.63;1.23;1.8;4.5;4.3;25.0;48;52;17;22;40;36;13;5;2;2;9;10;2;1;0;0;2;0;4;3;1.71;1.29;1.39;1.54;1;0.96
2026-02-07;Lens;Rennes;FRANCE 1;2025/2026;3;1;1;1;1.12;1.28;1.68;1.15;2.12;3.9;3.55;14.5;51;49;113;78;45;45;9;14;3;1;13;17;3;2;1;0;2;1;4;4;2.7;1.3;2.3;1.55;0;0.96
2025-11-03;Gil Vicente;Santa Clara;PORTUGAL 1;2025/2026;1;0;1;0;0.96;1.64;1.55;1.18;3.1;2.78;3.0;7.6;37;63;68;121;24;56;9;15;3;4;16;14;2;3;0;0;0;1;2;0;2.25;1.0;2.11;1.22;1;-6.6
2025-12-29;FC Porto;AVS;PORTUGAL 1;2025/2026;2;0;0;0;1.93;0.72;1.65;1.0;1.24;17.5;6.6;55.0;70;30;143;81;70;27;18;7;4;1;8;7;1;1;0;0;1;1;7;0;2.71;0.14;2.87;0.27;1;0.96
2026-02-18;AC Milan;Como;ITALY 1;2025/2026;1;1;0;1;0.98;1.16;1.84;1.45;1.83;4.9;3.95;19.5;54;46;104;75;43;34;6;10;4;4;11;12;2;3;0;0;5;1;4;4;2.18;1.64;2.21;1.71;0;0.96
2025-03-15;Monza;Parma;ITALY 1;2024/2025;1;1;0;0;1.35;1.63;1.04;1.06;3.15;2.66;3.2;10.0;45;55;76;76;44;45;12;14;4;6;14;16;0;3;0;0;2;0;6;3;0.5;0.62;0.5;0.86;0;0.96
2025-11-08;Union Berlin;Bayern Munich;GERMANY 1;2025/2026;2;2;1;1;1.29;1.49;1.39;2.35;10.0;1.37;5.8;10.5;26;74;92;138;34;60;12;12;4;4;8;8;2;4;0;0;1;5;6;5;1.6;3.0;1.22;3.0;0;0.96
2026-04-12;Mainz;Freiburg;GERMANY 1;2025/2026;0;0;0;0;0.0;0.0;1.53;1.2;2.0;4.5;3.55;14.5;-1;-1;0;0;0;0;-1;-1;-1;-1;-1;-1;-1;-1;-1;-1;-1;-1;-1;-1;1.21;0.86;1.11;1.37;1;0.96
2025-10-04;Augsburg;Wolfsburg;GERMANY 1;2025/2026;3;1;1;0;1.41;1.44;1.48;1.21;2.82;2.84;3.35;10.0;47;53;120;70;57;39;10;14;5;4;9;7;2;1;0;0;5;2;10;5;0.0;1.5;0.6;1.0;0;0.96
2025-10-19;Nantes;Lille;FRANCE 1;2025/2026;0;2;0;1;0.99;2.2;0.87;1.83;3.7;2.2;3.45;9.0;37;63;70;111;38;56;8;23;3;5;10;9;1;4;0;0;-1;-1;5;9;1.33;1.33;0.86;1.57;0;0.96
2025-03-16;Venezia;Napoli;ITALY 1;2024/2025;0;0;0;0;1.53;1.94;1.2;1.05;7.4;1.56;4.3;6.8;43;57;70;68;60;71;13;15;4;7;19;8;2;1;0;0;1;2;3;8;1.0;2.0;0.68;2.14;1;0.96
2026-03-22;Bologna;Lazio;ITALY 1;2025/2026;0;2;0;0;1.55;1.09;1.63;1.09;2.48;3.45;3.2;11.5;54;46;108;65;44;23;15;9;4;5;13;8;1;1;0;0;3;1;2;1;1.21;1.07;1.45;1.38;0;0.96
2025-11-22;Fiorentina;Juventus;ITALY 1;2025/2026;1;1;0;1;1.12;1.69;1.42;1.51;3.5;2.46;3.15;8.4;41;59;58;77;40;47;11;17;2;4;11;18;3;3;0;0;-1;-1;7;3;0.2;1.4;0.45;1.73;0;0.96
2025-03-16;Brest;Reims;FRANCE 1;2024/2025;0;0;0;0;0.94;1.03;1.5;1.09;1.78;5.4;3.85;18.0;72;28;91;55;69;36;7;10;0;2;9;13;1;3;1;0;1;1;4;4;1.92;1.0;1.44;0.88;1;0.96
2026-05-02;Strasbourg;Toulouse;FRANCE 1;2025/2026;0;0;0;0;0.0;0.0;1.45;1.31;2.58;3.1;3.35;11.5;-1;-1;0;0;0;0;-1;-1;-1;-1;-1;-1;-1;-1;-1;-1;-1;-1;-1;-1;1.85;1.31;1.48;1.37;1;0.96
2025-03-16;Heidenheim;Holstein Kiel;GERMANY 1;2024/2025;3;1;1;0;1.58;1.64;1.3;1.04;2.1;3.85;3.7;16.0;38;62;68;86;49;49;14;16;5;4;15;13;1;3;0;0;1;1;3;5;0.58;0.5;0.64;0.68;0;0.96
2025-03-16;Bochum;Eintracht Frankfurt;GERMANY 1;2024/2025;1;3;0;2;2.11;2.06;1.28;1.3;3.2;2.32;3.75;13.5;51;49;105;99;76;61;17;18;7;7;7;9;4;1;0;0;7;2;8;3;1.0;1.5;0.72;1.68;0;0.96
2026-03-01;Arsenal;Chelsea;ENGLAND 1;2025/2026;2;1;1;1;1.59;1.18;1.84;1.49;1.9;4.7;3.8;17.0;41;59;97;87;66;55;12;9;5;3;11;14;1;4;0;1;0;1;5;10;2.46;1.69;2.18;1.67;0;0.96
2025-03-16;Leicester;Manchester Utd;ENGLAND 1;2024/2025;0;3;0;1;1.39;1.78;1.05;1.22;4.4;1.94;3.8;9.2;54;46;109;83;67;42;11;18;3;5;6;6;2;0;0;0;4;2;6;4;0.64;1.08;0.61;1.21;0;0.96
2026-02-08;Nacional;Casa Pia;PORTUGAL 1;2025/2026;0;0;0;0;1.89;1.02;1.27;1.02;2.6;3.25;3.15;10.0;69;31;105;69;40;33;21;9;4;3;15;11;2;3;0;0;0;7;12;1;1.11;1.0;1.0;0.9;1;0.96
2026-01-17;Rio Ave;Benfica;PORTUGAL 1;2025/2026;0;2;0;2;0.67;2.73;1.09;1.68;11.0;1.33;6.0;10.5;37;63;61;135;21;92;7;24;1;8;12;8;1;2;0;0;2;0;3;11;1.13;2.5;1.18;2.29;0;0.96
2026-04-25;Rayo Vallecano;Real Sociedad;SPAIN 1;2025/2026;0;0;0;0;0.0;0.0;1.72;1.44;2.44;3.65;3.1;9.4;-1;-1;0;0;0;0;-1;-1;-1;-1;-1;-1;-1;-1;-1;-1;-1;-1;-1;-1;1.43;0.93;1.1;1.31;1;0.96
2025-10-03;Osasuna;Getafe;SPAIN 1;2025/2026;2;1;1;1;0.96;0.88;1.33;0.96;2.4;3.95;2.96;9.4;58;42;81;97;42;49;7;6;3;2;11;14;1;4;0;0;3;6;1;6;2.33;1.5;1.0;1.57;0;0.96
2026-04-04;Atl. Madrid;Barcelona;SPAIN 1;2025/2026;0;0;0;0;0.0;0.0;1.97;2.18;3.4;2.26;3.75;14.0;-1;-1;0;0;0;0;-1;-1;-1;-1;-1;-1;-1;-1;-1;-1;-1;-1;-1;-1;2.67;2.0;1.97;2.52;1;0.96
2026-05-08;Stuttgart;Bayer Leverkusen;GERMANY 1;2025/2026;0;0;0;0;0.0;0.0;1.75;1.42;3.4;2.32;3.6;12.0;-1;-1;0;0;0;0;-1;-1;-1;-1;-1;-1;-1;-1;-1;-1;-1;-1;-1;-1;2.46;1.57;1.96;1.7;1;0.96
2025-03-16;Moreirense;Boavista;PORTUGAL 1;2024/2025;1;0;1;0;1.86;0.87;1.12;0.82;1.84;5.2;3.6;14.0;57;43;76;73;56;29;20;7;3;3;14;16;4;6;0;1;1;0;6;3;1.67;0.75;1.12;0.6;1;0.96
2025-12-13;Barcelona;Osasuna;SPAIN 1;2025/2026;2;0;0;0;2.72;0.46;2.24;1.02;1.29;10.0;7.6;65.0;80;20;139;57;100;16;24;3;7;2;5;8;0;3;0;0;2;6;14;1;3.0;0.25;2.5;1.0;1;0.96
2025-03-28;Bayer Leverkusen;Bochum;GERMANY 1;2024/2025;3;1;1;1;1.69;0.96;1.91;1.13;1.28;13.0;6.8;1000.0;66;34;137;93;61;32;14;8;5;3;6;13;0;1;0;0;1;2;3;2;2.08;0.46;2.15;0.69;0;0.96
2026-08-07;Cruzeiro;Mirassol;BRAZIL 1;2026;0;0;0;0;0.0;0.0;1.44;1.32;1.48;7.4;3.85;1000.0;-1;-1;0;0;0;0;-1;-1;-1;-1;-1;-1;-1;-1;-1;-1;-1;-1;-1;-1;0.75;0.33;0.5;0.86;1;0.96
2025-03-29;Fortaleza;Fluminense;BRAZIL 1;2025;2;0;2;0;0.67;1.44;0.0;0.0;2.6;3.25;3.1;13.0;30;70;59;121;19;57;5;15;3;1;16;5;1;0;0;0;4;1;4;5;0.0;0.0;0.0;0.0;1;0.96
2025-03-29;Juventude;Vitoria;BRAZIL 1;2025;2;0;1;0;1.05;1.5;0.0;0.0;2.06;3.9;3.25;13.5;36;64;68;114;27;44;9;13;4;5;16;16;3;4;0;0;-1;-1;3;5;0.0;0.0;0.0;0.0;1;0.96
2025-03-30;Auxerre;Montpellier;FRANCE 1;2024/2025;1;0;0;0;2.14;1.2;1.23;1.07;1.81;4.9;4.0;19.5;53;47;94;94;56;51;21;12;6;1;14;14;3;1;0;0;0;3;10;6;1.77;0.25;1.23;0.58;1;0.96
2026-04-04;Lille;Lens;FRANCE 1;2025/2026;0;0;0;0;0.0;0.0;1.68;1.6;2.16;3.95;3.45;13.0;-1;-1;0;0;0;0;-1;-1;-1;-1;-1;-1;-1;-1;-1;-1;-1;-1;-1;-1;1.85;1.77;1.74;2.19;1;0.96
2025-11-08;Le Havre;Nantes;FRANCE 1;2025/2026;1;1;0;1;1.93;0.57;1.49;0.99;3.2;2.5;3.35;9.6;65;35;112;62;81;14;17;5;4;2;15;13;3;3;0;0;4;3;8;3;1.6;1.0;1.18;0.82;0;0.96
2026-07-24;Bahia;Corinthians;BRAZIL 1;2026;0;0;0;0;0.0;0.0;1.76;0.87;1.86;5.0;3.75;16.0;-1;-1;0;0;0;0;-1;-1;-1;-1;-1;-1;-1;-1;-1;-1;-1;-1;-1;-1;1.67;1.5;2.0;1.25;1;0.96
2026-08-14;Vasco;Santos;BRAZIL 1;2026;0;0;0;0;0.0;0.0;2.14;1.36;2.5;3.45;3.15;11.0;-1;-1;0;0;0;0;-1;-1;-1;-1;-1;-1;-1;-1;-1;-1;-1;-1;-1;-1;2.0;0.5;1.38;0.88;1;0.96
2025-08-24;Toulouse;Brest;FRANCE 1;2025/2026;2;0;0;0;0.87;1.51;0.0;0.0;2.14;4.0;3.4;13.5;47;53;85;103;38;50;6;16;3;2;14;10;0;1;0;0;3;2;3;9;0.0;0.0;3.0;1.0;1;0.96
2026-03-15;Freiburg;Union Berlin;GERMANY 1;2025/2026;0;1;0;0;1.89;1.08;1.62;1.36;2.06;4.2;3.55;13.5;73;27;115;69;37;32;19;9;6;4;6;19;0;2;0;0;2;4;6;2;2.08;0.92;1.36;1.12;0;0.96
2026-02-14;Getafe;Villarreal;SPAIN 1;2025/2026;2;1;1;0;0.87;0.86;1.13;1.08;3.5;2.46;3.2;8.4;44;56;74;77;57;29;5;8;2;2;21;17;2;3;0;0;1;2;3;4;1.09;1.7;1.13;2.05;0;0.96
2025-10-18;Barcelona;Girona;SPAIN 1;2025/2026;2;1;1;1;2.8;1.19;2.45;1.04;1.26;13.0;7.6;65.0;68;32;105;56;67;30;27;11;9;4;10;7;1;2;0;0;1;2;11;5;3.0;0.67;2.38;0.75;0;0.96
2025-12-19;Valencia;Mallorca;SPAIN 1;2025/2026;1;1;0;1;1.79;0.56;1.43;1.28;2.14;4.3;3.2;11.0;71;29;124;57;80;22;17;4;2;2;10;12;2;3;0;0;2;4;12;3;1.5;0.5;0.94;1.06;0;0.96
2025-03-30;Cagliari;Monza;ITALY 1;2024/2025;3;0;0;0;1.35;1.35;1.3;0.73;1.74;6.0;3.8;16.5;42;58;90;91;51;52;11;12;4;3;17;11;2;2;0;0;3;3;4;6;1.07;0.5;0.9;0.52;1;0.96
2026-05-23;Fiorentina;Atalanta;ITALY 1;2025/2026;0;0;0;0;0.0;0.0;1.68;1.41;3.8;2.18;3.55;10.5;-1;-1;0;0;0;0;-1;-1;-1;-1;-1;-1;-1;-1;-1;-1;-1;-1;-1;-1;1.0;1.29;0.97;1.67;1;0.96
2026-04-06;Napoli;AC Milan;ITALY 1;2025/2026;0;0;0;0;0.0;0.0;1.6;1.31;1.97;4.4;3.65;15.5;-1;-1;0;0;0;0;-1;-1;-1;-1;-1;-1;-1;-1;-1;-1;-1;-1;-1;-1;2.43;2.13;2.07;2.1;1;0.96
2026-05-09;Santa Clara;Nacional;PORTUGAL 1;2025/2026;0;0;0;0;0.0;0.0;1.25;1.38;1.95;5.1;3.15;14.5;-1;-1;0;0;0;0;-1;-1;-1;-1;-1;-1;-1;-1;-1;-1;-1;-1;-1;-1;1.21;0.79;1.04;0.81;1;0.96
2025-08-23;Moreirense;Vitoria Guimaraes;PORTUGAL 1;2025/2026;2;0;0;0;1.16;1.36;1.17;0.94;4.0;2.24;3.2;7.0;48;52;72;99;34;52;10;11;4;4;17;17;5;2;0;0;0;2;3;7;3.0;0.0;3.0;1.5;1;0.96
2025-03-31;Celta Vigo;Las Palmas;SPAIN 1;2024/2025;1;1;1;0;2.1;0.62;1.23;0.91;1.62;6.6;4.2;22.0;61;39;166;76;54;30;19;4;7;2;17;5;3;0;0;0;4;3;4;2;2.07;0.79;1.39;0.89;0;0.96
2025-10-04;Lazio;Torino;ITALY 1;2025/2026;3;3;2;1;1.16;1.76;1.56;1.29;1.88;5.1;3.65;15.0;49;51;85;95;43;26;9;16;4;8;13;22;3;3;0;0;1;1;3;5;1.5;1.0;1.2;0.8;0;0.96
2026-05-02;Arsenal;Fulham;ENGLAND 1;2025/2026;0;0;0;0;0.0;0.0;1.88;1.24;1.46;9.6;4.6;24.0;-1;-1;0;0;0;0;-1;-1;-1;-1;-1;-1;-1;-1;-1;-1;-1;-1;-1;-1;2.53;1.0;2.26;1.42;1;0.96
2025-04-01;Boavista;Gil Vicente;PORTUGAL 1;2024/2025;1;3;0;0;0.88;1.74;1.13;0.81;4.1;2.18;3.25;7.2;38;62;90;85;38;31;6;14;3;9;21;13;1;2;1;1;4;2;3;3;0.46;0.54;0.58;0.88;0;0.96
2025-09-20;Liverpool;Everton;ENGLAND 1;2025/2026;2;1;2;0;1.26;1.14;1.63;1.03;1.52;8.0;4.4;24.0;57;43;95;100;49;59;11;9;3;2;11;10;2;3;0;0;1;1;5;4;3.0;1.5;3.0;1.75;0;0.96
2025-04-02;Manchester City;Leicester;ENGLAND 1;2024/2025;2;0;2;0;1.66;0.26;1.82;0.89;1.2;17.0;8.8;65.0;73;27;136;42;84;18;11;2;5;0;11;8;1;4;0;0;2;1;5;0;1.93;0.57;1.66;0.59;1;0.96
2025-04-02;Southampton;Crystal Palace;ENGLAND 1;2024/2025;1;1;1;0;0.94;1.09;1.05;1.25;6.4;1.63;4.3;9.8;43;57;100;89;39;42;8;9;2;3;14;9;2;1;0;0;2;4;2;2;0.29;1.69;0.31;1.39;0;0.96
2025-04-02;Benfica;SC Farense;PORTUGAL 1;2024/2025;3;2;2;1;1.91;1.4;2.05;0.99;1.17;21.0;9.2;1000.0;71;29;136;81;73;39;14;11;7;6;13;13;1;1;0;0;2;2;5;4;2.77;0.77;2.38;0.65;0;0.96
2025-09-13;Nice;Nantes;FRANCE 1;2025/2026;1;0;0;0;2.06;1.35;1.57;0.94;1.54;7.6;4.5;26.0;59;41;116;81;41;36;19;14;8;3;16;14;2;0;0;0;7;0;7;4;1.5;0.0;1.0;1.0;1;0.96
2025-08-30;Augsburg;Bayern Munich;GERMANY 1;2025/2026;2;3;0;2;1.1;2.4;0.0;0.0;8.4;1.45;5.1;10.0;42;58;61;119;36;60;10;20;3;10;14;11;3;4;0;0;4;3;7;5;0.0;0.0;3.0;3.0;0;0.96
2026-03-20;Genoa;Udinese;ITALY 1;2025/2026;0;2;0;0;1.71;0.78;1.33;1.12;2.6;3.45;3.0;9.0;63;37;118;60;60;16;18;6;2;4;4;13;1;4;0;0;1;1;7;1;1.27;1.21;1.14;1.24;0;0.96
2026-04-21;Rayo Vallecano;Espanyol;SPAIN 1;2025/2026;0;0;0;0;0.0;0.0;1.72;1.32;1.72;6.4;3.7;15.0;-1;-1;0;0;0;0;-1;-1;-1;-1;-1;-1;-1;-1;-1;-1;-1;-1;-1;-1;1.43;1.14;1.1;1.28;1;0.96
2026-04-24;Corinthians;Vasco;BRAZIL 1;2026;0;0;0;0;0.0;0.0;1.28;1.43;1.7;6.0;3.9;18.5;-1;-1;0;0;0;0;-1;-1;-1;-1;-1;-1;-1;-1;-1;-1;-1;-1;-1;-1;1.0;0.33;1.25;1.38;1;0.96
2025-11-01;Real Madrid;Valencia;SPAIN 1;2025/2026;4;0;3;0;2.75;0.55;2.3;0.83;1.32;11.5;6.2;44.0;65;35;147;54;91;31;21;4;11;1;14;7;0;1;0;0;2;0;7;1;3.0;0.4;2.7;0.9;1;0.96
2025-08-23;Mallorca;Celta Vigo;SPAIN 1;2025/2026;1;1;0;1;1.31;0.83;0.5;0.0;2.8;3.05;3.15;9.0;50;50;105;78;37;24;12;8;4;2;12;12;3;3;0;0;1;1;3;4;0.0;0.0;0.0;0.0;0;0.96
2025-10-05;Arouca;Famalicao;PORTUGAL 1;2025/2026;1;1;0;0;0.83;1.63;1.22;1.41;2.58;3.05;3.3;11.0;46;54;53;82;24;55;7;14;3;5;22;12;4;1;1;0;2;4;4;11;1.0;2.33;1.14;1.71;0;0.96
2025-10-04;Vitoria Guimaraes;Santa Clara;PORTUGAL 1;2025/2026;2;1;0;1;1.76;1.36;1.36;1.12;2.02;5.2;3.15;12.0;52;48;135;72;51;26;14;13;7;5;17;11;4;5;0;0;1;1;9;3;1.67;1.33;1.14;1.14;0;0.96
2025-12-20;Everton;Arsenal;ENGLAND 1;2025/2026;0;1;0;1;0.64;1.33;1.54;1.66;4.7;2.02;3.35;7.2;35;65;86;119;34;50;5;13;1;2;4;5;2;2;0;0;0;1;2;3;1.75;1.75;1.5;2.25;0;0.96
2025-04-05;Monza;Como;ITALY 1;2024/2025;1;3;1;2;0.76;1.56;1.06;1.2;5.8;1.74;3.95;8.0;42;58;66;117;22;33;5;13;4;7;19;21;2;1;0;0;4;0;2;2;0.53;0.67;0.5;1.0;0;0.96
2025-10-19;AC Milan;Fiorentina;ITALY 1;2025/2026;2;1;0;0;1.51;0.7;1.5;1.11;2.02;4.1;3.75;17.5;56;44;114;105;47;41;14;5;4;1;15;10;3;3;0;0;0;2;1;3;2.0;1.0;2.17;0.5;0;0.96
2026-01-16;Werder Bremen;Eintracht Frankfurt;GERMANY 1;2025/2026;3;3;1;1;1.55;1.09;1.61;1.39;2.8;2.56;3.9;17.5;60;40;125;87;61;41;13;8;4;4;8;15;1;4;0;0;2;1;4;1;1.57;1.33;1.06;1.53;0;0.96
2025-12-05;Brest;Monaco;FRANCE 1;2025/2026;1;0;1;0;1.24;1.09;1.64;1.34;4.1;1.97;3.9;12.5;40;60;99;110;27;42;12;10;4;2;17;15;2;4;1;0;0;2;2;3;1.29;1.17;1.14;1.64;1;0.96
2025-04-05;Bochum;Stuttgart;GERMANY 1;2024/2025;0;4;0;2;0.74;1.32;1.35;1.1;3.2;2.28;3.9;16.0;54;46;23;6;6;5;10;14;1;6;17;13;1;1;0;0;2;1;2;4;0.92;1.31;0.67;1.37;0;0.96
2025-04-05;Mainz;Holstein Kiel;GERMANY 1;2024/2025;1;1;0;1;1.51;1.14;1.3;1.08;1.46;8.2;5.0;30.0;58;42;110;92;66;29;13;9;3;5;12;8;3;4;0;0;1;1;4;4;1.69;0.46;1.67;0.63;0;0.96
2026-03-20;RB Leipzig;Hoffenheim;GERMANY 1;2025/2026;5;0;4;0;1.77;1.03;1.96;1.42;1.58;6.0;4.7;29.0;50;50;95;104;35;52;14;8;9;2;8;16;1;1;0;0;5;1;1;3;2.0;1.92;1.81;1.92;1;0.96
2026-03-21;Heidenheim;Bayer Leverkusen;GERMANY 1;2025/2026;3;3;0;2;1.15;1.67;1.28;1.4;8.0;1.45;5.3;10.0;38;62;77;112;31;60;9;14;5;5;11;12;4;4;0;0;1;0;2;5;0.77;1.62;0.54;1.73;0;-9.0
2025-04-06;Valladolid;Getafe;SPAIN 1;2024/2025;0;4;0;3;0.55;1.96;0.95;0.97;4.8;2.06;3.2;6.2;50;50;87;94;31;44;5;16;0;9;11;17;3;1;1;0;1;2;3;4;0.93;1.21;0.55;1.24;0;0.96
2026-04-11;Sevilla;Atl. Madrid;SPAIN 1;2025/2026;0;0;0;0;0.0;0.0;1.33;1.31;3.9;2.22;3.35;8.4;-1;-1;0;0;0;0;-1;-1;-1;-1;-1;-1;-1;-1;-1;-1;-1;-1;-1;-1;1.07;1.21;1.07;1.97;1;0.96
2025-04-06;Las Palmas;Real Sociedad;SPAIN 1;2024/2025;1;3;0;1;1.59;1.58;1.29;0.9;3.65;2.34;3.3;8.0;52;48;113;74;57;28;13;13;5;8;8;10;0;2;0;0;5;1;5;4;1.0;1.07;0.9;1.31;0;0.96
2025-04-06;Lecce;Venezia;ITALY 1;2024/2025;1;1;0;0;2.22;1.56;1.18;0.85;2.4;3.7;3.15;11.5;50;50;89;102;69;73;23;13;4;3;10;14;2;4;0;0;4;4;8;3;0.93;0.4;0.83;0.67;0;0.96
2025-04-06;Empoli;Cagliari;ITALY 1;2024/2025;0;0;0;0;0.71;0.65;0.83;0.87;2.64;3.2;3.2;10.5;45;55;122;68;42;18;5;7;1;1;9;15;0;4;0;0;1;0;2;3;0.57;0.71;0.77;0.97;1;0.96
2025-10-19;Atalanta;Lazio;ITALY 1;2025/2026;0;0;0;0;1.91;0.52;2.03;1.11;1.72;5.5;4.2;21.0;58;42;116;82;66;26;16;4;6;1;10;5;4;0;0;0;3;0;7;1;1.67;1.0;1.67;1.17;1;-20.0
2026-04-18;Union Berlin;Wolfsburg;GERMANY 1;2025/2026;0;0;0;0;0.0;0.0;1.3;1.06;2.48;3.2;3.45;13.0;-1;-1;0;0;0;0;-1;-1;-1;-1;-1;-1;-1;-1;-1;-1;-1;-1;-1;-1;1.31;0.92;1.15;0.78;1;0.96
2026-10-23;Santos;Bahia;BRAZIL 1;2026;0;0;0;0;0.0;0.0;1.16;1.02;2.12;3.95;3.1;15.0;-1;-1;0;0;0;0;-1;-1;-1;-1;-1;-1;-1;-1;-1;-1;-1;-1;-1;-1;1.25;2.25;0.88;2.0;1;0.96
2025-10-19;Rennes;Auxerre;FRANCE 1;2025/2026;2;2;1;1;2.08;0.9;1.68;1.44;1.85;4.9;3.8;17.0;52;48;98;82;54;23;19;7;7;4;9;15;1;3;0;0;2;2;6;2;2.33;0.0;1.43;0.86;0;-16.0
2025-04-06;Reims;Strasbourg;FRANCE 1;2024/2025;0;1;0;1;1.64;1.4;1.2;1.09;3.7;2.2;3.6;10.0;48;52;87;85;47;40;15;12;5;5;11;9;2;2;1;1;0;3;4;7;0.93;1.29;0.96;1.7;0;-9.0
2025-04-06;Montpellier;Le Havre;FRANCE 1;2024/2025;0;2;0;2;1.72;1.28;1.38;0.93;2.62;2.94;3.5;12.5;54;46;122;77;74;35;12;13;6;3;15;7;1;1;1;0;3;1;5;2;0.86;1.08;0.56;0.89;0;0.96
2026-07-21;Internacional;Cruzeiro;BRAZIL 1;2026;0;0;0;0;0.0;0.0;1.91;1.26;1.82;5.3;3.55;19.5;-1;-1;0;0;0;0;-1;-1;-1;-1;-1;-1;-1;-1;-1;-1;-1;-1;-1;-1;0.75;0.25;1.0;0.5;1;0.96
2025-04-06;Mirassol;Fortaleza;BRAZIL 1;2025;1;1;0;1;2.18;0.83;0.0;0.0;2.54;3.15;3.15;12.0;70;30;147;73;78;24;20;7;5;3;12;12;2;3;0;0;5;3;8;1;0.0;0.0;0.0;3.0;0;0.96
2026-01-04;Fulham;Liverpool;ENGLAND 1;2025/2026;2;2;1;0;0.92;1.21;1.47;1.57;4.7;1.9;3.75;10.0;42;58;69;141;37;58;8;10;2;2;11;4;1;1;0;0;2;4;3;8;1.78;1.44;1.42;1.74;0;0.96
2025-09-13;Brentford;Chelsea;ENGLAND 1;2025/2026;2;2;1;0;0.99;1.84;0.97;1.71;3.2;2.3;3.85;15.5;34;66;87;124;36;56;7;16;4;6;13;9;3;2;0;0;0;4;5;6;3.0;3.0;1.0;2.33;0;0.96
2026-01-17;Manchester Utd;Manchester City;ENGLAND 1;2025/2026;2;0;0;0;1.45;1.15;1.97;1.46;3.7;2.14;3.75;12.5;32;68;71;132;37;87;11;7;7;1;13;8;2;3;0;0;6;1;1;6;1.8;1.7;1.52;2.05;1;0.96
2025-10-05;FC Porto;Benfica;PORTUGAL 1;2025/2026;0;0;0;0;1.01;0.49;1.93;1.44;3.1;2.54;3.45;10.5;51;49;111;74;49;22;8;4;2;1;15;6;5;1;0;0;-1;-1;3;3;3.0;3.0;3.0;2.43;1;0.96
2025-08-29;Gil Vicente;Moreirense;PORTUGAL 1;2025/2026;2;0;0;0;1.31;0.88;1.32;0.62;2.58;3.2;3.15;9.6;46;54;81;81;37;34;12;10;4;0;18;12;1;2;0;0;0;1;4;3;0.0;3.0;1.33;3.0;1;-8.6
2025-11-09;Bologna;Napoli;ITALY 1;2025/2026;2;0;0;0;1.21;0.66;1.67;1.81;3.0;2.9;3.05;8.4;41;59;90;100;32;45;11;4;4;1;14;15;1;3;0;0;-1;-1;5;4;2.5;1.8;1.8;2.2;1;0.96
2025-04-07;SC Farense;Casa Pia;PORTUGAL 1;2024/2025;0;0;0;0;1.67;0.37;1.26;1.01;2.54;3.3;3.2;9.8;50;50;119;83;58;32;13;2;6;0;18;21;4;2;0;0;2;2;13;3;0.54;1.08;0.63;1.44;1;0.96
2025-04-07;Rio Ave;Boavista;PORTUGAL 1;2024/2025;0;2;0;1;1.76;0.9;1.17;0.83;1.86;5.0;3.65;17.0;67;33;138;71;56;33;18;6;3;4;15;12;3;2;0;0;1;3;9;2;1.62;0.69;1.07;0.56;0;0.96
2025-04-07;Leganes;Osasuna;SPAIN 1;2024/2025;1;1;0;0;1.59;1.54;0.85;0.86;2.78;3.1;3.05;8.8;56;44;95;77;38;33;13;14;7;6;18;14;3;3;0;0;3;1;4;8;1.21;0.71;0.93;1.17;0;0.96
2026-04-18;Gil Vicente;Vitoria Guimaraes;PORTUGAL 1;2025/2026;0;0;0;0;0.0;0.0;1.64;1.41;4.0;2.16;3.15;0.0;-1;-1;0;0;0;0;-1;-1;-1;-1;-1;-1;-1;-1;-1;-1;-1;-1;-1;-1;1.85;0.77;1.56;1.19;1;1.0
2025-04-11;Lens;Reims;FRANCE 1;2024/2025;0;2;0;1;3.88;0.99;1.61;1.09;1.57;7.0;4.4;24.0;70;30;153;55;116;21;34;11;13;2;9;7;1;0;0;0;1;1;9;2;1.43;1.0;1.5;0.93;0;0.96
2025-09-27;Wolfsburg;RB Leipzig;GERMANY 1;2025/2026;0;1;0;1;1.9;2.17;1.33;1.33;3.0;2.4;3.85;15.0;51;49;94;97;32;68;22;20;4;6;7;9;2;2;0;0;0;5;6;11;1.0;1.5;1.25;2.25;0;0.96
2025-09-20;Udinese;AC Milan;ITALY 1;2025/2026;0;3;0;1;1.25;1.55;1.48;1.63;4.2;2.0;3.7;9.8;40;60;81;93;47;42;10;13;4;6;9;7;2;0;0;0;3;2;1;4;1.0;3.0;2.33;2.0;0;0.96
2025-12-07;Valencia;Sevilla;SPAIN 1;2025/2026;1;1;0;0;1.16;0.8;1.47;1.17;2.4;3.65;3.15;11.0;48;52;93;118;34;64;11;4;3;1;12;18;3;6;0;0;3;3;2;2;1.57;1.29;1.0;1.14;0;0.96
2026-02-02;Casa Pia;FC Porto;PORTUGAL 1;2025/2026;2;1;2;0;0.63;1.87;0.93;1.66;5.7;1.62;3.7;0.0;32;68;70;131;22;69;5;15;2;6;14;14;3;2;0;1;1;3;0;10;0.56;3.0;0.79;2.89;0;1.0
2025-04-12;Boavista;Nacional;PORTUGAL 1;2024/2025;0;1;0;1;2.3;1.69;1.12;1.14;2.88;1.05;2.48;0.0;51;49;90;88;50;55;22;15;8;5;3;2;3;4;1;0;1;1;7;7;0.43;0.43;0.64;1.04;0;1.0
2025-11-08;Santa Clara;Sporting CP;PORTUGAL 1;2025/2026;1;2;1;1;0.64;2.48;1.55;2.24;6.8;1.6;3.85;0.0;26;74;60;139;24;93;5;21;2;7;11;12;6;3;2;1;-1;-1;2;12;1.4;3.0;1.1;2.5;0;1.0
2025-04-12;Leganes;Barcelona;SPAIN 1;2024/2025;0;1;0;0;0.65;1.45;0.9;1.58;9.2;1.34;6.4;13.0;34;66;78;136;27;65;6;12;1;3;10;4;2;1;0;0;4;3;4;8;1.2;2.2;0.93;2.23;0;-12.0
2025-04-12;Getafe;Las Palmas;SPAIN 1;2024/2025;1;3;1;0;0.0;0.0;1.21;0.89;1.83;5.7;3.5;14.5;41;59;0;0;0;0;8;8;6;5;14;15;0;2;1;0;1;2;3;2;1.27;0.8;1.3;0.87;0;0.96
2025-09-24;Real Sociedad;Mallorca;SPAIN 1;2025/2026;1;0;0;0;1.9;0.79;2.0;1.85;1.83;5.9;3.4;14.5;64;36;127;83;75;18;17;7;4;3;13;15;2;2;0;0;2;0;11;2;0.5;0.0;0.4;0.4;1;0.96
2025-11-30;Celta Vigo;Espanyol;SPAIN 1;2025/2026;0;1;0;0;1.29;1.01;1.41;1.62;1.69;6.2;3.9;23.0;61;39;122;89;41;41;11;9;4;2;12;15;1;2;0;0;1;3;4;3;0.71;1.0;1.23;1.62;0;0.96
2025-04-12;Juventude;Ceara;BRAZIL 1;2025;2;1;1;1;1.58;0.9;1.05;1.43;2.4;3.55;3.15;11.5;58;42;88;83;42;25;17;9;3;2;14;15;1;3;0;0;3;0;4;3;3.0;1.0;1.5;2.0;0;0.96
2026-10-09;Palmeiras;Corinthians;BRAZIL 1;2026;0;0;0;0;0.0;0.0;1.66;0.87;1.71;5.8;3.9;16.0;-1;-1;0;0;0;0;-1;-1;-1;-1;-1;-1;-1;-1;-1;-1;-1;-1;-1;-1;3.0;1.5;2.38;1.25;1;0.96
2025-04-12;Bochum;Augsburg;GERMANY 1;2024/2025;1;2;0;1;2.32;1.21;1.3;0.94;2.54;3.05;3.45;12.0;52;48;103;111;60;47;20;8;9;5;14;9;2;1;0;1;3;1;7;6;0.86;1.21;0.64;1.39;0;0.96
2025-10-04;Bayer Leverkusen;Union Berlin;GERMANY 1;2025/2026;2;0;1;0;1.85;1.01;1.54;1.19;1.35;11.0;5.7;40.0;74;26;134;78;52;23;20;10;3;3;11;13;1;3;0;0;1;0;4;4;1.33;1.5;1.6;1.4;1;0.96
2026-04-12;Toulouse;Lille;FRANCE 1;2025/2026;0;0;0;0;0.0;0.0;1.61;1.51;3.05;2.62;3.3;10.0;-1;-1;0;0;0;0;-1;-1;-1;-1;-1;-1;-1;-1;-1;-1;-1;-1;-1;-1;1.43;1.64;1.37;1.74;1;0.96
2026-04-04;Strasbourg;Nice;FRANCE 1;2025/2026;0;0;0;0;0.0;0.0;1.45;1.2;2.9;2.64;3.55;12.5;-1;-1;0;0;0;0;-1;-1;-1;-1;-1;-1;-1;-1;-1;-1;-1;-1;-1;-1;1.85;0.77;1.48;1.0;1;0.96
2026-04-04;Hoffenheim;Mainz;GERMANY 1;2025/2026;0;0;0;0;0.0;0.0;1.87;1.14;2.84;2.68;3.6;13.0;-1;-1;0;0;0;0;-1;-1;-1;-1;-1;-1;-1;-1;-1;-1;-1;-1;-1;-1;1.92;1.0;1.85;1.11;1;0.96
2025-04-12;Holstein Kiel;St. Pauli;GERMANY 1;2024/2025;1;2;1;1;0.69;1.58;1.1;1.07;3.35;2.4;3.45;10.0;52;48;70;87;23;38;6;14;2;6;9;7;3;4;0;0;0;5;3;3;0.79;0.93;0.64;0.93;0;0.96
2025-04-12;Venezia;Monza;ITALY 1;2024/2025;1;0;0;0;1.16;1.16;1.2;0.77;1.8;5.3;3.8;17.0;44;56;93;85;42;43;9;10;4;3;16;17;4;3;1;0;2;0;3;4;0.93;0.47;0.68;0.48;1;0.96
2026-01-03;Juventus;Lecce;ITALY 1;2025/2026;1;1;0;1;2.78;0.58;2.1;1.05;1.35;13.0;5.4;32.0;72;28;155;65;119;17;25;6;5;1;6;7;0;3;0;0;4;0;10;1;2.25;1.0;1.88;1.0;0;0.96
2025-12-03;Arsenal;Brentford;ENGLAND 1;2025/2026;2;0;1;0;1.88;0.64;1.79;1.25;1.7;5.6;4.2;18.0;62;38;122;66;61;26;15;6;7;1;7;9;0;1;0;0;-1;-1;4;8;2.67;0.5;2.31;1.46;1;0.96
2025-04-12;Southampton;Aston Villa;ENGLAND 1;2024/2025;0;3;0;0;0.84;2.9;1.05;1.03;6.4;1.6;4.5;11.0;40;60;70;73;35;90;7;25;2;10;7;0;3;1;0;0;-1;-1;2;13;0.33;1.33;0.32;1.65;0;0.96
2026-03-21;Manchester City;Crystal Palace;ENGLAND 1;2025/2026;0;0;0;0;0.0;0.0;1.91;1.15;1.6;6.0;4.7;26.0;-1;-1;0;0;0;0;-1;-1;-1;-1;-1;-1;-1;-1;-1;-1;-1;-1;-1;-1;2.4;1.53;2.03;1.3;1;0.96
2026-10-09;Bahia;Mirassol;BRAZIL 1;2026;0;0;0;0;0.0;0.0;1.76;1.32;1.59;7.0;4.2;21.0;-1;-1;0;0;0;0;-1;-1;-1;-1;-1;-1;-1;-1;-1;-1;-1;-1;-1;-1;1.67;0.33;2.0;0.86;1;0.96
2025-04-13;Fortaleza;Internacional;BRAZIL 1;2025;0;0;0;0;1.05;0.8;0.67;0.4;3.25;2.64;3.05;8.4;54;46;91;88;28;40;11;8;2;0;12;13;5;2;1;0;2;0;5;5;3.0;1.0;2.0;2.0;1;0.96
2026-10-16;Fluminense;Santos;BRAZIL 1;2026;0;0;0;0;0.0;0.0;1.65;1.36;2.02;4.7;3.3;12.5;-1;-1;0;0;0;0;-1;-1;-1;-1;-1;-1;-1;-1;-1;-1;-1;-1;-1;-1;3.0;0.5;2.0;0.88;1;0.96
2026-01-24;Como;Torino;ITALY 1;2025/2026;6;0;2;0;1.83;0.73;1.68;1.32;1.97;4.6;3.6;15.0;59;41;87;87;37;28;17;7;7;1;9;15;0;1;0;0;1;7;2;1;1.9;1.2;1.76;1.1;1;0.96
2026-03-08;Fiorentina;Parma;ITALY 1;2025/2026;0;0;0;0;1.25;0.77;1.71;1.12;1.76;5.4;3.95;18.5;56;44;103;84;58;36;12;8;1;0;12;14;2;0;0;0;1;0;7;1;1.0;1.46;0.89;1.22;1;0.96
2026-05-16;Atalanta;Bologna;ITALY 1;2025/2026;0;0;0;0;0.0;0.0;1.85;1.22;2.14;3.9;3.5;13.5;-1;-1;0;0;0;0;-1;-1;-1;-1;-1;-1;-1;-1;-1;-1;-1;-1;-1;-1;2.0;1.67;1.67;1.4;1;0.96
2025-09-13;Moreirense;Rio Ave;PORTUGAL 1;2025/2026;3;1;0;0;1.81;1.51;1.16;1.63;2.42;3.55;3.2;11.0;54;46;97;74;42;39;15;15;8;4;12;13;1;0;0;0;3;3;7;3;3.0;1.0;2.25;1.0;0;0.96
2025-10-05;Le Havre;Rennes;FRANCE 1;2025/2026;2;2;1;2;1.1;1.13;1.66;1.12;3.6;2.22;3.55;10.5;43;57;67;101;46;48;10;9;2;3;13;9;1;2;0;0;3;2;3;4;1.33;0.67;0.83;1.5;0;0.96
2026-03-14;Eintracht Frankfurt;Heidenheim;GERMANY 1;2025/2026;1;0;0;0;1.35;0.59;1.48;1.22;1.78;4.9;4.2;20.0;66;34;139;76;41;36;12;4;4;1;5;9;2;2;1;0;0;2;5;4;1.67;0.33;1.4;0.56;1;0.96
2026-04-24;Stuttgart;Werder Bremen;GERMANY 1;2025/2026;0;0;0;0;0.0;0.0;1.75;1.27;1.7;4.9;4.7;30.0;-1;-1;0;0;0;0;-1;-1;-1;-1;-1;-1;-1;-1;-1;-1;-1;-1;-1;-1;2.46;0.86;1.96;1.04;1;0.96
2025-10-25;Benfica;Arouca;PORTUGAL 1;2025/2026;5;0;3;0;2.04;0.61;2.18;0.88;1.16;22.0;9.2;95.0;53;47;107;84;56;39;17;5;8;0;13;18;2;2;0;0;4;1;9;1;2.0;1.33;2.25;1.13;1;0.96
2026-03-21;Osasuna;Girona;SPAIN 1;2025/2026;1;0;0;0;2.24;0.66;1.54;1.27;2.54;3.25;3.25;23.0;48;52;67;79;39;46;19;5;11;0;18;7;2;1;0;0;0;3;6;2;1.92;1.07;1.21;1.21;1;0.96
2025-04-14;Napoli;Empoli;ITALY 1;2024/2025;3;0;1;0;1.73;1.11;1.53;0.98;1.37;11.5;5.3;30.0;63;37;74;87;33;39;17;12;6;1;8;15;1;1;0;0;1;0;5;5;2.33;0.94;2.1;0.77;1;0.96
2025-04-14;Atl. Madrid;Valladolid;SPAIN 1;2024/2025;4;2;2;1;2.59;0.7;1.51;0.88;1.14;29.0;10.0;95.0;54;46;130;71;70;14;23;6;9;3;11;8;1;1;0;0;2;0;5;1;2.27;0.2;2.0;0.53;0;0.96
2025-10-03;Bournemouth;Fulham;ENGLAND 1;2025/2026;3;1;0;0;1.64;1.41;1.42;1.15;2.14;3.75;3.7;16.5;54;46;145;90;71;51;11;12;6;4;8;10;0;1;0;0;2;2;4;3;2.33;0.33;1.83;1.33;0;0.96
2025-04-15;Ceara;Vasco;BRAZIL 1;2025;2;1;1;0;1.06;1.22;1.38;1.09;2.18;4.0;3.35;11.5;36;64;94;125;30;41;11;11;2;3;14;12;3;4;0;0;1;2;1;2;3.0;0.0;1.33;2.0;0;0.96
2026-02-12;Internacional;Palmeiras;BRAZIL 1;2026;1;3;1;1;2.36;1.26;2.1;1.57;2.84;3.0;3.1;9.0;62;38;123;61;62;10;26;11;4;7;11;8;1;1;0;0;1;3;16;4;0.0;1.0;0.5;2.0;0;-8.0
2026-09-18;Corinthians;Fluminense;BRAZIL 1;2026;0;0;0;0;0.0;0.0;1.28;1.67;2.12;4.6;3.15;11.5;-1;-1;0;0;0;0;-1;-1;-1;-1;-1;-1;-1;-1;-1;-1;-1;-1;-1;-1;1.0;1.0;1.25;2.0;1;0.96
2025-04-16;Vitoria;Fortaleza;BRAZIL 1;2025;2;1;1;0;1.82;1.22;0.66;0.83;2.52;3.35;3.15;9.6;40;60;81;122;43;50;15;9;8;4;15;10;1;1;0;0;4;4;5;5;0.0;1.0;0.33;1.67;0;0.96
2026-11-03;Cruzeiro;Bahia;BRAZIL 1;2026;0;0;0;0;0.0;0.0;1.44;1.02;2.5;3.35;3.25;11.0;-1;-1;0;0;0;0;-1;-1;-1;-1;-1;-1;-1;-1;-1;-1;-1;-1;-1;-1;0.75;2.25;0.5;2.0;1;0.96
2026-03-21;Espanyol;Getafe;SPAIN 1;2025/2026;1;2;0;2;1.67;1.18;1.54;1.1;2.94;3.2;2.84;8.2;66;34;122;73;50;27;15;10;5;5;14;20;2;7;0;0;3;2;12;9;1.5;1.21;1.32;1.25;0;0.96
2025-09-22;Sporting CP;Moreirense;PORTUGAL 1;2025/2026;3;0;0;0;3.13;0.47;2.06;0.75;1.25;15.0;7.0;55.0;61;39;145;50;79;20;25;4;14;1;16;18;1;1;0;0;-1;-1;6;4;1.5;1.5;2.4;2.4;1;0.96
2026-04-04;FC Porto;Famalicao;PORTUGAL 1;2025/2026;0;0;0;0;0.0;0.0;1.67;1.25;1.48;7.0;4.5;27.0;-1;-1;0;0;0;0;-1;-1;-1;-1;-1;-1;-1;-1;-1;-1;-1;-1;-1;-1;2.69;1.46;2.67;1.67;1;0.96
2025-11-30;Rio Ave;Santa Clara;PORTUGAL 1;2025/2026;1;1;1;1;1.07;1.1;1.04;1.27;2.94;2.76;3.15;9.0;58;42;87;73;30;45;9;9;4;3;10;15;2;3;0;0;1;4;1;5;1.0;0.8;1.09;1.0;0;0.96
2025-04-18;SC Farense;Boavista;PORTUGAL 1;2024/2025;0;1;0;0;1.5;0.74;1.28;0.83;1.86;4.5;3.6;17.5;50;50;99;90;55;27;13;5;4;3;8;15;0;5;0;0;0;3;4;4;0.57;0.86;0.72;0.62;0;-16.5
2026-04-26;Rennes;Nantes;FRANCE 1;2025/2026;0;0;0;0;0.0;0.0;1.84;0.98;1.85;5.1;3.75;17.0;-1;-1;0;0;0;0;-1;-1;-1;-1;-1;-1;-1;-1;-1;-1;-1;-1;-1;-1;1.79;0.75;1.63;0.65;1;0.96
2025-10-18;Crystal Palace;Bournemouth;ENGLAND 1;2025/2026;3;3;0;2;2.29;1.16;1.47;1.57;2.82;2.7;3.6;13.5;52;48;44;45;78;43;20;8;7;5;8;16;1;4;0;0;3;3;6;5;1.67;1.33;1.71;2.0;0;0.96
2025-11-22;PSG;Le Havre;FRANCE 1;2025/2026;3;0;1;0;3.12;1.28;2.37;1.05;1.15;20.0;11.0;110.0;65;35;127;73;56;34;31;12;11;4;10;8;2;1;0;0;3;3;6;4;2.6;0.83;2.25;1.17;1;0.96
2025-08-31;Monaco;Strasbourg;FRANCE 1;2025/2026;3;2;1;0;1.29;1.5;1.56;1.24;1.61;5.4;5.0;32.0;43;57;86;103;34;63;12;12;4;4;13;12;2;1;0;1;4;2;6;5;3.0;3.0;1.5;3.0;0;0.96
2026-05-04;Everton;Manchester City;ENGLAND 1;2025/2026;0;0;0;0;0.0;0.0;1.48;1.56;4.1;2.02;3.8;10.5;-1;-1;0;0;0;0;-1;-1;-1;-1;-1;-1;-1;-1;-1;-1;-1;-1;-1;-1;1.38;1.67;1.48;2.03;1;0.96
2025-04-19;Monza;Napoli;ITALY 1;2024/2025;0;1;0;0;0.66;1.78;1.05;1.08;15.5;1.29;6.0;7.2;41;59;82;126;20;57;8;16;0;5;18;11;4;2;0;0;0;2;6;7;0.5;1.88;0.47;2.13;0;-6.2
2025-12-27;Lecce;Como;ITALY 1;2025/2026;0;3;0;1;1.4;1.44;1.23;1.41;3.9;2.18;3.45;8.8;38;62;82;89;49;36;11;12;5;6;10;24;2;4;0;0;2;2;4;6;1.13;1.13;1.07;1.6;0;0.96
2025-11-01;Vitoria Guimaraes;Benfica;PORTUGAL 1;2025/2026;0;3;0;0;0.99;2.64;1.46;1.21;2.44;1.19;3.9;0.0;34;66;57;117;21;60;10;24;3;10;12;11;3;4;1;0;1;0;3;6;2.0;2.5;1.22;2.33;0;0.96
2025-08-09;Nacional;Gil Vicente;PORTUGAL 1;2025/2026;0;2;0;2;1.4;1.0;0.0;0.0;2.36;3.25;3.1;0.0;60;40;93;45;42;14;14;12;3;2;21;16;3;6;0;0;4;1;14;6;0.0;0.0;0.0;0.0;0;0.96
2025-04-19;Werder Bremen;Bochum;GERMANY 1;2024/2025;1;0;0;0;1.37;1.34;1.38;1.12;1.8;4.6;4.3;23.0;48;52;75;141;28;60;14;13;4;1;9;20;3;3;0;1;2;0;2;7;1.14;0.43;1.45;0.62;1;0.96
2025-04-19;RB Leipzig;Holstein Kiel;GERMANY 1;2024/2025;1;1;0;1;1.3;1.29;1.43;1.09;1.35;9.6;6.4;44.0;61;39;139;80;51;35;10;13;4;3;5;9;1;2;0;0;3;0;9;7;2.0;0.5;1.66;0.62;0;0.96
2026-01-24;Mainz;Wolfsburg;GERMANY 1;2025/2026;3;1;0;1;2.45;0.8;1.42;1.1;2.12;3.75;3.7;16.0;59;41;139;89;77;29;20;7;9;2;8;11;3;2;0;0;2;0;15;1;0.67;1.25;0.67;1.06;0;0.96
2025-12-21;Heidenheim;Bayern Munich;GERMANY 1;2025/2026;0;4;0;2;0.74;2.74;1.34;2.21;10.5;1.31;6.8;13.0;26;74;50;156;31;71;7;23;1;11;8;6;0;0;0;0;2;2;0;6;1.14;2.67;0.79;2.71;0;0.96
2025-09-28;Freiburg;Hoffenheim;GERMANY 1;2025/2026;1;1;1;1;0.67;1.63;1.74;1.35;1.97;4.0;3.9;17.5;43;57;95;86;29;56;6;15;1;4;9;15;2;1;0;0;1;2;6;8;1.5;3.0;1.5;1.5;0;0.96
2025-08-23;Union Berlin;Stuttgart;GERMANY 1;2025/2026;2;1;2;0;0.85;2.2;0.0;0.0;2.96;2.58;3.6;13.0;25;75;74;138;28;63;8;21;2;6;21;13;4;4;0;0;2;1;5;11;0.0;0.0;0.0;0.0;0;0.96
2025-04-19;Mallorca;Leganes;SPAIN 1;2024/2025;0;0;0;0;0.91;1.43;1.18;0.88;1.93;5.3;3.25;14.0;55;45;94;76;37;40;10;16;0;2;17;15;2;1;0;0;1;0;4;4;1.44;0.67;1.39;0.9;1;0.96
2026-04-21;Barcelona;Celta Vigo;SPAIN 1;2025/2026;0;0;0;0;0.0;0.0;2.2;1.15;1.32;9.6;6.4;180.0;-1;-1;0;0;0;0;-1;-1;-1;-1;-1;-1;-1;-1;-1;-1;-1;-1;-1;-1;3.0;1.71;2.52;1.41;1;0.96
2025-04-19;Las Palmas;Atl. Madrid;SPAIN 1;2024/2025;1;0;0;0;0.93;0.85;1.31;1.08;6.2;1.61;4.3;10.0;41;59;117;115;37;34;8;7;2;2;13;13;3;1;0;0;0;1;4;4;0.93;1.73;0.94;2.03;1;0.96
2025-12-01;Rayo Vallecano;Valencia;SPAIN 1;2025/2026;1;1;1;0;2.05;1.16;1.65;0.78;2.42;3.5;3.2;11.0;56;44;93;86;51;54;19;10;7;2;11;9;1;1;0;0;1;0;10;5;1.2;0.33;1.23;1.0;0;0.96
2025-04-20;Leicester;Liverpool;ENGLAND 1;2024/2025;0;1;0;0;0.8;2.89;1.06;1.82;14.0;1.24;7.8;12.5;42;58;79;111;67;60;5;28;0;10;11;7;1;2;0;0;2;2;1;13;0.56;2.19;0.56;2.38;0;-11.5
2026-01-07;Fulham;Chelsea;ENGLAND 1;2025/2026;2;1;0;0;1.91;1.58;1.41;1.48;3.05;2.48;3.65;12.0;55;45;101;94;77;38;16;14;5;6;11;6;3;3;0;1;1;2;2;11;1.7;1.6;1.4;1.55;0;0.96
2026-04-24;Brest;Lens;FRANCE 1;2025/2026;0;0;0;0;0.0;0.0;1.47;1.6;2.44;3.2;3.5;13.0;-1;-1;0;0;0;0;-1;-1;-1;-1;-1;-1;-1;-1;-1;-1;-1;-1;-1;-1;1.85;1.77;1.33;2.19;1;0.96
2025-04-20;Reims;Toulouse;FRANCE 1;2024/2025;1;0;1;0;0.91;1.82;1.23;1.21;3.5;2.34;3.45;10.0;52;48;83;96;35;56;8;18;2;4;11;12;1;0;0;1;3;2;0;9;0.87;1.29;1.0;1.17;1;0.96
2026-05-16;Lille;Auxerre;FRANCE 1;2025/2026;0;0;0;0;0.0;0.0;1.68;1.11;1.52;8.0;4.6;24.0;-1;-1;0;0;0;0;-1;-1;-1;-1;-1;-1;-1;-1;-1;-1;-1;-1;-1;-1;1.85;0.54;1.74;0.81;1;0.96
2025-09-27;St. Pauli;Bayer Leverkusen;GERMANY 1;2025/2026;1;2;1;1;1.69;0.75;1.62;1.29;5.8;1.71;3.95;7.4;49;51;102;75;62;20;13;5;6;4;13;11;3;5;0;0;2;0;13;1;2.0;1.0;1.75;1.25;0;0.96
2026-04-24;Augsburg;Eintracht Frankfurt;GERMANY 1;2025/2026;0;0;0;0;0.0;0.0;1.43;1.24;2.62;2.92;3.55;13.0;-1;-1;0;0;0;0;-1;-1;-1;-1;-1;-1;-1;-1;-1;-1;-1;-1;-1;-1;1.5;1.07;1.15;1.41;1;0.96
2025-04-20;Empoli;Venezia;ITALY 1;2024/2025;2;2;0;0;1.32;1.47;0.82;0.89;2.36;3.85;3.1;11.5;46;54;87;79;48;22;11;13;4;7;18;15;2;1;0;0;1;1;2;5;0.6;0.44;0.75;0.75;0;0.96
2026-05-09;AC Milan;Atalanta;ITALY 1;2025/2026;0;0;0;0;0.0;0.0;1.76;1.41;2.76;2.72;3.65;14.5;-1;-1;0;0;0;0;-1;-1;-1;-1;-1;-1;-1;-1;-1;-1;-1;-1;-1;-1;2.07;1.29;2.1;1.67;1;-13.5
2026-03-20;Villarreal;Real Sociedad;SPAIN 1;2025/2026;3;1;3;0;2.21;1.56;1.65;1.43;1.81;5.1;3.9;18.0;35;65;50;160;27;79;21;11;10;4;10;11;0;2;0;0;1;6;4;5;2.43;1.0;1.96;1.36;0;0.96
2025-04-20;Valladolid;Osasuna;SPAIN 1;2024/2025;2;3;0;2;1.43;1.38;0.93;0.91;5.3;1.85;3.6;7.8;50;50;108;98;43;36;12;11;5;6;12;17;1;1;0;0;1;0;5;2;0.87;0.73;0.52;1.23;0;0.96
2025-04-20;Juventude;Mirassol;BRAZIL 1;2025;2;2;2;1;2.34;2.33;1.32;1.2;2.2;3.9;3.15;15.0;45;55;88;106;47;47;23;25;8;6;18;10;2;2;0;0;1;0;5;3;3.0;0.5;1.5;1.25;0;0.96
2025-04-20;Fortaleza;Palmeiras;BRAZIL 1;2025;1;2;0;1;1.6;0.86;0.86;1.08;4.1;2.18;3.25;7.6;52;48;112;102;68;26;12;6;5;4;12;12;1;1;0;0;1;4;8;2;2.0;3.0;1.25;2.5;0;0.96
2026-05-08;Fluminense;Vitoria;BRAZIL 1;2026;0;0;0;0;0.0;0.0;1.65;0.85;1.71;6.6;3.65;15.5;-1;-1;0;0;0;0;-1;-1;-1;-1;-1;-1;-1;-1;-1;-1;-1;-1;-1;-1;3.0;0.33;2.0;1.43;1;0.96
2025-04-21;Bahia;Ceara;BRAZIL 1;2025;1;0;0;0;1.5;1.03;1.41;1.16;1.77;5.4;3.85;17.0;65;35;112;70;54;35;13;10;4;2;14;18;2;4;0;0;5;1;3;4;1.0;0.5;0.75;1.75;1;0.96
2026-01-24;Valencia;Espanyol;SPAIN 1;2025/2026;3;2;1;0;1.21;1.79;1.49;1.43;2.0;4.5;3.45;13.5;47;53;74;100;31;50;10;16;5;6;13;10;1;5;0;0;-1;-1;2;7;1.4;1.67;1.0;1.7;0;0.96
2026-02-07;Barcelona;Mallorca;SPAIN 1;2025/2026;3;0;1;0;2.45;0.99;2.25;1.13;1.25;14.5;7.2;48.0;76;24;138;71;61;19;24;9;7;4;7;9;0;0;0;0;0;3;12;3;3.0;0.45;2.5;1.09;1;0.96
2025-08-17;Nantes;PSG;FRANCE 1;2025/2026;0;1;0;0;0.47;2.31;0.0;0.0;7.6;1.42;5.7;12.5;29;71;48;170;21;123;5;18;0;4;6;6;1;1;0;0;0;1;2;7;0.0;0.0;0.0;0.0;0;0.96
2026-05-24;Manchester City;Aston Villa;ENGLAND 1;2025/2026;0;0;0;0;0.0;0.0;1.91;1.33;1.9;4.2;4.2;24.0;-1;-1;0;0;0;0;-1;-1;-1;-1;-1;-1;-1;-1;-1;-1;-1;-1;-1;-1;2.4;1.47;2.03;1.74;1;0.96
2025-10-19;Getafe;Real Madrid;SPAIN 1;2025/2026;0;1;0;0;0.7;2.57;1.1;2.03;6.4;1.68;3.95;7.4;24;76;64;125;25;58;7;23;1;10;27;11;3;1;3;0;2;3;1;4;1.67;2.25;1.38;2.63;0;-6.4
2025-08-31;Celta Vigo;Villarreal;SPAIN 1;2025/2026;1;1;0;0;1.23;0.94;1.49;0.0;2.62;2.9;3.6;15.0;65;35;174;65;59;31;10;8;2;3;11;8;1;1;0;0;-1;-1;1;5;0.5;0.0;0.67;3.0;0;0.96
2025-10-26;Arsenal;Crystal Palace;ENGLAND 1;2025/2026;1;0;1;0;1.22;0.82;1.86;1.37;1.41;10.0;5.1;28.0;60;40;109;91;51;41;10;7;3;1;6;11;0;0;0;0;2;1;4;3;2.5;1.75;2.38;1.63;1;0.96
2025-08-24;Cagliari;Fiorentina;ITALY 1;2025/2026;1;1;0;0;1.57;0.56;0.0;0.0;3.3;2.52;3.3;9.2;45;55;89;96;36;31;14;4;6;1;18;14;4;2;0;0;1;4;3;2;0.0;0.0;0.0;0.0;0;0.96
2026-02-01;Parma;Juventus;ITALY 1;2025/2026;1;4;0;2;1.24;1.83;1.18;1.64;5.4;1.8;3.8;8.2;39;61;91;93;44;44;10;15;4;8;10;13;1;3;0;0;1;2;5;3;0.91;1.55;1.05;1.91;0;0.96
2025-09-29;Genoa;Lazio;ITALY 1;2025/2026;0;3;0;2;1.69;1.34;0.83;1.0;3.65;2.38;3.25;8.0;65;35;113;72;36;49;17;9;5;6;18;16;5;1;0;0;1;2;6;0;0.5;0.0;0.5;0.75;0;0.96
2026-01-07;Torino;Udinese;ITALY 1;2025/2026;1;2;0;0;1.31;1.14;1.44;1.09;2.52;3.55;3.05;10.0;54;46;112;84;54;39;10;9;4;4;16;8;2;1;0;0;1;0;3;6;1.22;1.11;1.28;1.22;0;0.96
2025-09-24;Atl. Madrid;Rayo Vallecano;SPAIN 1;2025/2026;3;2;1;1;2.33;1.0;1.45;1.53;1.55;7.8;4.3;21.0;61;39;102;88;71;29;20;9;8;3;6;12;3;5;0;0;3;2;8;6;2.0;1.0;1.2;1.0;0;0.96
2026-04-25;Osasuna;Sevilla;SPAIN 1;2025/2026;0;0;0;0;0.0;0.0;1.59;1.28;2.52;3.35;3.2;11.0;-1;-1;0;0;0;0;-1;-1;-1;-1;-1;-1;-1;-1;-1;-1;-1;-1;-1;-1;2.0;1.07;1.28;1.07;1;0.96
2025-04-24;Leganes;Girona;SPAIN 1;2024/2025;1;1;0;0;0.66;1.01;0.88;1.04;3.15;2.64;3.2;9.0;32;68;69;100;20;39;7;8;1;3;16;18;4;2;1;0;1;4;4;5;1.13;0.81;0.91;1.06;0;0.96
2025-11-01;PSG;Nice;FRANCE 1;2025/2026;1;0;0;0;3.33;0.52;2.13;1.23;1.65;5.5;4.6;28.0;77;23;188;32;140;8;28;5;8;2;12;5;3;1;0;0;2;1;11;1;2.5;1.0;2.1;1.7;1;0.96
2025-10-05;Stuttgart;Heidenheim;GERMANY 1;2025/2026;1;0;0;0;1.96;0.64;1.74;1.46;1.5;6.8;5.3;34.0;64;36;143;72;54;34;18;5;6;1;11;12;1;1;0;0;2;3;1;1;3.0;0.0;1.8;0.6;1;-33.0
2025-04-26;Internacional;Juventude;BRAZIL 1;2025;3;1;2;1;1.58;0.46;2.07;0.9;1.43;8.8;4.7;34.0;53;47;109;70;36;17;13;4;7;1;17;8;1;2;0;0;4;5;9;2;1.5;0.0;1.2;1.4;0;0.96
2025-12-13;Chelsea;Everton;ENGLAND 1;2025/2026;2;0;2;0;1.67;1.14;1.74;0.95;1.6;6.8;4.3;22.0;58;42;99;95;34;41;17;11;5;2;13;11;1;0;0;0;0;1;4;7;1.57;1.43;1.67;1.6;1;0.96
2025-04-26;Southampton;Fulham;ENGLAND 1;2024/2025;1;2;1;0;0.92;2.68;1.03;1.33;5.8;1.67;4.3;10.5;35;65;81;105;36;98;7;26;3;5;10;12;1;1;0;0;1;2;0;13;0.31;1.38;0.33;1.45;0;0.96
2026-01-24;Le Havre;Monaco;FRANCE 1;2025/2026;0;0;0;0;0.73;1.21;1.54;1.4;7.2;1.45;5.5;13.5;47;53;87;112;29;59;7;10;1;2;9;20;0;3;0;0;1;5;5;6;1.44;0.88;1.06;1.28;1;0.96
2025-12-20;Wolfsburg;Freiburg;GERMANY 1;2025/2026;3;4;1;1;1.53;1.72;1.57;1.24;2.5;2.98;3.7;15.0;56;44;93;79;40;30;13;15;6;8;16;8;1;1;0;0;1;5;2;6;0.71;0.71;1.07;1.21;0;-14.0
2025-12-14;Bayern Munich;Mainz;GERMANY 1;2025/2026;2;2;1;1;2.9;0.59;2.34;1.16;1.23;14.5;7.8;75.0;85;15;191;67;84;17;24;5;11;2;7;8;2;2;0;0;6;1;7;0;3.0;0.67;2.85;0.46;0;0.96
2026-04-18;Bayer Leverkusen;Augsburg;GERMANY 1;2025/2026;0;0;0;0;0.0;0.0;1.79;1.39;1.4;9.8;5.3;32.0;-1;-1;0;0;0;0;-1;-1;-1;-1;-1;-1;-1;-1;-1;-1;-1;-1;-1;-1;1.85;0.77;1.7;1.15;1;0.96
2026-04-18;Eintracht Frankfurt;RB Leipzig;GERMANY 1;2025/2026;0;0;0;0;0.0;0.0;1.47;1.57;2.16;3.35;4.0;22.0;-1;-1;0;0;0;0;-1;-1;-1;-1;-1;-1;-1;-1;-1;-1;-1;-1;-1;-1;1.77;1.62;1.41;1.85;1;0.96
2025-12-21;Santa Clara;Arouca;PORTUGAL 1;2025/2026;0;0;0;0;1.15;0.85;1.38;0.88;1.95;4.5;3.3;13.5;52;48;96;97;31;27;9;8;5;2;15;14;2;2;0;0;3;3;2;4;1.43;0.67;1.07;0.86;1;0.96
2025-04-26;Gil Vicente;SC Farense;PORTUGAL 1;2024/2025;1;0;0;0;1.4;0.91;1.08;1.04;2.34;3.4;3.15;11.5;54;46;122;88;50;26;13;9;3;2;16;12;1;3;0;0;0;1;4;1;1.07;0.87;0.97;0.7;1;0.96
2025-04-27;Venezia;AC Milan;ITALY 1;2024/2025;0;2;0;1;1.51;1.15;1.2;1.5;5.3;1.74;4.1;9.8;50;50;114;75;58;35;15;12;2;2;14;13;1;0;0;0;2;2;7;2;1.06;1.44;0.76;1.55;0;0.96
2025-09-14;Atalanta;Lecce;ITALY 1;2025/2026;4;1;1;0;2.2;1.37;2.26;0.76;1.29;13.0;6.4;40.0;57;43;80;95;62;56;19;12;8;3;12;7;0;0;0;0;3;1;8;2;1.0;1.0;1.0;0.5;0;0.96
2025-09-15;Como;Genoa;ITALY 1;2025/2026;1;1;1;0;1.34;1.44;2.05;0.0;1.91;5.0;3.55;14.5;53;47;84;105;32;35;13;12;4;6;13;17;2;2;1;0;-1;-1;0;8;3.0;0.0;1.5;0.5;0;0.96
2025-04-27;Montpellier;Reims;FRANCE 1;2024/2025;0;0;0;0;1.23;0.98;1.41;1.08;5.1;1.78;4.0;10.5;54;46;96;105;46;34;12;8;2;3;17;13;3;3;0;0;1;2;5;5;0.8;1.14;0.5;1.07;1;0.96
2026-05-16;Nantes;Toulouse;FRANCE 1;2025/2026;0;0;0;0;0.0;0.0;1.24;1.31;3.0;2.64;3.35;11.0;-1;-1;0;0;0;0;-1;-1;-1;-1;-1;-1;-1;-1;-1;-1;-1;-1;-1;-1;0.57;1.31;0.65;1.37;1;0.96
2025-10-04;Werder Bremen;St. Pauli;GERMANY 1;2025/2026;1;0;1;0;1.57;1.46;1.46;1.45;1.98;4.3;3.75;15.5;41;59;93;162;37;57;15;13;5;3;8;9;3;1;0;0;3;1;4;0;0.5;1.5;0.8;1.4;1;0.96
2025-04-27;Bochum;Union Berlin;GERMANY 1;2024/2025;1;1;0;1;1.29;0.62;1.37;1.13;2.4;3.2;3.65;15.5;66;34;148;81;50;31;10;5;4;1;11;9;3;2;0;0;5;0;10;4;0.8;1.0;0.6;1.2;0;0.96
2026-01-17;Lens;Auxerre;FRANCE 1;2025/2026;1;0;0;0;2.04;0.63;1.65;1.19;1.6;6.2;4.5;26.0;48;52;94;134;49;40;19;5;7;0;19;20;2;5;0;0;2;0;1;5;2.63;0.25;2.35;0.71;1;0.96
2026-03-06;Napoli;Torino;ITALY 1;2025/2026;2;1;1;0;1.93;0.87;1.59;1.24;1.43;10.5;4.7;26.0;64;36;116;65;57;19;14;7;9;4;9;11;0;3;0;0;1;1;11;2;2.33;1.0;1.96;1.11;0;0.96
2025-04-27;Juventus;Monza;ITALY 1;2024/2025;2;0;2;0;1.22;1.5;1.59;0.79;1.21;20.0;7.8;60.0;35;65;74;108;32;73;10;12;5;3;17;5;3;3;1;0;0;1;0;5;2.0;0.44;1.79;0.45;1;0.96
2025-04-27;Fiorentina;Empoli;ITALY 1;2024/2025;2;1;2;0;0.77;1.17;1.31;0.99;1.94;4.8;3.55;14.5;53;47;70;107;24;41;6;8;3;5;16;18;3;2;0;0;3;1;1;6;2.0;0.88;1.7;0.76;0;0.96
2026-02-09;Villarreal;Espanyol;SPAIN 1;2025/2026;4;1;2;0;1.02;0.94;1.7;1.47;1.49;7.2;5.2;27.0;49;51;76;95;24;31;10;9;3;2;18;11;3;3;0;0;1;0;5;8;2.27;1.5;2.0;1.55;0;0.96
2026-03-20;Bournemouth;Manchester Utd;ENGLAND 1;2025/2026;2;2;0;0;1.73;1.54;1.6;1.58;1.77;4.9;4.1;20.0;55;45;114;85;51;43;16;14;5;5;10;9;2;2;0;1;2;0;6;8;1.67;1.4;1.37;1.8;0;0.96
2026-03-07;Moreirense;Nacional;PORTUGAL 1;2025/2026;1;1;1;0;0.75;2.1;0.97;1.33;2.22;4.0;3.2;1000.0;46;54;56;122;23;48;7;20;2;7;14;11;4;2;0;0;0;2;4;7;1.73;0.83;1.42;0.88;0;0.96
2025-04-27;Boavista;Sporting CP;PORTUGAL 1;2024/2025;0;5;0;2;0.54;2.76;1.19;1.73;26.0;1.17;8.6;11.0;38;62;79;109;20;48;6;25;0;12;14;14;3;4;0;0;2;4;3;5;0.4;2.27;0.7;2.4;0;0.96
2026-04-25;Vitoria Guimaraes;Rio Ave;PORTUGAL 1;2025/2026;0;0;0;0;0.0;0.0;1.48;1.06;1.52;7.6;4.4;25.0;-1;-1;0;0;0;0;-1;-1;-1;-1;-1;-1;-1;-1;-1;-1;-1;-1;-1;-1;1.57;1.21;1.19;1.11;1;0.96
2026-03-15;Cruzeiro;Vasco;BRAZIL 1;2026;0;0;0;0;0.0;0.0;1.49;1.4;2.3;3.8;3.3;10.5;-1;-1;0;0;0;0;-1;-1;-1;-1;-1;-1;-1;-1;-1;-1;-1;-1;-1;-1;0.5;0.0;0.4;0.8;1;0.96
2026-10-06;Palmeiras;Bahia;BRAZIL 1;2026;0;0;0;0;0.0;0.0;1.66;1.02;1.52;7.8;4.6;23.0;-1;-1;0;0;0;0;-1;-1;-1;-1;-1;-1;-1;-1;-1;-1;-1;-1;-1;-1;3.0;2.25;2.38;2.0;1;-22.0
2025-11-22;Udinese;Bologna;ITALY 1;2025/2026;0;3;0;0;1.3;1.23;1.46;1.22;5.2;1.88;3.55;6.8;47;53;79;69;46;34;12;10;3;5;19;16;0;1;0;0;2;3;7;2;1.6;1.33;1.36;1.91;0;0.96
2026-04-04;Lazio;Parma;ITALY 1;2025/2026;0;0;0;0;0.0;0.0;1.39;1.08;1.43;9.2;5.0;28.0;-1;-1;0;0;0;0;-1;-1;-1;-1;-1;-1;-1;-1;-1;-1;-1;-1;-1;-1;1.67;1.33;1.43;1.13;1;0.96
2026-01-02;Rayo Vallecano;Getafe;SPAIN 1;2025/2026;1;1;1;0;1.37;1.35;1.81;1.07;2.5;3.65;3.05;8.6;60;40;114;114;35;41;13;12;4;4;13;10;3;4;0;0;5;2;3;2;1.14;1.0;1.06;1.18;0;0.96
2025-05-02;Heidenheim;Bochum;GERMANY 1;2024/2025;0;0;0;0;1.21;1.5;1.25;1.13;2.4;3.2;3.6;13.5;46;54;95;136;41;64;11;13;3;3;8;14;0;1;0;0;1;2;6;4;0.67;0.4;0.81;0.61;1;0.96
2025-05-02;Torino;Venezia;ITALY 1;2024/2025;1;1;0;1;1.82;0.89;1.05;0.92;2.38;3.8;3.1;11.5;55;45;105;107;47;31;19;7;4;3;7;18;1;0;0;0;2;2;5;1;1.5;0.47;1.26;0.74;0;0.96
2026-03-15;FC Porto;Moreirense;PORTUGAL 1;2025/2026;3;0;2;0;2.05;0.53;1.64;1.09;1.31;14.0;5.3;34.0;57;43;106;61;48;27;17;3;9;2;14;13;1;0;0;0;2;1;4;1;2.67;1.15;2.64;1.4;1;0.96
2025-05-02;Nice;Reims;FRANCE 1;2024/2025;1;0;1;0;0.94;1.56;1.73;1.07;1.43;8.6;5.4;36.0;55;45;107;100;39;38;8;17;2;3;14;21;2;2;0;0;0;2;5;3;2.07;1.13;1.74;1.06;1;0.96
2026-04-11;Arsenal;Bournemouth;ENGLAND 1;2025/2026;0;0;0;0;0.0;0.0;1.88;1.55;1.92;4.4;3.9;17.0;-1;-1;0;0;0;0;-1;-1;-1;-1;-1;-1;-1;-1;-1;-1;-1;-1;-1;-1;2.53;1.07;2.26;1.35;1;0.96
2025-09-28;Aston Villa;Fulham;ENGLAND 1;2025/2026;3;1;1;1;1.11;1.39;1.12;1.04;1.82;4.8;4.0;21.0;48;52;88;81;35;57;9;11;4;4;10;13;1;4;0;0;2;4;2;8;0.5;0.5;0.6;1.6;0;0.96
2025-05-03;Leicester;Southampton;ENGLAND 1;2024/2025;2;0;2;0;1.4;0.93;1.05;0.99;2.42;3.1;3.7;14.5;49;51;80;80;32;38;14;8;4;2;12;13;1;3;0;0;1;1;6;7;0.53;0.35;0.53;0.32;1;0.96
2025-10-25;Parma;Como;ITALY 1;2025/2026;0;0;0;0;1.08;0.89;1.09;1.54;3.3;2.4;3.5;11.0;29;71;61;104;33;49;10;6;3;2;7;14;0;1;0;0;3;3;3;3;1.33;1.33;0.86;1.71;1;-10.0
2026-05-09;Cagliari;Udinese;ITALY 1;2025/2026;0;0;0;0;0.0;0.0;1.04;1.1;2.28;3.85;3.2;11.5;-1;-1;0;0;0;0;-1;-1;-1;-1;-1;-1;-1;-1;-1;-1;-1;-1;-1;-1;1.07;1.33;1.0;1.3;1;0.96
2025-10-28;Lecce;Napoli;ITALY 1;2025/2026;0;1;0;0;0.84;1.53;1.17;1.89;7.8;1.57;4.1;6.8;41;59;86;103;35;60;7;14;2;3;10;14;2;1;0;0;1;0;3;5;0.5;1.5;0.75;2.25;0;-5.8
2026-05-16;Nacional;Vitoria Guimaraes;PORTUGAL 1;2025/2026;0;0;0;0;0.0;0.0;1.34;1.41;4.3;1.92;3.55;0.0;-1;-1;0;0;0;0;-1;-1;-1;-1;-1;-1;-1;-1;-1;-1;-1;-1;-1;-1;0.85;0.77;0.81;1.19;1;0.96
2025-05-03;SC Farense;Famalicao;PORTUGAL 1;2024/2025;2;1;1;1;1.97;1.3;1.3;1.25;2.72;2.8;3.3;0.0;48;52;86;68;67;35;17;11;6;5;22;19;7;3;0;1;4;0;4;10;0.53;1.27;0.68;1.42;0;0.96
2025-05-03;Valladolid;Barcelona;SPAIN 1;2024/2025;1;2;1;0;0.71;2.73;0.96;1.57;18.5;1.19;9.2;20.0;19;81;44;163;15;101;5;24;4;7;12;15;3;2;0;0;3;1;4;8;0.81;2.25;0.48;2.3;0;0.96
2025-05-03;Las Palmas;Valencia;SPAIN 1;2024/2025;2;3;1;1;1.54;1.3;1.29;0.92;2.72;2.88;3.4;11.0;53;47;103;69;53;26;15;12;3;5;12;6;1;1;0;0;1;3;9;5;1.06;0.69;0.97;1.18;0;0.96
2026-03-08;Union Berlin;Werder Bremen;GERMANY 1;2025/2026;1;4;1;2;0.94;1.68;1.33;1.26;3.0;2.52;3.6;12.5;26;74;88;129;31;51;9;15;2;5;5;13;1;3;1;0;1;1;1;3;1.42;0.5;1.17;0.92;0;0.96
2026-02-01;Strasbourg;PSG;FRANCE 1;2025/2026;1;2;1;1;1.13;1.53;1.52;1.84;2.4;2.84;4.2;21.0;32;68;82;105;38;59;9;13;4;4;8;6;1;0;0;1;5;0;5;6;2.11;2.0;1.58;2.37;0;0.96
2025-10-29;Toulouse;Rennes;FRANCE 1;2025/2026;2;2;0;0;1.64;1.22;1.61;1.12;2.34;3.45;3.45;13.5;55;45;89;63;57;24;15;11;4;5;9;12;2;3;0;0;0;2;5;8;1.75;0.75;1.44;1.22;0;0.96
2026-02-07;St. Pauli;Stuttgart;GERMANY 1;2025/2026;2;1;1;0;1.82;1.14;1.35;1.9;2.74;2.76;3.6;13.0;32;68;36;78;56;68;15;7;7;3;9;10;0;2;0;0;0;2;5;5;1.0;1.6;0.7;1.95;0;-12.0
2026-01-17;RB Leipzig;Bayern Munich;GERMANY 1;2025/2026;1;5;1;0;1.62;2.36;1.96;2.28;5.1;1.67;4.7;19.5;42;58;95;105;37;44;17;19;4;12;7;6;1;0;0;0;0;2;5;9;2.63;2.75;2.0;2.76;0;0.96
2025-09-20;Villarreal;Osasuna;SPAIN 1;2025/2026;2;1;0;1;2.84;0.75;2.48;0.71;1.58;6.2;4.5;26.0;66;34;112;57;90;21;26;6;8;3;10;11;2;2;0;1;2;1;7;0;3.0;0.0;1.75;1.5;0;0.96
2025-05-03;Ceara;Vitoria;BRAZIL 1;2025;1;0;0;0;1.99;1.15;1.06;1.13;2.24;4.1;3.15;11.0;50;50;99;84;40;24;18;12;8;3;15;31;0;3;0;0;5;3;3;3;2.33;0.67;1.33;1.0;1;0.96
2026-04-05;Corinthians;Internacional;BRAZIL 1;2026;0;0;0;0;0.0;0.0;1.28;1.69;2.7;3.2;3.1;10.0;-1;-1;0;0;0;0;-1;-1;-1;-1;-1;-1;-1;-1;-1;-1;-1;-1;-1;-1;1.0;1.25;1.25;1.0;1;0.96
2025-10-26;Auxerre;Le Havre;FRANCE 1;2025/2026;0;1;0;0;1.48;1.13;1.04;1.04;2.24;3.55;3.65;15.0;51;49;66;76;55;38;14;9;3;4;21;12;2;2;0;0;0;2;13;5;1.5;0.25;0.88;0.75;0;0.96
2025-09-27;Brentford;Manchester Utd;ENGLAND 1;2025/2026;3;1;2;1;1.48;1.56;0.98;1.27;1.76;4.9;4.3;23.0;44;56;105;98;39;35;10;14;8;6;14;10;2;2;0;0;2;1;4;2;2.0;0.5;0.8;1.4;0;0.96
2025-10-04;Chelsea;Liverpool;ENGLAND 1;2025/2026;2;1;1;0;1.59;1.25;1.61;1.86;2.24;3.35;3.85;19.5;53;47;101;100;57;48;12;12;6;2;9;8;0;2;0;0;2;2;7;2;1.33;2.0;1.33;2.5;0;0.96
2025-05-04;Brest;Montpellier;FRANCE 1;2024/2025;1;0;1;0;1.86;0.66;1.44;1.04;1.4;8.6;5.5;34.0;64;36;148;58;66;37;15;5;6;1;14;18;1;2;0;0;0;3;4;6;1.8;0.2;1.42;0.52;1;0.96
2025-05-04;Empoli;Lazio;ITALY 1;2024/2025;0;1;0;1;0.92;0.96;0.86;1.41;4.7;1.89;3.8;9.0;37;63;92;110;36;42;8;8;2;2;1;0;4;4;1;1;2;1;2;7;0.63;1.82;0.74;1.76;0;-8.0
2026-03-07;Freiburg;Bayer Leverkusen;GERMANY 1;2025/2026;3;3;2;2;2.4;1.86;1.55;1.36;3.3;2.36;3.6;12.5;47;53;94;98;63;61;21;17;9;5;7;8;2;1;0;0;1;1;5;2;2.18;1.67;1.38;1.79;0;0.96
2025-05-04;Augsburg;Holstein Kiel;GERMANY 1;2024/2025;1;3;0;2;3.08;0.9;1.34;1.1;1.89;4.5;3.95;17.0;72;28;171;44;93;15;27;7;10;5;0;1;0;2;0;0;2;0;11;0;1.53;0.53;1.39;0.71;0;0.96
2026-03-22;Mainz;Eintracht Frankfurt;GERMANY 1;2025/2026;2;1;1;1;1.13;1.31;1.56;1.24;2.24;3.4;3.8;18.0;30;70;60;111;38;36;8;12;5;4;12;5;2;1;0;0;4;3;5;3;1.08;1.15;1.04;1.46;0;0.96
2025-12-14;Bologna;Juventus;ITALY 1;2025/2026;0;1;0;0;1.25;1.34;1.79;1.41;2.34;3.9;3.05;11.0;51;49;84;107;38;42;11;13;4;3;10;11;3;1;1;0;0;2;3;4;2.17;1.14;1.79;1.64;0;0.96
2025-05-04;Monza;Atalanta;ITALY 1;2024/2025;0;4;0;2;1.62;1.71;1.02;1.43;15.5;1.24;7.2;10.5;52;48;83;93;34;58;14;15;7;5;9;10;1;2;0;0;2;0;3;7;0.47;2.12;0.44;1.91;0;0.96
2025-09-14;Arouca;Casa Pia;PORTUGAL 1;2025/2026;0;2;0;1;1.15;1.11;1.28;0.88;2.1;4.1;3.5;14.0;66;34;102;77;50;36;9;9;3;4;18;21;2;7;0;0;2;4;7;6;2.0;1.5;1.25;0.75;0;0.96
2026-05-16;Sporting CP;Gil Vicente;PORTUGAL 1;2025/2026;0;0;0;0;0.0;0.0;2.24;1.44;1.15;30.0;10.0;95.0;-1;-1;0;0;0;0;-1;-1;-1;-1;-1;-1;-1;-1;-1;-1;-1;-1;-1;-1;2.58;1.29;2.5;1.56;1;0.96
2026-03-12;Vasco;Palmeiras;BRAZIL 1;2026;0;0;0;0;0.0;0.0;2.81;1.41;7.0;1.64;3.95;6.8;-1;-1;0;0;0;0;-1;-1;-1;-1;-1;-1;-1;-1;-1;-1;-1;-1;-1;-1;0.5;2.0;0.25;2.5;1;-5.8
2025-12-07;Real Madrid;Celta Vigo;SPAIN 1;2025/2026;0;2;0;0;2.49;0.93;2.38;1.2;1.39;8.4;5.9;42.0;58;42;114;69;77;18;23;7;7;5;6;12;5;1;3;0;2;1;8;1;3.0;1.83;2.4;1.14;0;0.96
2025-05-04;Sevilla;Leganes;SPAIN 1;2024/2025;2;2;1;1;2.43;1.07;1.33;0.91;1.8;5.5;3.5;30.0;57;43;93;87;52;40;25;9;7;3;17;12;4;5;0;0;2;1;8;2;1.25;0.69;1.12;0.91;0;0.96
2026-05-02;Girona;Mallorca;SPAIN 1;2025/2026;0;0;0;0;0.0;0.0;1.31;1.07;2.04;4.5;3.4;14.0;-1;-1;0;0;0;0;-1;-1;-1;-1;-1;-1;-1;-1;-1;-1;-1;-1;-1;-1;1.36;0.4;1.17;0.97;1;0.96
2026-05-16;Genoa;AC Milan;ITALY 1;2025/2026;0;0;0;0;0.0;0.0;1.35;1.31;5.1;1.8;3.95;9.2;-1;-1;0;0;0;0;-1;-1;-1;-1;-1;-1;-1;-1;-1;-1;-1;-1;-1;-1;1.19;2.13;1.1;2.1;1;0.96
2025-09-14;AC Milan;Bologna;ITALY 1;2025/2026;1;0;0;0;1.32;0.56;2.48;0.92;2.42;3.25;3.5;12.5;39;61;79;85;31;32;14;5;3;0;17;16;3;2;0;0;2;1;7;4;0.0;0.0;1.5;1.5;1;0.96
2025-11-02;Wolfsburg;Hoffenheim;GERMANY 1;2025/2026;2;3;1;1;1.45;1.29;1.61;1.44;2.44;2.96;3.85;19.0;48;52;99;98;36;52;12;10;6;4;10;17;0;2;0;0;3;4;2;2;0.5;2.5;1.0;1.63;0;0.96
2025-05-09;Las Palmas;Rayo Vallecano;SPAIN 1;2024/2025;0;1;0;0;1.21;1.63;1.3;1.12;2.46;3.3;3.4;12.0;41;59;113;97;60;37;10;16;2;5;8;9;2;3;0;0;0;2;8;8;1.0;1.18;0.94;1.29;0;-11.0
2026-01-25;Nacional;Rio Ave;PORTUGAL 1;2025/2026;4;0;1;0;1.57;1.36;1.24;1.05;2.0;4.0;3.8;18.0;46;54;82;57;47;35;14;11;5;6;18;6;3;0;0;0;0;6;5;5;0.88;1.22;0.94;1.11;1;0.96
2025-12-05;Benfica;Sporting CP;PORTUGAL 1;2025/2026;1;1;1;1;1.21;0.71;2.16;2.28;2.34;3.3;3.6;14.5;41;59;85;88;40;33;10;5;4;2;15;20;2;5;1;0;2;1;3;2;2.0;3.0;2.33;2.58;0;0.96
2026-05-09;Gil Vicente;Arouca;PORTUGAL 1;2025/2026;0;0;0;0;0.0;0.0;1.64;1.11;2.36;3.4;3.4;12.5;-1;-1;0;0;0;0;-1;-1;-1;-1;-1;-1;-1;-1;-1;-1;-1;-1;-1;-1;1.85;1.0;1.56;1.07;1;0.96
2026-01-18;Santa Clara;Famalicao;PORTUGAL 1;2025/2026;0;1;0;0;1.29;1.03;1.31;1.48;2.12;4.2;3.3;11.5;51;49;91;89;38;51;15;7;1;3;17;18;1;1;0;0;3;1;9;2;1.22;1.5;1.0;1.35;0;0.96
2026-05-01;Mirassol;Corinthians;BRAZIL 1;2026;0;0;0;0;0.0;0.0;2.06;0.87;3.05;2.66;3.3;9.6;-1;-1;0;0;0;0;-1;-1;-1;-1;-1;-1;-1;-1;-1;-1;-1;-1;-1;-1;1.25;1.5;0.86;1.25;1;0.96
2026-07-21;Vitoria;Vasco;BRAZIL 1;2026;0;0;0;0;0.0;0.0;1.44;1.43;2.22;4.1;3.15;11.0;-1;-1;0;0;0;0;-1;-1;-1;-1;-1;-1;-1;-1;-1;-1;-1;-1;-1;-1;2.25;0.33;1.43;1.38;1;0.96
2025-05-10;Fortaleza;Juventude;BRAZIL 1;2025;5;0;1;0;2.29;0.56;1.11;0.76;1.67;6.4;4.0;18.5;48;52;73;64;17;32;20;4;13;1;13;14;2;3;0;0;0;3;5;4;1.33;0.0;1.0;1.0;1;0.96
2026-04-11;Auxerre;Nantes;FRANCE 1;2025/2026;0;0;0;0;0.0;0.0;1.28;0.98;3.05;2.58;3.5;10.5;-1;-1;0;0;0;0;-1;-1;-1;-1;-1;-1;-1;-1;-1;-1;-1;-1;-1;-1;1.07;0.75;0.81;0.65;1;0.96
2025-08-17;Brest;Lille;FRANCE 1;2025/2026;3;3;1;2;1.74;1.37;0.0;0.0;5.0;1.8;4.0;9.2;46;54;94;99;35;43;18;10;5;6;11;13;2;1;0;0;1;2;2;2;0.0;0.0;0.0;0.0;0;0.96
2025-05-10;Montpellier;PSG;FRANCE 1;2024/2025;1;4;0;1;1.03;1.5;1.4;2.03;7.0;1.46;5.7;16.0;31;69;45;111;26;41;9;10;4;8;14;11;1;1;0;0;1;0;5;4;0.81;2.31;0.5;2.44;0;0.96
2025-10-26;Rennes;Nice;FRANCE 1;2025/2026;1;2;0;2;2.25;0.87;1.78;1.35;3.75;2.02;4.1;13.0;58;42;116;64;78;21;19;8;7;3;13;22;5;2;0;0;3;2;7;3;2.0;0.33;1.38;1.38;0;0.96
2026-01-02;Toulouse;Lens;FRANCE 1;2025/2026;0;3;0;0;0.87;1.89;1.63;1.45;2.34;3.3;3.65;15.0;32;68;66;109;30;54;8;16;2;7;16;16;2;3;1;0;-1;-1;2;8;1.5;2.0;1.44;2.31;0;0.96
2025-05-10;Southampton;Manchester City;ENGLAND 1;2024/2025;0;0;0;0;0.21;3.07;1.03;1.65;16.0;1.24;7.6;12.5;28;72;43;157;10;152;2;26;0;5;9;8;2;0;0;0;2;1;1;15;0.29;1.47;0.31;1.83;1;0.96
2026-02-07;Bournemouth;Aston Villa;ENGLAND 1;2025/2026;1;1;0;1;2.44;0.99;1.52;1.35;2.62;2.78;3.75;15.0;53;47;91;60;77;37;20;7;9;4;4;11;1;1;0;0;3;3;11;4;1.83;1.75;1.38;1.92;0;-14.0
2026-02-07;Fulham;Everton;ENGLAND 1;2025/2026;1;2;1;0;1.44;1.65;1.45;1.05;1.97;4.6;3.55;13.5;55;45;71;73;58;61;13;16;3;3;11;12;1;5;0;0;2;2;6;6;1.92;1.5;1.42;1.42;0;0.96
2025-05-10;Holstein Kiel;Freiburg;GERMANY 1;2024/2025;1;2;1;1;1.22;1.21;1.16;1.2;3.75;2.04;3.95;13.5;60;40;74;101;44;67;11;7;3;4;9;13;1;0;0;0;2;2;2;5;0.88;1.38;0.78;1.63;0;0.96
2025-11-29;Union Berlin;Heidenheim;GERMANY 1;2025/2026;1;2;1;0;1.03;1.03;1.38;0.99;2.28;3.55;3.5;13.0;43;57;88;103;44;34;9;10;2;2;13;10;3;2;0;0;3;2;5;5;1.5;0.0;1.36;0.45;0;0.96
2026-04-04;Werder Bremen;RB Leipzig;GERMANY 1;2025/2026;0;0;0;0;0.0;0.0;1.69;1.57;2.28;3.15;4.0;22.0;-1;-1;0;0;0;0;-1;-1;-1;-1;-1;-1;-1;-1;-1;-1;-1;-1;-1;-1;1.23;1.62;1.04;1.85;1;0.96
2025-05-10;Empoli;Parma;ITALY 1;2024/2025;2;1;1;0;1.44;0.47;0.86;1.08;2.36;3.75;3.15;11.5;46;54;82;108;30;26;15;3;4;1;21;16;2;1;0;1;3;0;4;0;0.59;0.71;0.71;0.91;0;0.96
2025-10-26;Lazio;Juventus;ITALY 1;2025/2026;1;0;1;0;1.25;1.66;1.43;1.4;2.5;3.35;3.25;11.0;40;60;67;115;30;58;13;14;3;5;11;18;2;4;0;0;0;2;2;5;1.33;1.33;1.14;1.71;1;0.96
2025-11-08;Como;Cagliari;ITALY 1;2025/2026;0;0;0;0;1.45;0.48;1.59;1.15;1.82;5.0;3.85;18.0;75;25;141;46;52;11;10;4;6;2;21;15;3;1;0;0;1;2;10;0;2.2;1.0;1.7;0.9;1;0.96
2025-05-10;Bochum;Mainz;GERMANY 1;2024/2025;1;4;0;1;1.44;2.29;1.37;1.16;3.25;2.26;3.85;14.0;44;56;117;96;43;48;11;22;6;8;9;6;3;0;0;0;2;3;6;6;0.81;1.44;0.63;1.5;0;0.96
2026-04-06;Girona;Villarreal;SPAIN 1;2025/2026;0;0;0;0;0.0;0.0;1.31;1.08;3.15;2.36;3.8;14.5;-1;-1;0;0;0;0;-1;-1;-1;-1;-1;-1;-1;-1;-1;-1;-1;-1;-1;-1;1.36;1.5;1.17;2.0;1;-13.5
2025-05-10;Mallorca;Valladolid;SPAIN 1;2024/2025;2;1;1;1;1.4;1.71;1.17;0.89;1.35;12.0;5.5;32.0;61;39;102;64;49;38;12;15;4;7;16;12;2;1;0;0;1;2;5;10;1.41;0.18;1.29;0.47;0;0.96
2026-05-23;Celta Vigo;Sevilla;SPAIN 1;2025/2026;0;0;0;0;0.0;0.0;1.39;1.28;1.9;4.6;3.8;16.5;-1;-1;0;0;0;0;-1;-1;-1;-1;-1;-1;-1;-1;-1;-1;-1;-1;-1;-1;1.13;1.07;1.41;1.07;1;0.96
2025-08-29;Valencia;Getafe;SPAIN 1;2025/2026;3;0;1;0;0.92;1.08;1.65;1.12;1.99;5.4;3.2;12.5;58;42;86;94;26;43;7;11;4;1;18;7;2;0;0;0;0;5;8;6;1.0;3.0;0.5;3.0;1;0.96
2026-03-07;Atl. Madrid;Real Sociedad;SPAIN 1;2025/2026;3;2;1;1;2.66;0.85;1.94;1.48;1.88;5.1;3.6;15.0;52;48;105;105;73;25;24;7;9;3;6;10;1;1;0;0;3;1;8;1;2.62;1.08;1.96;1.35;0;0.96
2025-05-11;Boavista;FC Porto;PORTUGAL 1;2024/2025;1;2;1;2;1.13;1.82;1.15;1.32;8.0;1.45;5.3;8.6;41;59;74;113;39;43;9;16;4;7;13;19;3;1;1;1;11;1;0;4;0.38;1.63;0.75;2.03;0;0.96
2025-10-25;Eintracht Frankfurt;St. Pauli;GERMANY 1;2025/2026;2;0;1;0;1.25;1.03;1.67;1.46;1.65;5.8;4.4;24.0;51;49;94;105;26;53;10;9;6;1;11;6;0;1;0;0;2;4;1;3;1.0;1.0;1.43;1.0;1;0.96
2025-11-09;Stuttgart;Augsburg;GERMANY 1;2025/2026;3;2;2;2;1.81;1.71;1.86;1.2;1.61;6.0;4.7;29.0;62;38;125;88;42;30;17;17;6;6;13;10;2;3;0;0;3;3;4;4;3.0;1.0;2.0;0.78;0;0.96
2025-08-31;Liverpool;Arsenal;ENGLAND 1;2025/2026;1;0;0;0;0.95;1.09;2.31;1.09;2.44;3.1;3.6;15.5;53;47;82;84;23;44;9;11;3;1;7;10;2;2;0;0;1;0;3;8;3.0;3.0;3.0;3.0;1;0.96
2025-05-11;Udinese;Monza;ITALY 1;2024/2025;1;2;0;0;2.08;0.51;1.17;0.83;1.55;7.4;4.4;24.0;60;40;124;41;56;7;21;5;5;2;21;8;2;3;0;0;2;2;7;0;1.41;0.41;1.26;0.43;0;0.96
2025-10-05;Napoli;Genoa;ITALY 1;2025/2026;2;1;0;1;1.52;0.65;2.05;1.14;1.35;13.0;5.3;30.0;69;31;99;79;57;26;12;6;5;1;16;15;1;3;0;0;2;2;7;5;3.0;0.5;2.4;0.4;0;0.96
2025-05-11;Vitoria Guimaraes;SC Farense;PORTUGAL 1;2024/2025;1;2;0;1;2.18;0.86;1.5;1.03;1.57;7.8;4.2;23.0;70;30;122;76;98;27;19;7;4;3;15;7;5;4;0;0;1;2;16;3;2.0;0.81;1.69;0.75;0;0.96
2026-05-10;Barcelona;Real Madrid;SPAIN 1;2025/2026;0;0;0;0;0.0;0.0;2.2;1.96;2.02;3.6;4.3;32.0;-1;-1;0;0;0;0;-1;-1;-1;-1;-1;-1;-1;-1;-1;-1;-1;-1;-1;-1;3.0;2.14;2.52;2.38;1;0.96
2025-05-11;Leganes;Espanyol;SPAIN 1;2024/2025;3;2;2;0;1.54;1.42;0.87;0.78;2.52;3.45;3.1;9.6;50;50;84;83;43;33;14;12;5;6;14;18;2;2;0;0;1;1;3;8;1.12;0.71;0.91;1.15;0;0.96
2025-05-12;Venezia;Fiorentina;ITALY 1;2024/2025;2;1;0;0;1.03;1.82;1.21;1.12;3.1;2.64;3.3;8.8;34;66;58;116;25;55;9;17;4;5;21;17;1;4;0;0;1;0;1;5;1.0;1.29;0.74;1.69;0;0.96
2025-05-12;Santos;Ceara;BRAZIL 1;2025;0;0;0;0;1.4;1.4;1.73;1.12;2.0;4.9;3.3;14.0;67;33;117;79;61;21;14;13;1;6;11;21;1;2;0;0;5;3;9;6;1.33;0.33;0.57;1.57;1;0.96
2025-05-13;Sevilla;Las Palmas;SPAIN 1;2024/2025;1;0;0;0;1.17;1.32;1.39;0.9;1.73;6.0;3.9;18.0;46;54;104;98;44;30;10;14;3;3;22;15;6;6;0;0;1;1;4;2;1.24;0.88;1.09;0.91;1;0.96
2025-05-13;Valladolid;Girona;SPAIN 1;2024/2025;0;1;0;0;1.24;1.38;0.94;1.04;5.0;1.8;4.0;9.4;47;53;75;111;36;27;11;13;4;5;5;19;0;0;0;0;1;1;6;4;0.76;0.82;0.46;1.09;0;-8.4
2026-01-25;Real Sociedad;Celta Vigo;SPAIN 1;2025/2026;3;1;1;0;1.14;1.97;1.57;1.12;2.42;3.35;3.45;12.5;36;64;69;125;31;86;10;17;4;4;7;13;1;1;1;0;2;2;2;9;1.4;2.0;1.2;1.6;0;-11.5
2025-05-14;Villarreal;Leganes;SPAIN 1;2024/2025;3;0;3;0;1.77;2.44;1.61;0.92;1.38;9.8;5.6;36.0;38;62;51;147;30;79;17;23;7;6;5;11;1;1;0;0;2;0;3;6;1.65;0.71;1.74;0.97;1;0.96
2025-08-30;Real Madrid;Mallorca;SPAIN 1;2025/2026;2;1;2;1;2.23;1.09;2.14;0.0;1.41;8.6;5.4;30.0;58;42;117;70;93;23;17;9;7;5;12;7;2;0;0;0;3;1;4;5;3.0;0.0;3.0;0.5;0;0.96
2026-01-03;Espanyol;Barcelona;SPAIN 1;2025/2026;0;2;0;0;1.58;1.75;1.48;2.19;8.6;1.39;5.9;14.5;31;69;66;106;29;53;14;15;7;6;10;14;1;0;0;0;4;2;5;7;2.11;2.11;1.94;2.56;0;0.96
2026-05-12;Osasuna;Atl. Madrid;SPAIN 1;2025/2026;0;0;0;0;0.0;0.0;1.59;1.31;4.0;2.12;3.45;8.8;-1;-1;0;0;0;0;-1;-1;-1;-1;-1;-1;-1;-1;-1;-1;-1;-1;-1;-1;2.0;1.21;1.28;1.97;1;0.96
2026-05-02;Rio Ave;Gil Vicente;PORTUGAL 1;2025/2026;0;0;0;0;0.0;0.0;1.19;1.44;2.86;2.7;3.45;12.5;-1;-1;0;0;0;0;-1;-1;-1;-1;-1;-1;-1;-1;-1;-1;-1;-1;-1;-1;1.0;1.29;1.11;1.56;1;0.96
2026-02-23;Famalicao;Casa Pia;PORTUGAL 1;2025/2026;2;0;1;0;2.41;0.8;1.53;1.02;2.04;4.1;3.7;15.5;62;38;107;61;57;39;24;7;7;1;17;16;3;2;0;0;1;2;7;7;1.55;1.0;1.45;1.0;1;0.96
2026-04-18;Chelsea;Manchester Utd;ENGLAND 1;2025/2026;0;0;0;0;0.0;0.0;1.72;1.57;1.48;7.2;5.2;32.0;-1;-1;0;0;0;0;-1;-1;-1;-1;-1;-1;-1;-1;-1;-1;-1;-1;-1;-1;1.53;1.38;1.55;1.77;1;0.96
2025-11-01;RB Leipzig;Stuttgart;GERMANY 1;2025/2026;3;1;1;0;1.88;1.58;1.67;1.92;1.95;3.7;4.5;36.0;42;58;76;106;33;57;16;14;9;4;8;10;0;2;0;0;0;7;5;5;3.0;1.5;2.38;2.25;0;0.96
2025-05-17;St. Pauli;Bochum;GERMANY 1;2024/2025;0;2;0;1;1.18;1.18;1.22;1.16;1.66;5.5;4.4;25.0;58;42;99;78;56;25;10;9;2;6;0;1;0;0;0;0;1;4;7;4;0.88;0.44;0.97;0.61;0;0.96
2025-12-21;Genoa;Atalanta;ITALY 1;2025/2026;0;1;0;0;0.82;1.96;1.35;1.29;5.0;1.81;3.95;9.8;29;71;70;121;31;93;6;16;3;4;11;19;1;2;1;0;1;0;6;10;0.75;0.86;0.93;1.27;0;0.96
2025-10-18;Mainz;Bayer Leverkusen;GERMANY 1;2025/2026;3;4;1;3;1.3;2.13;1.47;1.02;2.52;2.78;4.0;21.0;42;58;142;131;34;41;12;20;4;8;19;11;4;4;0;0;2;0;2;3;0.0;2.0;0.67;1.83;0;0.96
2025-09-20;Hoffenheim;Bayern Munich;GERMANY 1;2025/2026;1;4;0;1;1.37;2.15;1.91;2.4;5.5;1.59;5.2;19.5;38;62;75;117;37;43;13;18;4;10;17;9;1;2;0;0;2;1;5;5;0.0;3.0;2.0;3.0;0;0.96
2025-10-19;Freiburg;Eintracht Frankfurt;GERMANY 1;2025/2026;2;2;1;2;1.51;0.86;1.39;1.65;2.4;3.1;3.75;16.5;51;49;99;83;55;19;12;8;5;3;6;15;2;3;0;0;4;0;3;1;1.33;2.0;1.33;1.5;0;0.96
2025-10-18;Heidenheim;Werder Bremen;GERMANY 1;2025/2026;2;2;0;0;3.31;1.21;0.91;1.22;2.5;2.8;4.0;20.0;55;45;128;93;83;32;31;11;11;4;9;11;1;3;0;0;2;0;12;2;1.0;1.0;0.5;1.17;0;0.96
2026-05-02;Sporting CP;Vitoria Guimaraes;PORTUGAL 1;2025/2026;0;0;0;0;0.0;0.0;2.24;1.41;1.28;14.0;6.6;44.0;-1;-1;0;0;0;0;-1;-1;-1;-1;-1;-1;-1;-1;-1;-1;-1;-1;-1;-1;2.58;0.77;2.5;1.19;1;0.96
2025-05-17;SC Farense;Santa Clara;PORTUGAL 1;2024/2025;1;2;1;1;1.2;1.71;1.34;0.95;2.88;2.76;3.2;11.0;57;43;107;92;50;38;11;16;2;6;13;20;2;5;0;0;1;1;3;6;0.69;1.38;0.82;1.64;0;0.96
2025-09-13;FC Porto;Nacional;PORTUGAL 1;2025/2026;1;0;1;0;1.56;0.61;2.12;1.24;1.31;11.0;6.4;38.0;69;31;140;83;69;21;11;6;5;1;6;14;2;4;0;0;3;1;5;5;3.0;2.0;3.0;1.0;1;0.96
2025-05-17;Arouca;Boavista;PORTUGAL 1;2024/2025;4;1;3;1;1.67;1.91;1.18;0.85;2.12;3.75;3.65;16.0;58;42;70;83;24;34;16;22;7;4;16;16;1;2;0;0;4;1;2;11;1.13;1.13;1.06;0.73;0;0.96
2025-05-17;Lille;Reims;FRANCE 1;2024/2025;2;1;1;0;2.26;0.52;1.47;1.1;1.39;10.0;5.3;32.0;78;22;130;57;90;17;20;4;5;2;11;7;0;1;0;0;1;3;10;3;2.13;1.06;1.73;1.0;0;0.96
2026-02-21;Lens;Monaco;FRANCE 1;2025/2026;2;3;1;0;2.01;1.27;1.63;1.34;3.2;2.24;3.95;16.0;52;48;96;72;53;40;18;10;7;5;13;12;2;1;0;0;1;0;7;2;2.73;0.9;2.36;1.41;0;0.96
2025-09-14;Strasbourg;Le Havre;FRANCE 1;2025/2026;1;0;0;0;1.41;1.08;1.65;1.0;1.5;6.6;5.3;32.0;49;51;85;101;48;52;9;10;7;1;8;16;1;2;1;0;1;1;4;3;3.0;0.0;2.0;1.0;1;0.96
2026-01-15;Augsburg;Union Berlin;GERMANY 1;2025/2026;1;1;1;0;1.16;1.51;1.43;1.3;2.16;3.7;3.65;17.5;48;52;107;98;32;40;9;16;5;3;9;18;1;0;0;1;1;0;3;3;1.25;1.29;0.88;1.38;0;0.96
2025-09-27;PSG;Auxerre;FRANCE 1;2025/2026;2;0;1;0;1.85;1.2;2.13;1.56;1.16;21.0;10.5;100.0;66;34;106;88;47;32;15;12;8;3;17;10;1;2;0;0;1;4;5;5;3.0;0.0;2.4;1.2;1;0.96
2026-02-01;Nice;Brest;FRANCE 1;2025/2026;2;2;0;2;1.58;1.0;1.43;1.07;1.53;6.8;4.9;29.0;60;40;49;30;21;15;15;12;7;2;15;21;5;3;0;0;1;0;6;5;1.56;0.78;1.11;1.16;0;0.96
2025-05-17;Nantes;Montpellier;FRANCE 1;2024/2025;3;0;2;0;1.85;0.96;1.24;1.01;1.57;7.2;4.3;22.0;44;56;88;115;31;43;18;10;7;0;14;9;3;1;0;0;-1;-1;7;2;1.13;0.19;1.0;0.48;1;0.96
2025-05-17;Vasco;Fortaleza;BRAZIL 1;2025;3;0;1;0;1.64;1.22;1.15;1.11;2.64;3.35;3.05;9.8;50;50;86;88;37;52;14;10;7;3;12;11;2;1;1;1;3;1;4;7;1.75;0.75;0.88;1.25;1;0.96
2025-05-18;Everton;Southampton;ENGLAND 1;2024/2025;2;0;2;0;1.52;0.8;1.24;0.99;1.44;9.2;5.0;26.0;50;50;100;98;48;37;13;6;5;2;6;10;1;1;0;0;2;1;4;5;1.17;0.33;1.17;0.33;1;0.96
2026-04-18;Brentford;Fulham;ENGLAND 1;2025/2026;0;0;0;0;0.0;0.0;1.34;1.24;2.06;3.8;3.9;19.5;-1;-1;0;0;0;0;-1;-1;-1;-1;-1;-1;-1;-1;-1;-1;-1;-1;-1;-1;1.73;1.0;1.48;1.42;1;0.96
2025-05-18;Juventude;Fluminense;BRAZIL 1;2025;1;1;0;0;0.88;1.84;1.62;0.99;3.95;2.18;3.4;7.4;33;67;70;111;33;38;9;17;1;7;18;13;4;3;0;0;-1;-1;5;5;1.75;0.75;0.88;1.63;0;0.96
2026-08-28;Corinthians;Santos;BRAZIL 1;2026;0;0;0;0;0.0;0.0;1.28;1.36;1.91;5.1;3.5;14.5;-1;-1;0;0;0;0;-1;-1;-1;-1;-1;-1;-1;-1;-1;-1;-1;-1;-1;-1;1.0;0.5;1.25;0.88;1;0.96
2026-03-11;Bahia;Vitoria;BRAZIL 1;2026;0;0;0;0;0.0;0.0;1.84;1.08;1.78;5.6;3.7;15.5;-1;-1;0;0;0;0;-1;-1;-1;-1;-1;-1;-1;-1;-1;-1;-1;-1;-1;-1;1.0;0.0;2.33;1.0;1;0.96
2025-05-18;Cagliari;Venezia;ITALY 1;2024/2025;3;0;2;0;1.77;1.0;1.25;0.92;2.72;3.2;3.05;10.5;43;57;75;122;31;39;19;10;5;1;7;9;1;1;0;0;2;1;8;8;1.06;0.5;0.92;0.81;1;0.96
2025-10-26;Fiorentina;Bologna;ITALY 1;2025/2026;2;2;0;1;1.89;0.76;1.22;1.08;2.98;2.78;3.2;9.4;50;50;71;77;29;22;19;6;7;3;13;20;3;4;0;1;5;3;5;6;0.0;1.0;0.43;1.86;0;0.96
2026-05-16;Sevilla;Real Madrid;SPAIN 1;2025/2026;0;0;0;0;0.0;0.0;1.33;1.96;3.45;2.18;3.85;14.5;-1;-1;0;0;0;0;-1;-1;-1;-1;-1;-1;-1;-1;-1;-1;-1;-1;-1;-1;1.07;2.14;1.07;2.38;1;0.96
2025-12-12;Real Sociedad;Girona;SPAIN 1;2025/2026;1;2;1;0;1.5;1.68;1.57;1.1;2.12;4.2;3.4;14.0;47;53;177;173;87;79;9;14;4;3;20;5;1;2;0;0;2;4;4;3;1.43;0.43;1.07;0.8;0;0.96
2026-05-16;Osasuna;Espanyol;SPAIN 1;2025/2026;0;0;0;0;0.0;0.0;1.59;1.32;1.96;4.8;3.5;14.5;-1;-1;0;0;0;0;-1;-1;-1;-1;-1;-1;-1;-1;-1;-1;-1;-1;-1;-1;2.0;1.14;1.28;1.28;1;0.96
2025-11-09;Mallorca;Getafe;SPAIN 1;2025/2026;1;0;1;0;0.96;1.63;1.21;0.97;2.44;3.75;3.0;8.8;39;61;74;125;41;73;6;14;4;3;15;8;0;2;0;0;0;1;1;14;1.2;1.5;0.82;1.55;1;0.96
2025-05-18;Las Palmas;Leganes;SPAIN 1;2024/2025;0;1;0;1;0.0;0.0;1.3;1.01;3.2;2.5;3.4;10.5;71;29;0;0;0;0;9;8;3;4;15;12;2;2;0;0;0;3;9;2;0.94;0.67;0.89;0.94;0;-9.5
2026-01-18;Celta Vigo;Rayo Vallecano;SPAIN 1;2025/2026;3;0;1;0;1.42;1.44;1.32;1.31;1.91;4.5;3.85;16.5;49;51;81;95;32;48;11;14;7;3;7;14;3;2;0;1;4;1;5;7;1.1;1.0;1.53;1.16;1;0.96
2026-02-28;Barcelona;Villarreal;SPAIN 1;2025/2026;4;1;2;0;2.36;0.7;2.29;1.11;1.91;3.95;4.3;36.0;74;26;166;48;82;35;19;6;8;1;11;9;2;1;0;0;3;5;3;2;3.0;1.67;2.44;2.04;0;0.96
2025-10-29;Juventus;Udinese;ITALY 1;2025/2026;3;1;1;1;2.75;0.85;2.02;1.21;1.42;10.0;5.0;28.0;57;43;80;73;58;28;25;8;11;2;12;13;1;4;0;0;2;0;8;4;2.0;1.75;1.5;1.5;0;0.96
2026-04-17;Internacional;Mirassol;BRAZIL 1;2026;0;0;0;0;0.0;0.0;1.91;1.32;1.6;7.0;4.2;21.0;-1;-1;0;0;0;0;-1;-1;-1;-1;-1;-1;-1;-1;-1;-1;-1;-1;-1;-1;0.75;0.33;1.0;0.86;1;0.96
2025-11-30;Lecce;Torino;ITALY 1;2025/2026;2;1;2;0;0.98;1.62;1.17;1.23;2.0;4.7;3.4;13.0;48;52;92;93;27;35;10;15;2;6;16;22;2;3;0;0;1;2;6;6;0.5;1.0;0.83;1.17;0;0.96
2025-05-18;Monza;Empoli;ITALY 1;2024/2025;1;3;1;0;1.3;1.15;1.06;1.0;5.1;1.88;3.6;7.2;68;32;107;92;44;41;11;9;4;4;8;16;0;1;0;0;3;1;2;6;0.44;0.83;0.5;0.78;0;0.96
2026-04-12;Parma;Napoli;ITALY 1;2025/2026;0;0;0;0;0.0;0.0;1.31;1.43;7.2;1.57;4.4;8.0;-1;-1;0;0;0;0;-1;-1;-1;-1;-1;-1;-1;-1;-1;-1;-1;-1;-1;-1;0.93;1.75;1.13;2.07;1;0.96
2025-11-02;Manchester City;Bournemouth;ENGLAND 1;2025/2026;3;1;2;1;1.93;1.22;1.86;1.46;1.39;9.0;5.7;40.0;48;52;101;109;59;49;15;8;8;5;8;11;2;2;0;0;0;3;9;4;2.25;1.25;1.78;2.0;0;0.96
2023-09-03;Metz;Reims;FRANCE 1;2023/2024;2;2;1;1;1.17;1.31;1.32;1.42;2.28;3.55;3.5;13.0;36;64;60;135;35;63;13;13;5;3;11;17;0;4;0;0;1;2;4;1;1.0;1.5;1.33;2.0;0;0.96
2025-08-30;Napoli;Cagliari;ITALY 1;2025/2026;1;0;0;0;2.21;0.83;0.0;0.0;1.21;20.0;7.6;60.0;67;33;138;56;72;17;20;10;6;1;16;12;2;1;0;0;3;1;13;0;0.0;0.0;3.0;1.0;1;0.96
2025-09-20;Bologna;Genoa;ITALY 1;2025/2026;2;1;0;0;1.64;0.85;1.38;1.44;1.63;6.0;4.3;21.0;59;41;133;68;45;16;14;7;6;4;12;15;1;5;0;0;4;1;8;2;3.0;1.0;1.0;0.67;0;0.96
2025-05-24;AC Milan;Monza;ITALY 1;2024/2025;2;0;0;0;1.94;0.61;1.52;0.82;1.28;12.0;7.2;60.0;55;45;106;50;44;30;19;4;6;2;8;9;0;1;0;0;0;6;4;6;1.72;0.56;1.62;0.49;1;0.96
2026-02-01;Getafe;Celta Vigo;SPAIN 1;2025/2026;0;0;0;0;0.9;0.59;1.15;1.21;4.6;1.93;3.7;8.2;39;61;83;97;25;26;9;5;2;1;16;14;1;2;0;0;5;4;5;3;1.1;1.8;1.05;1.52;1;0.96
2026-01-11;Rayo Vallecano;Mallorca;SPAIN 1;2025/2026;2;1;2;1;1.47;0.98;1.76;1.2;1.55;7.8;4.4;21.0;53;47;101;88;32;36;14;9;5;2;14;14;1;5;1;0;2;1;6;5;1.13;0.56;1.06;1.0;0;0.96
2025-05-24;Espanyol;Las Palmas;SPAIN 1;2024/2025;2;0;0;0;0.86;0.99;1.03;0.93;1.37;10.5;5.5;32.0;44;56;88;90;36;36;6;7;3;4;12;11;3;2;0;0;1;2;3;6;1.5;0.83;1.05;0.86;1;0.96
2025-05-24;Leganes;Valladolid;SPAIN 1;2024/2025;3;0;3;0;1.64;0.61;0.91;0.94;1.36;11.0;5.6;34.0;55;45;110;80;54;20;13;5;6;2;11;16;0;1;0;0;2;0;3;4;1.22;0.17;1.0;0.43;1;0.96
2026-02-14;Real Madrid;Real Sociedad;SPAIN 1;2025/2026;4;1;3;1;1.35;1.37;2.36;1.51;1.45;7.6;5.5;40.0;52;48;82;97;42;46;11;13;5;3;10;9;1;1;0;0;5;1;4;6;2.73;1.0;2.48;1.35;0;0.96
2026-09-04;Fluminense;Vasco;BRAZIL 1;2026;0;0;0;0;0.0;0.0;1.65;1.43;1.79;5.4;3.8;14.0;-1;-1;0;0;0;0;-1;-1;-1;-1;-1;-1;-1;-1;-1;-1;-1;-1;-1;-1;3.0;0.33;2.0;1.38;1;0.96
2026-05-12;Villarreal;Sevilla;SPAIN 1;2025/2026;0;0;0;0;0.0;0.0;1.68;1.28;1.56;6.0;5.0;30.0;-1;-1;0;0;0;0;-1;-1;-1;-1;-1;-1;-1;-1;-1;-1;-1;-1;-1;-1;2.47;1.07;2.0;1.07;1;0.96
2025-05-25;Southampton;Arsenal;ENGLAND 1;2024/2025;1;2;0;1;0.65;2.11;0.98;1.4;13.0;1.27;6.8;13.0;38;62;76;118;34;101;4;13;2;8;7;8;0;0;0;0;1;1;5;8;0.33;1.78;0.32;1.92;0;0.96
2026-01-25;Atalanta;Parma;ITALY 1;2025/2026;4;0;2;0;2.29;1.42;1.76;1.15;1.72;5.5;4.1;25.0;48;52;83;96;47;46;21;15;9;2;14;8;1;0;0;0;2;0;6;9;1.73;1.3;1.52;1.1;1;0.96
2025-11-23;Lazio;Lecce;ITALY 1;2025/2026;2;0;1;0;2.31;0.64;1.3;1.12;1.46;9.2;4.8;34.0;67;33;121;95;67;33;19;5;9;1;8;13;1;1;0;0;0;2;8;2;2.0;1.4;1.36;0.91;1;-33.0
2026-03-02;Udinese;Fiorentina;ITALY 1;2025/2026;3;0;1;0;1.32;0.94;1.38;1.15;3.6;2.18;3.7;10.0;35;65;83;102;27;42;10;10;7;0;16;12;1;4;0;0;-1;-1;5;2;1.23;0.85;1.23;0.92;1;0.96
2025-12-21;Girona;Atl. Madrid;SPAIN 1;2025/2026;0;3;0;2;1.02;1.73;1.19;1.29;3.4;2.28;3.65;13.5;51;49;103;87;41;60;9;14;2;6;7;14;2;0;0;0;4;3;3;4;1.13;1.13;0.94;2.0;0;0.96
2025-05-25;Venezia;Juventus;ITALY 1;2024/2025;2;3;1;2;1.23;1.38;1.2;1.22;6.0;1.61;4.6;10.5;43;57;91;78;51;55;8;10;5;5;10;18;1;2;0;0;0;3;6;6;1.11;1.5;0.78;1.81;0;0.96
2026-03-15;Manchester Utd;Aston Villa;ENGLAND 1;2025/2026;3;1;0;0;1.74;1.08;1.99;1.35;4.7;1.79;4.3;12.0;53;47;106;74;43;52;16;9;6;2;10;5;3;2;0;0;1;1;6;6;2.14;1.57;1.76;1.76;0;0.96
2025-05-25;Bournemouth;Leicester;ENGLAND 1;2024/2025;2;0;0;0;1.89;0.37;1.62;0.92;1.34;10.0;6.2;46.0;63;37;100;78;72;23;14;3;7;0;19;16;0;2;0;0;2;2;6;1;1.39;0.56;1.43;0.68;1;0.96
2025-12-02;Fulham;Manchester City;ENGLAND 1;2025/2026;4;5;1;3;1.59;1.25;1.5;1.46;5.7;1.64;4.6;12.0;57;43;118;85;56;38;12;11;6;4;9;7;0;1;0;0;4;1;7;2;2.17;1.17;1.31;1.92;0;0.96
2026-04-25;Liverpool;Crystal Palace;ENGLAND 1;2025/2026;0;0;0;0;0.0;0.0;1.96;1.15;1.43;6.8;6.2;46.0;-1;-1;0;0;0;0;-1;-1;-1;-1;-1;-1;-1;-1;-1;-1;-1;-1;-1;-1;1.87;1.53;1.58;1.3;1;0.96
2026-11-27;Vitoria;Santos;BRAZIL 1;2026;0;0;0;0;0.0;0.0;1.44;1.36;2.22;4.0;3.25;11.0;-1;-1;0;0;0;0;-1;-1;-1;-1;-1;-1;-1;-1;-1;-1;-1;-1;-1;-1;2.25;0.5;1.43;0.88;1;-10.0
2025-05-25;Fortaleza;Cruzeiro;BRAZIL 1;2025;0;2;0;2;0.75;1.81;1.4;1.25;2.48;3.5;3.15;10.5;49;51;101;86;4;25;10;17;1;8;14;10;3;1;1;0;0;2;6;8;1.75;1.0;1.11;1.89;0;0.96
2024-03-17;Reims;Metz;FRANCE 1;2023/2024;2;1;1;1;1.9;1.24;1.48;1.01;2.5;3.3;3.3;11.5;66;34;104;56;63;36;18;13;8;5;18;12;4;4;0;0;1;1;7;7;1.42;1.08;1.4;0.92;0;0.96
2026-05-01;Internacional;Fluminense;BRAZIL 1;2026;0;0;0;0;0.0;0.0;1.91;1.67;2.22;4.1;3.2;11.5;-1;-1;0;0;0;0;-1;-1;-1;-1;-1;-1;-1;-1;-1;-1;-1;-1;-1;-1;0.75;1.0;1.0;2.0;1;0.96
2026-11-17;Cruzeiro;Palmeiras;BRAZIL 1;2026;0;0;0;0;0.0;0.0;1.44;1.11;3.45;2.56;3.05;7.8;-1;-1;0;0;0;0;-1;-1;-1;-1;-1;-1;-1;-1;-1;-1;-1;-1;-1;-1;0.75;1.75;0.5;2.38;1;0.96
2026-10-16;Corinthians;Vitoria;BRAZIL 1;2026;0;0;0;0;0.0;0.0;1.28;0.85;1.69;7.2;3.6;16.5;-1;-1;0;0;0;0;-1;-1;-1;-1;-1;-1;-1;-1;-1;-1;-1;-1;-1;-1;1.0;0.33;1.25;1.43;1;0.96
2025-06-12;Fortaleza;Santos;BRAZIL 1;2025;2;3;0;2;3.12;0.8;1.27;1.02;2.32;3.75;3.25;11.0;57;43;99;52;58;11;32;8;10;3;16;17;5;2;0;0;5;2;15;0;1.4;0.5;0.91;0.73;0;0.96
2026-09-18;Vitoria;Cruzeiro;BRAZIL 1;2026;0;0;0;0;0.0;0.0;1.44;1.26;3.7;2.38;3.2;7.4;-1;-1;0;0;0;0;-1;-1;-1;-1;-1;-1;-1;-1;-1;-1;-1;-1;-1;-1;2.25;0.25;1.43;0.5;1;0.96
2026-11-20;Internacional;Vitoria;BRAZIL 1;2026;0;0;0;0;0.0;0.0;1.91;0.85;1.73;6.0;3.8;16.5;-1;-1;0;0;0;0;-1;-1;-1;-1;-1;-1;-1;-1;-1;-1;-1;-1;-1;-1;0.75;0.33;1.0;1.43;1;0.96
2025-07-13;Fortaleza;Ceara;BRAZIL 1;2025;0;1;0;0;1.16;1.29;1.58;1.11;2.46;3.55;3.1;9.6;60;40;91;91;47;27;13;14;0;3;12;13;2;4;0;0;5;4;3;5;1.17;0.4;0.83;1.36;0;-8.6
2026-03-15;Palmeiras;Mirassol;BRAZIL 1;2026;0;0;0;0;0.0;0.0;1.77;1.01;1.44;10.5;4.7;25.0;-1;-1;0;0;0;0;-1;-1;-1;-1;-1;-1;-1;-1;-1;-1;-1;-1;-1;-1;3.0;1.0;2.0;1.5;1;0.96
2025-07-16;Ceara;Corinthians;BRAZIL 1;2025;0;1;0;0;1.48;0.66;1.24;0.96;2.62;3.45;2.98;8.6;45;55;96;86;46;27;16;5;2;2;16;12;3;2;0;0;2;2;7;3;2.17;0.5;1.5;1.23;0;-7.6
2026-11-27;Fluminense;Cruzeiro;BRAZIL 1;2026;0;0;0;0;0.0;0.0;1.65;1.26;2.38;3.75;3.1;9.2;-1;-1;0;0;0;0;-1;-1;-1;-1;-1;-1;-1;-1;-1;-1;-1;-1;-1;-1;3.0;0.25;2.0;0.5;1;0.96
2025-07-19;Fortaleza;Bahia;BRAZIL 1;2025;1;1;1;0;1.36;1.69;1.52;1.24;2.78;2.94;3.3;10.0;36;64;87;84;37;47;15;17;2;4;16;6;4;2;0;0;3;2;9;3;1.0;1.17;0.77;1.85;0;0.96
2026-03-10;Mirassol;Santos;BRAZIL 1;2026;0;0;0;0;0.0;0.0;1.87;1.71;2.6;3.2;3.25;9.8;-1;-1;0;0;0;0;-1;-1;-1;-1;-1;-1;-1;-1;-1;-1;-1;-1;-1;-1;2.0;0.0;1.67;1.0;1;0.96
2025-07-20;Internacional;Ceara;BRAZIL 1;2025;1;0;1;0;1.28;1.01;1.93;1.14;1.72;6.0;3.95;16.0;46;54;100;94;50;40;10;9;4;2;14;6;1;2;0;0;4;5;7;5;1.67;0.83;1.08;1.38;1;0.96
2025-07-20;Cruzeiro;Juventude;BRAZIL 1;2025;4;0;1;0;1.79;0.63;1.59;0.69;1.33;13.0;5.6;36.0;48;52;88;74;40;23;16;6;7;1;15;10;1;2;0;0;1;0;8;3;2.71;0.0;2.14;0.92;1;0.96
2026-08-14;Fluminense;Palmeiras;BRAZIL 1;2026;0;0;0;0;0.0;0.0;1.65;1.11;3.1;2.82;3.05;7.4;-1;-1;0;0;0;0;-1;-1;-1;-1;-1;-1;-1;-1;-1;-1;-1;-1;-1;-1;3.0;1.75;2.0;2.38;1;0.96
2025-07-23;Ceara;Mirassol;BRAZIL 1;2025;0;2;0;2;2.55;0.63;1.28;1.17;2.1;4.3;3.3;11.5;56;44;127;66;84;22;22;4;8;3;13;10;3;3;0;0;1;1;14;6;1.86;1.0;1.29;1.62;0;0.96
2026-08-14;Corinthians;Cruzeiro;BRAZIL 1;2026;0;0;0;0;0.0;0.0;1.28;1.26;2.9;3.05;2.98;8.4;-1;-1;0;0;0;0;-1;-1;-1;-1;-1;-1;-1;-1;-1;-1;-1;-1;-1;-1;1.0;0.25;1.25;0.5;1;0.96
2026-03-18;Santos;Internacional;BRAZIL 1;2026;0;0;0;0;0.0;0.0;1.12;1.66;2.56;3.3;3.2;9.8;-1;-1;0;0;0;0;-1;-1;-1;-1;-1;-1;-1;-1;-1;-1;-1;-1;-1;-1;1.67;0.67;1.0;0.33;1;0.96
2026-09-11;Mirassol;Vitoria;BRAZIL 1;2026;0;0;0;0;0.0;0.0;2.06;0.85;1.81;6.0;3.5;15.0;-1;-1;0;0;0;0;-1;-1;-1;-1;-1;-1;-1;-1;-1;-1;-1;-1;-1;-1;1.25;0.33;0.86;1.43;1;0.96
2025-07-27;Cruzeiro;Ceara;BRAZIL 1;2025;1;2;1;1;1.76;0.91;1.61;1.12;1.5;9.4;4.4;21.0;64;36;107;77;65;17;16;9;4;3;8;11;0;1;0;0;0;4;10;3;2.75;0.71;2.13;1.2;0;0.96
2026-05-15;Internacional;Vasco;BRAZIL 1;2026;0;0;0;0;0.0;0.0;1.91;1.43;1.63;6.8;4.0;19.0;-1;-1;0;0;0;0;-1;-1;-1;-1;-1;-1;-1;-1;-1;-1;-1;-1;-1;-1;0.75;0.33;1.0;1.38;1;0.96
2025-07-27;Bahia;Juventude;BRAZIL 1;2025;3;0;1;0;2.02;0.33;1.39;0.68;1.33;12.5;5.7;38.0;66;34;104;70;53;18;17;3;8;0;18;15;1;2;0;1;1;1;2;1;2.43;0.0;1.79;0.79;1;0.96
2026-01-29;Mirassol;Vasco;BRAZIL 1;2026;2;1;1;1;1.24;1.28;0.0;0.0;1.96;5.1;3.4;14.5;47;53;82;100;19;14;13;13;4;5;16;10;1;1;0;0;1;2;5;5;0.0;0.0;0.0;0.0;0;0.96
2026-07-28;Vitoria;Palmeiras;BRAZIL 1;2026;0;0;0;0;0.0;0.0;1.44;1.11;4.9;1.98;3.35;6.8;-1;-1;0;0;0;0;-1;-1;-1;-1;-1;-1;-1;-1;-1;-1;-1;-1;-1;-1;2.25;1.75;1.43;2.38;1;0.96
2025-08-03;Corinthians;Fortaleza;BRAZIL 1;2025;1;1;0;1;2.05;0.87;1.44;1.16;2.08;4.4;3.3;12.0;68;32;160;78;77;20;18;8;5;3;10;16;0;2;0;0;3;4;5;3;1.75;0.43;1.24;0.88;0;0.96
2025-08-04;Santos;Juventude;BRAZIL 1;2025;3;1;2;1;2.05;2.23;1.64;0.63;1.41;9.8;5.1;29.0;50;50;83;68;41;38;19;20;8;10;18;17;3;3;0;0;0;3;3;8;1.14;0.0;0.94;0.73;0;0.96
2025-08-08;Casa Pia;Sporting CP;PORTUGAL 1;2025/2026;0;2;0;1;0.86;2.95;0.0;0.0;10.0;1.38;5.4;8.0;33;67;53;112;39;58;7;27;2;12;14;11;4;1;0;0;1;1;2;9;0.0;0.0;0.0;0.0;0;0.96
2025-08-09;Nacional;Gil Vicente;PORTUGAL 1;2025/2026;0;2;0;2;1.4;1.0;0.0;0.0;2.62;3.0;3.15;13.0;60;40;93;45;42;14;14;12;3;2;21;16;3;6;0;0;4;1;14;6;0.0;0.0;0.0;0.0;0;0.96
2026-02-05;Bahia;Fluminense;BRAZIL 1;2026;1;1;0;1;1.84;1.46;0.0;0.0;1.67;6.6;3.85;18.0;42;58;110;96;40;49;19;13;5;4;12;13;0;3;1;0;4;0;6;4;0.0;0.0;3.0;3.0;0;0.96
2026-03-22;Cruzeiro;Santos;BRAZIL 1;2026;0;0;0;0;1.03;0.54;1.58;1.63;1.57;7.2;4.2;22.0;61;39;112;80;41;19;8;5;3;1;19;14;0;1;0;0;5;4;6;0;0.67;0.33;0.43;0.86;1;0.96
2025-08-10;Palmeiras;Ceara;BRAZIL 1;2025;2;1;0;0;1.19;0.93;1.57;1.1;1.46;10.0;4.5;24.0;61;39;126;69;44;28;8;7;5;4;8;12;1;3;0;0;5;3;3;3;1.75;1.0;2.06;1.29;0;0.96
2025-08-10;Famalicao;Santa Clara;PORTUGAL 1;2025/2026;3;0;2;0;0.87;0.77;0.0;0.0;2.42;3.7;3.15;9.8;46;54;81;86;37;25;6;7;3;2;20;15;4;2;0;0;-1;-1;2;3;0.0;0.0;0.0;0.0;1;0.96
2025-08-10;Moreirense;Alverca;PORTUGAL 1;2025/2026;2;1;1;1;1.17;0.83;0.0;0.0;2.08;4.4;3.3;13.0;58;42;115;70;43;33;10;7;3;2;15;5;3;1;0;0;1;0;6;2;0.0;0.0;0.0;0.0;0;0.96
2025-08-11;FC Porto;Vitoria Guimaraes;PORTUGAL 1;2025/2026;3;0;2;0;2.03;0.94;0.0;0.0;1.54;7.2;4.5;25.0;50;50;85;71;46;22;17;10;9;2;18;9;1;3;0;0;2;2;7;4;0.0;0.0;0.0;0.0;1;0.96
2025-08-11;Juventude;Corinthians;BRAZIL 1;2025;2;1;1;0;1.12;1.02;1.29;0.97;4.1;2.16;3.3;7.2;37;63;31;61;13;16;12;11;4;3;22;12;6;5;0;1;1;1;3;2;1.38;0.78;0.69;1.22;0;0.96
2025-08-15;Girona;Rayo Vallecano;SPAIN 1;2025/2026;1;3;0;3;0.86;1.7;0.0;0.0;2.36;3.5;3.4;12.0;44;56;98;88;37;48;7;16;2;5;8;17;0;1;1;0;1;1;2;4;0.0;0.0;0.0;0.0;0;0.96
2025-08-15;Villarreal;R. Oviedo;SPAIN 1;2025/2026;2;0;2;0;2.89;0.69;0.0;0.0;1.42;9.4;5.1;27.0;68;32;140;48;86;12;25;5;10;4;10;8;1;1;0;1;0;1;10;1;0.0;0.0;0.0;0.0;1;0.96
2025-08-15;Liverpool;Bournemouth;ENGLAND 1;2025/2026;4;2;1;0;2.31;1.12;0.0;0.0;1.33;9.6;6.6;44.0;61;39;106;83;57;38;19;10;10;3;7;10;1;2;0;0;2;2;6;7;0.0;0.0;0.0;0.0;0;0.96
2025-08-16;Mallorca;Barcelona;SPAIN 1;2025/2026;0;3;0;2;0.5;2.67;0.0;0.0;8.6;1.4;5.6;12.0;29;71;54;126;24;84;4;24;1;8;8;17;3;1;2;0;2;3;3;6;0.0;0.0;0.0;0.0;0;0.96
2025-08-16;Valencia;Real Sociedad;SPAIN 1;2025/2026;1;1;0;0;1.65;1.32;0.0;0.0;2.6;3.35;3.1;9.8;54;46;92;66;53;41;18;13;2;3;5;11;1;2;0;0;1;2;8;7;0.0;0.0;0.0;0.0;0;0.96
2025-08-16;Monaco;Le Havre;FRANCE 1;2025/2026;3;1;1;0;1.56;1.0;0.0;0.0;1.26;14.0;7.2;55.0;74;26;149;65;71;20;13;9;3;4;5;14;0;1;0;0;5;1;5;4;0.0;0.0;0.0;0.0;0;0.96
2025-08-16;Fluminense;Fortaleza;BRAZIL 1;2025;2;1;1;0;1.08;1.39;1.77;1.13;1.8;5.5;3.75;16.0;43;57;67;124;33;37;10;12;3;5;10;18;2;4;0;0;0;1;2;6;2.0;0.5;1.41;0.83;0;0.96
2025-08-16;Nice;Toulouse;FRANCE 1;2025/2026;0;1;0;0;1.36;1.08;0.0;0.0;2.2;3.85;3.4;13.5;57;43;82;82;56;42;13;10;2;2;12;13;2;3;0;0;-1;-1;9;4;0.0;0.0;0.0;0.0;0;-12.5
2025-08-16;Vitoria;Juventude;BRAZIL 1;2025;2;2;1;0;1.73;1.4;1.55;0.83;1.84;5.2;3.65;15.5;51;49;94;83;44;41;18;13;4;4;9;14;1;3;1;1;2;3;4;6;1.44;0.0;0.95;0.82;0;0.96
2026-01-28;Corinthians;Bahia;BRAZIL 1;2026;1;2;1;2;1.5;1.26;0.0;0.0;2.92;2.92;3.1;8.2;59;41;100;87;9;19;17;11;5;6;14;14;3;4;0;1;3;0;4;6;0.0;0.0;0.0;0.0;0;0.96
2025-08-16;Tondela;Famalicao;PORTUGAL 1;2025/2026;0;1;0;0;1.56;1.71;0.0;0.0;3.35;2.44;3.25;9.0;49;51;98;84;46;67;15;14;4;5;17;19;0;1;0;0;2;1;2;7;0.0;0.0;0.0;3.0;0;-8.0
2025-08-17;Sporting CP;Arouca;PORTUGAL 1;2025/2026;6;0;3;0;2.26;0.64;0.0;0.0;1.21;17.5;8.0;60.0;57;43;139;56;49;17;19;7;10;1;7;7;1;0;0;1;2;1;6;1;0.0;0.0;3.0;3.0;1;0.96
2025-08-17;Santa Clara;Moreirense;PORTUGAL 1;2025/2026;0;1;0;1;1.37;0.62;0.0;0.0;2.04;4.9;3.2;11.0;58;42;125;60;54;21;12;5;3;2;20;18;4;5;0;0;2;2;3;0;0.0;0.0;0.0;3.0;0;-10.0
2025-08-17;Rio Ave;Nacional;PORTUGAL 1;2025/2026;1;1;1;0;2.1;1.57;0.0;0.0;2.36;3.45;3.3;14.5;62;38;77;87;29;46;20;13;9;6;16;18;2;3;0;1;-1;-1;6;6;0.0;0.0;0.0;0.0;0;0.96
2025-08-17;Celta Vigo;Getafe;SPAIN 1;2025/2026;0;2;0;0;1.42;1.06;0.0;0.0;1.81;5.9;3.55;15.0;69;31;135;70;69;30;11;10;3;3;15;17;3;2;0;0;2;0;9;3;0.0;0.0;0.0;0.0;0;0.96
2025-08-17;Espanyol;Atl. Madrid;SPAIN 1;2025/2026;2;1;0;1;1.28;1.63;0.0;0.0;6.2;1.67;4.1;7.8;40;60;85;114;49;55;9;15;5;4;14;11;3;3;0;0;0;1;1;3;0.0;0.0;0.0;0.0;0;0.96
2025-08-17;Manchester Utd;Arsenal;ENGLAND 1;2025/2026;0;1;0;1;2.22;1.09;0.0;0.0;4.0;2.0;3.85;9.8;61;39;88;81;48;43;22;9;7;3;10;19;1;4;0;0;1;2;3;4;0.0;0.0;0.0;0.0;0;-8.8
2025-08-17;Chelsea;Crystal Palace;ENGLAND 1;2025/2026;0;0;0;0;1.89;1.13;0.0;0.0;1.62;5.9;4.5;26.0;72;28;116;57;67;21;19;11;3;4;10;12;2;3;0;0;-1;-1;11;2;0.0;0.0;0.0;0.0;1;0.96
2025-08-17;Brest;Lille;FRANCE 1;2025/2026;3;3;1;2;1.74;1.37;0.0;0.0;3.35;2.36;3.55;11.0;46;54;94;99;35;43;18;10;5;6;11;13;2;1;0;0;1;2;2;2;0.0;0.0;0.0;0.0;0;0.96
2025-08-17;Metz;Strasbourg;FRANCE 1;2025/2026;0;1;0;0;0.35;1.24;0.0;0.0;3.6;2.22;3.65;10.5;38;62;62;164;30;50;2;9;0;4;16;13;2;2;0;0;1;1;3;3;0.0;0.0;0.0;0.0;0;-9.5
2025-08-17;Auxerre;Lorient;FRANCE 1;2025/2026;1;0;0;0;0.83;1.38;0.0;0.0;2.5;3.1;3.45;12.5;44;56;91;116;22;38;7;14;3;3;18;14;3;2;0;0;0;2;4;4;0.0;0.0;0.0;0.0;1;0.96
2025-08-17;Nantes;PSG;FRANCE 1;2025/2026;0;1;0;0;0.47;2.31;0.0;0.0;12.5;1.29;6.8;11.0;29;71;48;170;21;123;5;18;0;4;6;6;1;1;0;0;0;1;2;7;0.0;0.0;0.0;0.0;0;-10.0
2026-02-26;Santos;Vasco;BRAZIL 1;2026;2;1;1;1;1.12;1.52;1.11;1.28;1.94;4.5;3.7;15.0;40;60;89;103;45;51;8;16;4;2;14;16;1;1;0;0;2;2;5;2;1.0;0.0;0.33;0.33;0;0.96
2026-02-11;Mirassol;Cruzeiro;BRAZIL 1;2026;2;2;1;1;2.5;1.06;1.24;1.69;3.2;2.54;3.3;9.0;56;44;89;73;66;29;20;9;11;4;12;10;4;2;1;0;2;0;9;0;3.0;0.0;2.0;0.0;0;0.96
2025-08-18;Gil Vicente;FC Porto;PORTUGAL 1;2025/2026;0;2;0;1;1.32;1.56;0.0;0.0;9.2;1.44;5.0;7.2;41;59;77;80;41;46;14;15;2;4;9;20;2;4;0;0;0;1;1;5;0.0;0.0;3.0;3.0;0;0.96
2025-08-19;Real Madrid;Osasuna;SPAIN 1;2025/2026;1;0;0;0;2.14;0.28;0.0;0.0;1.23;16.5;7.6;48.0;71;29;167;61;89;20;18;2;5;0;10;12;1;0;0;1;-1;-1;7;0;0.0;0.0;0.0;0.0;1;0.96
2025-08-20;Juventude;Vasco;BRAZIL 1;2025;2;0;2;0;1.11;1.42;1.27;1.47;3.3;2.44;3.25;1000.0;23;77;60;137;17;53;10;14;5;2;9;11;2;1;0;0;3;0;1;5;1.56;0.78;0.83;1.06;1;0.96
2025-08-22;Bayern Munich;RB Leipzig;GERMANY 1;2025/2026;6;0;3;0;2.26;1.08;0.0;0.0;1.25;12.0;8.0;80.0;63;37;123;55;50;35;19;12;10;1;13;13;4;1;0;0;2;0;5;5;0.0;0.0;0.0;0.0;1;0.96
2025-08-23;Union Berlin;Stuttgart;GERMANY 1;2025/2026;2;1;2;0;0.85;2.2;0.0;0.0;3.65;2.1;3.8;12.5;25;75;74;138;28;63;8;21;2;6;21;13;4;4;0;0;2;1;5;11;0.0;0.0;0.0;0.0;0;0.96
2025-08-23;AC Milan;Cremonese;ITALY 1;2025/2026;1;2;1;1;2.48;0.68;0.0;0.0;1.44;9.0;5.1;28.0;64;36;141;55;76;29;24;4;6;3;10;14;1;4;0;0;1;1;9;2;0.0;0.0;0.0;0.0;0;0.96
2025-08-23;Genoa;Lecce;ITALY 1;2025/2026;0;0;0;0;0.7;0.76;0.0;0.0;1.79;6.0;3.6;15.5;59;41;89;95;32;42;5;7;2;0;16;13;2;3;0;0;0;2;3;7;0.0;0.0;0.0;0.0;1;0.96
2025-08-23;Sassuolo;Napoli;ITALY 1;2025/2026;0;2;0;1;0.77;1.32;0.0;0.0;6.4;1.69;3.95;7.8;38;62;85;103;25;29;7;13;2;4;17;17;2;1;1;0;-1;-1;1;2;0.0;0.0;0.0;0.0;0;0.96
2025-08-23;Mallorca;Celta Vigo;SPAIN 1;2025/2026;1;1;0;1;1.31;0.83;0.5;0.0;3.3;2.56;3.2;8.4;50;50;105;78;37;24;12;8;4;2;12;12;3;3;0;0;1;1;3;4;0.0;0.0;0.0;0.0;0;0.96
2025-08-23;Atl. Madrid;Elche;SPAIN 1;2025/2026;1;1;1;1;1.77;0.66;0.0;0.0;1.28;15.5;6.4;38.0;58;42;130;86;72;18;13;6;6;2;14;7;0;3;0;0;3;0;10;2;0.0;0.0;0.0;1.0;0;0.96
2025-08-23;Levante;Barcelona;SPAIN 1;2025/2026;2;3;2;0;0.94;3.0;0.0;2.67;12.0;1.27;7.2;14.5;18;82;22;136;13;92;8;26;5;10;10;8;3;1;0;0;6;0;0;11;0.0;3.0;0.0;3.0;0;0.96
2025-08-23;Nacional;Sporting CP;PORTUGAL 1;2025/2026;1;4;1;0;0.48;2.71;1.4;2.95;12.0;1.27;7.4;9.8;26;74;60;116;19;73;3;27;2;7;18;7;2;2;1;0;1;1;3;13;0.0;3.0;0.5;3.0;0;0.96
2025-08-23;Benfica;Tondela;PORTUGAL 1;2025/2026;3;0;2;0;2.61;1.08;0.0;0.87;1.16;26.0;9.6;980.0;66;34;103;67;62;32;21;9;12;4;10;12;2;2;0;0;1;1;13;2;0.0;0.0;3.0;0.0;1;0.96
2025-08-23;Arouca;Rio Ave;PORTUGAL 1;2025/2026;3;3;1;0;1.5;1.63;1.05;0.0;2.36;3.45;3.35;13.0;56;44;88;78;27;27;14;15;6;7;13;17;3;2;0;0;-1;-1;4;2;3.0;0.0;1.5;1.0;0;0.96
2025-08-23;Moreirense;Vitoria Guimaraes;PORTUGAL 1;2025/2026;2;0;0;0;1.16;1.36;1.17;0.94;3.2;2.62;3.15;8.6;48;52;72;99;34;52;10;11;4;4;17;17;5;2;0;0;0;2;3;7;3.0;0.0;3.0;1.5;1;0.96
2025-08-23;Brentford;Aston Villa;ENGLAND 1;2025/2026;1;0;1;0;0.97;1.81;0.0;0.0;3.3;2.32;3.7;11.0;24;76;52;110;37;83;9;17;2;2;11;9;1;2;0;0;1;0;2;9;0.0;0.0;0.0;1.0;1;0.96
2025-08-23;Burnley;Sunderland;ENGLAND 1;2025/2026;2;0;0;0;0.89;1.08;0.0;0.0;2.4;3.55;3.25;10.5;42;58;98;127;41;59;7;9;2;1;9;5;0;1;0;0;0;2;4;3;0.0;0.0;0.0;3.0;1;0.96
2025-08-23;Bayer Leverkusen;Hoffenheim;GERMANY 1;2025/2026;1;2;1;1;0.96;1.23;0.0;0.0;1.58;5.9;4.9;30.0;60;40;130;81;49;34;7;10;2;5;9;17;0;4;0;0;1;1;6;4;0.0;0.0;0.0;0.0;0;0.96
2025-08-23;Eintracht Frankfurt;Werder Bremen;GERMANY 1;2025/2026;4;1;2;0;1.95;1.21;0.0;0.0;1.72;5.1;4.4;25.0;53;47;104;90;65;30;18;10;5;5;9;9;1;3;0;0;2;3;7;1;0.0;0.0;0.0;0.0;0;0.96
2025-08-23;Nice;Auxerre;FRANCE 1;2025/2026;3;1;2;1;1.77;1.58;1.36;0.0;1.87;4.6;4.0;17.0;55;45;76;95;48;35;16;12;6;8;10;15;2;2;0;1;1;0;5;4;0.0;0.0;0.0;3.0;0;0.96
2025-08-23;Freiburg;Augsburg;GERMANY 1;2025/2026;1;3;0;3;1.66;1.54;0.0;0.0;1.94;4.5;3.75;15.5;60;40;118;80;50;42;16;14;4;5;14;18;4;5;0;0;4;3;5;5;0.0;0.0;0.0;0.0;0;0.96
2026-12-01;Cruzeiro;Internacional;BRAZIL 1;2026;0;0;0;0;0.0;0.0;1.44;1.69;1.8;5.4;3.65;16.0;-1;-1;0;0;0;0;-1;-1;-1;-1;-1;-1;-1;-1;-1;-1;-1;-1;-1;-1;0.75;1.25;0.5;1.0;1;0.96
2025-08-23;Heidenheim;Wolfsburg;GERMANY 1;2025/2026;1;3;1;1;0.82;1.62;0.0;0.0;3.3;2.32;3.65;12.5;49;51;89;85;31;45;7;15;2;5;12;12;2;3;0;0;2;0;2;5;0.0;0.0;0.0;0.0;0;0.96
2025-08-24;Cagliari;Fiorentina;ITALY 1;2025/2026;1;1;0;0;1.57;0.56;0.0;0.0;3.7;2.32;3.3;8.8;45;55;89;96;36;31;14;4;6;1;18;14;4;2;0;0;1;4;3;2;0.0;0.0;0.0;0.0;0;0.96
2025-08-24;Atalanta;Pisa;ITALY 1;2025/2026;1;1;0;1;2.26;1.05;0.0;0.0;1.48;8.2;4.8;26.0;66;34;129;90;71;28;21;11;6;2;9;10;2;0;0;0;0;2;10;4;0.0;0.0;0.0;0.0;0;0.96
2025-08-24;Juventus;Parma;ITALY 1;2025/2026;2;0;0;0;2.6;0.87;0.0;0.0;1.44;8.4;5.2;29.0;64;36;108;72;65;30;25;8;8;2;9;13;1;2;1;0;-1;-1;6;6;0.0;0.0;0.0;0.0;1;0.96
2025-08-24;Como;Lazio;ITALY 1;2025/2026;2;0;0;0;2.05;0.56;0.0;0.0;2.56;3.15;3.4;12.0;63;37;120;54;60;23;19;5;6;1;15;12;2;3;0;0;0;1;6;0;0.0;0.0;0.0;0.0;1;0.96
2025-08-24;Lorient;Rennes;FRANCE 1;2025/2026;4;0;1;0;2.44;0.5;0.0;0.0;2.88;2.74;3.4;11.0;51;49;118;77;79;22;22;4;7;1;18;7;6;0;0;2;4;2;3;2;0.0;0.0;0.0;3.0;1;0.96
2025-08-24;Toulouse;Brest;FRANCE 1;2025/2026;2;0;0;0;0.87;1.51;0.0;0.0;2.28;3.5;3.55;13.0;47;53;85;103;38;50;6;16;3;2;14;10;0;1;0;0;3;2;3;9;0.0;0.0;3.0;1.0;1;0.96
2025-08-24;Strasbourg;Nantes;FRANCE 1;2025/2026;1;0;0;0;1.65;0.94;0.0;0.0;1.73;5.7;3.9;18.5;49;51;105;76;59;31;15;9;4;2;11;9;2;2;0;0;4;2;7;6;0.0;0.0;3.0;0.0;1;0.96
2025-08-24;Le Havre;Lens;FRANCE 1;2025/2026;1;2;1;2;2.04;0.78;0.0;0.0;5.4;1.79;3.85;9.2;57;43;120;68;67;25;18;6;6;3;17;16;3;1;0;0;2;0;7;0;0.0;0.0;0.0;0.0;0;0.96
2025-08-24;Lille;Monaco;FRANCE 1;2025/2026;1;0;0;0;1.6;0.78;0.0;0.0;3.5;2.22;3.7;13.0;50;50;109;86;54;44;18;6;1;1;7;14;1;2;0;0;2;0;8;3;0.0;0.0;1.0;3.0;1;0.96
2025-08-24;Fulham;Manchester Utd;ENGLAND 1;2025/2026;1;1;0;0;1.55;1.17;0.0;0.0;3.6;2.2;3.65;11.5;52;48;106;87;62;45;13;10;4;3;12;10;1;1;0;0;2;1;9;6;0.0;0.0;1.0;0.0;0;0.96
2026-10-23;Vasco;Corinthians;BRAZIL 1;2026;0;0;0;0;0.0;0.0;2.14;0.87;2.22;4.0;3.3;11.0;-1;-1;0;0;0;0;-1;-1;-1;-1;-1;-1;-1;-1;-1;-1;-1;-1;-1;-1;2.0;1.5;1.38;1.25;1;0.96
2026-04-24;Bahia;Santos;BRAZIL 1;2026;0;0;0;0;0.0;0.0;1.76;1.36;1.71;5.9;4.0;18.5;-1;-1;0;0;0;0;-1;-1;-1;-1;-1;-1;-1;-1;-1;-1;-1;-1;-1;-1;1.67;0.5;2.0;0.88;1;0.96
2025-08-24;Fortaleza;Mirassol;BRAZIL 1;2025;0;1;0;1;1.83;0.96;1.5;1.17;2.58;3.2;3.3;11.0;49;51;115;90;72;31;14;7;6;4;15;13;4;2;0;0;2;1;11;3;1.1;1.11;0.79;1.61;0;-10.0
2025-08-24;Osasuna;Valencia;SPAIN 1;2025/2026;1;0;1;0;1.71;0.57;0.0;0.0;2.54;3.3;3.25;10.5;56;44;99;79;59;32;16;4;4;1;14;13;2;1;0;1;2;1;3;4;0.0;0.0;0.0;1.0;1;0.96
2025-08-24;Villarreal;Girona;SPAIN 1;2025/2026;5;0;4;0;2.07;0.72;2.89;0.0;1.57;6.6;4.6;25.0;53;47;95;96;53;35;19;5;7;2;8;9;1;2;0;0;3;0;8;1;3.0;0.0;3.0;0.0;1;0.96
2025-08-24;Real Sociedad;Espanyol;SPAIN 1;2025/2026;2;2;0;2;1.77;1.38;0.0;0.0;1.83;5.4;3.65;15.5;62;38;101;89;45;40;15;14;7;3;16;18;2;2;0;0;1;1;5;2;0.0;0.0;1.0;3.0;0;0.96
2025-08-24;R. Oviedo;Real Madrid;SPAIN 1;2025/2026;0;3;0;1;0.79;3.0;0.0;0.0;11.5;1.35;5.8;8.2;35;65;57;158;27;91;6;26;3;10;8;7;2;1;0;0;2;2;1;9;0.0;0.0;0.0;3.0;0;0.96
2025-08-24;Famalicao;Gil Vicente;PORTUGAL 1;2025/2026;0;0;0;0;1.15;2.15;0.87;1.0;1.85;5.7;3.4;14.0;45;55;73;88;34;46;11;20;3;8;17;18;3;1;0;0;2;3;2;9;3.0;3.0;3.0;1.5;1;0.96
2025-08-24;FC Porto;Casa Pia;PORTUGAL 1;2025/2026;4;0;3;0;2.2;0.58;2.03;1.18;1.23;18.5;7.0;980.0;65;35;108;58;63;18;20;7;7;0;11;8;3;1;0;0;3;0;7;2;3.0;3.0;3.0;1.5;1;0.96
2025-08-25;Sevilla;Getafe;SPAIN 1;2025/2026;1;2;1;1;1.49;1.18;0.0;1.06;2.2;4.3;3.15;10.5;71;29;130;81;71;25;12;9;3;6;10;24;2;2;0;0;4;1;5;3;0.0;3.0;0.0;3.0;0;0.96
2025-08-29;Gil Vicente;Moreirense;PORTUGAL 1;2025/2026;2;0;0;0;1.31;0.88;1.32;0.62;2.82;3.3;2.9;8.0;46;54;81;81;37;34;12;10;4;0;18;12;1;2;0;0;0;1;4;3;0.0;3.0;1.33;3.0;1;0.96
2025-08-29;Cremonese;Sassuolo;ITALY 1;2025/2026;3;2;2;0;1.4;1.23;0.0;0.0;2.7;2.98;3.35;11.0;42;58;80;106;39;31;11;9;6;6;12;17;2;2;0;0;0;2;5;4;0.0;0.0;3.0;0.0;0;0.96
2025-08-29;Lecce;AC Milan;ITALY 1;2025/2026;0;2;0;0;0.87;1.63;0.0;0.0;6.8;1.65;4.0;8.0;45;55;104;73;38;46;7;14;2;6;10;8;1;0;0;0;1;4;4;5;0.0;0.0;1.0;0.0;0;0.96
2025-08-29;Elche;Levante;SPAIN 1;2025/2026;2;0;0;0;1.75;0.93;0.96;0.85;2.28;3.8;3.3;11.0;67;33;110;74;53;22;16;11;5;1;14;17;1;2;0;0;1;1;4;2;1.0;0.0;1.0;0.0;1;0.96
2025-08-29;Valencia;Getafe;SPAIN 1;2025/2026;3;0;1;0;0.92;1.08;1.65;1.12;2.42;3.85;3.05;9.0;58;42;86;94;26;43;7;11;4;1;18;7;2;0;0;0;0;5;8;6;1.0;3.0;0.5;3.0;1;0.96
2025-08-29;Hamburger SV;St. Pauli;GERMANY 1;2025/2026;0;2;0;1;0.71;1.96;0.0;0.0;2.5;3.15;3.45;11.5;48;52;107;95;32;66;5;17;2;6;13;19;2;3;1;0;1;2;2;5;0.0;0.0;1.0;1.0;0;0.96
2025-08-29;Lens;Brest;FRANCE 1;2025/2026;3;1;0;1;2.87;0.86;2.04;1.51;1.9;4.5;3.95;17.5;68;32;61;65;41;21;30;9;10;2;7;12;1;3;0;1;2;0;15;1;0.0;0.0;1.5;0.5;0;0.96
2025-08-30;Ceara;Juventude;BRAZIL 1;2025;0;1;0;0;1.66;1.1;1.36;0.89;1.69;6.2;3.75;19.5;57;43;105;73;47;46;13;10;7;2;17;26;0;6;0;0;2;0;4;5;1.7;0.11;1.3;0.9;0;-18.5
2025-08-30;Girona;Sevilla;SPAIN 1;2025/2026;0;2;0;1;2.05;1.26;0.86;1.39;2.64;3.0;3.4;12.0;59;41;93;62;62;22;20;13;5;4;5;14;0;1;0;0;2;0;11;3;0.0;0.0;0.0;0.0;0;0.96
2025-08-30;Real Madrid;Mallorca;SPAIN 1;2025/2026;2;1;2;1;2.23;1.09;2.14;0.0;1.2;19.0;8.0;55.0;58;42;117;70;93;23;17;9;7;5;12;7;2;0;0;0;3;1;4;5;3.0;0.0;3.0;0.5;0;0.96
2025-08-30;R. Oviedo;Real Sociedad;SPAIN 1;2025/2026;1;0;1;0;0.86;2.02;0.79;1.32;3.8;2.34;3.15;7.4;43;57;78;111;38;65;8;18;1;6;7;18;2;1;0;0;2;1;1;10;0.0;1.0;0.0;1.0;1;0.96
2025-08-30;Chelsea;Fulham;ENGLAND 1;2025/2026;2;0;1;0;1.62;1.17;1.89;0.9;1.65;6.0;4.3;24.0;54;46;97;92;52;36;13;11;6;3;11;17;2;2;0;0;3;1;6;4;1.0;1.0;2.0;1.0;1;0.96
2025-08-30;Sunderland;Brentford;ENGLAND 1;2025/2026;2;1;0;0;1.29;0.92;1.19;1.05;3.1;2.6;3.35;9.8;54;46;98;64;44;26;12;7;3;4;11;12;3;2;0;0;0;3;3;4;3.0;0.0;1.5;1.5;0;0.96
2025-08-30;Manchester Utd;Burnley;ENGLAND 1;2025/2026;3;2;1;0;2.55;0.78;2.22;1.41;1.41;9.2;5.4;28.0;62;38;102;88;70;25;26;6;6;3;9;9;1;5;0;0;1;1;7;1;0.0;0.0;0.5;1.5;0;0.96
2025-08-30;Toulouse;PSG;FRANCE 1;2025/2026;3;6;1;4;1.55;1.84;0.87;2.31;9.6;1.37;5.7;10.5;24;76;72;118;34;63;14;13;6;8;7;11;1;0;0;0;1;0;5;7;3.0;3.0;3.0;3.0;0;0.96
2025-08-30;Lorient;Lille;FRANCE 1;2025/2026;1;7;0;0;0.73;2.43;2.44;1.37;3.55;2.2;3.65;10.5;41;59;76;117;28;55;6;20;2;11;14;18;3;3;0;0;3;2;3;8;3.0;1.0;1.5;2.0;0;0.96
2025-08-30;Augsburg;Bayern Munich;GERMANY 1;2025/2026;2;3;0;2;1.1;2.4;0.0;0.0;12.5;1.28;7.0;14.0;42;58;61;119;36;60;10;20;3;10;14;11;3;4;0;0;4;3;7;5;0.0;0.0;3.0;3.0;0;0.96
2025-08-30;Nantes;Auxerre;FRANCE 1;2025/2026;1;0;1;0;0.62;1.55;0.47;1.58;2.44;3.3;3.35;11.5;43;57;74;113;20;52;4;14;3;4;13;11;1;3;0;0;1;6;3;9;0.0;0.0;0.0;1.5;1;0.96
2025-08-30;Hoffenheim;Eintracht Frankfurt;GERMANY 1;2025/2026;1;3;0;2;1.91;1.2;0.0;0.0;2.92;2.48;3.9;18.5;58;42;130;64;66;29;17;9;5;6;14;10;2;3;0;0;3;1;4;5;0.0;0.0;3.0;3.0;0;0.96
2025-08-30;Napoli;Cagliari;ITALY 1;2025/2026;1;0;0;0;2.21;0.83;0.0;0.0;1.36;12.0;5.2;32.0;67;33;138;56;72;17;20;10;6;1;16;12;2;1;0;0;3;1;13;0;0.0;0.0;3.0;1.0;1;0.96
2025-08-30;Parma;Atalanta;ITALY 1;2025/2026;1;1;0;0;0.97;1.1;0.0;0.0;4.3;1.98;3.7;9.4;46;54;93;65;42;27;7;11;3;3;8;15;2;2;0;0;1;4;1;2;0.0;0.0;0.0;1.0;0;0.96
2025-08-30;Bologna;Como;ITALY 1;2025/2026;1;0;0;0;1.38;1.28;0.0;0.0;2.66;3.15;3.2;11.0;36;64;60;83;41;44;15;13;2;2;13;19;4;3;0;0;3;0;7;4;0.0;0.0;0.0;3.0;1;0.96
2025-08-30;Vitoria Guimaraes;Arouca;PORTUGAL 1;2025/2026;1;1;1;1;1.2;0.93;1.76;0.64;1.78;5.2;3.75;20.0;54;46;105;61;30;20;12;9;3;3;15;17;4;4;0;0;4;0;2;2;3.0;0.0;1.0;1.33;0;0.96
2025-08-30;Casa Pia;Nacional;PORTUGAL 1;2025/2026;0;2;0;2;1.08;0.91;0.86;1.57;2.34;3.65;3.2;11.5;62;38;101;84;40;27;9;9;3;2;13;22;2;3;0;0;0;1;2;3;0.0;1.0;1.0;0.33;0;0.96
2025-08-30;RB Leipzig;Heidenheim;GERMANY 1;2025/2026;2;0;0;0;2.0;0.7;0.0;0.0;1.55;6.4;5.0;29.0;66;34;132;64;62;23;19;5;5;3;7;13;2;5;0;0;1;2;4;3;0.0;0.0;0.0;0.0;1;0.96
2025-08-30;Werder Bremen;Bayer Leverkusen;GERMANY 1;2025/2026;3;3;1;2;1.42;1.29;0.0;0.0;3.85;2.02;3.95;13.5;45;55;89;92;43;52;12;10;5;4;11;10;3;3;1;0;1;1;3;7;0.0;0.0;0.0;0.0;0;0.96
2025-08-30;Sporting CP;FC Porto;PORTUGAL 1;2025/2026;1;2;0;0;1.87;1.6;2.26;1.56;2.16;3.7;3.6;14.5;59;41;102;100;55;30;20;14;3;7;8;15;3;5;0;0;2;1;5;3;3.0;3.0;3.0;3.0;0;0.96
2025-08-31;Celta Vigo;Villarreal;SPAIN 1;2025/2026;1;1;0;0;1.23;0.94;1.49;0.0;3.0;2.56;3.6;11.0;65;35;174;65;59;31;10;8;2;3;11;8;1;1;0;0;-1;-1;1;5;0.5;0.0;0.67;3.0;0;0.96
2025-08-31;Wolfsburg;Mainz;GERMANY 1;2025/2026;1;1;1;0;1.1;1.95;0.0;0.0;2.14;3.65;3.75;16.0;40;60;68;126;27;92;11;17;3;3;15;14;2;5;1;0;-1;-1;3;10;0.0;0.0;3.0;0.0;0;0.96
2025-08-31;Alverca;Benfica;PORTUGAL 1;2025/2026;1;2;0;2;1.43;0.96;1.4;1.34;15.5;1.23;7.8;9.0;47;53;52;107;35;60;11;6;7;2;12;18;4;5;0;1;1;0;5;2;0.0;3.0;0.33;3.0;0;0.96
2025-08-31;Genoa;Juventus;ITALY 1;2025/2026;0;1;0;0;0.96;1.33;0.7;0.0;5.8;1.89;3.3;6.2;44;56;92;97;34;41;10;13;1;3;14;15;1;2;0;0;0;2;3;4;1.0;0.0;1.0;3.0;0;-5.2
2025-08-31;Torino;Fiorentina;ITALY 1;2025/2026;0;0;0;0;1.01;1.51;0.0;0.56;3.65;2.4;3.15;8.2;45;55;87;86;38;30;7;16;4;4;21;13;2;2;0;0;2;1;7;3;0.0;1.0;0.0;1.0;1;0.96
2025-08-31;Rayo Vallecano;Barcelona;SPAIN 1;2025/2026;1;1;0;1;1.46;1.23;0.0;2.84;7.0;1.46;5.6;12.5;43;57;100;86;38;36;12;12;6;3;16;8;4;1;0;0;7;2;9;4;0.0;3.0;1.5;3.0;0;0.96
2025-08-31;Espanyol;Osasuna;SPAIN 1;2025/2026;1;0;0;0;1.21;1.13;1.28;0.28;2.44;3.45;3.25;11.0;45;55;85;92;41;39;10;10;4;3;13;14;2;3;0;0;2;1;2;3;3.0;0.0;2.0;1.5;1;0.96
2025-08-31;Paris FC;Metz;FRANCE 1;2025/2026;3;2;1;1;2.58;1.23;0.0;1.14;1.8;5.0;3.95;17.5;51;49;101;80;62;28;24;14;9;2;4;8;1;1;0;1;0;1;14;6;0.0;0.0;0.0;0.0;0;0.96
2025-08-31;Monaco;Strasbourg;FRANCE 1;2025/2026;3;2;1;0;1.29;1.5;1.56;1.24;1.6;5.9;4.7;26.0;43;57;86;103;34;63;12;12;4;4;13;12;2;1;0;1;4;2;6;5;3.0;3.0;1.5;3.0;0;0.96
2025-08-31;Le Havre;Nice;FRANCE 1;2025/2026;3;1;1;0;1.61;0.99;2.04;0.0;3.55;2.2;3.65;10.5;41;59;74;107;41;45;12;7;8;3;13;16;1;4;0;0;-1;-1;0;5;0.0;0.0;0.0;1.5;0;0.96
2025-08-31;Liverpool;Arsenal;ENGLAND 1;2025/2026;1;0;0;0;0.95;1.09;2.31;1.09;2.46;3.15;3.55;15.0;53;47;82;84;23;44;9;11;3;1;7;10;2;2;0;0;1;0;3;8;3.0;3.0;3.0;3.0;1;0.96
2025-08-31;Aston Villa;Crystal Palace;ENGLAND 1;2025/2026;0;3;0;1;1.56;0.85;0.69;1.13;2.06;4.1;3.6;14.0;58;42;120;67;63;26;13;6;4;4;7;14;2;3;0;0;0;2;10;1;1.0;1.0;0.5;1.0;0;0.96
2026-04-17;Santos;Fluminense;BRAZIL 1;2026;0;0;0;0;0.0;0.0;1.16;1.67;2.56;3.25;3.25;9.8;-1;-1;0;0;0;0;-1;-1;-1;-1;-1;-1;-1;-1;-1;-1;-1;-1;-1;-1;1.25;1.0;0.88;2.0;1;0.96
2026-04-10;Corinthians;Palmeiras;BRAZIL 1;2026;0;0;0;0;0.0;0.0;1.28;1.11;3.8;2.34;3.15;6.8;-1;-1;0;0;0;0;-1;-1;-1;-1;-1;-1;-1;-1;-1;-1;-1;-1;-1;-1;1.0;1.75;1.25;2.38;1;0.96
2025-08-31;Internacional;Fortaleza;BRAZIL 1;2025;2;1;1;1;1.41;0.86;1.83;1.16;1.66;6.2;4.0;22.0;52;48;43;20;16;3;14;10;6;3;16;14;1;2;0;0;1;3;4;5;1.4;0.44;1.2;0.75;0;0.96
2026-04-10;Mirassol;Bahia;BRAZIL 1;2026;0;0;0;0;0.0;0.0;2.06;1.02;2.3;3.6;3.3;12.5;-1;-1;0;0;0;0;-1;-1;-1;-1;-1;-1;-1;-1;-1;-1;-1;-1;-1;-1;1.25;2.25;0.86;2.0;1;0.96
2025-09-12;Alverca;Tondela;PORTUGAL 1;2025/2026;1;0;1;0;1.26;1.71;1.41;0.98;2.54;3.2;3.3;11.0;49;51;74;119;31;55;12;14;4;6;13;15;1;2;0;0;0;2;5;6;0.0;0.0;0.25;0.25;1;0.96
2025-09-12;Sevilla;Elche;SPAIN 1;2025/2026;2;2;1;0;0.99;0.68;1.49;0.66;2.08;4.3;3.4;13.0;53;47;111;58;44;30;7;5;3;2;23;19;4;3;0;0;1;0;2;2;0.0;1.0;1.0;1.67;0;0.96
2025-09-12;Benfica;Santa Clara;PORTUGAL 1;2025/2026;1;1;0;0;2.53;1.04;2.61;1.16;1.27;15.5;6.4;80.0;78;22;182;48;115;17;19;9;7;5;8;11;1;1;0;1;2;0;4;5;3.0;1.5;3.0;1.0;0;0.96
2025-09-12;Bayer Leverkusen;Eintracht Frankfurt;GERMANY 1;2025/2026;3;1;2;0;1.9;1.54;0.96;1.2;2.26;3.25;3.95;21.0;39;61;72;132;29;79;18;13;8;2;10;9;3;3;2;0;3;0;4;8;0.0;3.0;0.5;3.0;0;0.96
2025-09-13;Famalicao;Sporting CP;PORTUGAL 1;2025/2026;1;2;1;1;1.04;1.1;1.01;2.83;7.0;1.47;5.0;9.2;43;57;79;96;36;33;9;9;3;4;22;17;4;3;0;0;2;6;5;4;2.0;3.0;2.5;2.25;0;0.96
2025-09-13;Fiorentina;Napoli;ITALY 1;2025/2026;1;3;0;2;1.75;1.74;0.0;1.32;3.7;2.34;3.25;7.8;53;47;100;90;48;31;19;14;3;9;14;14;0;0;0;0;0;1;8;5;0.0;3.0;1.0;3.0;0;0.96
2025-09-13;Cagliari;Parma;ITALY 1;2025/2026;2;0;1;0;1.31;1.85;1.57;0.87;2.28;3.85;3.25;11.5;51;49;53;98;28;60;12;17;5;5;15;18;3;1;0;0;3;0;4;5;1.0;0.0;0.5;0.5;1;0.96
2025-09-13;FC Porto;Nacional;PORTUGAL 1;2025/2026;1;0;1;0;1.56;0.61;2.12;1.24;1.19;20.0;8.4;60.0;69;31;140;83;69;21;11;6;5;1;6;14;2;4;0;0;3;1;5;5;3.0;2.0;3.0;1.0;1;0.96
2025-09-13;Moreirense;Rio Ave;PORTUGAL 1;2025/2026;3;1;0;0;1.81;1.51;1.16;1.63;2.48;3.35;3.15;11.5;54;46;97;74;42;39;15;15;8;4;12;13;1;0;0;0;3;3;7;3;3.0;1.0;2.25;1.0;0;0.96
2025-09-13;Getafe;R. Oviedo;SPAIN 1;2025/2026;2;0;2;0;1.13;0.57;0.0;0.69;2.02;5.1;3.15;12.0;48;52;105;65;39;25;10;5;3;1;12;18;2;5;0;1;1;1;4;3;0.0;0.0;2.0;1.0;1;0.96
2025-09-13;Real Sociedad;Real Madrid;SPAIN 1;2025/2026;1;2;0;2;2.23;1.68;1.77;3.0;6.0;1.61;4.5;9.2;64;36;117;87;70;34;23;16;4;6;17;7;2;1;0;1;0;2;12;4;1.0;3.0;0.67;3.0;0;0.96
2025-09-13;Atl. Madrid;Villarreal;SPAIN 1;2025/2026;2;0;1;0;1.13;0.91;1.77;0.94;1.87;4.7;3.85;19.5;61;39;126;80;55;46;8;8;3;1;12;15;2;4;0;0;1;0;8;3;1.0;1.0;0.67;2.33;1;0.96
2025-09-13;Auxerre;Monaco;FRANCE 1;2025/2026;1;2;0;1;0.94;1.54;0.83;0.78;5.4;1.64;4.6;12.5;33;67;92;116;30;70;9;13;2;3;12;19;2;6;1;0;0;1;5;8;3.0;0.0;1.0;2.0;0;0.96
2025-09-13;Nice;Nantes;FRANCE 1;2025/2026;1;0;0;0;2.06;1.35;1.57;0.94;1.76;5.5;3.9;18.5;59;41;116;81;41;36;19;14;8;3;16;14;2;0;0;0;7;0;7;4;1.5;0.0;1.0;1.0;1;0.96
2025-09-13;Bayern Munich;Hamburger SV;GERMANY 1;2025/2026;5;0;4;0;2.77;0.94;2.26;0.82;1.09;44.0;16.0;980.0;71;29;121;55;76;32;22;9;12;2;11;14;2;2;0;0;1;2;5;3;3.0;1.0;3.0;0.5;1;0.96
2025-09-13;Freiburg;Stuttgart;GERMANY 1;2025/2026;3;1;0;1;1.83;0.94;1.66;2.2;2.94;2.5;3.8;16.0;46;54;96;84;73;49;14;7;6;2;8;13;0;1;1;0;0;2;7;1;0.0;0.0;0.0;1.5;0;0.96
2025-09-13;Mainz;RB Leipzig;GERMANY 1;2025/2026;0;1;0;1;1.53;1.58;1.87;1.08;2.66;2.76;3.7;16.0;56;44;152;78;77;24;13;19;2;3;12;11;1;0;0;0;4;1;3;5;0.0;0.0;0.5;1.5;0;-15.0
2025-09-13;Union Berlin;Hoffenheim;GERMANY 1;2025/2026;2;4;0;2;2.13;1.47;0.85;1.23;2.84;2.7;3.5;12.0;42;58;96;136;53;45;20;9;7;8;13;12;0;1;1;0;2;0;9;2;3.0;3.0;1.5;1.5;0;0.96
2025-09-13;Brentford;Chelsea;ENGLAND 1;2025/2026;2;2;1;0;0.99;1.84;0.97;1.71;4.3;1.92;3.95;10.5;34;66;87;124;36;56;7;16;4;6;13;9;3;2;0;0;0;4;5;6;3.0;3.0;1.0;2.33;0;0.96
2025-09-13;Crystal Palace;Sunderland;ENGLAND 1;2025/2026;0;0;0;0;1.64;0.67;1.08;1.08;1.75;5.9;3.8;15.5;56;44;95;111;46;38;14;6;6;0;10;8;1;1;0;0;0;2;5;3;1.0;0.0;1.67;2.0;1;0.96
2025-09-13;Everton;Aston Villa;ENGLAND 1;2025/2026;0;0;0;0;1.88;0.76;1.24;1.81;2.48;3.2;3.45;12.5;48;52;95;87;68;33;20;7;2;1;17;15;3;3;0;0;2;2;10;3;3.0;0.0;2.0;0.33;1;0.96
2025-09-13;Fortaleza;Vitoria;BRAZIL 1;2025;2;0;1;0;1.54;1.25;1.53;1.11;1.91;5.0;3.5;15.0;48;52;104;92;50;47;13;11;5;3;14;15;3;6;0;0;-1;-1;4;2;1.0;0.45;0.71;1.0;1;0.96
2026-08-07;Palmeiras;Internacional;BRAZIL 1;2026;0;0;0;0;0.0;0.0;1.66;1.69;1.65;6.6;3.85;29.0;-1;-1;0;0;0;0;-1;-1;-1;-1;-1;-1;-1;-1;-1;-1;-1;-1;-1;-1;3.0;1.25;2.38;1.0;1;0.96
2026-04-01;Fluminense;Corinthians;BRAZIL 1;2026;0;0;0;0;0.0;0.0;1.65;0.87;2.22;4.2;3.0;11.0;-1;-1;0;0;0;0;-1;-1;-1;-1;-1;-1;-1;-1;-1;-1;-1;-1;-1;-1;3.0;1.5;2.0;1.25;1;-10.0
2025-09-14;Brest;Paris FC;FRANCE 1;2025/2026;1;2;0;2;2.39;0.88;1.74;1.48;2.34;3.2;3.75;15.0;46;54;121;78;53;20;23;7;8;4;11;10;0;3;0;1;3;1;6;1;1.0;0.0;0.33;1.0;0;0.96
2025-09-14;Strasbourg;Le Havre;FRANCE 1;2025/2026;1;0;0;0;1.41;1.08;1.65;1.0;1.69;5.5;4.2;22.0;49;51;85;101;48;52;9;10;7;1;8;16;1;2;1;0;1;1;4;3;3.0;0.0;2.0;1.0;1;0.96
2025-09-14;Lille;Toulouse;FRANCE 1;2025/2026;2;1;0;0;1.97;1.04;1.6;1.08;1.81;4.8;4.0;18.5;70;30;102;60;50;26;20;9;5;4;12;10;1;3;0;1;1;2;7;6;3.0;3.0;2.33;2.0;0;0.96
2025-09-14;St. Pauli;Augsburg;GERMANY 1;2025/2026;2;1;1;1;1.63;1.19;1.61;1.54;2.2;3.75;3.45;12.5;57;43;122;92;43;28;13;10;7;5;10;12;1;4;0;0;0;3;3;1;1.0;3.0;2.0;1.5;0;0.96
2025-09-14;Burnley;Liverpool;ENGLAND 1;2025/2026;0;1;0;0;0.31;2.74;0.89;0.85;9.4;1.37;6.0;11.0;19;81;68;147;15;106;3;27;0;4;9;9;1;2;1;0;3;1;1;13;3.0;3.0;1.0;3.0;0;-10.0
2025-09-14;Manchester City;Manchester Utd;ENGLAND 1;2025/2026;3;0;1;0;1.49;1.37;1.33;1.17;1.84;4.5;4.1;22.0;45;55;74;126;34;64;13;12;6;2;8;8;0;0;0;0;2;3;2;4;0.0;1.0;1.0;1.33;1;0.96
2025-09-14;Osasuna;Rayo Vallecano;SPAIN 1;2025/2026;2;0;1;0;1.28;2.1;1.71;1.24;2.64;3.1;3.25;10.5;36;64;66;116;31;67;9;19;7;6;13;7;3;2;0;0;0;1;3;6;3.0;1.5;1.0;1.33;1;0.96
2025-09-14;Barcelona;Valencia;SPAIN 1;2025/2026;6;0;1;0;2.59;0.38;0.0;0.57;1.24;13.0;8.0;720.0;72;28;126;69;52;24;24;2;10;1;9;8;0;1;0;0;4;4;5;4;0.0;0.0;2.33;1.33;1;0.96
2025-09-14;Arouca;Casa Pia;PORTUGAL 1;2025/2026;0;2;0;1;1.15;1.11;1.28;0.88;2.02;4.4;3.45;1000.0;66;34;102;77;50;36;9;9;3;4;18;21;2;7;0;0;2;4;7;6;2.0;1.5;1.25;0.75;0;0.96
2025-09-14;AC Milan;Bologna;ITALY 1;2025/2026;1;0;0;0;1.32;0.56;2.48;0.92;1.96;4.6;3.6;15.5;39;61;79;85;31;32;14;5;3;0;17;16;3;2;0;0;2;1;7;4;0.0;0.0;1.5;1.5;1;0.96
2025-09-14;Sassuolo;Lazio;ITALY 1;2025/2026;1;0;0;0;1.13;1.44;0.77;0.56;3.8;2.14;3.6;10.0;41;59;83;110;39;56;10;13;3;3;15;11;6;3;0;0;0;1;3;7;0.0;0.0;0.0;1.5;1;0.96
2025-09-14;Atalanta;Lecce;ITALY 1;2025/2026;4;1;1;0;2.2;1.37;2.26;0.76;1.43;9.0;5.1;28.0;57;43;80;95;62;56;19;12;8;3;12;7;0;0;0;0;3;1;8;2;1.0;1.0;1.0;0.5;0;0.96
2025-09-14;Pisa;Udinese;ITALY 1;2025/2026;0;1;0;1;1.2;1.34;0.82;1.18;2.96;2.86;3.15;9.2;51;49;100;89;41;42;12;13;2;3;13;15;1;2;0;0;1;1;8;6;0.0;3.0;0.5;2.0;0;-8.2
2025-09-14;Celta Vigo;Girona;SPAIN 1;2025/2026;1;1;0;1;2.35;1.64;1.4;0.72;1.7;5.3;4.2;21.0;60;40;119;65;75;36;21;13;7;8;7;9;0;3;0;0;0;3;10;3;0.67;0.0;0.75;0.0;0;0.96
2025-09-14;PSG;Lens;FRANCE 1;2025/2026;2;0;1;0;1.7;1.16;2.57;0.78;1.35;9.2;6.4;48.0;68;32;139;51;53;36;14;11;6;3;10;8;1;2;0;0;-1;-1;4;3;3.0;3.0;3.0;2.0;1;0.96
2025-09-14;Vasco;Ceara;BRAZIL 1;2025;2;2;1;1;1.6;1.28;1.53;1.11;1.92;4.7;3.25;13.5;63;37;38;19;17;6;17;12;6;7;19;10;3;2;0;1;1;2;3;3;1.2;0.9;1.05;1.24;0;0.96
2025-09-15;Espanyol;Mallorca;SPAIN 1;2025/2026;3;2;2;1;0.96;2.61;1.24;1.09;2.32;3.7;3.3;11.0;38;62;76;115;24;56;9;24;3;10;9;16;2;1;1;0;0;2;3;9;3.0;0.0;2.33;0.33;0;0.96
2025-09-15;Como;Genoa;ITALY 1;2025/2026;1;1;1;0;1.34;1.44;2.05;0.0;1.7;6.4;3.8;16.5;53;47;84;105;32;35;13;12;4;6;13;17;2;2;1;0;-1;-1;0;8;3.0;0.0;1.5;0.5;0;0.96
2026-05-08;Bahia;Cruzeiro;BRAZIL 1;2026;0;0;0;0;0.0;0.0;1.76;1.26;2.72;3.05;3.2;9.6;-1;-1;0;0;0;0;-1;-1;-1;-1;-1;-1;-1;-1;-1;-1;-1;-1;-1;-1;1.67;0.25;2.0;0.5;1;0.96
2025-09-19;Lecce;Cagliari;ITALY 1;2025/2026;1;2;1;1;1.37;1.67;0.87;0.83;3.0;2.9;3.05;8.4;52;48;91;80;44;42;11;15;5;6;10;19;2;3;0;0;0;2;4;7;0.0;0.0;0.33;1.33;0;0.96
2025-09-19;Rio Ave;FC Porto;PORTUGAL 1;2025/2026;0;3;0;2;0.78;1.97;1.36;1.58;10.0;1.35;6.0;9.0;48;52;99;89;25;39;7;19;2;7;11;18;2;1;0;0;2;0;2;10;1.0;3.0;0.75;3.0;0;0.96
2025-09-19;Stuttgart;St. Pauli;GERMANY 1;2025/2026;2;0;1;0;1.94;0.94;1.54;1.96;1.85;4.5;4.1;19.5;54;46;116;93;41;31;17;9;8;2;13;15;0;2;0;0;2;0;8;4;3.0;3.0;1.0;2.33;1;0.96
2025-09-20;Nacional;Arouca;PORTUGAL 1;2025/2026;1;2;0;0;1.78;1.06;0.94;0.78;2.34;3.65;3.25;11.0;58;42;88;59;58;31;15;10;6;3;10;18;2;1;1;1;7;0;3;5;0.0;0.5;0.8;1.0;0;0.96
2025-09-20;Villarreal;Osasuna;SPAIN 1;2025/2026;2;1;0;1;2.84;0.75;2.48;0.71;1.69;6.0;4.0;17.5;66;34;112;57;90;21;26;6;8;3;10;11;2;2;0;1;2;1;7;0;3.0;0.0;1.75;1.5;0;0.96
2025-09-20;Palmeiras;Fortaleza;BRAZIL 1;2025;4;1;1;1;2.49;1.01;1.66;1.13;1.45;9.6;4.8;27.0;66;34;108;61;48;21;23;8;10;5;11;15;1;1;0;0;2;3;11;2;2.09;0.4;2.19;0.82;0;0.96
2025-09-20;Ceara;Bahia;BRAZIL 1;2025;1;1;1;0;1.51;1.55;1.39;1.32;2.72;3.05;3.1;9.4;32;68;54;114;31;43;15;14;5;5;13;11;3;0;0;0;0;3;3;6;1.55;1.2;1.23;1.71;0;0.96
2026-11-03;Vitoria;Fluminense;BRAZIL 1;2026;0;0;0;0;0.0;0.0;1.44;1.67;2.58;3.35;3.05;9.8;-1;-1;0;0;0;0;-1;-1;-1;-1;-1;-1;-1;-1;-1;-1;-1;-1;-1;-1;2.25;1.0;1.43;2.0;1;-8.8
2025-09-20;Girona;Levante;SPAIN 1;2025/2026;0;4;0;1;0.72;1.82;1.46;0.89;1.83;4.8;4.0;19.5;35;65;58;106;29;62;7;14;1;7;11;17;3;3;2;0;0;1;5;4;0.0;0.0;0.25;0.25;0;0.96
2025-09-20;Real Madrid;Espanyol;SPAIN 1;2025/2026;2;0;1;0;1.83;0.83;2.18;1.38;1.23;17.0;7.6;60.0;72;28;142;59;64;35;16;8;5;1;10;20;2;0;0;0;2;0;5;3;3.0;1.0;3.0;2.5;1;0.96
2025-09-20;Werder Bremen;Freiburg;GERMANY 1;2025/2026;0;3;0;1;1.49;1.16;1.42;1.31;2.56;2.88;3.75;16.5;62;38;122;74;52;24;12;10;5;5;13;7;5;2;0;0;1;2;2;0;1.0;0.0;1.33;1.0;0;0.96
2025-09-20;Hoffenheim;Bayern Munich;GERMANY 1;2025/2026;1;4;0;1;1.37;2.15;1.91;2.4;9.6;1.34;6.6;19.5;38;62;75;117;37;43;13;18;4;10;17;9;1;2;0;0;2;1;5;5;0.0;3.0;2.0;3.0;0;0.96
2025-09-20;Hamburger SV;Heidenheim;GERMANY 1;2025/2026;2;1;1;0;2.31;2.21;0.71;0.7;1.89;4.4;3.95;19.5;49;51;91;95;41;55;22;20;9;8;15;10;5;1;0;0;1;2;1;12;0.0;0.0;0.33;0.0;0;0.96
2025-09-20;Santa Clara;Alverca;PORTUGAL 1;2025/2026;2;1;1;1;1.6;0.61;1.44;0.79;1.8;6.0;3.45;15.0;55;45;93;70;40;27;14;3;6;3;16;21;6;4;0;0;4;2;7;0;0.5;0.5;1.0;0.8;0;0.96
2025-09-20;Augsburg;Mainz;GERMANY 1;2025/2026;1;4;0;2;1.87;1.44;1.1;1.95;2.86;2.7;3.5;11.5;61;39;124;69;52;56;18;12;5;4;13;10;1;1;0;1;2;2;6;6;0.0;1.0;1.0;0.33;0;0.96
2025-09-20;Manchester Utd;Chelsea;ENGLAND 1;2025/2026;2;1;2;0;1.39;0.65;2.38;1.77;2.74;2.68;3.75;16.5;41;59;113;96;56;35;11;5;4;1;13;14;1;5;1;1;3;2;5;5;1.5;2.0;1.0;2.0;0;0.96
2025-09-20;Fulham;Brentford;ENGLAND 1;2025/2026;3;1;2;1;1.34;1.04;1.21;0.98;2.16;3.9;3.5;13.5;53;47;95;81;33;44;14;8;3;3;11;13;4;1;0;0;2;2;2;10;2.0;0.0;1.25;1.0;0;0.96
2025-09-20;Liverpool;Everton;ENGLAND 1;2025/2026;2;1;2;0;1.26;1.14;1.63;1.03;1.48;7.8;4.9;32.0;57;43;95;100;49;59;11;9;3;2;11;10;2;3;0;0;1;1;5;4;3.0;1.5;3.0;1.75;0;0.96
2025-09-20;Nantes;Rennes;FRANCE 1;2025/2026;2;2;0;2;1.52;1.06;0.55;1.15;4.0;2.1;3.5;8.8;43;57;77;86;32;37;16;8;4;4;14;18;3;1;0;0;1;3;4;4;1.5;0.5;0.75;1.75;0;0.96
2025-09-20;Brest;Nice;FRANCE 1;2025/2026;4;1;2;1;1.19;2.12;2.07;0.99;3.3;2.34;3.65;13.0;38;62;76;148;20;70;11;21;5;4;17;11;1;3;0;0;0;1;2;7;0.5;0.0;0.25;1.5;0;0.96
2025-09-20;Lens;Lille;FRANCE 1;2025/2026;3;0;2;0;1.61;1.67;2.45;1.9;2.44;3.15;3.55;14.5;38;62;75;109;34;54;15;17;6;3;17;11;1;3;0;0;4;1;4;10;1.5;2.0;1.5;2.5;1;0.96
2025-09-20;Bologna;Genoa;ITALY 1;2025/2026;2;1;0;0;1.64;0.85;1.38;1.44;1.94;5.3;3.35;13.5;59;41;133;68;45;16;14;7;6;4;12;15;1;5;0;0;4;1;8;2;3.0;1.0;1.0;0.67;0;0.96
2025-09-20;Udinese;AC Milan;ITALY 1;2025/2026;0;3;0;1;1.25;1.55;1.48;1.63;4.9;1.89;3.7;7.8;40;60;81;93;47;42;10;13;4;6;9;7;2;0;0;0;3;2;1;4;1.0;3.0;2.33;2.0;0;0.96
2025-09-21;Mirassol;Juventude;BRAZIL 1;2025;2;0;2;0;1.6;1.34;1.71;0.91;1.5;7.8;4.6;24.0;52;48;120;87;41;52;16;12;4;3;10;10;1;2;0;0;1;0;4;11;2.2;0.4;1.77;0.95;1;0.96
2025-09-21;Torino;Atalanta;ITALY 1;2025/2026;0;3;0;3;1.34;1.19;1.01;1.1;3.6;2.34;3.35;8.8;39;61;86;109;40;35;11;9;5;5;11;9;0;0;0;0;1;0;1;0;1.0;1.0;1.33;1.67;0;0.96
2025-09-21;Cremonese;Parma;ITALY 1;2025/2026;0;0;0;0;0.44;1.48;1.4;1.36;2.86;2.88;3.25;11.0;52;48;66;93;23;44;3;15;1;3;16;8;1;0;0;0;6;0;3;3;3.0;0.0;2.33;0.33;1;0.96
2025-09-21;Fiorentina;Como;ITALY 1;2025/2026;1;2;1;0;0.78;2.04;1.75;1.28;2.62;3.1;3.25;12.0;39;61;79;109;27;48;8;19;1;7;16;19;4;3;0;0;2;2;2;6;0.0;0.0;0.67;1.33;0;0.96
2025-09-21;Eintracht Frankfurt;Union Berlin;GERMANY 1;2025/2026;3;4;1;2;2.39;1.16;1.95;1.22;1.67;5.5;4.5;27.0;78;22;127;69;68;16;19;11;10;5;10;11;3;2;0;0;2;5;5;1;3.0;0.0;2.0;1.0;0;0.96
2025-09-21;Paris FC;Strasbourg;FRANCE 1;2025/2026;2;3;0;1;2.06;1.03;2.58;1.37;2.46;3.15;3.55;14.0;61;39;88;64;71;33;18;8;6;4;11;10;1;5;0;0;2;1;4;2;3.0;1.5;1.5;2.25;0;0.96
2025-09-21;Monaco;Metz;FRANCE 1;2025/2026;5;2;1;1;1.85;0.91;1.42;1.19;1.34;9.8;6.4;42.0;43;57;98;86;59;25;16;8;6;3;15;6;1;0;0;0;3;0;4;5;3.0;0.0;2.25;0.25;0;0.96
2025-09-21;Le Havre;Lorient;FRANCE 1;2025/2026;1;1;0;1;1.32;1.07;1.83;0.9;2.26;3.65;3.45;11.5;60;40;124;88;48;38;13;8;2;4;20;15;3;6;0;0;-1;-1;6;2;1.5;0.0;0.75;0.75;0;0.96
2025-09-21;Auxerre;Toulouse;FRANCE 1;2025/2026;1;0;1;0;0.67;1.41;0.88;1.06;3.35;2.44;3.35;9.6;40;60;80;101;29;52;6;13;1;3;12;20;1;6;1;0;-1;-1;3;4;1.5;1.5;0.75;1.5;1;0.96
2025-09-21;Sunderland;Aston Villa;ENGLAND 1;2025/2026;1;1;0;0;1.32;1.41;1.24;1.28;3.65;2.28;3.35;8.4;29;71;62;106;22;70;14;12;4;2;14;8;2;1;1;0;0;3;6;5;3.0;0.5;1.75;0.5;0;0.96
2025-09-21;Arsenal;Manchester City;ENGLAND 1;2025/2026;1;1;0;1;1.45;0.86;1.89;1.47;2.02;4.0;3.85;16.5;67;33;106;63;66;46;12;5;3;3;11;10;1;2;0;0;4;2;11;1;3.0;1.5;2.25;1.5;0;0.96
2025-09-21;Casa Pia;Famalicao;PORTUGAL 1;2025/2026;1;1;0;0;1.12;1.15;0.97;1.53;3.85;2.26;3.2;7.8;53;47;93;75;37;44;10;11;3;2;18;21;1;2;0;0;1;2;5;3;0.0;3.0;1.2;2.0;0;0.96
2025-09-21;Barcelona;Getafe;SPAIN 1;2025/2026;3;0;2;0;1.93;0.53;2.59;1.11;1.31;12.5;6.2;42.0;71;29;125;85;59;26;16;3;7;2;9;16;2;4;0;0;3;1;3;2;3.0;2.0;2.5;2.25;1;0.96
2025-09-21;Rayo Vallecano;Celta Vigo;SPAIN 1;2025/2026;1;1;0;0;1.74;1.25;1.46;0.83;2.3;3.6;3.4;12.5;59;41;117;75;60;46;15;9;5;5;8;10;1;1;0;0;1;0;5;7;1.0;1.0;1.0;0.8;0;0.96
2025-09-21;Mallorca;Atl. Madrid;SPAIN 1;2025/2026;1;1;0;0;1.07;1.72;0.91;1.72;5.7;1.8;3.65;6.8;43;57;88;119;48;65;8;12;3;7;14;6;0;0;0;1;0;1;3;6;0.5;0.5;0.25;1.25;0;0.96
2025-09-21;Elche;R. Oviedo;SPAIN 1;2025/2026;1;0;1;0;1.72;1.37;1.36;0.63;2.0;4.8;3.35;12.5;61;39;128;87;57;45;15;12;5;4;9;18;2;2;0;0;1;1;3;3;2.0;0.0;1.5;0.75;1;0.96
2025-09-22;Napoli;Pisa;ITALY 1;2025/2026;3;2;1;0;1.89;1.53;2.21;1.05;1.31;14.5;5.7;36.0;64;36;118;80;45;22;18;15;6;6;10;18;1;2;0;0;1;0;5;3;3.0;1.0;3.0;0.33;0;0.96
2025-09-22;Sporting CP;Moreirense;PORTUGAL 1;2025/2026;3;0;0;0;3.13;0.47;2.06;0.75;1.2;19.0;8.0;980.0;61;39;145;50;79;20;25;4;14;1;16;18;1;1;0;0;-1;-1;6;4;1.5;1.5;2.4;2.4;1;0.96
2025-09-23;Benfica;Rio Ave;PORTUGAL 1;2025/2026;1;1;0;0;2.41;0.57;2.57;1.57;1.17;20.0;8.6;70.0;69;31;149;59;99;23;19;4;7;2;16;17;2;2;0;0;2;0;11;2;2.0;0.5;2.6;0.6;0;0.96
2025-09-23;Espanyol;Valencia;SPAIN 1;2025/2026;2;2;0;1;2.59;0.67;1.15;0.47;2.42;3.45;3.25;11.0;56;44;124;83;78;28;21;5;10;2;9;9;1;4;0;0;5;2;8;3;3.0;0.0;2.0;1.4;0;0.96
2025-09-23;Levante;Real Madrid;SPAIN 1;2025/2026;1;4;0;2;1.02;2.6;0.84;2.34;8.4;1.36;6.0;12.5;37;63;76;124;25;53;11;24;2;10;17;9;1;1;0;0;0;1;1;7;0.5;3.0;0.8;3.0;0;0.96
2025-09-23;Sevilla;Villarreal;SPAIN 1;2025/2026;1;2;0;1;1.67;1.43;1.24;0.93;3.15;2.42;3.55;11.0;65;35;118;85;72;44;16;12;2;5;17;14;3;3;0;0;0;3;3;3;0.5;0.5;1.4;2.0;0;0.96
2026-02-11;Vasco;Bahia;BRAZIL 1;2026;0;1;0;1;2.49;0.93;3.13;1.26;2.36;3.5;3.3;12.0;62;38;110;80;80;28;26;8;4;3;16;13;4;4;0;0;0;3;8;4;1.0;3.0;0.5;2.0;0;0.96
2025-09-24;Atl. Madrid;Rayo Vallecano;SPAIN 1;2025/2026;3;2;1;1;2.33;1.0;1.45;1.53;1.52;7.8;4.5;24.0;61;39;102;88;71;29;20;9;8;3;6;12;3;5;0;0;3;2;8;6;2.0;1.0;1.2;1.0;0;0.96
2025-09-24;Real Sociedad;Mallorca;SPAIN 1;2025/2026;1;0;0;0;1.9;0.79;2.0;1.85;1.83;5.3;3.7;15.0;64;36;127;83;75;18;17;7;4;3;13;15;2;2;0;0;2;0;11;2;0.5;0.0;0.4;0.4;1;0.96
2025-09-25;R. Oviedo;Barcelona;SPAIN 1;2025/2026;1;3;1;0;0.76;2.59;0.82;2.3;12.0;1.26;7.6;14.0;21;79;27;132;15;70;7;22;3;10;10;6;1;0;0;0;7;1;6;9;1.5;2.33;0.6;2.6;0;0.96
2025-09-25;Osasuna;Elche;SPAIN 1;2025/2026;1;1;1;0;1.0;1.35;1.5;0.67;2.06;4.6;3.25;13.0;40;60;105;107;39;42;9;12;2;4;19;13;2;2;0;0;-1;-1;2;3;3.0;1.0;1.2;1.8;0;0.96
2025-09-26;Girona;Espanyol;SPAIN 1;2025/2026;0;0;0;0;1.36;1.9;1.21;1.11;2.56;3.05;3.45;11.5;60;40;105;88;53;41;12;20;3;5;9;11;0;1;0;0;1;1;8;4;0.0;0.5;0.33;1.83;1;0.96
2025-09-26;Benfica;Gil Vicente;PORTUGAL 1;2025/2026;2;1;2;1;1.19;1.81;2.51;1.47;1.34;13.0;5.5;36.0;47;53;85;138;38;41;10;16;4;7;14;20;3;3;0;1;0;2;0;7;1.67;2.33;2.33;2.17;0;0.96
2025-09-26;Bayern Munich;Werder Bremen;GERMANY 1;2025/2026;4;0;2;0;3.07;1.02;2.52;1.32;1.11;30.0;14.0;1000.0;59;41;159;63;71;34;26;9;13;3;9;4;2;0;0;0;0;2;7;6;3.0;1.5;3.0;1.0;1;0.96
2025-09-27;Wolfsburg;RB Leipzig;GERMANY 1;2025/2026;0;1;0;1;1.9;2.17;1.33;1.33;2.72;2.68;3.8;18.0;51;49;94;97;32;68;22;20;4;6;7;9;2;2;0;0;0;5;6;11;1.0;1.5;1.25;2.25;0;-17.0
2025-09-27;Como;Cremonese;ITALY 1;2025/2026;1;1;1;0;1.49;0.91;1.69;0.68;1.49;8.6;4.6;25.0;58;42;105;86;24;27;14;9;6;2;16;17;3;4;1;0;0;4;4;3;2.0;2.0;1.75;2.0;0;0.96
2025-09-27;Juventus;Atalanta;ITALY 1;2025/2026;1;1;0;1;2.86;1.05;1.92;1.14;1.93;4.6;3.7;16.0;67;33;131;59;90;21;24;12;10;2;6;7;0;2;0;1;1;0;14;5;3.0;2.0;2.5;2.0;0;0.96
2025-09-27;St. Pauli;Bayer Leverkusen;GERMANY 1;2025/2026;1;2;1;1;1.69;0.75;1.62;1.29;3.35;2.3;3.65;10.5;49;51;102;75;62;20;13;5;6;4;13;11;3;5;0;0;2;0;13;1;2.0;1.0;1.75;1.25;0;0.96
2025-09-27;Lorient;Monaco;FRANCE 1;2025/2026;3;1;1;0;2.11;0.82;1.59;1.16;5.7;1.64;4.5;12.0;47;53;86;139;50;47;19;5;8;2;10;11;2;2;0;1;0;1;2;4;1.5;1.5;0.8;2.4;0;0.96
2025-09-27;Toulouse;Nantes;FRANCE 1;2025/2026;2;2;0;1;2.13;1.05;1.21;1.15;1.76;5.6;3.8;17.0;46;54;109;76;53;20;20;12;7;2;18;12;2;3;0;0;2;1;1;4;1.5;0.0;1.2;0.8;0;0.96
2025-09-27;PSG;Auxerre;FRANCE 1;2025/2026;2;0;1;0;1.85;1.2;2.13;1.56;1.17;19.0;10.0;80.0;66;34;106;88;47;32;15;12;8;3;17;10;1;2;0;0;1;4;5;5;3.0;0.0;2.4;1.2;1;0.96
2025-09-27;Crystal Palace;Liverpool;ENGLAND 1;2025/2026;2;1;1;0;1.69;1.99;1.36;1.8;4.0;2.0;3.85;11.0;28;72;82;149;26;61;16;20;7;4;10;8;1;3;0;0;2;1;2;6;1.0;3.0;1.8;3.0;0;0.96
2025-09-27;Manchester City;Burnley;ENGLAND 1;2025/2026;5;1;1;1;2.43;0.89;1.41;1.1;1.18;20.0;9.2;65.0;69;31;110;65;77;25;21;9;8;2;5;7;1;3;0;0;1;1;10;2;1.5;0.0;1.4;0.8;0;0.96
2025-09-27;Brentford;Manchester Utd;ENGLAND 1;2025/2026;3;1;2;1;1.48;1.56;0.98;1.27;3.55;2.1;4.0;12.5;44;56;105;98;39;35;10;14;8;6;14;10;2;2;0;0;2;1;4;2;2.0;0.5;0.8;1.4;0;0.96
2025-09-27;Heidenheim;Augsburg;GERMANY 1;2025/2026;2;1;0;0;1.34;0.92;0.7;1.36;2.84;2.6;3.65;13.5;48;52;85;115;41;36;11;8;5;2;16;20;1;6;0;0;1;2;3;2;0.0;1.5;0.0;0.75;0;0.96
2025-09-27;Atl. Madrid;Real Madrid;SPAIN 1;2025/2026;5;2;2;2;1.56;0.85;1.74;2.42;3.2;2.4;3.65;13.0;37;63;73;121;35;43;13;6;7;2;17;14;5;4;0;0;1;1;7;2;2.33;3.0;1.5;3.0;0;0.96
2025-09-27;Getafe;Levante;SPAIN 1;2025/2026;1;1;0;1;1.39;1.3;0.96;1.2;2.16;4.3;3.2;12.0;54;46;107;95;57;54;11;11;4;3;15;16;4;3;0;0;2;2;6;2;2.0;1.0;1.67;0.67;0;0.96
2026-08-28;Vasco;Cruzeiro;BRAZIL 1;2026;0;0;0;0;0.0;0.0;2.14;1.26;3.2;2.52;3.2;10.0;-1;-1;0;0;0;0;-1;-1;-1;-1;-1;-1;-1;-1;-1;-1;-1;-1;-1;-1;2.0;0.25;1.38;0.5;1;0.96
2025-09-27;Juventude;Internacional;BRAZIL 1;2025;1;1;0;1;1.53;0.6;1.25;1.17;3.85;2.2;3.2;8.6;56;44;119;72;60;18;14;5;3;2;20;18;2;2;0;0;1;1;7;1;1.42;0.91;0.91;1.17;0;0.96
2025-09-27;Moreirense;Casa Pia;PORTUGAL 1;2025/2026;2;1;1;1;1.31;1.84;1.38;0.96;2.16;4.2;3.15;11.5;54;46;82;100;37;42;12;20;4;4;13;15;4;4;0;0;4;3;6;8;3.0;2.0;2.0;1.17;0;0.96
2025-09-27;Santa Clara;Tondela;PORTUGAL 1;2025/2026;1;2;0;0;1.35;1.28;1.49;1.22;1.75;6.2;3.5;17.0;53;47;94;94;42;22;11;12;5;5;13;25;2;7;0;0;1;0;3;4;1.33;0.0;1.33;0.33;0;0.96
2025-09-28;Aston Villa;Fulham;ENGLAND 1;2025/2026;3;1;1;1;1.11;1.39;1.12;1.04;2.38;3.6;3.25;12.0;48;52;88;81;35;57;9;11;4;4;10;13;1;4;0;0;2;4;2;8;0.5;0.5;0.6;1.6;0;0.96
2025-09-28;Union Berlin;Hamburger SV;GERMANY 1;2025/2026;0;0;0;0;1.18;1.73;1.49;0.88;2.04;4.0;3.75;17.0;34;66;80;126;47;40;11;16;2;6;18;17;2;2;0;1;1;3;5;3;1.5;0.5;1.5;1.0;1;0.96
2025-09-28;Freiburg;Hoffenheim;GERMANY 1;2025/2026;1;1;1;1;0.67;1.63;1.74;1.35;2.32;3.15;3.75;17.0;43;57;95;86;29;56;6;15;1;4;9;15;2;1;0;0;1;2;6;8;1.5;3.0;1.5;1.5;0;0.96
2025-09-28;Nice;Paris FC;FRANCE 1;2025/2026;1;1;1;0;1.41;1.3;1.73;1.28;1.93;4.1;4.1;21.0;44;56;88;88;50;37;11;13;5;3;14;14;1;1;0;0;1;1;5;5;2.0;1.0;1.2;1.2;0;0.96
2025-09-28;Metz;Le Havre;FRANCE 1;2025/2026;0;0;0;0;0.8;1.23;0.79;1.04;2.8;2.72;3.45;11.5;53;47;93;88;48;63;7;10;0;2;16;16;2;2;0;0;1;2;4;6;0.5;0.0;0.2;0.8;1;0.96
2025-09-28;Rennes;Lens;FRANCE 1;2025/2026;0;0;0;0;1.53;1.28;1.75;0.97;2.6;2.82;3.65;14.5;67;33;145;56;69;45;14;13;2;2;16;9;3;2;0;1;1;0;8;4;3.0;1.5;1.6;1.8;1;0.96
2025-09-28;Famalicao;Rio Ave;PORTUGAL 1;2025/2026;0;0;0;0;2.75;0.7;1.02;1.23;1.82;5.0;3.85;0.0;58;42;137;51;89;23;28;5;5;3;19;15;4;5;0;0;2;0;11;6;1.33;0.67;1.83;0.67;1;0.96
2025-09-28;AC Milan;Napoli;ITALY 1;2025/2026;2;1;2;0;0.69;2.23;1.9;1.53;2.48;3.35;3.25;11.5;37;63;66;107;13;75;6;19;3;7;7;7;1;0;1;0;1;0;1;7;1.5;3.0;2.25;3.0;0;0.96
2025-09-28;Lecce;Bologna;ITALY 1;2025/2026;2;2;1;1;1.24;1.54;1.12;0.74;4.5;2.1;3.15;6.8;33;67;62;111;28;41;12;14;4;5;13;13;4;2;0;0;1;4;3;9;0.0;0.0;0.25;1.5;0;0.96
2025-09-28;Pisa;Fiorentina;ITALY 1;2025/2026;0;0;0;0;1.06;1.25;1.01;1.04;3.75;2.26;3.3;8.2;39;61;62;87;41;31;11;14;1;2;15;15;0;1;0;0;1;5;4;6;0.0;1.0;0.25;0.5;1;0.96
2025-09-28;Sassuolo;Udinese;ITALY 1;2025/2026;3;1;2;0;1.31;1.39;0.95;1.26;2.46;3.3;3.3;12.0;44;56;85;93;36;38;11;12;5;5;5;22;0;3;0;0;5;1;1;5;1.5;3.0;0.75;1.75;0;0.96
2026-04-05;Bahia;Palmeiras;BRAZIL 1;2026;0;0;0;0;0.0;0.0;1.76;1.11;3.75;2.14;3.3;8.6;-1;-1;0;0;0;0;-1;-1;-1;-1;-1;-1;-1;-1;-1;-1;-1;-1;-1;-1;1.67;1.75;2.0;2.38;1;0.96
2025-09-28;Rayo Vallecano;Sevilla;SPAIN 1;2025/2026;0;1;0;0;2.02;0.52;1.6;1.24;2.14;4.1;3.35;1000.0;64;36;107;76;65;26;18;4;6;1;11;15;3;2;1;0;0;1;12;4;1.0;2.0;0.83;1.17;0;-999.0
2025-09-28;Elche;Celta Vigo;SPAIN 1;2025/2026;2;1;1;1;2.02;0.83;1.48;1.04;2.98;2.8;3.2;9.8;62;38;101;74;53;24;17;8;8;2;12;20;3;3;0;0;3;3;7;2;2.33;1.0;1.67;0.83;0;0.96
2025-09-28;Barcelona;Real Sociedad;SPAIN 1;2025/2026;2;1;1;1;2.83;0.74;2.26;1.57;1.31;11.5;6.2;800.0;75;25;134;51;84;21;22;7;12;2;6;12;1;2;0;0;3;5;12;1;3.0;0.33;2.67;0.83;0;0.96
2025-09-28;Alverca;Vitoria Guimaraes;PORTUGAL 1;2025/2026;2;0;1;0;1.15;1.82;1.36;1.29;3.6;2.32;3.2;0.0;43;57;57;115;24;57;11;19;4;3;15;17;2;0;1;0;1;1;1;5;1.0;1.0;0.67;1.33;1;0.96
2025-09-29;Arouca;FC Porto;PORTUGAL 1;2025/2026;0;4;0;1;1.16;1.68;1.23;1.71;11.0;1.34;5.8;8.4;47;53;64;80;18;45;13;16;3;5;13;8;5;2;0;1;0;2;5;8;1.33;3.0;1.33;3.0;0;0.96
2025-09-29;Parma;Torino;ITALY 1;2025/2026;2;1;1;0;1.2;1.65;0.97;1.11;2.42;3.55;3.2;11.5;37;63;80;97;33;59;13;15;2;4;10;12;3;3;0;0;1;1;4;3;1.0;1.5;0.5;1.0;0;0.96
2025-09-29;Genoa;Lazio;ITALY 1;2025/2026;0;3;0;2;1.69;1.34;0.83;1.0;3.15;2.78;3.05;8.6;65;35;113;72;36;49;17;9;5;6;18;16;5;1;0;0;1;2;6;0;0.5;0.0;0.5;0.75;0;0.96
2025-09-30;Valencia;R. Oviedo;SPAIN 1;2025/2026;1;2;1;0;1.79;1.17;1.35;0.88;1.73;6.2;3.75;15.5;57;43;118;78;59;35;16;10;5;4;14;12;1;3;0;1;1;4;5;4;2.33;0.0;1.33;0.5;0;0.96
2026-08-21;Palmeiras;Vasco;BRAZIL 1;2026;0;0;0;0;0.0;0.0;1.66;1.43;1.4;10.0;5.1;30.0;-1;-1;0;0;0;0;-1;-1;-1;-1;-1;-1;-1;-1;-1;-1;-1;-1;-1;-1;3.0;0.33;2.38;1.38;1;0.96
2026-10-06;Internacional;Corinthians;BRAZIL 1;2026;0;0;0;0;0.0;0.0;1.91;0.87;2.12;4.3;3.3;12.5;-1;-1;0;0;0;0;-1;-1;-1;-1;-1;-1;-1;-1;-1;-1;-1;-1;-1;-1;0.75;1.5;1.0;1.25;1;0.96
2025-10-02;Vitoria;Ceara;BRAZIL 1;2025;1;0;1;0;1.08;1.26;1.56;1.11;2.48;3.45;3.1;9.6;37;63;87;105;41;31;9;13;3;3;14;15;4;1;0;0;3;2;6;3;1.42;1.08;0.88;1.29;1;0.96
2025-10-03;Osasuna;Getafe;SPAIN 1;2025/2026;2;1;1;1;0.96;0.88;1.33;0.96;2.26;4.2;3.0;9.8;58;42;81;97;42;49;7;6;3;2;11;14;1;4;0;0;3;6;1;6;2.33;1.5;1.0;1.57;0;0.96
2025-10-03;Paris FC;Lorient;FRANCE 1;2025/2026;2;0;2;0;1.12;1.01;2.32;0.96;1.92;4.4;3.95;18.0;59;41;116;89;47;40;10;8;2;3;19;10;0;3;0;0;3;2;1;5;1.5;0.33;1.17;1.17;1;0.96
2025-10-03;Bournemouth;Fulham;ENGLAND 1;2025/2026;3;1;0;0;1.64;1.41;1.42;1.15;1.97;4.3;3.75;16.0;54;46;145;90;71;51;11;12;6;4;8;10;0;1;0;0;2;2;4;3;2.33;0.33;1.83;1.33;0;0.96
2025-10-04;R. Oviedo;Levante;SPAIN 1;2025/2026;0;2;0;1;1.38;1.52;0.8;1.22;2.64;3.0;3.35;9.8;57;43;101;77;58;40;13;14;2;5;10;10;2;2;0;0;1;2;9;3;1.0;1.0;0.86;0.71;0;0.96
2025-10-04;Real Madrid;Villarreal;SPAIN 1;2025/2026;3;1;0;0;2.81;0.91;2.07;1.09;1.48;7.0;5.3;36.0;70;30;133;69;96;28;26;9;7;2;9;14;2;3;0;1;-1;-1;4;0;3.0;1.33;2.57;2.29;0;0.96
2025-10-04;Girona;Valencia;SPAIN 1;2025/2026;2;1;1;0;0.77;1.95;1.25;0.54;2.54;3.0;3.45;12.0;45;55;72;120;32;45;4;19;4;6;13;12;4;1;2;0;5;1;0;7;0.25;0.33;0.43;1.14;0;0.96
2025-10-04;Vitoria Guimaraes;Santa Clara;PORTUGAL 1;2025/2026;2;1;0;1;1.76;1.36;1.36;1.12;3.25;2.76;2.96;7.0;52;48;135;72;51;26;14;13;7;5;17;11;4;5;0;0;1;1;9;3;1.67;1.33;1.14;1.14;0;0.96
2025-10-04;Nacional;Moreirense;PORTUGAL 1;2025/2026;3;2;1;1;1.92;1.11;1.22;0.66;2.42;3.15;3.2;11.0;58;42;97;55;49;27;17;10;7;4;12;16;1;3;0;1;1;1;2;4;0.0;1.0;1.0;2.14;0;0.96
2025-10-04;Manchester Utd;Sunderland;ENGLAND 1;2025/2026;2;0;2;0;1.65;1.03;2.05;0.95;1.57;6.2;4.7;22.0;50;50;110;97;38;42;15;8;6;3;10;12;1;4;0;0;1;2;2;3;2.0;1.33;1.17;1.83;1;0.96
2025-10-04;Chelsea;Liverpool;ENGLAND 1;2025/2026;2;1;1;0;1.59;1.25;1.61;1.86;3.0;2.4;3.9;16.5;53;47;101;100;57;48;12;12;6;2;9;8;0;2;0;0;2;2;7;2;1.33;2.0;1.33;2.5;0;0.96
2025-10-04;Werder Bremen;St. Pauli;GERMANY 1;2025/2026;1;0;1;0;1.57;1.46;1.46;1.45;2.44;3.05;3.7;14.5;41;59;93;162;37;57;15;13;5;3;8;9;3;1;0;0;3;1;4;0;0.5;1.5;0.8;1.4;1;0.96
2025-10-04;Atalanta;Como;ITALY 1;2025/2026;1;1;1;1;1.65;1.3;2.23;1.66;2.46;3.2;3.45;14.0;51;49;97;96;50;35;16;12;4;4;10;19;1;3;0;0;2;1;8;3;2.0;1.5;1.8;1.6;0;0.96
2026-10-27;Corinthians;Mirassol;BRAZIL 1;2026;0;0;0;0;0.0;0.0;1.28;1.32;2.12;4.3;3.3;11.5;-1;-1;0;0;0;0;-1;-1;-1;-1;-1;-1;-1;-1;-1;-1;-1;-1;-1;-1;1.0;0.33;1.25;0.86;1;0.96
2025-10-04;Parma;Lecce;ITALY 1;2025/2026;0;1;0;1;1.09;0.92;1.08;1.07;1.9;4.6;3.75;14.0;63;37;97;89;43;36;10;7;2;3;16;16;1;2;0;0;2;2;4;9;2.0;0.5;1.0;0.4;0;-13.0
2025-10-04;Lazio;Torino;ITALY 1;2025/2026;3;3;2;1;1.16;1.76;1.56;1.29;1.77;5.7;3.75;17.0;49;51;85;95;43;26;9;16;4;8;13;22;3;3;0;0;1;1;3;5;1.5;1.0;1.2;0.8;0;0.96
2025-10-04;Bayer Leverkusen;Union Berlin;GERMANY 1;2025/2026;2;0;1;0;1.85;1.01;1.54;1.19;1.75;5.2;4.1;19.5;74;26;134;78;52;23;20;10;3;3;11;13;1;3;0;0;1;0;4;4;1.33;1.5;1.6;1.4;1;0.96
2025-10-04;Eintracht Frankfurt;Bayern Munich;GERMANY 1;2025/2026;0;3;0;2;0.67;1.46;2.17;2.27;7.4;1.43;5.8;21.0;40;60;63;123;30;67;6;12;1;3;11;11;1;2;0;0;0;5;4;3;1.5;3.0;1.8;3.0;0;0.96
2025-10-04;Brest;Nantes;FRANCE 1;2025/2026;0;0;0;0;1.77;0.61;1.78;1.11;1.98;4.2;3.75;16.0;51;49;93;92;49;30;17;6;5;0;11;12;2;1;0;0;1;3;12;3;1.33;0.33;1.17;0.83;1;0.96
2025-10-04;Auxerre;Lens;FRANCE 1;2025/2026;1;2;0;1;1.75;0.9;0.81;1.07;3.75;2.1;3.8;10.5;57;43;120;76;65;23;18;7;2;4;10;21;3;6;0;1;0;2;2;2;2.0;1.33;1.0;1.67;0;0.96
2025-10-04;Augsburg;Wolfsburg;GERMANY 1;2025/2026;3;1;1;0;1.41;1.44;1.48;1.21;2.9;2.56;3.7;13.5;47;53;120;70;57;39;10;14;5;4;9;7;2;1;0;0;5;2;10;5;0.0;1.5;0.6;1.0;0;0.96
2025-10-05;Bologna;Pisa;ITALY 1;2025/2026;4;0;3;0;2.4;0.28;1.51;1.29;1.74;6.0;3.8;16.0;71;29;121;67;55;19;24;2;7;0;16;12;0;1;0;1;1;2;2;2;3.0;0.5;1.4;0.4;1;0.96
2025-10-05;Udinese;Cagliari;ITALY 1;2025/2026;1;1;0;1;2.18;0.74;1.37;1.25;2.26;3.95;3.2;11.5;60;40;124;47;62;13;23;8;4;2;14;16;1;2;0;0;-1;-1;7;2;0.5;1.5;1.4;1.4;0;0.96
2025-10-05;Ceara;Santos;BRAZIL 1;2025;3;0;1;0;1.08;1.48;1.4;1.09;2.46;3.4;3.05;11.5;41;59;17;40;6;9;11;17;5;5;16;16;1;3;0;0;3;1;2;7;1.5;0.92;1.24;1.12;1;0.96
2025-10-05;Aston Villa;Burnley;ENGLAND 1;2025/2026;2;1;1;0;1.66;0.7;1.12;1.03;1.65;6.2;4.1;19.5;55;45;89;82;30;32;15;5;7;2;9;15;3;0;0;0;3;5;6;4;1.33;0.0;1.0;0.67;0;0.96
2025-10-05;Everton;Crystal Palace;ENGLAND 1;2025/2026;2;1;0;1;1.74;1.84;1.55;1.21;2.66;3.05;3.3;10.5;50;50;123;94;50;46;14;15;7;8;13;16;2;3;0;0;0;1;2;4;1.67;2.33;1.33;2.0;0;0.96
2025-10-05;Hamburger SV;Mainz;GERMANY 1;2025/2026;4;0;2;0;1.76;1.54;1.51;1.69;3.0;2.42;3.75;13.0;35;65;82;116;25;77;15;11;9;4;14;13;2;3;0;0;3;3;1;4;1.5;2.0;1.0;0.8;1;0.96
2025-10-05;Stuttgart;Heidenheim;GERMANY 1;2025/2026;1;0;0;0;1.96;0.64;1.74;1.46;1.46;7.8;5.3;36.0;64;36;143;72;54;34;18;5;6;1;11;12;1;1;0;0;2;3;1;1;3.0;0.0;1.8;0.6;1;0.96
2025-10-05;Napoli;Genoa;ITALY 1;2025/2026;2;1;0;1;1.52;0.65;2.05;1.14;1.5;9.8;4.3;22.0;69;31;99;79;57;26;12;6;5;1;16;15;1;3;0;0;2;2;7;5;3.0;0.5;2.4;0.4;0;0.96
2026-12-01;Vasco;Vitoria;BRAZIL 1;2026;0;0;0;0;0.0;0.0;2.14;0.85;1.74;5.1;3.8;21.0;-1;-1;0;0;0;0;-1;-1;-1;-1;-1;-1;-1;-1;-1;-1;-1;-1;-1;-1;2.0;0.33;1.38;1.43;1;0.96
2025-10-05;Juventude;Fortaleza;BRAZIL 1;2025;1;2;1;0;1.79;0.9;1.27;1.12;2.64;2.84;3.2;1000.0;49;51;79;70;40;24;16;8;7;3;14;15;1;3;1;0;3;2;8;1;1.38;0.36;0.92;0.84;0;0.96
2025-10-05;Brentford;Manchester City;ENGLAND 1;2025/2026;0;1;0;1;0.72;1.25;1.15;1.26;5.2;1.69;4.6;12.0;30;70;71;140;37;44;6;10;1;4;10;6;3;2;0;0;1;1;3;2;2.33;1.33;1.17;1.67;0;-11.0
2025-10-05;Lille;PSG;FRANCE 1;2025/2026;1;1;0;0;1.09;1.72;1.73;1.83;4.7;1.83;4.0;11.0;38;62;77;107;43;41;9;17;3;5;11;12;1;1;0;0;1;0;3;5;2.0;2.0;1.67;2.5;0;0.96
2025-10-05;FC Porto;Benfica;PORTUGAL 1;2025/2026;0;0;0;0;1.01;0.49;1.93;1.44;2.04;4.2;3.5;14.5;51;49;111;74;49;22;8;4;2;1;15;6;5;1;0;0;-1;-1;3;3;3.0;3.0;3.0;2.43;1;0.96
2025-10-05;Juventus;AC Milan;ITALY 1;2025/2026;0;0;0;0;1.38;1.29;2.23;1.59;3.0;2.76;3.25;11.5;51;49;97;75;56;26;12;13;3;4;15;8;2;2;0;0;0;1;6;0;2.33;3.0;2.2;2.4;1;0.96
2025-10-05;Monaco;Nice;FRANCE 1;2025/2026;2;2;1;2;2.22;0.93;1.57;1.55;1.87;4.4;4.1;23.0;66;34;130;58;74;31;20;9;6;2;10;9;1;2;0;1;4;2;6;7;3.0;0.0;2.0;1.17;0;0.96
2025-10-05;Le Havre;Rennes;FRANCE 1;2025/2026;2;2;1;2;1.1;1.13;1.66;1.12;3.15;2.44;3.55;10.0;43;57;67;101;46;48;10;9;2;3;13;9;1;2;0;0;3;2;3;4;1.33;0.67;0.83;1.5;0;0.96
2025-10-05;Sevilla;Barcelona;SPAIN 1;2025/2026;4;1;2;1;1.52;1.87;1.38;2.37;5.4;1.62;4.9;14.0;39;61;60;91;50;32;13;17;5;8;18;9;7;5;0;0;10;0;7;6;0.33;2.5;1.43;2.71;0;0.96
2025-10-05;Real Sociedad;Rayo Vallecano;SPAIN 1;2025/2026;0;1;0;0;1.11;0.75;1.96;1.4;2.14;3.85;3.6;13.0;51;49;101;90;36;21;10;7;3;2;13;21;1;2;0;0;0;1;7;5;1.33;0.75;0.71;0.71;0;-12.0
2025-10-05;Celta Vigo;Atl. Madrid;SPAIN 1;2025/2026;1;1;0;1;2.08;0.68;1.64;1.72;4.8;1.81;4.1;8.4;59;41;149;88;91;30;18;6;4;1;7;10;1;2;0;1;2;0;6;3;0.75;0.67;0.71;1.71;0;0.96
2025-10-05;Arouca;Famalicao;PORTUGAL 1;2025/2026;1;1;0;0;0.83;1.63;1.22;1.41;3.65;2.18;3.65;8.8;46;54;53;82;24;55;7;14;3;5;22;12;4;1;1;0;2;4;4;11;1.0;2.33;1.14;1.71;0;0.96
2025-10-05;Rio Ave;Tondela;PORTUGAL 1;2025/2026;3;0;2;0;1.49;1.47;1.16;1.24;2.38;3.1;3.55;14.5;47;53;66;126;25;59;13;13;7;3;15;15;6;3;1;1;0;3;6;7;0.67;0.75;0.71;0.71;1;0.96
2025-10-11;Palmeiras;Juventude;BRAZIL 1;2025;4;1;2;0;2.37;0.69;1.7;0.93;1.23;18.0;6.6;46.0;67;33;137;73;64;14;19;8;10;1;9;15;1;2;0;0;1;0;6;0;2.23;0.42;2.2;0.88;0;0.96
2026-10-16;Mirassol;Internacional;BRAZIL 1;2026;0;0;0;0;0.0;0.0;2.06;1.69;2.12;3.7;3.25;0.0;-1;-1;0;0;0;0;-1;-1;-1;-1;-1;-1;-1;-1;-1;-1;-1;-1;-1;-1;1.25;1.25;0.86;1.0;1;0.96
2025-10-15;Fortaleza;Vasco;BRAZIL 1;2025;0;2;0;1;2.82;0.79;1.59;1.39;2.44;3.25;3.4;11.5;55;45;119;72;69;27;27;6;9;3;15;9;5;2;2;1;2;2;10;2;1.21;0.85;0.92;1.22;0;0.96
2026-03-15;Santos;Corinthians;BRAZIL 1;2026;1;1;1;1;1.2;1.08;1.12;0.44;2.18;4.1;3.25;11.0;44;56;92;77;30;33;11;10;4;3;19;15;4;2;1;0;1;2;4;6;2.0;2.0;1.0;1.4;0;0.96
2026-08-21;Vitoria;Bahia;BRAZIL 1;2026;0;0;0;0;0.0;0.0;1.44;1.02;2.96;2.92;3.1;8.2;-1;-1;0;0;0;0;-1;-1;-1;-1;-1;-1;-1;-1;-1;-1;-1;-1;-1;-1;2.25;2.25;1.43;2.0;1;0.96
2025-10-16;Fluminense;Juventude;BRAZIL 1;2025;1;0;0;0;1.33;0.85;1.64;0.91;1.37;12.0;5.1;29.0;67;33;110;76;60;28;13;9;1;1;12;18;2;6;0;1;0;1;8;2;2.08;0.38;1.46;0.85;1;0.96
2025-10-17;PSG;Strasbourg;FRANCE 1;2025/2026;3;3;1;2;2.41;1.45;2.04;1.25;1.33;10.5;6.2;44.0;71;29;131;69;62;28;21;12;9;7;9;11;2;1;0;0;-1;-1;4;1;3.0;2.0;2.29;2.14;0;0.96
2025-10-17;R. Oviedo;Espanyol;SPAIN 1;2025/2026;0;2;0;0;1.42;2.31;0.95;1.37;3.15;2.6;3.25;8.8;61;39;104;104;43;57;13;19;4;10;9;8;2;1;0;0;0;2;3;5;0.75;0.67;0.75;1.5;0;0.96
2025-10-18;Sevilla;Mallorca;SPAIN 1;2025/2026;1;3;1;0;1.36;1.14;1.42;1.3;1.91;5.2;3.5;15.0;58;42;87;76;36;38;13;7;4;6;16;13;2;1;0;0;3;0;9;2;1.0;0.0;1.63;0.63;0;0.96
2025-10-18;Barcelona;Girona;SPAIN 1;2025/2026;2;1;1;1;2.8;1.19;2.45;1.04;1.25;14.0;7.6;75.0;68;32;105;56;67;30;27;11;9;4;10;7;1;2;0;0;1;2;11;5;3.0;0.67;2.38;0.75;0;0.96
2025-10-18;Atl. Madrid;Osasuna;SPAIN 1;2025/2026;1;0;0;0;2.14;0.94;1.7;0.83;1.4;10.0;5.3;30.0;59;41;82;69;53;32;18;9;9;2;10;11;1;3;0;0;6;1;4;2;2.5;0.0;1.63;1.25;1;0.96
2025-10-18;Lecce;Sassuolo;ITALY 1;2025/2026;0;0;0;0;1.19;0.93;1.16;1.16;3.05;2.76;3.15;9.2;52;48;85;62;49;30;11;9;2;2;16;14;2;2;0;0;1;1;6;4;0.33;1.0;0.83;1.5;1;0.96
2025-10-18;Torino;Napoli;ITALY 1;2025/2026;1;0;1;0;1.18;2.26;1.17;1.76;5.7;1.88;3.4;7.2;31;69;60;87;40;74;12;22;2;5;9;9;1;2;0;0;2;2;3;11;0.5;2.0;0.83;2.5;1;0.96
2025-10-18;Wolfsburg;Stuttgart;GERMANY 1;2025/2026;0;3;0;1;1.89;2.95;1.52;1.58;2.94;2.5;3.8;15.0;41;59;196;280;134;207;11;15;3;7;12;8;1;1;0;0;0;1;3;8;0.67;1.0;0.83;2.0;0;0.96
2025-10-18;RB Leipzig;Hamburger SV;GERMANY 1;2025/2026;2;1;1;0;0.98;1.28;2.01;1.16;1.47;7.2;5.4;42.0;47;53;71;100;9;16;10;15;4;3;13;12;3;1;0;0;0;1;3;5;3.0;0.67;2.17;1.33;0;0.96
2025-10-18;Mainz;Bayer Leverkusen;GERMANY 1;2025/2026;3;4;1;3;1.3;2.13;1.47;1.02;2.84;2.68;3.55;13.5;42;58;142;131;34;41;12;20;4;8;19;11;4;4;0;0;2;0;2;3;0.0;2.0;0.67;1.83;0;0.96
2025-10-18;Heidenheim;Werder Bremen;GERMANY 1;2025/2026;2;2;0;0;3.31;1.21;0.91;1.22;3.1;2.42;3.7;13.0;55;45;128;93;83;32;31;11;11;4;9;11;1;3;0;0;2;0;12;2;1.0;1.0;0.5;1.17;0;0.96
2025-10-18;Cruzeiro;Fortaleza;BRAZIL 1;2025;1;0;1;0;1.28;1.87;1.68;1.1;1.55;6.8;4.6;23.0;55;45;116;105;50;63;10;18;4;4;13;17;1;5;0;0;1;0;3;6;2.29;0.58;1.89;0.89;1;0.96
2025-10-18;Fulham;Arsenal;ENGLAND 1;2025/2026;0;1;0;0;0.82;1.9;1.25;1.46;8.4;1.52;4.4;6.6;37;63;43;79;35;77;9;16;0;5;11;4;0;0;0;0;0;2;6;10;2.33;2.0;1.14;2.29;0;-5.6
2025-10-18;Manchester City;Everton;ENGLAND 1;2025/2026;2;0;0;0;2.21;0.58;1.75;1.06;1.48;8.6;4.8;29.0;71;29;118;54;72;26;19;5;7;1;8;14;0;2;0;0;0;1;11;3;2.0;1.0;1.86;1.57;1;0.96
2025-10-18;Crystal Palace;Bournemouth;ENGLAND 1;2025/2026;3;3;0;2;2.29;1.16;1.47;1.57;2.32;3.5;3.45;14.5;52;48;44;45;78;43;20;8;7;5;8;16;1;4;0;0;3;3;6;5;1.67;1.33;1.71;2.0;0;0.96
2025-10-19;Getafe;Real Madrid;SPAIN 1;2025/2026;0;1;0;0;0.7;2.57;1.1;2.03;8.6;1.48;4.7;7.6;24;76;64;125;25;58;7;23;1;10;27;11;3;1;3;0;2;3;1;4;1.67;2.25;1.38;2.63;0;-6.6
2025-10-19;Levante;Rayo Vallecano;SPAIN 1;2025/2026;0;3;0;2;1.9;1.13;0.9;1.27;2.88;2.7;3.5;11.5;54;46;125;58;76;21;17;10;4;5;6;17;0;1;0;0;1;0;11;4;0.33;1.2;1.0;1.0;0;0.96
2025-10-19;Celta Vigo;Real Sociedad;SPAIN 1;2025/2026;1;1;1;0;0.45;2.05;1.73;1.36;2.18;3.75;3.55;14.5;41;59;61;125;16;67;4;17;1;7;10;20;3;3;1;0;1;8;1;10;0.8;0.25;0.75;0.63;0;0.96
2025-10-19;AC Milan;Fiorentina;ITALY 1;2025/2026;2;1;0;0;1.51;0.7;1.5;1.11;1.79;5.5;3.8;16.0;56;44;114;105;47;41;14;5;4;1;15;10;3;3;0;0;0;2;1;3;2.0;1.0;2.17;0.5;0;0.96
2025-10-19;Atalanta;Lazio;ITALY 1;2025/2026;0;0;0;0;1.91;0.52;2.03;1.11;1.82;5.2;3.85;18.0;58;42;116;82;66;26;16;4;6;1;10;5;4;0;0;0;3;0;7;1;1.67;1.0;1.67;1.17;1;0.96
2025-10-19;Cagliari;Bologna;ITALY 1;2025/2026;0;2;0;1;0.59;1.29;1.18;1.01;4.1;2.12;3.4;8.0;42;58;61;54;16;23;4;10;3;7;15;19;1;3;0;0;5;1;2;7;1.33;0.33;1.33;1.67;0;0.96
2025-10-19;Freiburg;Eintracht Frankfurt;GERMANY 1;2025/2026;2;2;1;2;1.51;0.86;1.39;1.65;2.62;2.82;3.7;15.5;51;49;99;83;55;19;12;8;5;3;6;15;2;3;0;0;4;0;3;1;1.33;2.0;1.33;1.5;0;0.96
2025-10-19;St. Pauli;Hoffenheim;GERMANY 1;2025/2026;0;3;0;0;1.13;1.44;1.64;1.44;2.64;2.9;3.5;14.0;49;51;89;93;49;28;10;14;2;5;10;17;1;3;0;0;4;2;9;7;1.33;2.33;1.17;1.17;0;0.96
2025-10-19;Lens;Paris FC;FRANCE 1;2025/2026;2;1;1;1;1.23;0.95;2.17;1.29;1.96;4.2;3.9;18.0;43;57;94;79;44;22;11;9;3;3;11;6;2;2;0;0;2;2;11;3;2.0;1.0;1.86;1.43;0;0.96
2025-10-19;Toulouse;Metz;FRANCE 1;2025/2026;4;0;2;0;1.88;0.43;1.52;1.09;1.6;7.0;4.2;22.0;36;64;79;77;54;20;16;2;7;2;14;11;2;1;0;1;1;1;5;1;1.33;0.0;1.43;0.29;1;0.96
2025-10-19;Rennes;Auxerre;FRANCE 1;2025/2026;2;2;1;1;2.08;0.9;1.68;1.44;1.85;4.7;3.95;19.0;52;48;98;82;54;23;19;7;7;4;9;15;1;3;0;0;2;2;6;2;2.33;0.0;1.43;0.86;0;0.96
2025-10-19;Lorient;Brest;FRANCE 1;2025/2026;3;3;1;2;1.52;1.01;1.76;1.17;2.76;2.86;3.4;11.5;50;50;74;102;38;29;12;8;7;4;10;15;3;2;0;0;4;0;5;2;2.0;1.0;1.0;1.14;0;0.96
2025-10-19;Nantes;Lille;FRANCE 1;2025/2026;0;2;0;1;0.99;2.2;0.87;1.83;5.5;1.78;3.85;9.2;37;63;70;111;38;56;8;23;3;5;10;9;1;4;0;0;-1;-1;5;9;1.33;1.33;0.86;1.57;0;0.96
2025-10-19;Liverpool;Manchester Utd;ENGLAND 1;2025/2026;1;2;0;1;2.14;1.25;1.51;1.37;1.64;5.4;4.7;30.0;64;36;121;85;72;28;19;12;6;4;8;14;0;2;0;0;1;1;9;4;3.0;0.33;2.14;1.43;0;0.96
2025-10-19;Genoa;Parma;ITALY 1;2025/2026;0;0;0;0;2.32;0.19;1.12;1.4;2.34;3.95;3.05;11.0;69;31;107;46;53;17;23;1;7;0;15;12;2;4;0;1;2;1;3;0;0.33;0.33;0.33;0.83;1;0.96
2025-10-19;Como;Juventus;ITALY 1;2025/2026;2;0;1;0;1.41;1.54;1.63;1.33;3.2;2.56;3.3;9.2;45;55;73;77;32;54;12;15;6;3;17;15;3;1;0;0;1;2;4;1;1.67;2.0;1.5;2.0;1;0.96
2025-10-20;Cremonese;Udinese;ITALY 1;2025/2026;1;1;1;0;1.2;0.92;0.92;1.3;3.35;2.52;3.2;8.6;52;48;86;102;30;46;11;8;4;1;15;14;4;2;0;0;1;2;5;4;2.0;2.0;1.5;1.33;0;0.96
2026-05-29;Santos;Vitoria;BRAZIL 1;2026;0;0;0;0;0.0;0.0;1.16;0.85;1.63;6.4;4.0;20.0;-1;-1;0;0;0;0;-1;-1;-1;-1;-1;-1;-1;-1;-1;-1;-1;-1;-1;-1;1.25;0.33;0.88;1.43;1;-19.0
2026-03-18;Vasco;Fluminense;BRAZIL 1;2026;0;0;0;0;0.0;0.0;2.5;1.75;2.9;2.7;3.1;10.0;-1;-1;0;0;0;0;-1;-1;-1;-1;-1;-1;-1;-1;-1;-1;-1;-1;-1;-1;1.33;1.33;0.83;2.17;1;0.96
2026-08-28;Bahia;Internacional;BRAZIL 1;2026;0;0;0;0;0.0;0.0;1.76;1.69;1.88;4.8;3.7;15.0;-1;-1;0;0;0;0;-1;-1;-1;-1;-1;-1;-1;-1;-1;-1;-1;-1;-1;-1;1.67;1.25;2.0;1.0;1;0.96
2025-10-24;Alverca;Gil Vicente;PORTUGAL 1;2025/2026;0;4;0;2;0.84;1.4;1.31;1.56;3.4;2.54;3.15;8.2;56;44;85;72;43;41;6;12;2;5;12;18;3;4;0;1;2;0;1;4;1.5;1.75;1.25;2.0;0;0.96
2025-10-24;Werder Bremen;Union Berlin;GERMANY 1;2025/2026;1;0;0;0;1.51;1.27;1.49;1.13;2.42;3.15;3.65;15.5;58;42;115;92;39;51;16;12;3;2;6;13;4;0;0;0;0;2;5;6;1.33;1.0;1.14;1.43;1;0.96
2025-10-24;Paris FC;Nantes;FRANCE 1;2025/2026;1;2;1;2;1.58;1.01;1.92;0.99;1.67;5.6;4.3;22.0;68;32;96;55;67;14;14;11;3;3;10;13;3;2;0;0;9;1;8;2;2.0;0.5;1.25;0.75;0;0.96
2025-10-24;Real Sociedad;Sevilla;SPAIN 1;2025/2026;2;1;2;1;0.8;0.75;1.75;1.06;2.06;4.0;3.6;13.5;40;60;85;102;37;39;5;6;3;1;19;14;1;3;0;0;2;1;1;9;1.0;2.25;0.67;1.44;0;0.96
2025-10-24;AC Milan;Pisa;ITALY 1;2025/2026;2;2;1;0;2.37;0.82;1.5;0.95;1.32;12.5;5.9;34.0;68;32;146;70;85;23;20;8;7;2;8;21;1;3;0;0;2;1;6;2;2.25;0.33;2.29;0.43;0;0.96
2025-10-25;Parma;Como;ITALY 1;2025/2026;0;0;0;0;1.08;0.89;1.09;1.54;4.4;2.0;3.55;8.2;29;71;61;104;33;49;10;6;3;2;7;14;0;1;0;0;3;3;3;3;1.33;1.33;0.86;1.71;1;0.96
2025-10-25;Udinese;Lecce;ITALY 1;2025/2026;3;2;2;0;1.07;1.39;1.64;1.02;1.91;5.2;3.5;14.5;44;56;86;118;38;48;8;13;4;3;12;12;2;2;0;0;1;0;4;9;0.67;1.33;1.29;0.86;0;0.96
2025-10-25;Cremonese;Atalanta;ITALY 1;2025/2026;1;1;0;0;1.15;2.15;1.01;1.11;6.6;1.61;4.3;9.0;35;65;83;125;31;65;9;20;5;6;6;8;3;1;0;0;3;2;2;10;1.67;1.67;1.43;1.57;0;0.96
2025-10-25;Benfica;Arouca;PORTUGAL 1;2025/2026;5;0;3;0;2.04;0.61;2.18;0.88;1.19;19.0;8.8;240.0;53;47;107;84;56;39;17;5;8;0;13;18;2;2;0;0;4;1;9;1;2.0;1.33;2.25;1.13;1;0.96
2025-10-25;Girona;R. Oviedo;SPAIN 1;2025/2026;3;3;0;1;1.42;1.13;1.15;0.95;1.86;5.2;3.65;16.5;65;35;110;73;67;20;8;10;6;5;13;16;4;3;0;0;2;2;11;4;0.8;0.75;0.67;0.67;0;0.96
2025-10-25;Valencia;Villarreal;SPAIN 1;2025/2026;0;2;0;1;1.47;1.36;1.46;1.05;3.45;2.28;3.65;11.5;57;43;120;67;42;35;15;12;3;5;13;14;2;4;0;0;2;3;7;5;1.75;1.0;1.0;1.89;0;0.96
2025-10-25;Espanyol;Elche;SPAIN 1;2025/2026;1;0;0;0;1.75;1.44;1.55;0.87;2.08;4.2;3.45;14.0;32;68;78;99;35;46;16;13;7;4;14;15;4;2;0;0;0;1;4;2;2.0;0.75;1.67;1.56;1;0.96
2025-10-25;Hoffenheim;Heidenheim;GERMANY 1;2025/2026;3;1;2;0;1.74;1.26;1.66;1.18;1.62;5.8;4.7;28.0;60;40;115;96;50;39;14;12;7;3;14;13;1;1;0;0;-1;-1;7;5;0.0;0.0;1.43;0.57;0;0.96
2025-10-25;Eintracht Frankfurt;St. Pauli;GERMANY 1;2025/2026;2;0;1;0;1.25;1.03;1.67;1.46;1.75;5.0;4.3;24.0;51;49;94;105;26;53;10;9;6;1;11;6;0;1;0;0;2;4;1;3;1.0;1.0;1.43;1.0;1;0.96
2026-10-27;Fluminense;Internacional;BRAZIL 1;2026;0;0;0;0;0.0;0.0;1.65;1.69;1.86;5.3;3.55;14.5;-1;-1;0;0;0;0;-1;-1;-1;-1;-1;-1;-1;-1;-1;-1;-1;-1;-1;-1;3.0;1.25;2.0;1.0;1;0.96
2026-04-17;Vitoria;Corinthians;BRAZIL 1;2026;0;0;0;0;0.0;0.0;1.44;0.87;2.76;3.05;3.15;9.0;-1;-1;0;0;0;0;-1;-1;-1;-1;-1;-1;-1;-1;-1;-1;-1;-1;-1;-1;2.25;1.5;1.43;1.25;1;-8.0
2025-10-25;Hamburger SV;Wolfsburg;GERMANY 1;2025/2026;0;1;0;1;2.67;0.68;1.59;1.29;2.42;3.1;3.75;16.5;61;39;112;78;78;20;27;6;6;2;8;18;1;5;0;0;2;1;11;1;2.0;1.0;1.14;0.71;0;-15.5
2025-10-25;Monaco;Toulouse;FRANCE 1;2025/2026;1;0;1;0;1.38;1.2;1.73;1.23;1.93;4.3;3.95;19.0;54;46;86;128;19;58;14;10;5;2;15;18;3;4;0;0;-1;-1;2;5;2.5;1.5;1.75;1.63;1;0.96
2025-10-25;Brest;PSG;FRANCE 1;2025/2026;0;3;0;2;0.79;2.19;1.78;1.8;9.4;1.37;5.8;12.0;25;75;81;134;18;68;8;18;2;8;10;10;1;1;0;0;2;2;2;7;1.25;1.75;1.13;2.13;0;0.96
2025-10-25;Brentford;Liverpool;ENGLAND 1;2025/2026;3;2;2;1;2.03;1.96;1.04;1.71;4.4;1.86;4.2;12.5;34;66;94;111;55;66;17;18;8;5;7;10;3;2;0;0;2;0;5;4;1.75;1.5;1.25;1.88;0;0.96
2025-10-25;Chelsea;Sunderland;ENGLAND 1;2025/2026;1;2;1;1;2.09;1.07;1.61;0.97;1.41;9.4;5.2;28.0;68;32;123;76;82;21;16;10;7;4;15;13;1;1;0;0;3;2;9;1;1.75;1.0;1.75;1.75;0;0.96
2025-10-25;Augsburg;RB Leipzig;GERMANY 1;2025/2026;0;6;0;4;1.41;1.74;1.46;1.53;3.5;2.12;4.1;17.0;50;50;146;78;43;33;15;15;2;8;9;10;3;1;0;0;2;0;2;3;1.0;1.75;1.0;2.29;0;0.96
2025-10-26;Tondela;Sporting CP;PORTUGAL 1;2025/2026;0;3;0;1;0.98;3.43;1.7;1.95;14.0;1.26;7.4;10.5;34;66;93;109;37;78;9;29;2;15;12;12;3;1;0;0;2;0;2;9;0.67;3.0;0.63;2.38;0;0.96
2025-10-26;Famalicao;Vitoria Guimaraes;PORTUGAL 1;2025/2026;2;0;1;0;1.92;1.33;1.45;1.42;2.02;4.7;3.25;13.5;50;50;68;102;38;41;15;13;10;3;20;14;1;2;0;0;2;6;5;4;1.25;0.75;1.63;1.38;1;0.96
2025-10-26;Real Madrid;Barcelona;SPAIN 1;2025/2026;2;1;2;1;2.5;1.8;2.25;2.27;2.04;3.35;4.4;32.0;32;68;82;121;50;59;23;15;10;6;12;9;5;4;1;1;5;2;12;4;3.0;2.0;2.67;2.44;0;0.96
2025-10-26;Osasuna;Celta Vigo;SPAIN 1;2025/2026;2;3;2;1;2.15;1.22;1.24;0.97;2.7;3.1;3.2;10.5;61;39;136;58;81;24;17;11;7;5;10;13;3;4;0;0;0;5;5;2;2.5;0.67;1.11;0.78;0;0.96
2025-10-26;Mallorca;Levante;SPAIN 1;2025/2026;1;1;0;1;1.93;1.47;1.03;1.28;2.14;3.95;3.35;13.0;63;37;122;100;54;41;20;13;4;5;8;13;3;2;0;0;3;3;5;4;1.25;1.4;0.89;0.89;0;0.96
2025-10-26;Bayer Leverkusen;Freiburg;GERMANY 1;2025/2026;2;0;1;0;1.92;1.1;1.62;1.24;1.9;4.5;3.95;19.0;69;31;114;72;61;36;19;10;4;3;9;8;1;1;0;1;1;0;2;3;1.75;1.33;2.0;1.29;1;0.96
2025-10-26;Stuttgart;Mainz;GERMANY 1;2025/2026;2;1;1;1;2.02;1.27;1.81;1.64;1.83;4.5;4.1;24.0;59;41;91;79;36;43;19;13;8;2;11;12;4;3;0;0;5;5;7;5;3.0;1.33;2.14;0.57;0;0.96
2025-10-26;Lille;Metz;FRANCE 1;2025/2026;6;1;2;0;2.71;1.16;1.57;0.93;1.35;10.5;5.7;34.0;62;38;110;79;59;34;23;10;12;4;18;12;3;2;0;0;1;0;7;8;1.75;0.0;1.75;0.25;0;0.96
2025-10-26;Auxerre;Le Havre;FRANCE 1;2025/2026;0;1;0;0;1.48;1.13;1.04;1.04;2.18;3.8;3.5;13.5;51;49;66;76;55;38;14;9;3;4;21;12;2;2;0;0;0;2;13;5;1.5;0.25;0.88;0.75;0;-12.5
2025-10-26;Aston Villa;Manchester City;ENGLAND 1;2025/2026;1;0;1;0;1.0;1.91;1.25;1.26;4.7;1.82;4.1;10.0;47;53;81;110;29;69;9;18;3;4;8;16;1;4;0;0;1;3;5;6;1.75;1.75;1.5;2.0;1;0.96
2025-10-26;Rennes;Nice;FRANCE 1;2025/2026;1;2;0;2;2.25;0.87;1.78;1.35;2.16;3.65;3.7;16.5;58;42;116;64;78;21;19;8;7;3;13;22;5;2;0;0;3;2;7;3;2.0;0.33;1.38;1.38;0;0.96
2026-05-15;Palmeiras;Cruzeiro;BRAZIL 1;2026;0;0;0;0;0.0;0.0;1.66;1.26;1.78;5.4;3.9;17.0;-1;-1;0;0;0;0;-1;-1;-1;-1;-1;-1;-1;-1;-1;-1;-1;-1;-1;-1;3.0;0.25;2.38;0.5;1;0.96
2025-10-26;Arsenal;Crystal Palace;ENGLAND 1;2025/2026;1;0;1;0;1.22;0.82;1.86;1.37;1.44;9.0;5.0;26.0;60;40;109;91;51;41;10;7;3;1;6;11;0;0;0;0;2;1;4;3;2.5;1.75;2.38;1.63;1;0.96
2025-10-26;Torino;Genoa;ITALY 1;2025/2026;2;1;0;1;1.64;1.18;1.18;0.98;2.5;3.75;2.96;9.6;59;41;128;80;53;37;13;11;6;3;14;9;2;2;0;0;1;0;9;1;1.33;0.33;1.14;0.43;0;0.96
2025-10-26;Fiorentina;Bologna;ITALY 1;2025/2026;2;2;0;1;1.89;0.76;1.22;1.08;2.72;3.2;3.1;10.0;50;50;71;77;29;22;19;6;7;3;13;20;3;4;0;1;5;3;5;6;0.0;1.0;0.43;1.86;0;0.96
2025-10-26;Lazio;Juventus;ITALY 1;2025/2026;1;0;1;0;1.25;1.66;1.43;1.4;3.65;2.34;3.25;8.8;40;60;67;115;30;58;13;14;3;5;11;18;2;4;0;0;0;2;2;5;1.33;1.33;1.14;1.71;1;0.96
2025-10-27;Moreirense;FC Porto;PORTUGAL 1;2025/2026;1;2;1;1;0.77;1.96;1.36;1.7;12.0;1.32;6.0;7.8;39;61;46;122;27;63;8;16;1;7;15;13;3;1;0;0;0;5;2;7;3.0;3.0;1.88;2.75;0;0.96
2025-10-28;Lecce;Napoli;ITALY 1;2025/2026;0;1;0;0;0.84;1.53;1.17;1.89;7.6;1.59;4.1;7.0;41;59;86;103;35;60;7;14;2;3;10;14;2;1;0;0;1;0;3;5;0.5;1.5;0.75;2.25;0;-6.0
2025-10-28;Atalanta;AC Milan;ITALY 1;2025/2026;1;1;1;1;1.67;0.68;2.0;1.49;2.72;2.86;3.45;12.5;56;44;122;83;53;30;17;6;3;1;9;8;1;3;0;0;0;1;9;4;1.5;2.33;1.5;2.13;0;0.96
2025-10-29;Strasbourg;Auxerre;FRANCE 1;2025/2026;3;0;0;0;2.04;0.73;1.56;1.31;1.8;5.0;3.95;17.5;64;36;125;66;36;38;18;6;9;1;11;16;1;1;0;0;1;1;4;3;2.25;0.25;1.78;0.78;1;0.96
2025-10-29;Nantes;Monaco;FRANCE 1;2025/2026;3;5;2;2;1.72;2.07;0.9;1.12;4.8;1.79;4.1;10.5;48;52;103;94;32;33;18;19;5;9;13;17;3;7;0;0;0;2;1;3;1.0;1.0;1.0;1.89;0;0.96
2025-10-29;Le Havre;Brest;FRANCE 1;2025/2026;1;0;0;0;1.36;0.95;1.52;1.13;2.7;3.0;3.35;11.5;46;54;95;102;45;41;13;8;3;2;12;11;1;3;0;0;2;1;5;1;1.25;1.0;1.0;1.0;1;0.96
2025-10-29;Toulouse;Rennes;FRANCE 1;2025/2026;2;2;0;0;1.64;1.22;1.61;1.12;2.18;3.75;3.6;14.0;55;45;89;63;57;24;15;11;4;5;9;12;2;3;0;0;0;2;5;8;1.75;0.75;1.44;1.22;0;0.96
2025-10-29;Genoa;Cremonese;ITALY 1;2025/2026;0;2;0;1;1.48;1.16;1.42;0.69;1.91;5.3;3.4;13.5;54;46;98;101;55;24;16;11;1;4;16;13;3;1;0;0;3;0;7;3;0.5;1.25;0.38;1.38;0;0.96
2025-10-29;Bologna;Torino;ITALY 1;2025/2026;0;0;0;0;1.27;0.86;1.81;1.41;1.9;5.0;3.55;14.5;71;29;147;53;57;30;11;8;2;2;11;20;2;3;0;0;0;2;3;3;3.0;1.0;1.75;1.38;1;0.96
2025-10-29;Nice;Lille;FRANCE 1;2025/2026;2;0;1;0;0.9;2.33;1.48;1.92;3.65;2.18;3.65;12.0;32;68;51;144;16;100;8;21;4;4;11;10;3;3;0;0;1;0;2;13;2.0;1.75;1.56;1.89;1;0.96
2025-10-29;Metz;Lens;FRANCE 1;2025/2026;2;0;0;0;1.8;1.07;0.72;1.03;7.6;1.49;4.9;10.5;46;54;67;120;43;39;16;10;7;2;15;15;2;2;1;0;0;3;2;5;0.5;1.75;0.22;2.11;1;0.96
2025-10-29;Lorient;PSG;FRANCE 1;2025/2026;1;1;0;0;0.65;2.48;1.7;1.88;13.5;1.24;7.8;12.0;22;78;44;163;27;134;5;15;2;8;5;13;0;2;0;0;4;0;0;8;1.75;2.0;0.89;2.22;0;0.96
2025-10-29;Juventus;Udinese;ITALY 1;2025/2026;3;1;1;1;2.75;0.85;2.02;1.21;1.44;9.4;4.9;28.0;57;43;80;73;58;28;25;8;11;2;12;13;1;4;0;0;2;0;8;4;2.0;1.75;1.5;1.5;0;0.96
2025-10-29;Fluminense;Ceara;BRAZIL 1;2025;1;0;1;0;1.53;0.55;1.66;1.2;1.6;7.4;4.0;19.0;59;41;111;81;58;22;12;6;5;0;17;10;3;0;0;0;2;2;9;3;2.21;0.93;1.52;1.21;1;0.96
2025-10-30;Cagliari;Sassuolo;ITALY 1;2025/2026;1;2;0;0;0.83;1.43;1.03;1.1;2.7;3.15;3.15;10.5;46;54;76;113;35;53;8;12;1;4;20;21;4;4;0;0;2;3;3;7;1.0;1.0;1.13;1.25;0;0.96
2025-10-30;Pisa;Lazio;ITALY 1;2025/2026;0;0;0;0;0.98;1.28;0.95;0.97;3.9;2.24;3.3;8.0;39;61;66;97;29;21;10;11;2;6;16;12;2;2;0;0;1;0;3;1;0.5;1.0;0.5;1.38;1;0.96
2025-10-31;Getafe;Girona;SPAIN 1;2025/2026;2;1;0;0;1.38;0.93;1.0;1.07;2.26;4.1;3.05;11.0;40;60;122;78;45;19;12;8;4;4;17;15;1;2;0;0;3;0;8;3;1.25;0.5;1.4;0.7;0;0.96
2025-11-01;Vitoria Guimaraes;Benfica;PORTUGAL 1;2025/2026;0;3;0;0;0.99;2.64;1.46;1.21;7.4;1.5;4.8;7.2;34;66;57;117;21;60;10;24;3;10;12;11;3;4;1;0;1;0;3;6;2.0;2.5;1.22;2.33;0;0.96
2025-11-01;Nacional;Famalicao;PORTUGAL 1;2025/2026;0;1;0;1;1.01;1.94;1.39;1.46;3.4;2.3;3.5;9.6;44;56;95;79;40;56;8;20;3;4;15;18;3;6;1;0;2;1;3;10;0.75;2.0;1.22;1.78;0;-8.6
2025-11-01;Union Berlin;Freiburg;GERMANY 1;2025/2026;0;0;0;0;1.08;1.35;1.47;1.21;2.74;2.96;3.35;10.0;37;63;87;90;33;34;11;13;2;4;20;13;6;1;0;0;4;1;5;5;1.75;1.0;1.25;1.13;1;0.96
2025-11-01;RB Leipzig;Stuttgart;GERMANY 1;2025/2026;3;1;1;0;1.88;1.58;1.67;1.92;2.12;3.55;4.0;25.0;42;58;76;106;33;57;16;14;9;4;8;10;0;2;0;0;0;7;5;5;3.0;1.5;2.38;2.25;0;0.96
2025-11-01;Mainz;Werder Bremen;GERMANY 1;2025/2026;1;1;1;0;1.46;0.78;1.43;1.22;1.88;4.4;4.1;24.0;47;53;133;93;64;33;10;5;5;3;19;11;1;3;0;0;4;1;2;0;0.0;1.0;0.5;1.38;0;0.96
2025-11-01;Heidenheim;Eintracht Frankfurt;GERMANY 1;2025/2026;1;1;1;0;1.1;1.89;1.51;1.45;3.9;1.94;4.3;16.0;28;72;79;138;34;92;9;16;4;3;7;11;0;2;0;0;1;2;2;8;1.0;1.75;0.5;1.63;0;0.96
2025-11-01;Bayern Munich;Bayer Leverkusen;GERMANY 1;2025/2026;3;0;3;0;2.0;0.73;2.46;1.39;1.23;13.5;8.2;80.0;59;41;112;60;82;30;18;7;4;1;11;3;1;1;0;0;1;1;10;4;3.0;2.33;3.0;2.13;1;0.96
2025-11-01;Udinese;Atalanta;ITALY 1;2025/2026;1;0;1;0;1.34;0.6;1.5;1.37;5.4;1.77;3.95;9.8;40;60;81;82;40;38;11;5;5;0;14;11;1;3;0;0;0;3;5;4;1.25;1.5;1.33;1.44;1;0.96
2025-11-01;Napoli;Como;ITALY 1;2025/2026;0;0;0;0;1.65;1.28;1.65;1.37;1.99;4.9;3.3;14.5;45;55;102;95;36;44;13;13;8;2;15;16;3;1;0;0;-1;-1;4;2;3.0;1.25;2.33;1.78;1;0.96
2025-11-01;Cremonese;Juventus;ITALY 1;2025/2026;1;2;0;1;0.89;1.69;1.05;1.46;7.4;1.55;4.5;8.2;51;49;89;103;23;54;9;15;2;5;10;14;1;0;0;0;0;2;2;3;1.5;1.0;1.56;1.67;0;0.96
2025-11-01;PSG;Nice;FRANCE 1;2025/2026;1;0;0;0;3.33;0.52;2.13;1.23;1.22;15.5;8.0;65.0;77;23;188;32;140;8;28;5;8;2;12;5;3;1;0;0;2;1;11;1;2.5;1.0;2.1;1.7;1;0.96
2025-11-01;Monaco;Paris FC;FRANCE 1;2025/2026;0;1;0;0;1.01;0.88;1.66;1.22;1.7;5.4;4.3;26.0;55;45;117;84;41;33;10;9;1;1;10;12;3;2;0;0;3;0;3;2;2.6;0.8;2.0;1.1;0;-25.0
2025-11-01;Crystal Palace;Brentford;ENGLAND 1;2025/2026;2;0;1;0;1.16;0.89;1.68;1.32;2.08;3.9;3.7;16.0;36;64;79;85;44;50;10;6;3;2;7;11;0;3;0;0;1;3;6;5;1.5;0.75;1.44;1.44;1;0.96
2025-11-01;Burnley;Arsenal;ENGLAND 1;2025/2026;0;2;0;2;0.48;1.59;0.81;1.57;15.0;1.28;6.4;7.6;46;54;100;79;38;38;3;12;0;8;10;13;2;1;0;0;0;1;1;6;1.75;2.25;1.11;2.44;0;0.96
2025-11-01;Liverpool;Aston Villa;ENGLAND 1;2025/2026;2;0;1;0;1.62;1.13;1.67;1.23;1.73;4.9;4.5;24.0;53;47;92;77;46;39;16;10;4;3;13;11;2;3;0;0;8;0;1;4;2.25;1.25;1.67;1.67;1;0.96
2025-11-01;Santos;Fortaleza;BRAZIL 1;2025;1;1;0;1;1.6;1.58;1.63;1.16;1.71;5.7;4.0;19.0;68;32;121;69;51;28;15;13;4;8;15;22;4;2;0;0;2;2;7;4;1.36;0.54;1.1;0.93;0;0.96
2026-04-01;Cruzeiro;Vitoria;BRAZIL 1;2026;0;0;0;0;0.0;0.0;1.44;0.85;1.45;9.2;4.7;26.0;-1;-1;0;0;0;0;-1;-1;-1;-1;-1;-1;-1;-1;-1;-1;-1;-1;-1;-1;0.75;0.33;0.5;1.43;1;0.96
2025-11-01;Atl. Madrid;Sevilla;SPAIN 1;2025/2026;3;0;0;0;1.76;1.02;1.79;1.0;1.36;10.5;5.7;36.0;47;53;118;93;53;33;15;10;6;2;9;12;0;3;0;0;-1;-1;9;4;2.6;1.8;1.9;1.3;1;0.96
2025-11-01;Real Madrid;Valencia;SPAIN 1;2025/2026;4;0;3;0;2.75;0.55;2.3;0.83;1.19;18.0;8.8;70.0;65;35;147;54;91;31;21;4;11;1;14;7;0;1;0;0;2;0;7;1;3.0;0.4;2.7;0.9;1;0.96
2025-11-02;Levante;Celta Vigo;SPAIN 1;2025/2026;1;2;0;1;0.99;2.2;1.15;1.03;3.0;2.58;3.55;13.0;36;64;72;133;28;71;9;20;3;6;10;12;2;3;1;0;-1;-1;4;4;0.25;1.25;0.9;1.0;0;0.96
2025-11-02;Barcelona;Elche;SPAIN 1;2025/2026;3;1;2;1;1.71;1.12;2.54;0.98;1.26;14.0;7.0;0.0;49;51;93;97;40;46;17;9;5;3;12;16;0;1;0;0;5;5;6;3;3.0;0.6;2.2;1.4;0;0.96
2025-11-02;Manchester City;Bournemouth;ENGLAND 1;2025/2026;3;1;2;1;1.93;1.22;1.86;1.46;1.55;6.4;4.9;29.0;48;52;101;109;59;49;15;8;8;5;8;11;2;2;0;0;0;3;9;4;2.25;1.25;1.78;2.0;0;0.96
2025-11-02;Lens;Lorient;FRANCE 1;2025/2026;3;0;1;0;1.33;1.44;1.76;1.2;1.51;7.2;4.7;26.0;58;42;110;90;45;65;9;12;6;3;8;10;2;2;0;0;2;0;7;6;2.4;0.2;1.9;0.9;1;0.96
2025-11-02;Nantes;Metz;FRANCE 1;2025/2026;0;2;0;0;1.62;1.58;1.06;0.97;2.1;3.95;3.5;14.0;52;48;95;56;46;29;16;14;4;7;8;8;0;1;0;0;1;3;8;5;0.8;0.0;0.9;0.5;0;0.96
2025-11-02;Toulouse;Le Havre;FRANCE 1;2025/2026;0;0;0;0;1.78;0.97;1.61;1.06;1.84;4.9;3.75;17.0;46;54;106;80;71;26;18;9;2;3;12;14;0;2;0;0;0;2;10;2;1.6;0.8;1.4;1.2;1;0.96
2025-11-02;Rennes;Strasbourg;FRANCE 1;2025/2026;4;1;2;0;1.51;1.77;1.87;1.2;2.6;2.98;3.55;15.5;41;59;80;126;37;51;13;20;6;2;15;9;1;1;0;0;2;3;6;5;1.6;1.4;1.2;1.9;0;0.96
2025-11-02;Wolfsburg;Hoffenheim;GERMANY 1;2025/2026;2;3;1;1;1.45;1.29;1.61;1.44;2.92;2.46;3.9;16.0;48;52;99;98;36;52;12;10;6;4;10;17;0;2;0;0;3;4;2;2;0.5;2.5;1.0;1.63;0;0.96
2025-11-02;Parma;Bologna;ITALY 1;2025/2026;1;3;1;1;0.67;2.28;1.08;1.01;4.3;2.16;3.15;7.2;35;65;78;101;21;66;7;22;1;6;16;15;1;2;1;0;1;6;1;5;1.25;1.0;0.78;1.67;0;0.96
2025-11-02;Fiorentina;Lecce;ITALY 1;2025/2026;0;1;0;1;1.55;1.17;1.39;1.11;1.67;6.4;4.0;18.0;63;37;104;95;44;25;15;11;4;4;14;21;4;1;0;0;3;0;4;4;0.25;1.0;0.44;0.67;0;-17.0
2025-11-02;Torino;Pisa;ITALY 1;2025/2026;2;2;2;2;1.5;1.11;1.29;0.92;2.0;4.7;3.35;13.0;64;36;139;85;45;27;15;11;3;3;14;8;2;1;0;0;1;1;4;2;1.75;0.5;1.33;0.56;0;0.96
2025-11-02;Arouca;Moreirense;PORTUGAL 1;2025/2026;0;2;0;2;1.25;0.99;1.14;0.77;2.66;2.9;3.2;12.5;59;41;153;68;55;26;11;7;2;5;11;11;3;2;0;0;0;2;5;2;1.0;0.75;1.0;1.67;0;0.96
2025-11-02;Ceara;Fluminense;BRAZIL 1;2025;2;0;1;0;1.5;0.77;1.41;1.13;3.2;2.58;3.0;9.6;44;56;87;75;37;41;14;4;5;3;14;15;3;0;0;1;2;1;4;5;1.5;0.87;1.17;1.57;1;0.96
2025-11-03;Gil Vicente;Santa Clara;PORTUGAL 1;2025/2026;1;0;1;0;0.96;1.64;1.55;1.18;2.22;4.3;3.1;11.0;37;63;68;121;24;56;9;15;3;4;16;14;2;3;0;0;0;1;2;0;2.25;1.0;2.11;1.22;1;0.96
2025-11-03;Sassuolo;Genoa;ITALY 1;2025/2026;1;2;0;1;1.39;1.64;1.06;1.03;2.62;3.35;3.05;9.6;61;39;102;84;39;39;13;16;4;5;13;13;1;3;0;0;3;2;3;7;1.5;0.25;1.44;0.33;0;0.96
2025-11-03;Sunderland;Everton;ENGLAND 1;2025/2026;1;1;0;1;1.74;0.85;1.21;0.94;3.0;2.74;3.2;8.6;61;39;133;67;62;28;17;8;3;2;10;12;3;2;0;0;2;0;4;1;2.5;0.75;1.89;1.22;0;0.96
2025-11-03;Lazio;Cagliari;ITALY 1;2025/2026;2;0;0;0;0.98;1.62;1.38;1.04;1.67;6.6;3.95;18.5;51;49;106;79;34;28;8;17;3;5;8;18;0;2;0;0;-1;-1;7;5;1.75;1.25;1.33;1.0;1;0.96
2026-05-22;Vitoria;Internacional;BRAZIL 1;2026;0;0;0;0;0.0;0.0;1.44;1.69;2.46;3.4;3.2;11.0;-1;-1;0;0;0;0;-1;-1;-1;-1;-1;-1;-1;-1;-1;-1;-1;-1;-1;-1;2.25;1.25;1.43;1.0;1;0.96
2026-11-20;Fluminense;Mirassol;BRAZIL 1;2026;0;0;0;0;0.0;0.0;1.65;1.32;1.97;4.6;3.45;14.5;-1;-1;0;0;0;0;-1;-1;-1;-1;-1;-1;-1;-1;-1;-1;-1;-1;-1;-1;3.0;0.33;2.0;0.86;1;0.96
2025-11-06;Ceara;Fortaleza;BRAZIL 1;2025;1;1;0;1;1.34;0.93;1.42;1.19;2.44;3.65;3.05;8.8;62;38;99;76;42;28;13;7;3;4;17;12;3;3;0;0;1;0;5;4;1.6;0.57;1.23;0.93;0;0.96
2026-05-01;Palmeiras;Santos;BRAZIL 1;2026;0;0;0;0;0.0;0.0;1.66;1.36;1.48;8.8;4.6;25.0;-1;-1;0;0;0;0;-1;-1;-1;-1;-1;-1;-1;-1;-1;-1;-1;-1;-1;-1;3.0;0.5;2.38;0.88;1;0.96
2025-11-07;Werder Bremen;Wolfsburg;GERMANY 1;2025/2026;2;1;0;1;2.39;1.0;1.5;1.13;2.26;3.25;3.85;19.0;60;40;128;85;89;37;20;7;7;4;13;8;2;0;0;0;2;2;13;3;1.75;1.5;1.33;0.89;0;0.96
2025-11-07;Paris FC;Rennes;FRANCE 1;2025/2026;0;1;0;0;1.83;1.1;1.71;1.14;2.28;3.35;3.7;14.5;52;48;81;93;41;35;20;10;4;3;9;13;4;2;0;0;4;2;8;9;1.4;0.8;1.27;1.36;0;-13.5
2025-11-07;Pisa;Cremonese;ITALY 1;2025/2026;1;0;0;0;1.59;1.46;0.96;0.78;2.4;3.7;3.15;11.0;38;62;83;116;49;58;13;13;6;3;11;17;4;2;0;0;2;1;4;5;0.6;1.6;0.6;1.4;1;0.96
2025-11-07;Elche;Real Sociedad;SPAIN 1;2025/2026;1;1;0;0;1.44;1.41;1.61;1.5;2.9;2.82;3.3;9.2;63;37;122;101;64;32;12;13;3;5;14;15;1;3;0;0;1;2;1;3;2.2;0.4;1.27;1.09;0;0.96
2025-11-08;Santa Clara;Sporting CP;PORTUGAL 1;2025/2026;1;2;1;1;0.64;2.48;1.55;2.24;9.2;1.42;5.1;7.2;26;74;60;139;24;93;5;21;2;7;11;12;6;3;2;1;-1;-1;2;12;1.4;3.0;1.1;2.5;0;0.96
2025-11-08;Alverca;Rio Ave;PORTUGAL 1;2025/2026;1;1;0;1;1.88;1.15;1.22;1.05;2.22;3.85;3.3;12.5;57;43;102;69;82;24;15;11;5;4;15;16;2;0;0;0;2;1;9;3;1.2;1.2;1.0;1.1;0;0.96
2025-11-08;Tondela;Vitoria Guimaraes;PORTUGAL 1;2025/2026;0;1;0;0;1.48;1.2;1.52;1.4;2.9;2.78;3.25;10.0;50;50;72;88;36;50;15;11;4;2;14;11;3;1;0;0;1;2;4;3;0.5;0.6;0.6;1.1;0;-9.0
2025-11-08;Union Berlin;Bayern Munich;GERMANY 1;2025/2026;2;2;1;1;1.29;1.49;1.39;2.35;16.0;1.23;7.8;12.0;26;74;92;138;34;60;12;12;4;4;8;8;2;4;0;0;1;5;6;5;1.6;3.0;1.22;3.0;0;0.96
2025-11-08;Hoffenheim;RB Leipzig;GERMANY 1;2025/2026;3;1;2;1;1.35;1.81;1.68;1.57;2.78;2.54;4.0;23.0;49;51;114;108;41;54;12;17;4;5;13;5;3;2;0;0;4;2;5;5;0.75;2.0;1.78;2.44;0;0.96
2025-11-08;Espanyol;Villarreal;SPAIN 1;2025/2026;0;2;0;1;1.67;0.95;1.58;1.11;3.0;2.56;3.6;12.0;55;45;130;86;79;23;14;9;3;3;9;9;0;2;0;0;2;3;4;2;2.17;1.4;1.64;2.09;0;0.96
2025-11-08;Atl. Madrid;Levante;SPAIN 1;2025/2026;3;1;1;1;2.95;0.8;1.78;1.32;1.23;16.5;7.6;60.0;74;26;107;73;96;28;25;6;10;3;5;6;3;1;0;0;1;4;21;4;2.67;1.33;2.0;0.82;0;0.96
2025-11-08;Sevilla;Osasuna;SPAIN 1;2025/2026;1;0;0;0;1.18;1.13;1.41;0.94;2.16;4.1;3.35;13.0;47;53;78;94;37;48;10;9;4;3;21;13;5;3;0;0;6;0;5;6;0.8;0.17;1.18;1.0;1;0.96
2025-11-08;Juventus;Torino;ITALY 1;2025/2026;0;0;0;0;2.39;0.9;2.17;1.3;1.52;8.2;4.4;22.0;72;28;165;64;79;25;22;8;6;3;9;4;0;1;0;0;1;2;6;2;2.2;1.0;1.8;1.3;1;0.96
2025-11-08;Sunderland;Arsenal;ENGLAND 1;2025/2026;2;2;1;0;0.74;2.2;1.32;1.58;8.8;1.47;4.6;6.2;35;65;75;119;29;88;6;17;2;7;13;13;2;1;0;0;2;0;2;2;2.2;2.4;1.8;2.5;0;0.96
2025-11-08;Everton;Fulham;ENGLAND 1;2025/2026;2;0;1;0;1.66;1.11;1.59;1.26;2.38;3.45;3.35;11.5;50;50;81;72;60;44;14;8;5;4;11;14;2;2;0;0;5;1;7;5;1.6;0.2;1.2;1.1;1;0.96
2025-11-08;Bayer Leverkusen;Heidenheim;GERMANY 1;2025/2026;6;0;5;0;2.72;0.15;1.68;1.2;1.45;8.0;5.2;34.0;74;26;154;44;60;10;25;1;10;0;5;7;0;1;0;0;-1;-1;11;1;2.0;0.0;1.89;0.56;1;0.96
2025-11-08;Parma;AC Milan;ITALY 1;2025/2026;2;2;1;2;1.43;1.3;1.0;1.29;7.4;1.59;4.2;7.6;43;57;98;100;36;52;14;9;4;5;14;10;1;1;0;0;2;3;4;3;1.0;2.0;0.7;2.1;0;0.96
2025-11-08;Como;Cagliari;ITALY 1;2025/2026;0;0;0;0;1.45;0.48;1.59;1.15;1.53;8.0;4.5;24.0;75;25;141;46;52;11;10;4;6;2;21;15;3;1;0;0;1;2;10;0;2.2;1.0;1.7;0.9;1;0.96
2025-11-08;Le Havre;Nantes;FRANCE 1;2025/2026;1;1;0;1;1.93;0.57;1.49;0.99;1.9;5.2;3.5;15.0;65;35;112;62;81;14;17;5;4;2;15;13;3;3;0;0;4;3;8;3;1.6;1.0;1.18;0.82;0;0.96
2025-11-08;Monaco;Lens;FRANCE 1;2025/2026;1;4;1;3;1.81;2.39;1.55;1.04;2.1;3.55;4.0;21.0;50;50;101;87;52;41;16;20;6;12;15;19;1;2;1;0;2;2;5;4;2.17;1.4;1.82;2.0;0;0.96
2025-11-08;Vasco;Juventude;BRAZIL 1;2025;1;3;1;2;1.56;1.13;1.61;0.92;1.55;6.8;4.4;26.0;71;29;112;38;54;21;14;10;4;5;18;15;3;4;1;0;2;3;7;1;1.56;0.5;1.31;0.91;0;0.96
2026-03-15;Internacional;Bahia;BRAZIL 1;2026;0;1;0;1;1.51;0.65;2.23;1.09;2.38;3.5;3.3;12.0;53;47;117;64;66;18;14;7;2;1;19;20;3;2;0;0;3;3;7;1;0.0;3.0;0.4;2.0;0;0.96
2025-11-09;Genoa;Fiorentina;ITALY 1;2025/2026;2;2;1;1;1.38;0.84;1.43;1.0;2.9;3.05;3.0;8.2;41;59;74;85;45;25;10;7;6;3;20;15;2;3;0;0;-1;-1;3;7;0.4;0.6;0.6;0.4;0;0.96
2025-11-09;Freiburg;St. Pauli;GERMANY 1;2025/2026;2;1;1;0;1.03;0.84;1.42;1.35;1.87;5.0;3.7;15.5;60;40;112;91;31;34;8;7;4;2;8;12;2;2;0;0;2;4;9;3;1.25;0.75;1.11;0.78;0;0.96
2025-11-09;Stuttgart;Augsburg;GERMANY 1;2025/2026;3;2;2;2;1.81;1.71;1.86;1.2;1.57;6.8;4.5;27.0;62;38;125;88;42;30;17;17;6;6;13;10;2;3;0;0;3;3;4;4;3.0;1.0;2.0;0.78;0;0.96
2025-11-09;Eintracht Frankfurt;Mainz;GERMANY 1;2025/2026;1;0;0;0;1.51;0.56;1.57;1.55;1.96;4.0;4.1;21.0;56;44;94;122;48;48;14;3;4;0;8;14;0;5;0;0;1;1;4;3;1.5;1.0;1.56;0.56;1;0.96
2025-11-09;Lorient;Toulouse;FRANCE 1;2025/2026;1;1;1;0;1.19;0.75;1.49;1.23;3.15;2.52;3.35;9.2;50;50;79;107;58;30;10;6;2;2;6;18;0;4;0;0;1;3;6;4;1.6;1.2;0.82;1.36;0;0.96
2025-11-09;Strasbourg;Lille;FRANCE 1;2025/2026;2;0;1;0;0.61;1.17;1.65;2.0;2.84;2.66;3.65;14.0;42;58;61;107;20;69;5;6;2;4;9;20;4;3;0;1;1;1;1;4;2.4;1.4;1.73;1.82;1;0.96
2025-11-09;Metz;Nice;FRANCE 1;2025/2026;2;1;0;1;0.94;1.2;0.93;1.09;3.25;2.34;3.7;13.0;49;51;82;71;31;31;9;11;2;4;12;19;2;4;0;0;-1;-1;6;3;1.0;0.8;0.73;1.55;0;0.96
2025-11-09;Aston Villa;Bournemouth;ENGLAND 1;2025/2026;4;0;2;0;1.83;1.26;1.2;1.42;2.42;3.25;3.5;13.5;52;48;78;77;37;40;16;12;8;3;8;20;2;2;0;0;0;2;6;9;2.0;1.0;1.5;1.8;1;0.96
2025-11-09;Manchester City;Liverpool;ENGLAND 1;2025/2026;3;0;2;0;1.7;0.82;1.88;1.76;1.99;3.9;4.0;24.0;49;51;75;80;56;41;14;7;6;1;14;15;2;4;0;0;1;7;7;7;2.4;1.2;1.9;1.8;1;0.96
2025-11-09;Atalanta;Sassuolo;ITALY 1;2025/2026;0;3;0;1;1.48;0.93;1.94;1.17;1.49;7.6;4.9;26.0;68;32;138;62;62;20;14;8;2;4;9;8;0;2;0;0;2;2;4;1;1.4;1.4;1.3;1.3;0;0.96
2025-11-09;Bologna;Napoli;ITALY 1;2025/2026;2;0;0;0;1.21;0.66;1.67;1.81;3.2;2.7;3.1;7.8;41;59;90;100;32;45;11;4;4;1;14;15;1;3;0;0;-1;-1;5;4;2.5;1.8;1.8;2.2;1;0.96
2025-11-09;Rayo Vallecano;Real Madrid;SPAIN 1;2025/2026;0;0;0;0;1.32;2.1;1.74;2.14;7.8;1.46;5.2;11.0;46;54;70;108;50;60;13;21;2;5;17;7;3;2;0;0;1;1;5;8;1.25;2.4;1.27;2.73;1;0.96
2025-11-09;Mallorca;Getafe;SPAIN 1;2025/2026;1;0;1;0;0.96;1.63;1.21;0.97;2.78;3.4;2.84;7.8;39;61;74;125;41;73;6;14;4;3;15;8;0;2;0;0;0;1;1;14;1.2;1.5;0.82;1.55;1;0.96
2025-11-09;Celta Vigo;Barcelona;SPAIN 1;2025/2026;2;4;2;3;0.78;2.51;1.51;2.19;4.4;1.82;4.4;16.5;39;61;79;115;34;78;5;21;3;9;13;10;1;4;0;1;5;2;2;5;0.83;1.67;1.18;2.27;0;0.96
2025-11-09;Famalicao;FC Porto;PORTUGAL 1;2025/2026;0;1;0;1;0.7;2.02;1.55;1.75;6.6;1.6;4.3;7.2;46;54;75;115;26;55;8;19;0;6;24;13;5;2;0;0;0;3;2;4;1.6;3.0;1.9;2.8;0;-6.2
2025-11-09;Benfica;Casa Pia;PORTUGAL 1;2025/2026;2;2;1;0;2.19;0.86;2.15;1.02;1.2;18.5;8.2;48.0;66;34;144;55;79;19;19;7;6;4;8;8;3;2;0;0;5;1;6;2;2.2;1.2;2.4;0.8;0;0.96
2025-11-09;Corinthians;Ceara;BRAZIL 1;2025;0;1;0;1;1.94;0.88;1.47;1.16;1.71;6.4;3.75;18.0;78;22;141;54;79;22;16;7;5;4;7;20;1;7;0;0;2;4;9;4;1.67;0.88;1.31;1.22;0;-17.0
2026-08-28;Mirassol;Palmeiras;BRAZIL 1;2026;0;0;0;0;0.0;0.0;2.06;1.11;4.0;2.14;3.45;8.6;-1;-1;0;0;0;0;-1;-1;-1;-1;-1;-1;-1;-1;-1;-1;-1;-1;-1;-1;1.25;1.75;0.86;2.38;1;0.96
2026-05-29;Cruzeiro;Fluminense;BRAZIL 1;2026;0;0;0;0;0.0;0.0;1.44;1.67;1.96;4.8;3.45;14.0;-1;-1;0;0;0;0;-1;-1;-1;-1;-1;-1;-1;-1;-1;-1;-1;-1;-1;-1;0.75;1.0;0.5;2.0;1;0.96
2026-02-04;Palmeiras;Vitoria;BRAZIL 1;2026;5;1;3;0;1.91;1.08;0.0;0.0;1.32;14.5;5.5;40.0;60;40;84;70;38;31;17;9;8;4;2;0;1;4;0;0;2;1;6;4;0.0;0.0;1.0;3.0;0;0.96
2026-08-21;Santos;Mirassol;BRAZIL 1;2026;0;0;0;0;0.0;0.0;1.16;1.32;1.95;4.6;3.65;15.0;-1;-1;0;0;0;0;-1;-1;-1;-1;-1;-1;-1;-1;-1;-1;-1;-1;-1;-1;1.25;0.33;0.88;0.86;1;0.96
2025-11-20;Ceara;Internacional;BRAZIL 1;2025;1;2;0;0;1.11;2.03;1.42;1.06;2.22;3.8;3.4;12.0;29;71;84;108;36;84;10;16;3;6;8;15;2;1;1;2;4;2;3;5;1.56;0.69;1.27;1.12;0;0.96
2025-11-20;Bahia;Fortaleza;BRAZIL 1;2025;2;3;0;2;2.22;1.11;1.62;1.18;1.56;6.6;4.7;26.0;71;29;22;26;23;10;24;11;8;5;6;14;1;5;0;0;1;2;10;2;2.44;0.63;1.61;0.94;0;0.96
2025-11-20;Juventude;Cruzeiro;BRAZIL 1;2025;3;3;2;1;1.5;1.97;1.36;1.26;4.1;2.12;3.45;7.6;36;64;69;89;35;57;12;17;7;7;19;13;4;1;0;0;1;2;3;9;1.31;1.56;0.97;1.94;0;0.96
2025-11-21;Valencia;Levante;SPAIN 1;2025/2026;1;0;0;0;1.26;0.55;1.51;1.24;2.06;4.0;3.65;16.5;59;41;63;53;23;15;14;7;3;0;16;15;4;4;0;0;2;0;7;0;1.33;1.14;0.83;0.75;1;0.96
2025-11-21;Mainz;Hoffenheim;GERMANY 1;2025/2026;1;1;0;1;1.64;1.97;1.43;1.41;2.7;2.76;3.7;15.0;45;55;106;136;49;58;17;19;3;5;13;13;3;2;1;0;2;2;7;4;0.2;2.6;0.5;1.9;0;0.96
2025-11-22;Fulham;Sunderland;ENGLAND 1;2025/2026;1;0;0;0;2.41;0.69;1.32;0.99;2.2;3.9;3.35;13.0;57;43;73;79;68;40;24;4;6;2;5;13;3;3;0;0;1;3;7;4;2.0;1.4;1.0;1.73;1;0.96
2025-11-22;Burnley;Chelsea;ENGLAND 1;2025/2026;0;2;0;1;0.87;1.61;0.75;1.61;7.4;1.53;4.6;8.2;44;56;59;61;31;45;8;15;2;5;13;8;2;3;0;0;0;3;1;9;1.4;2.0;0.91;1.82;0;0.96
2025-11-22;PSG;Le Havre;FRANCE 1;2025/2026;3;0;1;0;3.12;1.28;2.37;1.05;1.2;17.5;8.8;55.0;65;35;127;73;56;34;31;12;11;4;10;8;2;1;0;0;3;3;6;4;2.6;0.83;2.25;1.17;1;0.96
2025-11-22;Rennes;Monaco;FRANCE 1;2025/2026;4;1;1;0;2.15;1.49;1.81;1.31;2.64;2.76;3.75;17.5;50;50;109;107;62;63;17;13;9;3;3;13;0;1;0;1;1;5;4;6;1.83;1.4;1.5;1.67;0;0.96
2025-11-22;Lens;Strasbourg;FRANCE 1;2025/2026;1;0;0;0;1.53;0.8;1.69;1.29;2.24;3.5;3.7;17.0;55;45;67;69;50;40;13;7;5;1;13;13;2;3;1;1;3;2;3;1;2.5;1.17;2.08;1.83;1;0.96
2025-11-22;Villarreal;Mallorca;SPAIN 1;2025/2026;2;1;1;1;1.86;1.05;2.01;1.28;1.42;9.0;5.3;32.0;58;42;120;108;66;36;14;9;7;3;17;8;2;2;0;0;3;1;3;1;2.67;0.5;2.17;1.0;0;0.96
2025-11-22;Osasuna;Real Sociedad;SPAIN 1;2025/2026;1;3;1;0;1.42;2.14;1.42;1.48;2.92;2.88;3.15;9.4;46;54;75;75;36;44;14;19;4;9;13;7;3;2;1;0;1;3;3;3;2.0;0.5;0.92;1.08;0;0.96
2025-11-22;Augsburg;Hamburger SV;GERMANY 1;2025/2026;1;0;0;0;1.59;1.64;1.35;1.21;2.42;3.2;3.6;15.0;48;52;77;72;49;39;13;15;6;6;13;10;1;3;1;0;2;7;4;3;0.6;0.4;0.7;0.9;1;0.96
2025-11-22;Bayern Munich;Freiburg;GERMANY 1;2025/2026;6;2;2;2;2.37;0.84;2.37;1.24;1.2;18.5;8.6;70.0;72;28;101;62;60;26;22;8;8;2;9;7;1;0;0;0;1;3;3;5;3.0;1.0;2.8;1.3;0;0.96
2025-11-22;Wolfsburg;Bayer Leverkusen;GERMANY 1;2025/2026;1;3;0;3;2.49;1.04;1.58;1.23;3.85;2.02;3.9;13.5;38;62;58;93;67;52;21;7;10;3;12;7;2;1;0;0;1;0;9;1;0.4;1.75;0.8;2.0;0;0.96
2025-11-22;Napoli;Atalanta;ITALY 1;2025/2026;3;1;3;0;1.37;1.45;1.65;1.22;2.42;3.55;3.25;12.0;45;55;93;111;34;49;11;14;6;3;11;12;1;2;0;0;3;1;5;3;2.6;1.2;2.0;1.18;0;0.96
2025-11-22;Fiorentina;Juventus;ITALY 1;2025/2026;1;1;0;1;1.12;1.69;1.42;1.51;4.2;2.1;3.45;8.0;41;59;58;77;40;47;11;17;2;4;11;18;3;3;0;0;-1;-1;7;3;0.2;1.4;0.45;1.73;0;0.96
2025-11-22;Cagliari;Genoa;ITALY 1;2025/2026;3;3;2;2;1.28;1.62;0.99;1.15;3.2;2.84;2.96;7.4;50;50;39;41;34;35;11;13;5;8;22;16;4;2;0;1;0;4;6;2;0.8;0.8;0.91;0.64;0;0.96
2025-11-22;Udinese;Bologna;ITALY 1;2025/2026;0;3;0;0;1.3;1.23;1.46;1.22;3.6;2.36;3.3;7.8;47;53;79;69;46;34;12;10;3;5;19;16;0;1;0;0;2;3;7;2;1.6;1.33;1.36;1.91;0;0.96
2026-02-25;Palmeiras;Fluminense;BRAZIL 1;2026;2;1;2;1;1.63;2.01;1.91;1.46;1.64;6.8;4.0;19.0;35;65;72;103;46;54;14;18;6;7;14;12;3;4;0;0;3;2;5;11;3.0;1.0;2.33;2.33;0;0.96
2026-02-25;Cruzeiro;Corinthians;BRAZIL 1;2026;1;1;1;0;1.01;0.5;1.97;0.38;1.83;5.1;3.35;17.5;48;52;79;90;13;12;11;4;3;2;15;13;2;3;1;0;1;3;5;3;0.0;3.0;0.33;2.0;0;0.96
2026-08-07;Bahia;Vasco;BRAZIL 1;2026;0;0;0;0;0.0;0.0;1.76;1.43;1.73;5.5;3.9;19.5;-1;-1;0;0;0;0;-1;-1;-1;-1;-1;-1;-1;-1;-1;-1;-1;-1;-1;-1;1.67;0.33;2.0;1.38;1;0.96
2025-11-23;Elche;Real Madrid;SPAIN 1;2025/2026;2;2;0;0;1.79;2.25;1.59;2.13;8.4;1.41;5.7;11.5;49;51;84;112;59;70;15;20;6;7;10;8;3;1;1;0;1;2;2;8;2.0;2.17;1.25;2.58;0;0.96
2025-11-23;Getafe;Atl. Madrid;SPAIN 1;2025/2026;0;1;0;0;0.99;1.55;1.08;1.38;5.8;1.81;3.6;6.0;41;59;119;87;47;42;9;13;1;6;9;17;2;3;0;0;2;5;6;7;1.6;1.2;1.42;2.08;0;-5.0
2025-11-23;Lille;Paris FC;FRANCE 1;2025/2026;4;2;1;1;2.17;0.83;1.78;1.16;1.69;5.6;4.2;23.0;52;48;115;65;54;32;17;6;10;3;9;12;1;2;0;0;1;3;9;4;2.17;1.17;1.67;1.17;0;0.96
2025-11-23;Brest;Metz;FRANCE 1;2025/2026;3;2;1;1;2.11;0.81;1.57;1.07;1.83;4.8;3.95;18.0;56;44;144;53;48;21;20;7;7;3;11;8;2;3;0;0;-1;-1;6;2;1.0;0.5;0.83;0.92;0;0.96
2025-11-23;Nantes;Lorient;FRANCE 1;2025/2026;1;1;0;1;1.03;0.76;1.16;1.24;2.56;2.94;3.45;12.0;56;44;115;101;53;32;9;7;1;1;17;17;1;1;0;0;0;2;1;1;0.67;0.17;0.83;0.83;0;0.96
2025-11-23;St. Pauli;Union Berlin;GERMANY 1;2025/2026;0;1;0;1;1.44;0.89;1.56;1.17;2.64;3.05;3.35;11.0;59;41;134;108;63;31;12;7;3;3;10;8;1;1;0;0;1;2;8;2;0.8;0.75;0.7;1.2;0;-10.0
2025-11-23;RB Leipzig;Werder Bremen;GERMANY 1;2025/2026;2;0;0;0;2.7;1.67;1.72;1.13;1.49;6.6;5.4;44.0;52;48;127;78;55;42;22;15;13;6;5;7;1;2;0;0;1;2;13;7;3.0;1.0;2.2;1.5;1;0.96
2025-11-23;Lazio;Lecce;ITALY 1;2025/2026;2;0;1;0;2.31;0.64;1.3;1.12;1.68;6.6;3.8;17.5;67;33;121;95;67;33;19;5;9;1;8;13;1;1;0;0;0;2;8;2;2.0;1.4;1.36;0.91;1;0.96
2026-09-04;Internacional;Santos;BRAZIL 1;2026;0;0;0;0;0.0;0.0;1.91;1.36;2.2;3.9;3.4;13.0;-1;-1;0;0;0;0;-1;-1;-1;-1;-1;-1;-1;-1;-1;-1;-1;-1;-1;-1;0.75;0.5;1.0;0.88;1;0.96
2025-11-24;Mirassol;Ceara;BRAZIL 1;2025;3;0;2;0;1.0;1.53;1.66;1.14;1.69;6.4;3.9;17.5;51;49;63;93;28;70;7;14;5;2;11;10;2;2;0;0;3;3;6;12;2.29;1.0;1.76;1.24;1;0.96
2025-11-24;Torino;Como;ITALY 1;2025/2026;1;5;1;1;1.03;1.82;1.33;1.36;3.7;2.34;3.25;7.6;35;65;94;87;34;53;10;15;2;7;6;9;0;1;0;0;3;0;3;4;1.6;1.2;1.27;1.64;0;0.96
2025-11-24;Manchester Utd;Everton;ENGLAND 1;2025/2026;0;1;0;1;2.65;0.49;1.92;0.92;1.87;4.5;4.0;19.0;70;30;150;95;91;30;25;3;6;1;12;9;2;0;0;1;1;2;9;1;2.4;0.8;1.64;1.36;0;-18.0
2025-11-24;Espanyol;Sevilla;SPAIN 1;2025/2026;2;1;0;0;1.11;2.15;1.6;1.0;2.08;4.2;3.5;13.5;33;67;77;97;35;48;8;22;5;6;18;7;4;1;0;0;0;1;4;13;1.86;1.5;1.5;1.33;0;0.96
2025-11-24;Sassuolo;Pisa;ITALY 1;2025/2026;2;2;1;1;2.39;1.05;1.13;0.95;2.16;4.2;3.25;12.5;63;37;122;64;71;29;22;10;7;3;10;10;2;1;0;0;1;2;5;2;1.2;0.6;1.45;0.82;0;0.96
2025-11-28;Metz;Rennes;FRANCE 1;2025/2026;0;1;0;1;1.7;0.98;0.94;1.14;4.0;1.98;3.95;11.5;52;48;85;86;47;37;16;9;5;2;9;8;0;0;0;0;4;1;6;3;1.33;1.17;0.85;1.62;0;-10.5
2025-11-28;Como;Sassuolo;ITALY 1;2025/2026;2;0;1;0;2.36;1.31;1.57;1.13;1.68;6.2;4.0;19.0;63;37;118;82;42;28;18;12;13;5;11;7;2;1;0;0;2;3;4;4;2.0;1.67;1.75;1.42;1;0.96
2026-11-17;Vasco;Internacional;BRAZIL 1;2026;0;0;0;0;0.0;0.0;2.14;1.69;2.34;3.35;3.4;15.0;-1;-1;0;0;0;0;-1;-1;-1;-1;-1;-1;-1;-1;-1;-1;-1;-1;-1;-1;2.0;1.25;1.38;1.0;1;0.96
2025-11-28;Juventude;Bahia;BRAZIL 1;2025;1;1;1;1;1.97;1.52;1.37;1.29;3.6;2.22;3.45;9.8;45;55;80;85;39;31;18;15;8;5;17;15;2;3;0;0;4;2;7;5;1.29;0.82;0.94;1.6;0;0.96
2025-11-28;Getafe;Elche;SPAIN 1;2025/2026;1;0;0;0;1.65;1.1;1.06;1.01;2.36;4.1;3.0;10.0;34;66;85;79;39;34;15;9;6;4;18;11;2;2;0;0;2;3;3;5;1.33;0.5;1.31;1.23;1;0.96
2025-11-29;Ceara;Cruzeiro;BRAZIL 1;2025;1;1;0;0;1.16;1.57;1.4;1.3;3.15;2.5;3.4;9.4;37;63;63;95;35;75;11;13;3;3;10;15;2;4;0;0;3;3;5;8;1.47;1.53;1.2;1.94;0;0.96
2026-03-22;Vitoria;Mirassol;BRAZIL 1;2026;0;0;0;0;0.0;0.0;1.42;1.2;2.48;3.35;3.25;11.0;-1;-1;0;0;0;0;-1;-1;-1;-1;-1;-1;-1;-1;-1;-1;-1;-1;-1;-1;2.0;0.5;1.17;1.0;1;0.96
2025-11-29;Monaco;PSG;FRANCE 1;2025/2026;1;0;0;0;1.26;1.63;1.59;1.85;5.3;1.64;4.8;16.0;43;57;100;99;37;38;10;17;5;4;10;13;3;1;1;0;3;1;4;4;1.86;2.0;1.54;2.31;1;0.96
2025-11-29;Mallorca;Osasuna;SPAIN 1;2025/2026;2;2;0;0;1.01;1.43;1.17;0.97;2.4;3.75;3.1;11.0;52;48;92;87;39;57;7;14;4;2;10;15;3;4;0;0;0;1;2;8;1.5;0.14;0.92;0.85;0;0.96
2025-11-29;Paris FC;Auxerre;FRANCE 1;2025/2026;1;1;1;1;1.04;1.19;1.73;1.23;1.98;4.4;3.65;15.5;55;45;98;94;27;39;11;11;2;3;11;17;2;1;0;0;2;0;4;3;1.17;0.17;1.08;0.62;0;0.96
2025-11-29;AC Milan;Lazio;ITALY 1;2025/2026;1;0;0;0;1.57;1.13;1.71;1.06;1.74;5.9;3.85;16.5;46;54;104;98;38;38;16;9;4;4;10;12;3;3;0;0;1;2;1;4;2.17;0.83;2.08;1.5;1;0.96
2025-11-29;Juventus;Cagliari;ITALY 1;2025/2026;2;1;2;1;1.74;0.71;2.2;1.04;1.28;14.0;6.4;42.0;57;43;141;64;58;24;14;5;6;3;16;16;1;5;0;0;1;0;1;6;2.0;1.0;1.67;0.92;0;0.96
2025-11-29;Parma;Udinese;ITALY 1;2025/2026;0;2;0;1;1.57;1.47;1.07;1.13;2.88;2.98;3.1;9.6;51;49;102;96;50;32;17;14;2;5;6;19;1;2;1;0;2;1;5;9;1.0;1.17;0.92;1.25;0;0.96
2025-11-29;Gil Vicente;Tondela;PORTUGAL 1;2025/2026;0;1;0;1;1.64;0.57;1.43;1.24;1.67;6.6;3.9;18.5;65;35;131;59;76;14;15;5;2;2;10;20;2;0;0;0;0;3;12;3;2.4;0.67;2.09;0.55;0;-17.5
2025-11-29;Nacional;Benfica;PORTUGAL 1;2025/2026;1;2;0;0;0.71;3.22;1.32;1.49;8.0;1.44;5.3;7.6;30;70;71;153;25;108;6;30;2;8;10;8;4;2;0;0;0;1;2;11;0.6;2.6;1.09;2.27;0;0.96
2025-11-29;Casa Pia;Alverca;PORTUGAL 1;2025/2026;0;2;0;0;0.6;1.28;1.12;0.86;2.7;3.1;3.2;9.6;52;48;88;110;38;39;5;10;0;5;9;17;4;4;1;0;0;4;6;4;0.4;0.8;0.82;1.0;0;0.96
2025-11-29;Moreirense;Famalicao;PORTUGAL 1;2025/2026;2;2;0;1;1.3;1.97;1.24;1.56;3.45;2.38;3.3;9.2;48;52;57;105;26;46;11;17;6;8;17;22;3;5;1;0;1;0;5;4;2.4;2.2;1.64;1.73;0;0.96
2025-11-29;Bayern Munich;St. Pauli;GERMANY 1;2025/2026;3;1;1;1;2.14;0.81;2.37;1.25;1.12;30.0;12.0;120.0;80;20;205;31;89;16;19;10;4;1;5;8;1;1;0;0;3;2;10;2;3.0;0.6;2.82;0.64;0;0.96
2025-11-29;Hoffenheim;Augsburg;GERMANY 1;2025/2026;3;0;3;0;1.74;1.39;1.61;1.3;1.78;4.7;4.3;23.0;60;40;112;94;63;30;17;14;3;4;17;9;1;0;0;0;2;3;7;2;1.2;0.8;1.82;0.91;1;0.96
2025-11-29;Union Berlin;Heidenheim;GERMANY 1;2025/2026;1;2;1;0;1.03;1.03;1.38;0.99;1.71;5.8;4.0;18.0;43;57;88;103;44;34;9;10;2;2;13;10;3;2;0;0;3;2;5;5;1.5;0.0;1.36;0.45;0;0.96
2025-11-29;Brentford;Burnley;ENGLAND 1;2025/2026;3;1;0;0;1.54;0.81;1.33;1.18;1.51;7.6;4.7;24.0;52;48;113;95;51;38;14;6;4;2;7;7;0;2;0;0;3;1;5;6;2.17;0.5;1.33;0.83;0;0.96
2025-11-29;Sunderland;Bournemouth;ENGLAND 1;2025/2026;3;2;1;2;1.47;1.88;1.22;1.39;3.3;2.46;3.4;10.0;43;57;80;105;40;44;12;18;6;6;14;13;5;5;0;2;1;2;6;3;2.0;0.83;1.58;1.58;0;0.96
2025-11-30;Lorient;Nice;FRANCE 1;2025/2026;3;1;2;1;1.92;1.06;1.44;1.1;2.54;3.1;3.45;13.0;43;57;100;121;40;47;18;9;7;2;7;11;1;2;0;0;0;1;3;7;1.5;0.67;0.85;1.31;0;0.96
2025-11-30;Strasbourg;Brest;FRANCE 1;2025/2026;1;2;1;0;1.6;0.96;1.48;1.0;1.85;4.5;4.0;19.5;57;43;100;100;40;31;14;7;6;4;12;14;0;3;0;0;1;1;5;0;2.5;0.67;1.69;1.0;0;0.96
2025-11-30;Le Havre;Lille;FRANCE 1;2025/2026;0;1;0;0;1.79;0.99;1.56;1.86;4.7;1.9;3.75;9.0;43;57;97;95;58;46;14;8;7;2;15;13;1;3;0;1;1;5;6;2;1.5;1.17;1.08;1.77;0;-8.0
2025-11-30;Lecce;Torino;ITALY 1;2025/2026;2;1;2;0;0.98;1.62;1.17;1.23;3.2;2.78;3.0;7.8;48;52;92;93;27;35;10;15;2;6;16;22;2;3;0;0;1;2;6;6;0.5;1.0;0.83;1.17;0;0.96
2025-11-30;Hamburger SV;Stuttgart;GERMANY 1;2025/2026;2;1;1;0;0.86;1.56;1.7;1.85;3.4;2.18;3.95;15.0;34;66;61;119;20;64;9;14;2;3;16;12;1;4;1;0;0;1;4;6;1.4;1.17;0.82;2.0;0;0.96
2025-11-30;Eintracht Frankfurt;Wolfsburg;GERMANY 1;2025/2026;1;1;0;0;1.7;1.08;1.56;1.11;1.8;4.5;4.3;25.0;54;46;105;83;75;32;15;10;3;3;7;9;1;4;0;0;2;3;14;1;1.8;1.2;1.82;0.73;0;0.96
2025-11-30;Freiburg;Mainz;GERMANY 1;2025/2026;4;0;2;0;2.55;0.2;1.34;1.35;2.0;4.3;3.6;15.0;75;25;128;60;55;7;23;1;10;1;9;12;0;2;0;1;4;0;6;2;1.6;0.8;1.18;0.55;1;0.96
2025-11-30;Atalanta;Fiorentina;ITALY 1;2025/2026;2;0;1;0;2.3;1.37;1.86;0.98;1.75;5.5;4.0;19.0;48;52;90;97;48;29;21;15;9;3;15;10;1;3;0;0;2;1;4;5;1.17;0.67;1.08;0.5;1;0.96
2025-11-30;Crystal Palace;Manchester Utd;ENGLAND 1;2025/2026;1;2;1;0;1.36;1.6;1.49;1.33;2.34;3.25;3.65;14.5;44;56;101;119;36;40;14;14;3;6;14;14;3;2;0;0;3;0;4;4;1.67;1.0;1.67;1.5;0;0.96
2025-11-30;Chelsea;Arsenal;ENGLAND 1;2025/2026;1;1;0;0;1.26;1.19;1.82;1.68;3.55;2.36;3.35;9.6;38;62;84;93;39;55;11;8;4;4;12;13;1;6;1;0;1;3;3;3;1.67;2.17;1.92;2.42;0;0.96
2025-11-30;Rio Ave;Santa Clara;PORTUGAL 1;2025/2026;1;1;1;1;1.07;1.1;1.04;1.27;3.3;2.48;3.2;8.4;58;42;87;73;30;45;9;9;4;3;10;15;2;3;0;0;1;4;1;5;1.0;0.8;1.09;1.0;0;0.96
2025-11-30;Celta Vigo;Espanyol;SPAIN 1;2025/2026;0;1;0;0;1.29;1.01;1.41;1.62;2.12;4.0;3.55;15.5;61;39;122;89;41;41;11;9;4;2;12;15;1;2;0;0;1;3;4;3;0.71;1.0;1.23;1.62;0;-14.5
2025-11-30;Girona;Real Madrid;SPAIN 1;2025/2026;1;1;1;0;1.07;2.6;1.2;2.15;6.6;1.51;5.2;15.0;40;60;65;106;22;106;10;25;4;4;9;13;3;0;0;0;1;2;2;5;1.14;2.0;0.85;2.46;0;0.96
2025-11-30;Real Sociedad;Villarreal;SPAIN 1;2025/2026;2;3;0;1;2.03;1.28;1.5;1.09;2.9;2.62;3.6;11.5;60;40;142;70;54;41;18;10;7;5;15;18;3;7;0;0;1;0;8;2;1.67;1.67;1.23;2.23;0;0.96
2025-12-01;Rayo Vallecano;Valencia;SPAIN 1;2025/2026;1;1;1;0;2.05;1.16;1.65;0.78;2.14;4.1;3.4;12.5;56;44;93;86;51;54;19;10;7;2;11;9;1;1;0;0;1;0;10;5;1.2;0.33;1.23;1.0;0;0.96
2025-12-01;Bologna;Cremonese;ITALY 1;2025/2026;1;3;1;2;2.86;1.13;1.58;0.9;1.56;7.2;4.4;22.0;65;35;139;63;76;20;29;10;7;5;13;12;0;2;0;0;4;3;13;8;2.6;1.33;2.0;1.17;0;0.96
2026-07-24;Vasco;Mirassol;BRAZIL 1;2026;0;0;0;0;0.0;0.0;2.14;1.32;2.12;3.6;3.55;16.5;-1;-1;0;0;0;0;-1;-1;-1;-1;-1;-1;-1;-1;-1;-1;-1;-1;-1;-1;2.0;0.33;1.38;0.86;1;0.96
2025-12-02;Bournemouth;Everton;ENGLAND 1;2025/2026;0;1;0;0;0.76;1.53;1.77;0.85;2.18;3.9;3.45;14.0;55;45;92;96;41;70;5;13;2;3;14;14;3;3;0;0;1;1;1;6;2.33;1.17;1.46;1.38;0;-13.0
2025-12-02;Barcelona;Atl. Madrid;SPAIN 1;2025/2026;3;1;1;1;2.01;0.87;2.27;1.41;1.85;4.2;4.4;27.0;58;42;98;95;55;38;19;7;6;2;12;9;1;1;0;0;1;4;5;4;3.0;1.5;2.43;2.21;0;0.96
2025-12-02;Fulham;Manchester City;ENGLAND 1;2025/2026;4;5;1;3;1.59;1.25;1.5;1.46;5.4;1.69;4.4;11.0;57;43;118;85;56;38;12;11;6;4;9;7;0;1;0;0;4;1;7;2;2.17;1.17;1.31;1.92;0;0.96
2025-12-03;Liverpool;Sunderland;ENGLAND 1;2025/2026;1;1;0;0;2.37;1.25;1.76;0.94;1.4;9.0;5.6;32.0;68;32;137;75;89;36;23;9;4;6;10;5;1;1;0;0;2;2;7;3;2.0;1.17;1.62;1.69;0;0.96
2025-12-03;Fortaleza;Corinthians;BRAZIL 1;2025;2;1;1;0;0.99;2.23;1.65;0.96;1.87;5.1;3.6;15.0;30;70;78;137;20;65;10;20;3;7;15;18;5;1;0;0;5;0;0;7;1.33;0.94;1.11;1.28;0;0.96
2025-12-03;Arsenal;Brentford;ENGLAND 1;2025/2026;2;0;1;0;1.88;0.64;1.79;1.25;1.4;10.0;5.3;30.0;62;38;122;66;61;26;15;6;7;1;7;9;0;1;0;0;-1;-1;4;8;2.67;0.5;2.31;1.46;1;0.96
2025-12-03;Juventude;Santos;BRAZIL 1;2025;0;3;0;0;1.25;1.21;1.4;1.15;5.2;1.76;4.0;8.2;51;49;83;91;39;21;12;10;3;6;13;12;2;2;0;0;2;0;5;3;1.28;0.78;0.94;1.14;0;0.96
2025-12-03;Burnley;Crystal Palace;ENGLAND 1;2025/2026;0;1;0;1;1.4;0.67;0.77;1.26;5.1;1.79;3.95;8.0;58;42;117;87;57;35;11;3;4;3;9;8;0;0;0;0;0;3;3;3;1.17;1.67;0.77;1.54;0;-7.0
2025-12-05;Benfica;Sporting CP;PORTUGAL 1;2025/2026;1;1;1;1;1.21;0.71;2.16;2.28;3.0;2.76;3.2;9.6;41;59;85;88;40;33;10;5;4;2;15;20;2;5;1;0;2;1;3;2;2.0;3.0;2.33;2.58;0;0.96
2025-12-05;Brest;Monaco;FRANCE 1;2025/2026;1;0;1;0;1.24;1.09;1.64;1.34;3.55;2.1;4.1;14.5;40;60;99;110;27;42;12;10;4;2;17;15;2;4;1;0;0;2;2;3;1.29;1.17;1.14;1.64;1;0.96
2025-12-06;Santa Clara;Casa Pia;PORTUGAL 1;2025/2026;1;0;1;0;1.25;0.63;1.4;0.99;1.94;5.5;3.25;13.5;43;57;83;73;47;23;11;5;3;2;23;12;5;4;0;0;1;0;7;7;1.17;1.17;1.0;0.75;1;0.96
2025-12-06;Sassuolo;Fiorentina;ITALY 1;2025/2026;3;1;2;1;1.44;0.94;1.34;1.03;3.25;2.54;3.25;9.6;40;60;71;99;37;40;13;9;5;1;15;15;2;3;0;0;1;4;7;1;1.17;0.57;1.31;0.46;0;0.96
2025-12-06;Nantes;Lens;FRANCE 1;2025/2026;1;2;1;1;1.13;2.15;1.14;1.35;5.5;1.72;4.1;9.4;34;66;86;104;29;65;10;20;4;6;8;13;2;0;0;0;0;3;1;12;0.71;1.86;0.79;2.21;0;0.96
2025-12-06;Villarreal;Getafe;SPAIN 1;2025/2026;2;0;1;0;1.29;0.59;1.99;1.07;1.71;6.4;3.8;17.5;61;39;117;105;41;26;10;6;5;0;19;15;2;4;0;1;6;0;5;3;2.71;1.29;2.29;1.43;1;0.96
2025-12-06;Toulouse;Strasbourg;FRANCE 1;2025/2026;1;0;1;0;0.73;0.52;1.76;1.22;2.7;2.9;3.45;11.5;28;72;68;124;18;42;6;3;3;0;21;13;3;3;0;0;1;3;1;2;1.29;1.0;1.21;1.57;1;0.96
2025-12-06;Bournemouth;Chelsea;ENGLAND 1;2025/2026;0;0;0;0;1.46;1.38;1.62;1.58;3.6;2.12;3.95;13.0;39;61;89;105;39;55;13;11;5;4;15;13;0;2;0;0;4;0;5;0;2.0;1.86;1.36;1.71;1;0.96
2025-12-06;Manchester City;Sunderland;ENGLAND 1;2025/2026;3;0;2;0;2.1;0.77;1.91;0.99;1.3;11.5;6.6;46.0;64;36;121;68;76;26;18;8;6;1;9;10;1;0;0;1;0;3;6;5;2.57;1.14;2.0;1.64;1;0.96
2025-12-06;Aston Villa;Arsenal;ENGLAND 1;2025/2026;2;1;1;0;1.64;1.98;1.39;1.61;4.7;1.94;3.6;8.2;47;53;74;80;38;57;15;15;6;9;10;8;0;2;0;0;0;3;3;3;2.29;2.0;1.93;2.36;0;0.96
2025-12-06;PSG;Rennes;FRANCE 1;2025/2026;5;0;2;0;2.35;0.73;2.5;1.11;1.31;10.5;6.8;55.0;66;34;120;65;64;29;20;6;9;2;9;5;0;2;0;1;0;2;8;6;2.67;1.43;2.14;1.71;1;0.96
2025-12-06;Augsburg;Bayer Leverkusen;GERMANY 1;2025/2026;2;0;2;0;1.42;1.88;1.39;1.19;4.2;1.91;4.1;12.5;32;68;70;143;25;65;13;20;6;2;12;6;4;3;0;0;1;1;5;7;1.0;2.0;0.83;1.92;1;0.96
2025-12-06;Heidenheim;Freiburg;GERMANY 1;2025/2026;2;1;0;1;1.49;1.63;1.31;1.17;4.7;1.92;3.7;8.2;39;61;81;108;37;66;16;16;3;2;11;10;2;1;0;0;1;1;8;6;0.83;0.83;0.67;1.33;0;0.96
2025-12-06;Stuttgart;Bayern Munich;GERMANY 1;2025/2026;0;5;0;1;1.08;2.39;1.85;2.18;5.8;1.57;5.1;18.0;41;59;65;112;26;59;13;19;1;11;6;11;2;4;1;0;5;5;3;4;3.0;2.6;1.83;2.83;0;0.96
2025-12-06;Wolfsburg;Union Berlin;GERMANY 1;2025/2026;3;1;2;0;0.58;2.3;1.73;1.11;2.34;3.4;3.5;13.0;43;57;79;116;14;78;4;21;3;6;13;10;4;1;0;0;1;1;0;11;0.33;1.2;0.75;1.25;0;0.96
2025-12-06;RB Leipzig;Eintracht Frankfurt;GERMANY 1;2025/2026;6;0;2;0;1.82;0.92;1.91;1.53;1.82;4.4;4.3;24.0;52;48;106;95;44;37;16;8;7;2;9;17;1;2;0;0;1;1;4;0;3.0;1.83;2.17;1.75;1;0.96
2025-12-07;Espanyol;Rayo Vallecano;SPAIN 1;2025/2026;1;0;1;0;1.04;0.82;1.53;1.28;2.5;3.25;3.35;11.0;36;64;63;98;46;40;9;6;2;2;19;22;3;7;1;1;1;1;6;2;2.0;1.25;1.71;1.21;1;0.96
2025-12-07;Valencia;Sevilla;SPAIN 1;2025/2026;1;1;0;0;1.16;0.8;1.47;1.17;2.08;4.1;3.55;13.5;48;52;93;118;34;64;11;4;3;1;12;18;3;6;0;0;3;3;2;2;1.57;1.29;1.0;1.14;0;0.96
2025-12-07;Elche;Girona;SPAIN 1;2025/2026;3;0;1;0;1.44;1.15;1.61;1.09;2.18;3.85;3.55;14.0;58;42;97;81;44;50;11;8;6;4;18;13;0;3;0;0;2;1;2;2;1.86;0.5;1.14;0.86;1;0.96
2025-12-07;Napoli;Juventus;ITALY 1;2025/2026;2;1;1;0;1.2;0.63;1.6;1.54;2.62;3.4;3.0;9.0;50;50;120;69;47;23;9;5;4;2;6;15;2;1;0;0;1;4;9;0;2.67;1.33;2.15;1.77;0;0.96
2025-12-07;Lazio;Bologna;ITALY 1;2025/2026;1;1;1;1;1.92;1.49;1.47;1.22;2.6;3.3;3.15;10.5;47;53;90;100;38;33;16;13;9;6;13;18;3;3;1;0;1;1;7;3;2.17;1.57;1.38;1.85;0;0.96
2025-12-07;Cremonese;Lecce;ITALY 1;2025/2026;2;0;0;0;1.3;1.09;1.03;1.04;2.5;3.65;3.0;10.5;49;51;85;106;45;62;11;9;4;1;15;12;1;2;0;0;-1;-1;5;5;1.0;1.17;1.31;1.0;1;0.96
2025-12-07;Hamburger SV;Werder Bremen;GERMANY 1;2025/2026;3;2;0;1;1.58;1.13;1.56;1.22;2.42;3.1;3.65;14.5;54;46;96;106;56;39;12;10;6;3;8;13;2;6;0;0;1;2;5;3;1.67;0.83;1.0;1.33;0;0.96
2025-12-07;Le Havre;Paris FC;FRANCE 1;2025/2026;0;0;0;0;1.31;1.15;1.59;1.11;2.84;2.78;3.4;11.0;44;56;78;81;49;26;13;13;2;2;10;13;0;2;0;0;-1;-1;7;2;1.29;1.0;1.0;1.07;1;0.96
2025-12-07;Auxerre;Metz;FRANCE 1;2025/2026;3;1;2;1;1.71;0.78;1.17;1.04;2.08;4.1;3.55;14.0;39;61;84;80;47;34;14;5;7;3;10;12;2;1;0;0;2;1;5;3;1.0;0.43;0.64;0.79;0;0.96
2025-12-07;Fulham;Crystal Palace;ENGLAND 1;2025/2026;1;2;1;1;1.46;1.35;1.51;1.17;2.68;2.96;3.4;11.0;63;37;91;69;59;43;12;11;4;5;5;8;0;0;0;0;3;2;6;4;1.86;1.86;1.21;1.64;0;0.96
2025-12-07;Real Madrid;Celta Vigo;SPAIN 1;2025/2026;0;2;0;0;2.49;0.93;2.38;1.2;1.3;11.5;6.8;50.0;58;42;114;69;77;18;23;7;7;5;6;12;5;1;3;0;2;1;8;1;3.0;1.83;2.4;1.14;0;0.96
2025-12-07;Alverca;Nacional;PORTUGAL 1;2025/2026;1;0;0;0;1.17;1.7;1.33;1.21;2.26;3.9;3.2;12.0;50;50;78;108;35;57;10;17;4;3;10;19;1;1;0;0;3;2;2;2;1.17;1.5;1.17;1.0;1;0.96
2025-12-07;Tondela;FC Porto;PORTUGAL 1;2025/2026;0;2;0;0;1.01;1.51;1.51;1.8;14.5;1.28;6.6;7.4;26;74;57;111;25;53;11;11;2;6;9;10;2;1;0;0;2;2;2;4;0.4;3.0;0.75;2.83;0;0.96
2025-12-07;Ceara;Palmeiras;BRAZIL 1;2025;1;3;1;1;1.86;1.74;1.38;1.48;2.32;3.65;3.35;12.0;43;57;97;91;52;50;18;14;5;7;14;15;4;2;0;0;3;1;7;7;1.44;1.78;1.16;1.97;0;0.96
2026-09-11;Santos;Cruzeiro;BRAZIL 1;2026;0;0;0;0;0.0;0.0;1.16;1.26;1.41;10.0;5.0;27.0;-1;-1;0;0;0;0;-1;-1;-1;-1;-1;-1;-1;-1;-1;-1;-1;-1;-1;-1;1.25;0.25;0.88;0.5;1;0.96
2026-07-28;Fluminense;Bahia;BRAZIL 1;2026;0;0;0;0;0.0;0.0;1.65;1.02;1.81;5.1;3.8;17.0;-1;-1;0;0;0;0;-1;-1;-1;-1;-1;-1;-1;-1;-1;-1;-1;-1;-1;-1;3.0;2.25;2.0;2.0;1;0.96
2025-12-07;Corinthians;Juventude;BRAZIL 1;2025;1;1;1;0;1.41;1.46;1.5;0.97;1.68;6.2;4.0;20.0;57;43;75;104;34;22;14;16;4;4;18;17;0;1;0;0;2;3;4;7;1.61;0.61;1.24;0.92;0;0.96
2025-12-08;Pisa;Parma;ITALY 1;2025/2026;0;1;0;1;1.49;0.84;1.07;1.22;2.62;3.4;3.0;9.8;60;40;120;76;63;17;14;9;2;2;15;7;2;2;1;0;0;1;6;0;0.86;0.83;0.77;0.85;0;-8.8
2025-12-08;Udinese;Genoa;ITALY 1;2025/2026;1;2;0;1;2.22;1.34;1.44;1.23;2.68;3.3;3.0;9.6;58;42;93;76;50;22;23;12;6;6;16;12;1;0;0;0;3;3;6;2;1.33;0.83;1.38;0.85;0;0.96
2025-12-08;Torino;AC Milan;ITALY 1;2025/2026;2;3;2;1;1.0;1.9;1.28;1.23;5.4;1.83;3.7;7.8;36;64;77;121;29;56;8;17;4;6;16;7;2;1;0;0;1;3;2;4;1.33;2.0;1.08;2.15;0;0.96
2025-12-08;Osasuna;Levante;SPAIN 1;2025/2026;2;0;2;0;1.57;1.47;1.42;1.16;1.77;5.2;4.0;17.5;41;59;107;111;36;58;14;11;6;5;15;7;2;2;0;0;0;1;3;3;1.67;1.0;0.86;0.64;1;0.96
2025-12-08;Vitoria Guimaraes;Gil Vicente;PORTUGAL 1;2025/2026;0;0;0;0;1.15;0.68;1.34;1.51;2.88;2.88;3.05;8.8;52;48;81;70;42;31;10;6;3;1;15;17;4;5;0;0;1;1;8;4;1.83;1.83;1.42;1.92;1;0.96
2025-12-12;Real Sociedad;Girona;SPAIN 1;2025/2026;1;2;1;0;1.5;1.68;1.57;1.1;1.79;5.2;3.95;18.5;47;53;177;173;87;79;9;14;4;3;20;5;1;2;0;0;2;4;4;3;1.43;0.43;1.07;0.8;0;0.96
2025-12-12;Lecce;Pisa;ITALY 1;2025/2026;1;0;0;0;1.83;0.59;1.14;0.97;2.52;3.65;2.98;9.4;51;49;75;72;42;37;21;5;3;0;17;6;2;1;0;0;1;3;12;1;0.86;0.67;0.93;0.71;1;0.96
2025-12-12;Union Berlin;RB Leipzig;GERMANY 1;2025/2026;3;1;0;0;1.4;1.02;1.33;1.66;3.9;2.06;3.75;11.0;37;63;53;58;32;34;12;9;6;3;7;8;2;2;0;0;1;0;4;6;1.29;1.57;1.15;2.23;0;0.96
2025-12-13;Torino;Cremonese;ITALY 1;2025/2026;1;0;1;0;1.93;1.24;1.24;0.93;2.04;4.4;3.35;13.5;46;54;115;89;52;55;18;10;6;3;20;13;1;2;0;0;1;1;6;6;1.14;1.57;1.0;1.43;1;0.96
2025-12-13;Atl. Madrid;Valencia;SPAIN 1;2025/2026;2;1;1;0;1.39;1.31;1.93;0.84;1.32;13.0;5.9;36.0;46;54;107;99;45;48;10;13;6;2;13;11;3;1;0;0;2;1;5;7;2.75;0.43;1.94;1.0;0;0.96
2025-12-13;Mallorca;Elche;SPAIN 1;2025/2026;3;1;1;1;1.82;0.93;1.15;1.02;2.56;3.25;3.15;10.5;42;58;104;110;42;49;15;9;8;0;13;13;3;0;0;0;1;0;1;1;1.43;0.43;0.93;1.27;0;0.96
2025-12-13;Rio Ave;Vitoria Guimaraes;PORTUGAL 1;2025/2026;0;1;0;1;0.79;1.63;1.05;1.37;3.15;2.5;3.4;9.4;43;57;59;122;19;56;8;16;2;3;15;15;3;4;1;0;0;1;6;6;1.0;1.0;1.23;1.38;0;-8.4
2025-12-13;Getafe;Espanyol;SPAIN 1;2025/2026;0;1;0;0;1.1;0.81;1.15;1.52;2.76;3.35;2.92;7.4;56;44;120;67;45;20;11;6;1;4;18;17;5;1;0;0;2;3;6;4;1.57;1.33;1.33;1.8;0;-6.4
2025-12-13;Barcelona;Osasuna;SPAIN 1;2025/2026;2;0;0;0;2.72;0.46;2.24;1.02;1.22;13.5;8.8;990.0;80;20;139;57;100;16;24;3;7;2;5;8;0;3;0;0;2;6;14;1;3.0;0.25;2.5;1.0;1;0.96
2025-12-13;Eintracht Frankfurt;Augsburg;GERMANY 1;2025/2026;1;0;0;0;1.33;1.17;1.58;1.31;1.77;4.7;4.2;24.0;51;49;109;84;48;47;11;12;4;1;14;10;2;3;0;0;3;5;2;6;1.67;0.67;1.62;1.0;1;0.96
2025-12-13;Hoffenheim;Hamburger SV;GERMANY 1;2025/2026;4;1;2;0;1.44;1.39;1.63;1.29;1.76;4.6;4.3;25.0;59;41;127;70;51;22;10;14;6;5;16;10;1;3;0;0;2;1;3;3;1.5;0.33;1.77;1.15;0;0.96
2025-12-13;St. Pauli;Heidenheim;GERMANY 1;2025/2026;2;1;1;0;1.1;2.28;1.54;1.0;1.99;4.4;3.55;13.5;36;64;94;115;32;74;8;20;5;7;6;15;2;3;1;0;0;5;4;11;0.67;0.5;0.62;0.85;0;0.96
2025-12-13;Atalanta;Cagliari;ITALY 1;2025/2026;2;1;1;0;1.99;0.83;1.92;0.99;1.38;10.0;5.5;32.0;59;41;121;85;49;34;17;8;8;1;13;15;1;2;0;0;0;4;5;4;1.43;0.86;1.14;1.0;0;0.96
2025-12-13;Parma;Lazio;ITALY 1;2025/2026;0;1;0;0;1.89;1.48;1.14;1.07;4.0;2.16;3.35;7.8;47;53;93;85;48;25;19;15;5;5;14;8;2;1;0;2;2;0;4;4;0.86;0.71;1.0;1.36;0;-6.8
2025-12-13;Burnley;Fulham;ENGLAND 1;2025/2026;2;3;1;2;2.04;0.86;0.86;1.17;4.2;2.02;3.65;8.8;53;47;133;74;64;26;16;6;8;4;8;8;1;2;0;0;1;0;10;4;1.0;0.57;0.67;1.13;0;0.96
2025-12-13;Chelsea;Everton;ENGLAND 1;2025/2026;2;0;2;0;1.67;1.14;1.74;0.95;1.74;5.6;4.0;19.5;58;42;99;95;34;41;17;11;5;2;13;11;1;0;0;0;0;1;4;7;1.57;1.43;1.67;1.6;1;0.96
2025-12-13;Paris FC;Toulouse;FRANCE 1;2025/2026;0;3;0;2;1.12;0.93;1.63;1.1;2.92;2.8;3.25;10.0;65;35;92;70;57;28;9;7;2;4;12;14;3;1;0;0;2;2;7;4;1.14;1.14;1.07;1.33;0;0.96
2025-12-13;Rennes;Brest;FRANCE 1;2025/2026;3;1;2;1;1.13;1.75;1.86;1.0;1.87;4.3;4.0;21.0;61;39;86;112;28;51;9;14;5;7;16;22;2;3;0;0;2;4;5;7;2.0;1.0;1.6;1.27;0;0.96
2025-12-13;Metz;PSG;FRANCE 1;2025/2026;2;3;1;2;1.2;1.82;1.04;1.83;10.0;1.3;7.0;14.5;41;59;77;125;38;41;9;14;5;9;10;10;2;1;0;0;-1;-1;4;4;1.14;1.75;0.73;2.2;0;0.96
2025-12-14;Arouca;Alverca;PORTUGAL 1;2025/2026;1;0;0;0;1.96;0.54;1.16;0.93;3.2;2.6;3.25;8.8;69;31;143;67;74;20;18;5;4;1;15;11;1;4;0;1;0;2;8;5;0.71;1.17;0.69;1.31;1;0.96
2025-12-14;Lens;Nice;FRANCE 1;2025/2026;2;0;1;0;1.52;1.11;1.66;1.1;1.5;7.0;5.1;32.0;46;54;92;101;31;44;15;8;5;4;17;13;0;2;0;0;0;2;2;5;2.57;0.57;2.27;1.13;1;0.96
2025-12-14;Auxerre;Lille;FRANCE 1;2025/2026;3;4;0;1;2.18;1.17;1.24;1.74;4.5;2.0;3.5;7.6;45;55;80;103;69;42;18;8;8;5;21;10;4;2;2;2;-1;-1;10;3;1.25;1.43;0.8;1.93;0;0.96
2025-12-14;Moreirense;Benfica;PORTUGAL 1;2025/2026;0;4;0;1;0.98;1.19;1.25;1.78;9.4;1.42;5.1;7.4;53;47;69;112;28;27;10;10;2;5;19;15;2;0;0;0;0;1;4;4;2.17;2.67;1.54;2.23;0;0.96
2025-12-14;Crystal Palace;Manchester City;ENGLAND 1;2025/2026;0;3;0;1;1.6;1.1;1.47;1.43;4.2;1.94;4.0;12.0;39;61;82;114;44;30;16;7;4;6;9;6;2;0;0;0;3;2;2;2;1.43;1.43;1.73;2.07;0;0.96
2025-12-14;Strasbourg;Lorient;FRANCE 1;2025/2026;0;0;0;0;1.38;0.87;1.5;1.17;1.83;4.9;3.9;17.0;63;37;141;64;65;22;12;9;2;2;6;3;1;0;0;0;1;2;11;3;2.14;0.29;1.47;1.13;1;0.96
2025-12-14;Werder Bremen;Stuttgart;GERMANY 1;2025/2026;0;4;0;2;1.17;2.84;1.68;1.81;2.92;2.46;3.85;15.0;38;62;83;125;26;68;11;24;4;12;11;6;1;0;1;0;0;2;1;9;1.83;1.0;1.23;1.69;0;0.96
2025-12-14;Bayern Munich;Mainz;GERMANY 1;2025/2026;2;2;1;1;2.9;0.59;2.34;1.16;1.12;27.0;13.0;130.0;85;15;191;67;84;17;24;5;11;2;7;8;2;2;0;0;6;1;7;0;3.0;0.67;2.85;0.46;0;0.96
2025-12-14;Bologna;Juventus;ITALY 1;2025/2026;0;1;0;0;1.25;1.34;1.79;1.41;3.45;2.38;3.4;10.0;51;49;84;107;38;42;11;13;4;3;10;11;3;1;1;0;0;2;3;4;2.17;1.14;1.79;1.64;0;-9.0
2025-12-14;Udinese;Napoli;ITALY 1;2025/2026;1;0;0;0;1.74;0.8;1.55;1.54;5.1;1.91;3.5;6.6;38;62;86;94;36;48;18;7;5;0;16;9;1;0;0;0;1;1;1;3;1.14;1.71;1.29;2.21;1;0.96
2025-12-14;AC Milan;Sassuolo;ITALY 1;2025/2026;2;2;1;1;1.58;1.01;1.69;1.16;1.47;8.8;4.8;26.0;59;41;103;69;56;41;13;8;5;3;12;12;1;3;0;0;2;1;7;3;2.29;1.43;2.21;1.43;0;0.96
2025-12-15;Nacional;Tondela;PORTUGAL 1;2025/2026;3;1;0;0;1.02;2.04;1.22;1.14;2.44;3.35;3.35;11.5;44;56;72;90;32;52;8;21;4;5;11;17;5;6;1;1;1;3;3;10;0.5;1.0;0.92;0.69;0;0.96
2025-12-15;Manchester Utd;Bournemouth;ENGLAND 1;2025/2026;4;4;2;1;2.56;1.86;2.02;1.46;1.87;4.1;4.4;23.0;57;43;93;106;50;47;25;14;9;9;15;12;2;3;0;0;0;1;5;4;1.86;0.71;1.67;1.33;0;0.96
2025-12-19;Valencia;Mallorca;SPAIN 1;2025/2026;1;1;0;1;1.79;0.56;1.43;1.28;2.08;4.4;3.35;12.0;71;29;124;57;80;22;17;4;2;2;10;12;2;3;0;0;2;4;12;3;1.5;0.5;0.94;1.06;0;0.96
2025-12-20;Wolfsburg;Freiburg;GERMANY 1;2025/2026;3;4;1;1;1.53;1.72;1.57;1.24;2.56;2.92;3.6;13.5;56;44;93;79;40;30;13;15;6;8;16;8;1;1;0;0;1;5;2;6;0.71;0.71;1.07;1.21;0;0.96
2025-12-20;Stuttgart;Hoffenheim;GERMANY 1;2025/2026;0;0;0;0;1.06;0.57;1.72;1.47;2.12;3.5;4.0;22.0;47;53;82;105;29;32;10;4;3;1;10;17;3;2;0;0;1;2;4;2;2.5;2.0;1.79;1.86;1;0.96
2025-12-20;Lazio;Cremonese;ITALY 1;2025/2026;0;0;0;0;0.91;0.82;1.53;0.97;1.7;6.2;3.9;18.0;57;43;110;68;34;14;8;9;2;2;13;21;4;3;0;1;0;2;3;0;2.0;1.38;1.47;1.33;1;0.96
2025-12-20;Gil Vicente;Rio Ave;PORTUGAL 1;2025/2026;2;2;1;1;2.24;0.49;1.47;1.2;1.76;5.5;3.7;16.5;54;46;96;55;62;21;23;3;5;2;16;16;3;4;0;1;1;2;10;1;2.0;1.43;1.79;1.14;0;0.96
2025-12-20;Hamburger SV;Eintracht Frankfurt;GERMANY 1;2025/2026;1;1;1;1;1.0;1.14;1.56;1.44;2.64;2.78;3.75;14.5;40;60;82;132;30;47;9;9;3;3;8;12;0;0;0;0;3;0;5;5;1.86;1.57;1.07;1.71;0;0.96
2025-12-20;Augsburg;Werder Bremen;GERMANY 1;2025/2026;0;0;0;0;1.66;0.87;1.4;1.21;2.38;3.25;3.65;15.0;53;47;101;69;49;41;14;9;6;0;10;20;3;4;0;0;2;2;6;11;1.29;0.71;0.93;1.14;1;0.96
2025-12-20;RB Leipzig;Bayer Leverkusen;GERMANY 1;2025/2026;1;3;1;2;2.12;1.79;1.9;1.3;2.28;3.25;3.85;19.0;44;56;110;81;60;40;19;15;7;8;10;12;1;2;0;0;1;1;2;8;3.0;1.67;2.07;1.86;0;0.96
2025-12-20;Bournemouth;Burnley;ENGLAND 1;2025/2026;1;1;0;0;1.54;0.6;1.6;1.11;1.51;7.4;4.8;28.0;66;34;107;84;64;37;16;4;1;1;11;11;1;1;0;0;2;2;5;3;1.88;0.38;1.31;0.63;0;0.96
2025-12-20;Everton;Arsenal;ENGLAND 1;2025/2026;0;1;0;1;0.64;1.33;1.54;1.66;7.0;1.58;4.3;7.0;35;65;86;119;34;50;5;13;1;2;4;5;2;2;0;0;0;1;2;3;1.75;1.75;1.5;2.25;0;-6.0
2025-12-20;Real Madrid;Sevilla;SPAIN 1;2025/2026;2;0;1;0;2.07;1.43;2.39;1.12;1.24;14.5;7.8;65.0;53;47;108;64;51;28;18;14;8;5;13;19;2;5;0;1;1;0;6;5;2.57;1.25;2.29;1.25;1;0.96
2025-12-20;Levante;Real Sociedad;SPAIN 1;2025/2026;1;1;0;1;1.28;1.83;1.13;1.51;3.6;2.22;3.65;10.0;44;56;100;86;34;38;13;18;3;6;16;13;6;2;0;0;3;3;7;10;0.17;0.75;0.6;1.0;0;0.96
2025-12-21;Santa Clara;Arouca;PORTUGAL 1;2025/2026;0;0;0;0;1.15;0.85;1.38;0.88;1.87;5.6;3.4;14.5;52;48;96;97;31;27;9;8;5;2;15;14;2;2;0;0;3;3;2;4;1.43;0.67;1.07;0.86;1;0.96
2025-12-21;Tondela;Casa Pia;PORTUGAL 1;2025/2026;1;2;0;0;1.23;1.37;1.43;0.94;2.18;3.95;3.4;11.0;46;54;75;66;35;36;11;12;4;5;10;16;2;3;0;0;2;0;6;4;0.33;1.0;0.64;0.71;0;0.96
2025-12-21;Elche;Rayo Vallecano;SPAIN 1;2025/2026;4;0;1;0;1.85;2.0;1.59;1.23;2.58;3.35;3.15;9.8;46;54;81;78;42;43;18;18;6;8;15;11;2;3;1;0;1;4;4;5;2.0;1.11;1.19;1.13;1;0.96
2025-12-21;Villarreal;Barcelona;SPAIN 1;2025/2026;0;2;0;1;1.5;2.23;1.9;2.19;3.75;1.88;4.9;24.0;21;79;55;155;38;93;14;19;5;5;10;8;1;1;1;0;6;1;5;10;2.75;2.0;2.33;2.53;0;0.96
2025-12-21;Mainz;St. Pauli;GERMANY 1;2025/2026;0;0;0;0;1.27;0.6;1.41;1.1;2.02;4.3;3.55;13.5;53;47;116;85;51;28;13;5;1;1;5;9;1;1;0;0;1;0;9;5;0.29;0.57;0.5;0.79;1;0.96
2025-12-21;Heidenheim;Bayern Munich;GERMANY 1;2025/2026;0;4;0;2;0.74;2.74;1.34;2.21;21.0;1.16;10.5;18.5;26;74;50;156;31;71;7;23;1;11;8;6;0;0;0;0;2;2;0;6;1.14;2.67;0.79;2.71;0;0.96
2025-12-21;Cagliari;Pisa;ITALY 1;2025/2026;2;2;0;1;1.49;1.44;1.15;0.92;2.24;4.0;3.25;11.5;59;41;92;84;35;39;14;15;5;3;15;20;3;2;0;0;2;0;2;6;1.14;0.57;0.93;0.67;0;0.96
2025-12-21;Sassuolo;Torino;ITALY 1;2025/2026;0;1;0;0;0.77;1.19;1.35;1.29;2.46;3.45;3.2;11.5;53;47;107;103;33;27;7;10;1;5;15;17;3;1;0;0;3;0;2;3;1.43;0.86;1.4;1.13;0;-10.5
2025-12-21;Fiorentina;Udinese;ITALY 1;2025/2026;5;1;3;0;2.06;1.18;1.47;1.18;2.2;4.0;3.3;12.5;63;37;88;77;44;28;20;11;7;4;10;8;3;1;0;1;0;2;1;4;0.29;1.43;0.4;1.4;0;0.96
2025-12-21;Genoa;Atalanta;ITALY 1;2025/2026;0;1;0;0;0.82;1.96;1.35;1.29;4.0;2.22;3.25;7.8;29;71;70;121;31;93;6;16;3;4;11;19;1;2;1;0;1;0;6;10;0.75;0.86;0.93;1.27;0;-6.8
2025-12-21;Aston Villa;Manchester Utd;ENGLAND 1;2025/2026;2;1;1;1;1.15;1.86;1.42;1.56;2.16;3.55;3.85;18.0;43;57;52;124;16;67;12;15;4;6;11;14;1;2;0;0;3;1;5;5;2.38;1.5;2.06;1.63;0;0.96
2025-12-21;Girona;Atl. Madrid;SPAIN 1;2025/2026;0;3;0;2;1.02;1.73;1.19;1.29;5.2;1.76;4.1;9.6;51;49;103;87;41;60;9;14;2;6;7;14;2;0;0;0;4;3;3;4;1.13;1.13;0.94;2.0;0;0.96
2025-12-22;Benfica;Famalicao;PORTUGAL 1;2025/2026;1;0;1;0;1.34;0.6;2.02;1.62;1.34;11.0;5.7;34.0;55;45;128;89;46;27;9;4;6;2;11;21;0;1;0;0;1;0;5;2;1.86;2.0;2.29;1.64;1;0.96
2025-12-22;Alverca;FC Porto;PORTUGAL 1;2025/2026;0;3;0;1;1.12;1.77;1.3;1.76;10.5;1.35;5.8;7.2;40;60;75;105;36;64;8;14;5;6;8;12;1;1;0;0;0;3;4;1;1.43;3.0;1.21;2.86;0;0.96
2025-12-23;Vitoria Guimaraes;Sporting CP;PORTUGAL 1;2025/2026;1;4;0;2;1.76;1.73;1.32;2.06;8.2;1.47;4.9;7.6;44;56;80;81;48;32;17;16;5;7;21;14;3;5;1;0;1;1;2;5;1.71;2.71;1.5;2.5;0;0.96
2025-12-27;Pisa;Juventus;ITALY 1;2025/2026;0;2;0;0;0.98;1.94;1.12;1.4;8.4;1.52;4.4;7.0;41;59;101;97;65;70;8;15;0;7;10;12;4;1;0;0;1;1;2;8;0.75;1.38;0.69;1.81;0;0.96
2025-12-27;Burnley;Everton;ENGLAND 1;2025/2026;0;0;0;0;1.44;1.68;1.01;0.97;3.85;2.24;3.3;7.8;54;46;119;109;59;43;16;15;0;6;8;8;0;2;0;0;2;3;6;5;0.88;1.25;0.65;1.41;1;0.96
2025-12-27;Udinese;Lazio;ITALY 1;2025/2026;1;1;0;0;1.63;1.11;1.57;1.12;3.25;2.64;3.05;8.0;46;54;80;75;56;22;15;14;4;1;19;14;3;4;0;0;0;3;5;6;1.38;1.0;1.31;1.44;0;0.96
2025-12-27;Parma;Fiorentina;ITALY 1;2025/2026;1;0;0;0;1.3;2.31;1.24;1.02;3.6;2.36;3.25;9.2;42;58;68;107;48;82;13;23;2;4;10;15;2;2;0;0;0;3;5;6;0.75;0.5;0.93;0.56;1;0.96
2025-12-27;Chelsea;Aston Villa;ENGLAND 1;2025/2026;1;2;1;0;1.67;1.44;1.73;1.27;1.87;4.4;4.0;17.5;63;37;116;33;79;27;14;11;3;8;16;8;5;3;0;0;-1;-1;6;7;1.75;1.75;1.71;2.12;0;0.96
2025-12-27;Lecce;Como;ITALY 1;2025/2026;0;3;0;1;1.4;1.44;1.23;1.41;5.4;1.86;3.55;7.0;38;62;82;89;49;36;11;12;5;6;10;24;2;4;0;0;2;2;4;6;1.13;1.13;1.07;1.6;0;0.96
2025-12-27;Torino;Cagliari;ITALY 1;2025/2026;1;2;1;1;2.32;0.99;1.33;0.97;1.93;4.9;3.5;14.5;56;44;125;72;58;18;19;9;10;4;14;13;3;0;0;0;1;0;6;2;1.38;0.75;1.25;0.94;0;0.96
2025-12-27;Brentford;Bournemouth;ENGLAND 1;2025/2026;4;1;2;0;1.75;2.56;1.3;1.51;2.38;3.1;3.75;15.5;49;51;72;101;44;84;15;20;7;10;9;8;2;2;0;0;3;1;2;15;2.13;0.75;1.35;1.29;0;0.96
2025-12-28;Bologna;Sassuolo;ITALY 1;2025/2026;1;1;0;0;1.77;1.03;1.72;1.14;2.02;4.5;3.45;14.5;58;42;131;60;46;23;16;8;6;5;18;19;2;3;0;0;2;3;2;3;1.86;1.38;1.67;1.31;0;0.96
2025-12-28;Casa Pia;Vitoria Guimaraes;PORTUGAL 1;2025/2026;0;0;0;0;0.71;1.33;0.94;1.41;3.3;2.62;3.1;8.2;44;56;56;104;35;50;5;13;2;2;23;11;4;2;0;0;0;2;2;3;0.43;1.29;0.87;1.4;1;0.96
2025-12-28;Arouca;Gil Vicente;PORTUGAL 1;2025/2026;2;2;2;1;1.12;1.77;1.27;1.39;4.5;2.04;3.4;7.4;46;54;91;85;26;49;9;17;5;5;13;5;5;2;0;0;2;6;4;8;1.0;1.63;0.87;1.73;0;0.96
2025-12-28;Cremonese;Napoli;ITALY 1;2025/2026;0;2;0;2;0.8;2.33;1.07;1.44;7.2;1.61;4.1;6.8;47;53;88;94;37;54;6;22;2;8;13;8;2;2;0;0;3;2;1;10;1.29;1.5;1.31;2.07;0;0.96
2025-12-28;Sporting CP;Rio Ave;PORTUGAL 1;2025/2026;4;0;1;0;2.81;0.49;2.33;1.12;1.13;27.0;11.5;990.0;59;41;155;50;71;23;23;5;12;0;13;6;1;1;0;0;-1;-1;8;1;2.29;1.38;2.53;1.13;1;0.96
2025-12-30;Arsenal;Aston Villa;ENGLAND 1;2025/2026;4;1;0;0;2.28;1.22;1.86;1.29;1.46;8.0;5.2;25.0;46;54;79;83;58;43;22;11;7;3;18;9;2;3;0;0;4;0;3;3;2.78;1.89;2.33;2.17;0;0.96
2025-12-30;Chelsea;Bournemouth;ENGLAND 1;2025/2026;2;2;2;2;2.07;1.89;1.72;1.63;1.58;6.2;4.8;30.0;67;33;114;73;110;56;17;17;3;6;5;12;1;1;0;0;0;1;12;3;1.56;0.67;1.61;1.22;0;0.96
2026-01-01;Sunderland;Manchester City;ENGLAND 1;2025/2026;0;0;0;0;1.27;1.67;1.19;1.44;8.4;1.45;5.2;8.8;32;68;85;106;49;70;10;14;4;4;9;6;1;1;0;0;0;1;3;5;2.11;1.78;1.56;2.22;1;0.96
2026-01-01;Crystal Palace;Fulham;ENGLAND 1;2025/2026;1;1;1;0;1.22;1.78;1.5;1.21;2.2;3.75;3.55;13.0;40;60;82;120;54;49;11;17;2;5;7;10;0;5;0;0;5;1;6;3;1.11;1.11;1.44;1.44;0;0.96
2026-01-02;Vitoria Guimaraes;Nacional;PORTUGAL 1;2025/2026;2;1;0;0;1.24;1.36;1.37;1.37;1.92;4.8;3.6;14.5;57;43;91;85;53;27;9;14;4;4;20;18;1;3;0;0;3;2;2;3;1.5;1.25;1.38;1.07;0;0.96
2026-01-02;Rayo Vallecano;Getafe;SPAIN 1;2025/2026;1;1;1;0;1.37;1.35;1.81;1.07;2.12;5.0;3.0;10.5;60;40;114;114;35;41;13;12;4;4;13;10;3;4;0;0;5;2;3;2;1.14;1.0;1.06;1.18;0;0.96
2026-01-02;Gil Vicente;Sporting CP;PORTUGAL 1;2025/2026;1;1;0;1;2.14;1.47;1.58;2.02;7.8;1.53;4.5;7.0;36;64;70;98;44;42;19;14;9;4;17;14;3;3;0;1;1;0;8;7;1.86;2.75;1.69;2.56;0;0.96
2026-01-02;Cagliari;AC Milan;ITALY 1;2025/2026;0;1;0;0;0.69;1.4;1.19;1.33;6.6;1.64;4.0;6.8;46;54;76;122;32;57;6;11;1;4;10;8;2;1;0;0;0;2;6;7;1.13;2.14;1.06;2.19;0;-5.8
2026-01-02;Toulouse;Lens;FRANCE 1;2025/2026;0;3;0;0;0.87;1.89;1.63;1.45;2.7;2.9;3.45;11.5;32;68;66;109;30;54;8;16;2;7;16;16;2;3;1;0;-1;-1;2;8;1.5;2.0;1.44;2.31;0;0.96
2026-01-03;Tondela;Arouca;PORTUGAL 1;2025/2026;3;1;2;1;0.7;1.42;1.4;0.87;2.34;3.5;3.4;11.5;29;71;76;129;23;60;5;11;3;4;12;7;3;1;0;0;5;0;2;9;0.29;0.71;0.6;0.88;0;0.96
2026-01-03;Espanyol;Barcelona;SPAIN 1;2025/2026;0;2;0;0;1.58;1.75;1.48;2.19;6.4;1.52;5.2;12.5;31;69;66;106;29;53;14;15;7;6;10;14;1;0;0;0;4;2;5;7;2.11;2.11;1.94;2.56;0;0.96
2026-01-03;Celta Vigo;Valencia;SPAIN 1;2025/2026;4;1;1;0;1.4;1.78;1.31;0.9;2.04;4.5;3.45;13.0;40;60;97;95;29;58;12;16;6;5;10;9;1;3;0;0;2;2;2;4;0.89;0.38;1.35;0.94;0;0.96
2026-01-03;Elche;Villarreal;SPAIN 1;2025/2026;1;3;1;2;1.86;1.21;1.62;1.11;3.55;2.28;3.55;11.5;78;22;163;51;97;24;16;12;2;4;8;11;3;3;0;0;1;2;6;2;2.11;1.86;1.29;2.19;0;0.96
2026-01-03;Bournemouth;Arsenal;ENGLAND 1;2025/2026;2;3;1;1;1.37;1.48;1.6;1.62;7.0;1.51;5.0;9.8;43;57;93;115;29;50;15;12;3;5;13;8;3;1;0;0;1;1;7;5;1.78;1.89;1.21;2.37;0;0.96
2026-01-03;Nice;Strasbourg;FRANCE 1;2025/2026;1;1;0;1;1.84;1.2;1.37;1.14;3.35;2.28;3.65;12.5;45;55;83;86;31;47;19;8;6;5;12;12;1;2;0;0;1;1;5;7;1.63;0.88;1.06;1.44;0;0.96
2026-01-03;Lille;Rennes;FRANCE 1;2025/2026;0;2;0;0;1.31;1.96;1.69;1.07;1.77;5.2;4.0;21.0;39;61;88;108;38;76;13;18;3;4;4;14;1;1;1;0;0;2;4;7;2.38;1.25;2.0;1.69;0;0.96
2026-01-03;Como;Udinese;ITALY 1;2025/2026;1;0;1;0;1.57;0.36;1.68;1.18;1.83;5.1;3.75;16.0;62;38;90;76;58;21;15;3;3;0;12;15;1;3;0;0;0;3;3;2;2.14;1.25;1.69;1.29;1;0.96
2026-01-03;Juventus;Lecce;ITALY 1;2025/2026;1;1;0;1;2.78;0.58;2.1;1.05;1.28;15.5;6.0;40.0;72;28;155;65;119;17;25;6;5;1;6;7;0;3;0;0;4;0;10;1;2.25;1.0;1.88;1.0;0;0.96
2026-01-03;Sassuolo;Parma;ITALY 1;2025/2026;1;1;1;1;1.4;1.67;1.28;1.16;2.04;4.6;3.4;14.0;53;47;117;106;67;43;11;16;3;5;12;7;2;1;0;0;2;0;4;7;1.25;1.14;1.29;1.06;0;0.96
2026-01-03;Genoa;Pisa;ITALY 1;2025/2026;1;1;1;1;1.4;1.16;1.29;0.98;2.06;4.9;3.2;12.0;62;38;99;91;49;53;12;10;4;2;9;17;1;3;0;0;4;1;2;7;0.67;0.63;0.82;0.65;0;0.96
2026-01-04;Alverca;Famalicao;PORTUGAL 1;2025/2026;1;0;0;0;1.17;1.47;1.28;1.48;3.85;2.2;3.4;8.4;44;56;96;106;35;61;10;14;4;2;14;22;2;2;0;0;2;0;3;4;1.25;1.71;1.06;1.44;1;0.96
2026-01-04;Santa Clara;FC Porto;PORTUGAL 1;2025/2026;0;1;0;0;0.98;1.27;1.35;1.76;9.4;1.52;4.2;5.5;43;57;76;101;31;56;12;8;0;5;20;22;2;4;0;0;0;2;2;7;1.38;3.0;1.07;2.88;0;-4.5
2026-01-04;Rio Ave;Casa Pia;PORTUGAL 1;2025/2026;3;1;0;0;1.62;1.55;1.01;1.0;2.36;3.75;3.1;10.5;51;49;87;74;41;35;12;15;8;5;10;23;0;1;0;0;3;2;9;4;0.86;1.25;1.06;0.88;0;0.96
2026-01-04;Mallorca;Girona;SPAIN 1;2025/2026;1;2;0;1;1.06;1.18;1.23;1.17;2.32;3.7;3.25;11.5;49;51;110;82;47;45;9;9;2;4;10;14;2;1;0;0;2;0;3;6;1.63;0.75;1.06;0.88;0;0.96
2026-01-04;Sevilla;Levante;SPAIN 1;2025/2026;0;3;0;1;1.89;0.81;1.37;1.19;1.82;5.3;3.8;18.0;64;36;116;72;62;20;15;6;7;4;16;10;3;4;0;0;2;0;5;1;1.25;0.89;1.18;0.63;0;0.96
2026-01-04;Real Sociedad;Atl. Madrid;SPAIN 1;2025/2026;1;1;0;0;2.09;1.04;1.56;1.34;4.2;2.0;3.8;10.5;45;55;101;86;55;37;18;10;8;2;11;13;3;2;0;0;3;2;6;6;1.25;1.33;1.0;2.06;0;0.96
2026-01-04;PSG;Paris FC;FRANCE 1;2025/2026;2;1;1;0;2.17;0.75;2.48;1.12;1.16;24.0;9.6;90.0;70;30;158;60;66;22;20;6;6;3;7;4;1;0;0;0;0;2;7;1;2.71;1.0;2.25;1.0;0;0.96
2026-01-04;Manchester City;Chelsea;ENGLAND 1;2025/2026;1;1;1;0;1.6;0.96;1.95;1.54;1.65;5.6;4.6;27.0;57;43;135;65;69;34;14;8;3;3;12;14;3;3;0;0;2;2;8;2;2.67;1.67;2.16;1.58;0;0.96
2026-01-04;Fulham;Liverpool;ENGLAND 1;2025/2026;2;2;1;0;0.92;1.21;1.47;1.57;4.2;1.95;3.95;9.8;42;58;69;141;37;58;8;10;2;2;11;4;1;1;0;0;2;4;3;8;1.78;1.44;1.42;1.74;0;0.96
2026-01-04;Everton;Brentford;ENGLAND 1;2025/2026;2;4;0;1;1.75;1.46;1.44;1.11;2.58;3.15;3.3;10.5;45;55;112;96;61;37;14;11;6;7;9;8;0;2;0;0;0;2;4;5;1.56;0.67;1.47;1.42;0;0.96
2026-01-04;Lazio;Napoli;ITALY 1;2025/2026;0;2;0;2;0.47;1.51;1.45;1.54;3.85;2.36;3.1;7.0;35;65;55;94;21;58;5;14;0;3;10;13;4;1;2;1;1;0;2;6;1.88;1.67;1.41;2.13;0;0.96
2026-01-04;Brest;Auxerre;FRANCE 1;2025/2026;2;0;1;0;1.33;0.99;1.59;1.22;1.97;4.6;3.55;15.0;50;50;103;108;48;38;11;10;4;1;16;9;3;2;0;0;1;0;7;6;1.5;0.29;1.19;0.75;1;0.96
2026-01-04;Lorient;Metz;FRANCE 1;2025/2026;1;1;0;1;1.58;0.89;1.51;1.0;1.9;4.6;3.8;17.0;43;57;103;92;30;33;16;8;5;2;9;8;1;2;0;0;3;1;4;4;1.88;0.38;1.13;0.69;0;0.96
2026-01-04;Fiorentina;Cremonese;ITALY 1;2025/2026;1;0;0;0;2.49;0.64;1.54;0.95;1.87;4.9;3.75;17.0;65;35;116;64;76;16;22;6;8;2;10;19;1;2;0;0;0;1;7;3;0.63;1.33;0.53;1.24;1;0.96
2026-01-06;Pisa;Como;ITALY 1;2025/2026;0;3;0;0;1.16;1.92;1.1;1.41;5.7;1.82;3.6;7.2;27;73;72;130;34;66;10;15;4;7;9;13;2;2;0;0;2;0;1;5;0.67;1.33;0.67;1.76;0;0.96
2026-01-06;Sassuolo;Juventus;ITALY 1;2025/2026;0;3;0;1;0.78;2.37;1.29;1.46;5.9;1.75;3.85;7.8;44;56;72;141;35;82;6;17;2;10;3;12;0;0;0;0;1;0;5;5;1.22;1.56;1.28;1.83;0;0.96
2026-01-07;Bologna;Atalanta;ITALY 1;2025/2026;0;2;0;1;1.21;1.37;1.72;1.37;3.1;2.56;3.35;10.0;53;47;94;107;52;44;11;11;2;5;16;15;0;0;0;0;1;5;6;6;1.75;1.13;1.53;1.39;0;0.96
2026-01-07;Torino;Udinese;ITALY 1;2025/2026;1;2;0;0;1.31;1.14;1.44;1.09;2.4;3.7;3.1;11.0;54;46;112;84;54;39;10;9;4;4;16;8;2;1;0;0;1;0;3;6;1.22;1.11;1.28;1.22;0;0.96
2026-01-07;Lazio;Fiorentina;ITALY 1;2025/2026;2;2;0;0;2.06;1.09;1.35;1.17;2.64;3.3;3.05;10.5;49;51;96;86;49;31;17;8;9;5;11;15;3;5;0;0;0;1;8;2;1.67;0.44;1.33;0.67;0;0.96
2026-01-07;Fulham;Chelsea;ENGLAND 1;2025/2026;2;1;0;0;1.91;1.58;1.41;1.48;3.7;2.12;3.8;11.0;55;45;101;94;77;38;16;14;5;6;11;6;3;3;0;1;1;2;2;11;1.7;1.6;1.4;1.55;0;0.96
2026-01-07;Crystal Palace;Aston Villa;ENGLAND 1;2025/2026;0;0;0;0;1.29;1.5;1.48;1.28;3.2;2.46;3.45;10.5;41;59;82;95;33;48;11;15;5;3;8;3;2;0;0;0;2;0;3;5;1.1;1.7;1.35;2.1;1;0.96
2026-01-07;Brentford;Sunderland;ENGLAND 1;2025/2026;3;0;1;0;1.96;1.16;1.31;1.06;1.88;4.9;3.75;14.0;51;49;72;89;57;35;18;11;6;3;13;13;2;1;0;0;1;1;7;4;2.1;1.0;1.5;1.5;1;0.96
2026-01-07;Burnley;Manchester Utd;ENGLAND 1;2025/2026;2;2;1;0;0.73;2.97;1.1;1.56;5.4;1.75;4.0;8.8;35;65;94;116;28;54;7;30;1;10;9;8;2;0;0;0;3;0;2;6;0.8;1.3;0.6;1.55;0;0.96
2026-01-08;Cremonese;Cagliari;ITALY 1;2025/2026;2;2;2;0;1.34;2.1;1.04;0.97;2.66;3.3;3.05;9.0;44;56;84;109;31;59;12;21;5;5;16;12;2;2;0;0;0;1;2;4;1.13;1.0;1.17;1.0;0;0.96
2026-01-08;AC Milan;Genoa;ITALY 1;2025/2026;1;1;0;1;3.36;0.7;1.63;1.22;1.49;9.6;4.4;24.0;61;39;145;77;110;15;32;7;8;2;12;8;4;1;0;0;1;1;12;1;2.22;1.0;2.24;0.83;0;0.96
2026-01-08;Arsenal;Liverpool;ENGLAND 1;2025/2026;0;0;0;0;1.27;0.77;1.9;1.53;1.62;6.2;4.4;21.0;48;52;107;98;57;35;9;8;4;0;10;9;2;2;0;0;2;1;3;0;2.8;1.4;2.4;1.7;1;0.96
2026-01-09;Getafe;Real Sociedad;SPAIN 1;2025/2026;1;2;0;1;0.79;1.58;1.14;1.55;3.65;2.54;2.98;6.6;43;57;110;119;25;65;6;12;3;5;17;17;2;1;0;0;4;2;2;4;1.38;0.78;1.17;1.0;0;0.96
2026-01-10;Valencia;Elche;SPAIN 1;2025/2026;1;1;0;0;1.68;0.68;1.47;1.01;2.2;4.0;3.35;12.0;39;61;95;94;54;39;16;5;4;1;14;14;2;3;0;0;3;5;8;6;1.44;0.38;0.89;1.22;0;0.96
2026-01-10;Girona;Osasuna;SPAIN 1;2025/2026;1;0;1;0;1.07;1.18;1.17;0.96;2.48;3.35;3.3;11.5;46;54;79;111;38;57;8;12;4;0;14;13;2;6;1;0;3;2;2;1;1.0;0.22;1.0;1.06;1;0.96
2026-01-10;Atalanta;Torino;ITALY 1;2025/2026;2;0;1;0;1.88;1.11;1.75;1.34;1.62;7.2;4.0;20.0;56;44;115;99;54;36;18;10;5;3;14;17;1;2;0;0;4;3;5;4;1.6;1.33;1.47;1.21;1;0.96
2026-01-10;Udinese;Pisa;ITALY 1;2025/2026;2;2;2;1;1.13;1.68;1.58;1.0;1.96;5.0;3.4;14.0;54;46;86;104;41;41;11;14;2;7;13;16;1;4;0;0;5;3;3;8;1.33;0.67;1.32;0.63;0;0.96
2026-01-10;Como;Bologna;ITALY 1;2025/2026;1;1;0;0;1.28;0.75;1.67;1.19;2.1;4.3;3.4;14.0;59;41;100;61;42;22;12;7;3;2;14;3;3;3;0;1;2;4;4;2;2.25;1.33;1.83;1.44;0;0.96
2026-01-10;Union Berlin;Mainz;GERMANY 1;2025/2026;2;2;0;1;1.76;1.19;1.34;1.08;2.22;3.95;3.3;12.0;57;43;135;113;45;26;17;9;5;6;9;8;2;0;0;0;0;1;2;1;1.5;0.71;1.4;0.53;0;0.96
2026-01-10;Freiburg;Hamburger SV;GERMANY 1;2025/2026;2;1;0;0;2.04;1.19;1.63;1.3;1.82;5.3;3.75;18.0;60;40;110;67;40;28;20;10;7;5;13;11;3;4;0;1;1;0;0;3;1.71;0.29;1.33;1.07;0;0.96
2026-01-10;Bayer Leverkusen;Stuttgart;GERMANY 1;2025/2026;1;4;0;4;1.63;1.46;1.83;1.94;2.14;3.45;4.0;21.0;57;43;102;111;47;45;16;10;4;7;13;11;4;2;0;0;2;2;5;3;2.0;1.25;1.93;1.73;0;0.96
2026-01-11;Bayern Munich;Wolfsburg;GERMANY 1;2025/2026;8;1;2;1;2.15;0.91;2.41;1.13;1.13;23.0;12.5;130.0;68;32;121;63;60;26;16;8;10;3;7;6;0;1;0;0;1;0;6;2;2.75;1.43;2.73;1.0;0;0.96
2026-01-11;Nacional;Santa Clara;PORTUGAL 1;2025/2026;3;3;2;2;1.56;2.19;1.19;1.15;2.98;2.9;3.05;8.4;46;54;92;102;54;54;13;22;5;6;14;11;4;4;0;0;1;1;2;8;0.86;0.71;1.0;1.0;0;0.96
2026-01-11;Rayo Vallecano;Mallorca;SPAIN 1;2025/2026;2;1;2;1;1.47;0.98;1.76;1.2;1.96;5.0;3.35;13.0;53;47;101;88;32;36;14;9;5;2;14;14;1;5;1;0;2;1;6;5;1.13;0.56;1.06;1.0;0;0.96
2026-01-11;Levante;Espanyol;SPAIN 1;2025/2026;1;1;0;0;0.85;1.76;1.15;1.39;3.3;2.4;3.45;9.8;49;51;81;100;27;49;8;19;2;3;10;9;0;1;0;0;2;2;4;3;0.29;1.75;0.76;1.83;0;0.96
2026-01-11;Moreirense;Tondela;PORTUGAL 1;2025/2026;1;0;0;0;0.69;0.78;1.21;1.25;2.14;4.2;3.25;13.5;59;41;34;32;15;19;7;8;2;2;7;13;1;1;0;0;1;4;4;2;1.86;0.88;1.5;0.75;1;0.96
2026-01-11;Lecce;Parma;ITALY 1;2025/2026;1;2;1;0;0.92;1.28;1.2;1.23;2.86;3.05;3.0;8.8;41;59;85;107;29;52;10;12;1;2;16;17;3;1;2;0;0;2;3;3;0.9;1.13;0.94;1.0;0;0.96
2026-01-11;Fiorentina;AC Milan;ITALY 1;2025/2026;1;1;0;0;2.14;1.29;1.65;1.34;3.75;2.22;3.45;9.8;52;48;105;85;54;35;20;13;7;3;10;14;2;3;0;0;1;0;8;5;0.89;2.25;0.68;2.17;0;0.96
2026-01-12;Sevilla;Celta Vigo;SPAIN 1;2025/2026;0;1;0;0;1.02;1.21;1.43;1.11;2.86;2.82;3.3;10.5;59;41;95;61;59;20;7;9;2;7;16;16;3;3;0;0;4;0;6;1;1.11;1.88;1.11;1.44;0;-9.5
2026-01-12;Genoa;Cagliari;ITALY 1;2025/2026;3;0;1;0;1.4;1.45;1.3;1.09;2.12;4.6;3.1;12.0;44;56;92;102;29;40;11;15;7;3;17;20;2;5;0;0;1;1;2;3;0.7;1.0;0.84;1.0;1;0.96
2026-01-12;Juventus;Cremonese;ITALY 1;2025/2026;5;0;3;0;2.33;0.98;2.17;0.92;1.26;14.5;6.8;44.0;58;42;134;66;57;37;18;9;11;2;16;8;0;1;0;0;3;0;4;5;2.11;1.2;1.89;1.16;1;0.96
2026-01-13;Mainz;Heidenheim;GERMANY 1;2025/2026;2;1;1;0;1.58;1.54;1.4;1.18;1.84;4.9;3.9;19.0;42;58;124;108;45;42;13;15;6;4;11;10;2;2;0;0;0;2;4;1;0.38;0.43;0.56;0.75;0;0.96
2026-01-13;Stuttgart;Eintracht Frankfurt;GERMANY 1;2025/2026;3;2;2;1;2.41;1.25;1.63;1.4;1.77;4.7;4.4;29.0;58;42;100;83;53;19;20;12;11;5;8;15;2;2;0;0;6;1;10;2;2.29;1.5;1.81;1.63;0;0.96
2026-01-14;Wolfsburg;St. Pauli;GERMANY 1;2025/2026;2;1;1;1;1.58;1.07;1.56;1.04;1.89;4.6;3.85;16.0;61;39;165;76;53;30;13;9;5;4;10;9;1;2;0;0;4;2;7;4;0.63;0.63;0.94;0.8;0;0.96
2026-01-14;Napoli;Parma;ITALY 1;2025/2026;0;0;0;0;1.96;0.42;1.56;1.23;1.33;13.0;5.7;34.0;69;31;146;46;92;12;16;4;4;1;11;12;1;3;0;0;1;0;7;1;2.5;1.33;2.05;1.11;1;0.96
2026-01-14;RB Leipzig;Freiburg;GERMANY 1;2025/2026;2;0;0;0;2.2;0.51;1.93;1.3;1.86;4.6;4.0;19.5;64;36;112;84;53;32;21;3;7;1;12;16;0;4;0;0;0;2;7;2;2.57;1.0;1.93;1.44;1;0.96
2026-01-15;Augsburg;Union Berlin;GERMANY 1;2025/2026;1;1;1;0;1.16;1.51;1.43;1.3;2.88;2.84;3.25;9.2;48;52;107;98;32;40;9;16;5;3;9;18;1;0;0;1;1;0;3;3;1.25;1.29;0.88;1.38;0;0.96
2026-01-15;Como;AC Milan;ITALY 1;2025/2026;1;3;1;1;2.18;0.86;1.62;1.33;3.15;2.6;3.3;10.0;68;32;137;57;66;18;18;7;8;4;7;5;1;0;0;0;0;3;8;4;2.11;2.11;1.79;2.11;0;0.96
2026-01-16;Sporting CP;Casa Pia;PORTUGAL 1;2025/2026;3;0;2;0;1.69;0.66;2.39;1.06;1.21;18.5;8.0;980.0;61;39;100;74;55;28;16;6;4;1;12;12;0;2;0;1;2;3;4;6;2.38;1.11;2.47;0.82;1;0.96
2026-01-16;Espanyol;Girona;SPAIN 1;2025/2026;0;2;0;1;1.42;0.99;1.49;1.17;1.91;4.8;3.6;15.5;49;51;99;87;55;35;14;7;2;4;17;17;5;5;0;0;1;4;5;4;1.9;1.0;1.79;1.11;0;0.96
2026-01-16;Monaco;Lorient;FRANCE 1;2025/2026;1;3;0;0;1.89;1.46;1.47;1.13;1.71;5.2;4.4;24.0;62;38;110;67;71;41;14;14;7;4;16;9;1;0;0;0;0;1;4;3;1.78;0.38;1.35;1.12;0;0.96
2026-01-16;PSG;Lille;FRANCE 1;2025/2026;3;0;1;0;1.77;0.96;2.44;1.67;1.32;10.5;6.6;50.0;61;39;138;67;62;32;13;7;7;4;14;6;0;1;0;0;1;3;4;2;2.75;1.63;2.29;1.88;1;0.96
2026-01-16;Pisa;Atalanta;ITALY 1;2025/2026;1;1;0;0;1.84;1.17;1.11;1.37;7.2;1.57;4.4;7.8;43;57;98;108;74;43;14;9;6;4;12;11;1;2;0;0;0;1;10;1;0.6;1.33;0.65;1.55;0;0.96
2026-01-16;Werder Bremen;Eintracht Frankfurt;GERMANY 1;2025/2026;3;3;1;1;1.55;1.09;1.61;1.39;2.88;2.6;3.7;14.5;60;40;125;87;61;41;13;8;4;4;8;15;1;4;0;0;2;1;4;1;1.57;1.33;1.06;1.53;0;0.96
2026-01-17;Rio Ave;Benfica;PORTUGAL 1;2025/2026;0;2;0;2;0.67;2.73;1.09;1.68;11.0;1.35;5.6;8.0;37;63;61;135;21;92;7;24;1;8;12;8;1;2;0;0;2;0;3;11;1.13;2.5;1.18;2.29;0;0.96
2026-01-17;Alverca;Moreirense;PORTUGAL 1;2025/2026;2;1;0;0;1.49;1.31;1.27;1.05;2.44;3.75;2.98;9.8;41;59;84;120;46;53;15;10;3;4;16;6;3;1;0;0;0;2;4;0;1.44;1.22;1.18;1.59;0;0.96
2026-01-17;Gil Vicente;Nacional;PORTUGAL 1;2025/2026;2;1;1;1;1.71;1.34;1.65;1.37;1.8;5.4;3.7;16.0;54;46;79;76;59;33;16;13;4;4;7;18;1;2;0;0;2;2;7;5;1.75;1.11;1.65;1.0;0;0.96
2026-01-17;Real Madrid;Levante;SPAIN 1;2025/2026;2;0;0;0;2.82;0.85;2.35;1.15;1.19;17.0;9.2;80.0;70;30;149;62;56;30;26;10;11;0;12;14;2;1;0;0;0;2;8;0;2.67;1.1;2.37;0.78;1;0.96
2026-01-17;Chelsea;Brentford;ENGLAND 1;2025/2026;2;0;1;0;0.81;1.66;1.76;1.14;1.91;4.3;4.0;21.0;46;54;79;107;39;49;6;15;2;5;7;10;3;2;0;0;0;1;3;9;1.5;0.9;1.48;1.57;1;0.96
2026-01-17;Liverpool;Burnley;ENGLAND 1;2025/2026;1;1;1;0;3.7;0.73;1.85;1.03;1.25;15.5;7.0;46.0;73;27;152;77;129;29;32;7;11;1;8;10;1;2;0;0;1;2;9;1;2.0;0.4;1.67;0.62;0;0.96
2026-01-17;Sunderland;Crystal Palace;ENGLAND 1;2025/2026;2;1;1;1;1.78;0.8;1.19;1.17;2.5;3.3;3.35;10.5;57;43;106;83;65;38;13;6;7;2;8;15;3;3;0;0;0;2;3;4;2.0;1.6;1.43;1.33;0;0.96
2026-01-17;Manchester Utd;Manchester City;ENGLAND 1;2025/2026;2;0;0;0;1.45;1.15;1.97;1.46;3.75;2.04;4.0;15.5;32;68;71;132;37;87;11;7;7;1;13;8;2;3;0;0;6;1;1;6;1.8;1.7;1.52;2.05;1;0.96
2026-01-17;RB Leipzig;Bayern Munich;GERMANY 1;2025/2026;1;5;1;0;1.62;2.36;1.96;2.28;5.1;1.65;4.9;18.5;42;58;95;105;37;44;17;19;4;12;7;6;1;0;0;0;0;2;5;9;2.63;2.75;2.0;2.76;0;0.96
2026-01-17;Hoffenheim;Bayer Leverkusen;GERMANY 1;2025/2026;1;0;1;0;2.04;1.05;1.7;1.37;2.36;3.05;3.9;19.5;38;62;110;116;39;54;19;8;8;2;17;7;2;1;0;0;3;1;3;5;1.88;1.86;1.88;1.81;1;0.96
2026-01-17;Wolfsburg;Heidenheim;GERMANY 1;2025/2026;1;1;0;1;1.56;1.28;1.56;1.23;1.71;5.4;4.2;25.0;70;30;143;73;61;35;13;13;4;3;10;12;4;3;0;0;1;0;9;6;0.89;0.38;1.06;0.71;0;0.96
2026-01-17;Cagliari;Juventus;ITALY 1;2025/2026;1;0;0;0;0.35;2.52;1.14;1.55;7.4;1.56;4.3;7.0;22;78;36;168;12;117;3;21;1;5;16;12;0;1;0;0;0;1;1;18;1.0;1.7;0.95;1.95;1;0.96
2026-01-17;Napoli;Sassuolo;ITALY 1;2025/2026;1;0;1;0;1.16;1.86;1.6;1.08;1.5;8.6;4.5;23.0;53;47;76;98;25;35;11;21;4;4;10;11;0;2;0;0;0;2;5;4;2.33;1.2;2.0;1.15;1;0.96
2026-01-17;Toulouse;Nice;FRANCE 1;2025/2026;5;1;2;0;2.33;1.77;1.54;1.1;2.08;3.95;3.6;14.5;43;57;84;108;34;56;22;15;10;6;12;17;1;2;0;0;0;1;6;7;1.33;0.5;1.35;1.06;0;0.96
2026-01-17;Lens;Auxerre;FRANCE 1;2025/2026;1;0;0;0;2.04;0.63;1.65;1.19;1.46;9.0;4.8;29.0;48;52;94;134;49;40;19;5;7;0;19;20;2;5;0;0;2;0;1;5;2.63;0.25;2.35;0.71;1;0.96
2026-01-18;Stuttgart;Union Berlin;GERMANY 1;2025/2026;1;1;0;0;1.33;1.88;1.72;1.33;1.63;6.2;4.4;24.0;57;43;99;112;39;56;12;20;4;3;6;11;1;1;0;0;-1;-1;3;8;2.38;1.25;1.88;1.35;0;0.96
2026-01-18;Augsburg;Freiburg;GERMANY 1;2025/2026;2;2;0;0;1.41;1.44;1.4;1.21;2.82;2.84;3.35;10.5;45;55;79;94;33;36;13;13;5;5;11;14;3;2;0;0;1;1;9;6;1.22;0.89;0.88;1.35;0;0.96
2026-01-18;Strasbourg;Metz;FRANCE 1;2025/2026;2;1;2;1;1.79;0.98;1.48;0.99;1.46;8.2;5.1;30.0;47;53;109;69;67;37;14;9;6;2;12;12;2;3;0;0;2;1;4;1;2.0;0.44;1.41;0.71;0;0.96
2026-01-18;Rennes;Le Havre;FRANCE 1;2025/2026;1;1;0;0;2.21;0.9;1.77;1.1;1.68;5.5;4.4;23.0;54;46;118;90;73;23;19;7;7;4;18;14;1;4;0;0;5;1;10;6;2.13;0.63;1.76;1.06;0;0.96
2026-01-18;Nantes;Paris FC;FRANCE 1;2025/2026;1;2;0;1;0.66;1.12;1.14;1.08;2.82;2.8;3.4;11.5;48;52;85;109;36;37;5;10;1;3;16;14;1;3;0;0;3;0;1;2;0.63;0.89;0.82;0.94;0;0.96
2026-01-18;Aston Villa;Everton;ENGLAND 1;2025/2026;0;1;0;0;1.88;1.01;1.41;1.06;1.67;6.0;4.2;21.0;63;37;107;68;55;31;18;9;5;3;15;13;1;2;0;0;1;4;6;4;2.5;1.4;2.05;1.38;0;-20.0
2026-01-18;AC Milan;Lecce;ITALY 1;2025/2026;1;0;0;0;2.18;0.38;1.8;0.98;1.3;14.0;5.9;38.0;69;31;131;89;68;24;20;3;6;0;9;11;1;1;0;0;6;0;10;2;2.1;0.89;2.15;0.85;1;0.96
2026-01-18;Parma;Genoa;ITALY 1;2025/2026;0;0;0;0;1.32;1.17;1.17;1.16;2.98;3.05;2.92;9.0;51;49;96;85;40;36;14;11;2;3;13;18;3;2;0;0;1;1;7;3;0.9;1.0;1.1;0.95;1;0.96
2026-01-18;Bologna;Fiorentina;ITALY 1;2025/2026;1;2;0;2;1.85;1.14;1.67;1.16;2.56;3.1;3.35;13.0;61;39;122;62;69;23;18;11;3;4;14;13;3;0;0;0;0;3;7;1;1.56;0.5;1.5;0.7;0;0.96
2026-01-18;Vitoria Guimaraes;FC Porto;PORTUGAL 1;2025/2026;0;1;0;0;1.9;1.25;1.36;1.7;8.0;1.52;4.4;6.6;50;50;91;89;61;38;20;12;3;3;19;15;3;2;2;0;0;2;6;1;1.67;3.0;1.47;2.88;0;-5.6
2026-01-18;Getafe;Valencia;SPAIN 1;2025/2026;0;1;0;0;1.56;0.83;1.1;1.0;2.78;3.5;2.8;8.0;55;45;116;68;64;44;14;7;3;1;8;18;2;3;0;1;3;2;9;3;1.22;0.33;1.11;0.89;0;-7.0
2026-01-18;Celta Vigo;Rayo Vallecano;SPAIN 1;2025/2026;3;0;1;0;1.42;1.44;1.32;1.31;1.92;4.9;3.6;14.5;49;51;81;95;32;48;11;14;7;3;7;14;3;2;0;1;4;1;5;7;1.1;1.0;1.53;1.16;1;0.96
2026-01-18;Real Sociedad;Barcelona;SPAIN 1;2025/2026;2;1;1;0;1.1;2.74;1.62;2.15;5.1;1.68;4.7;15.0;28;72;64;123;32;75;7;25;6;9;13;8;3;3;1;0;4;3;6;8;1.22;2.2;1.11;2.58;0;0.96
2026-01-18;Santa Clara;Famalicao;PORTUGAL 1;2025/2026;0;1;0;0;1.29;1.03;1.31;1.48;3.3;2.56;3.1;8.2;51;49;91;89;38;51;15;7;1;3;17;18;1;1;0;0;3;1;9;2;1.22;1.5;1.0;1.35;0;-7.2
2026-01-19;Lazio;Como;ITALY 1;2025/2026;0;3;0;2;1.0;1.3;1.42;1.46;3.0;2.92;3.0;8.4;34;66;77;84;29;24;8;11;4;6;14;9;4;3;0;0;1;0;3;2;1.6;1.5;1.4;1.7;0;0.96
2026-01-19;Elche;Sevilla;SPAIN 1;2025/2026;2;2;1;0;1.29;2.54;1.65;1.16;2.36;3.45;3.4;11.5;50;50;100;92;41;58;10;25;5;8;11;12;3;1;0;0;0;1;9;7;1.9;1.11;1.21;1.05;0;0.96
2026-01-23;St. Pauli;Hamburger SV;GERMANY 1;2025/2026;0;0;0;0;0.95;0.77;1.48;1.29;3.1;2.84;3.05;8.0;43;57;113;100;30;41;8;5;3;2;15;13;1;1;0;0;0;3;5;4;1.0;0.25;0.71;1.0;1;0.96
2026-01-23;Auxerre;PSG;FRANCE 1;2025/2026;0;1;0;0;0.87;1.93;1.34;1.83;12.0;1.32;6.2;10.0;31;69;80;129;50;48;8;16;0;8;10;12;0;1;0;0;2;0;2;7;1.11;1.89;0.67;2.33;0;-9.0
2026-01-23;Levante;Elche;SPAIN 1;2025/2026;3;2;0;1;2.49;0.8;1.11;0.97;2.36;3.45;3.45;12.5;41;59;95;89;61;28;26;6;6;3;13;13;2;3;0;0;1;0;9;1;0.38;0.44;0.74;1.2;0;0.96
2026-01-24;Arouca;Sporting CP;PORTUGAL 1;2025/2026;1;2;0;1;1.18;1.69;1.25;1.96;12.0;1.3;6.4;9.8;35;65;63;128;19;63;11;15;5;4;11;12;3;4;2;2;2;1;4;7;1.0;2.56;0.94;2.5;0;0.96
2026-01-24;Moreirense;Santa Clara;PORTUGAL 1;2025/2026;1;0;0;0;0.39;0.73;1.15;1.28;3.1;2.84;2.96;8.0;49;51;58;90;17;29;3;8;1;0;13;22;2;2;0;0;1;5;5;5;2.0;0.75;1.5;0.94;1;0.96
2026-01-24;Lecce;Lazio;ITALY 1;2025/2026;0;0;0;0;1.44;0.76;1.18;1.12;5.0;2.08;3.05;6.2;39;61;105;98;49;41;15;6;2;1;16;6;2;1;0;0;-1;-1;4;1;0.82;1.2;0.81;1.33;1;0.96
2026-01-24;Fiorentina;Cagliari;ITALY 1;2025/2026;1;2;0;1;1.65;1.16;1.7;1.12;1.89;5.1;3.6;16.5;70;30;140;48;67;15;15;10;3;6;11;17;2;3;0;0;1;1;8;3;0.9;0.91;0.81;1.05;0;0.96
2026-01-24;Como;Torino;ITALY 1;2025/2026;6;0;2;0;1.83;0.73;1.68;1.32;1.63;6.6;4.1;21.0;59;41;87;87;37;28;17;7;7;1;9;15;0;1;0;0;1;7;2;1;1.9;1.2;1.76;1.1;1;0.96
2026-01-24;Villarreal;Real Madrid;SPAIN 1;2025/2026;0;2;0;0;0.83;1.72;1.79;2.09;4.0;1.93;4.2;15.5;42;58;63;122;35;76;8;14;1;4;19;10;3;1;0;0;-1;-1;6;6;2.5;2.1;2.16;2.4;0;0.96
2026-01-24;Valencia;Espanyol;SPAIN 1;2025/2026;3;2;1;0;1.21;1.79;1.49;1.43;2.58;3.25;3.2;10.0;47;53;74;100;31;50;10;16;5;6;13;10;1;5;0;0;-1;-1;2;7;1.4;1.67;1.0;1.7;0;0.96
2026-01-24;Rayo Vallecano;Osasuna;SPAIN 1;2025/2026;1;3;0;1;1.31;1.57;1.73;0.98;2.38;3.7;3.2;10.5;67;33;100;87;45;46;11;14;4;5;12;15;2;2;0;0;2;2;4;3;1.33;0.2;1.1;1.1;0;0.96
2026-01-24;Le Havre;Monaco;FRANCE 1;2025/2026;0;0;0;0;0.73;1.21;1.54;1.4;4.5;1.88;4.0;11.5;47;53;87;112;29;59;7;10;1;2;9;20;0;3;0;0;1;5;5;6;1.44;0.88;1.06;1.28;1;0.96
2026-01-24;Rennes;Lorient;FRANCE 1;2025/2026;0;2;0;1;2.88;0.96;1.82;1.17;1.82;4.9;3.95;19.5;69;31;111;23;162;43;22;6;5;4;18;7;2;0;0;0;3;1;9;3;2.0;0.67;1.72;1.22;0;0.96
2026-01-24;Bournemouth;Liverpool;ENGLAND 1;2025/2026;3;2;2;1;1.35;1.73;1.53;1.46;4.2;1.94;4.0;13.5;33;67;72;128;33;77;12;14;5;4;7;7;1;1;0;0;-1;-1;3;11;1.73;1.36;1.23;1.64;0;0.96
2026-01-24;Bayern Munich;Augsburg;GERMANY 1;2025/2026;1;2;1;0;1.85;1.65;2.38;1.33;1.13;26.0;12.5;120.0;70;30;155;70;65;31;15;16;6;6;10;5;1;1;0;0;3;3;9;3;2.78;0.5;2.78;0.89;0;0.96
2026-01-24;Eintracht Frankfurt;Hoffenheim;GERMANY 1;2025/2026;1;3;1;0;0.99;1.34;1.52;1.36;3.3;2.24;3.85;14.0;47;53;76;125;29;48;9;10;3;5;8;16;0;4;0;0;0;3;6;6;1.75;1.88;1.5;1.94;0;0.96
2026-01-24;Heidenheim;RB Leipzig;GERMANY 1;2025/2026;0;3;0;0;1.0;1.72;1.3;1.58;5.1;1.7;4.6;14.0;26;74;58;143;58;62;7;11;2;8;10;9;1;0;0;0;1;3;4;0;1.0;1.38;0.72;1.88;0;0.96
2026-01-24;Mainz;Wolfsburg;GERMANY 1;2025/2026;3;1;0;1;2.45;0.8;1.42;1.1;2.42;3.25;3.5;13.5;59;41;139;89;77;29;20;7;9;2;8;11;3;2;0;0;2;0;15;1;0.67;1.25;0.67;1.06;0;0.96
2026-01-24;Bayer Leverkusen;Werder Bremen;GERMANY 1;2025/2026;1;0;1;0;1.35;1.68;1.81;1.12;1.62;6.0;4.6;30.0;50;50;93;104;34;55;13;17;4;3;6;9;2;3;0;0;1;1;5;5;1.78;0.67;1.71;1.06;1;0.96
2026-01-25;Crystal Palace;Chelsea;ENGLAND 1;2025/2026;1;3;0;1;1.67;1.32;1.46;1.49;3.8;2.08;3.85;11.0;43;57;109;76;49;37;13;10;7;6;11;10;3;2;1;0;2;1;4;5;1.09;1.45;1.27;1.55;0;0.96
2026-01-25;Arsenal;Manchester Utd;ENGLAND 1;2025/2026;2;3;1;1;1.67;0.98;1.85;1.69;1.61;6.4;4.4;24.0;56;44;102;81;61;18;15;10;4;3;11;9;2;0;0;0;3;0;9;2;2.64;1.27;2.27;1.59;0;0.96
2026-01-25;Brest;Toulouse;FRANCE 1;2025/2026;0;2;0;2;1.42;1.05;1.56;1.08;2.92;2.82;3.25;10.5;55;45;121;99;32;25;13;8;5;5;16;16;2;3;0;0;1;4;3;2;1.67;1.38;1.22;1.44;0;0.96
2026-01-25;Juventus;Napoli;ITALY 1;2025/2026;3;0;1;0;1.5;0.88;2.19;1.48;2.02;5.0;3.2;12.5;42;58;109;86;43;33;12;9;6;1;21;11;1;2;0;0;1;1;2;2;2.2;1.73;1.86;2.05;1;0.96
2026-01-25;Atalanta;Parma;ITALY 1;2025/2026;4;0;2;0;2.29;1.42;1.76;1.15;1.45;8.8;5.0;27.0;48;52;83;96;47;46;21;15;9;2;14;8;1;0;0;0;2;0;6;9;1.73;1.3;1.52;1.1;1;0.96
2026-01-25;Genoa;Bologna;ITALY 1;2025/2026;3;2;0;1;1.27;1.26;1.31;1.19;3.25;2.66;3.05;8.6;49;51;90;83;47;31;8;13;6;3;14;17;2;2;0;1;1;2;5;2;0.91;1.45;0.95;1.43;0;0.96
2026-01-25;Sassuolo;Cremonese;ITALY 1;2025/2026;1;0;1;0;1.6;1.25;1.24;0.93;2.1;4.3;3.35;13.0;45;55;82;104;40;45;13;10;7;4;13;14;1;2;0;0;4;3;3;5;1.1;1.09;1.1;1.1;1;0.96
2026-01-25;Lille;Strasbourg;FRANCE 1;2025/2026;1;4;0;2;2.18;1.52;1.65;1.14;2.5;3.1;3.5;12.5;47;53;100;69;70;21;20;15;6;6;11;13;2;2;0;0;0;1;8;1;2.11;0.89;1.78;1.5;0;0.96
2026-01-25;Nantes;Nice;FRANCE 1;2025/2026;1;4;1;3;2.17;0.95;1.09;1.18;3.0;2.54;3.55;12.5;56;44;138;85;77;30;20;7;5;4;11;15;2;3;0;0;0;3;4;2;0.56;0.44;0.78;1.0;0;0.96
2026-01-25;Nacional;Rio Ave;PORTUGAL 1;2025/2026;4;0;1;0;1.57;1.36;1.24;1.05;2.16;3.65;3.55;15.0;46;54;82;57;47;35;14;11;5;6;18;6;3;0;0;0;0;6;5;5;0.88;1.22;0.94;1.11;1;0.96
2026-01-25;Famalicao;Tondela;PORTUGAL 1;2025/2026;3;0;1;0;1.14;0.43;1.56;1.2;1.61;6.6;4.2;22.0;61;39;106;72;38;40;9;2;4;0;9;20;0;1;0;0;1;0;3;4;1.22;0.78;1.44;0.67;1;0.96
2026-01-25;Atl. Madrid;Mallorca;SPAIN 1;2025/2026;3;0;1;0;2.16;0.65;1.92;1.18;1.34;11.5;5.9;34.0;61;39;120;102;73;25;17;6;8;1;10;7;2;1;0;0;-1;-1;10;3;2.8;0.5;2.05;1.05;1;0.96
2026-01-25;Real Sociedad;Celta Vigo;SPAIN 1;2025/2026;3;1;1;0;1.14;1.97;1.57;1.12;2.22;3.8;3.45;13.0;36;64;69;125;31;86;10;17;4;4;7;13;1;1;1;0;2;2;2;9;1.4;2.0;1.2;1.6;0;0.96
2026-01-26;FC Porto;Gil Vicente;PORTUGAL 1;2025/2026;3;0;1;0;1.56;1.21;1.68;1.43;1.41;10.5;5.1;27.0;58;42;79;79;35;22;14;11;6;5;13;8;2;2;0;1;3;0;11;3;2.75;1.56;2.89;1.72;1;0.96
2026-01-26;Girona;Getafe;SPAIN 1;2025/2026;1;1;0;0;1.58;0.82;1.16;1.1;2.34;4.1;2.98;9.4;69;31;146;82;73;23;12;8;4;2;13;15;5;3;0;0;2;2;3;4;1.2;1.0;1.2;1.05;0;0.96
2026-01-27;St. Pauli;RB Leipzig;GERMANY 1;2025/2026;1;1;0;0;0.87;1.53;1.41;1.6;4.8;1.9;3.7;7.8;46;54;113;138;37;56;7;12;2;5;6;8;0;1;0;0;5;3;4;3;1.0;1.56;0.72;1.94;0;0.96
2026-01-27;Werder Bremen;Hoffenheim;GERMANY 1;2025/2026;0;2;0;1;2.29;1.3;1.6;1.36;3.8;2.08;3.8;12.0;59;41;99;96;63;45;26;12;3;3;7;10;2;2;0;1;2;1;6;7;1.5;2.0;1.0;2.0;0;0.96
2026-01-28;Vitoria;Remo;BRAZIL 1;2026;2;0;0;0;1.99;1.17;0.0;0.0;1.89;5.0;3.5;14.0;42;58;81;87;34;29;20;14;7;1;13;17;2;4;0;0;2;2;4;1;0.0;0.0;0.0;0.0;1;0.96
2026-01-28;Internacional;Athletico-PR;BRAZIL 1;2026;0;1;0;1;2.1;0.66;0.0;0.0;1.91;5.0;3.45;15.0;71;29;121;68;56;18;19;6;7;2;13;11;3;1;0;0;4;1;13;1;0.0;0.0;0.0;0.0;0;-14.0
2026-01-28;Corinthians;Bahia;BRAZIL 1;2026;1;2;1;2;1.5;1.26;0.0;0.0;2.24;3.65;3.4;12.5;59;41;100;87;9;19;17;11;5;6;14;14;3;4;0;1;3;0;4;6;0.0;0.0;0.0;0.0;0;0.96
2026-01-29;Mirassol;Vasco;BRAZIL 1;2026;2;1;1;1;1.24;1.28;0.0;0.0;1.97;4.7;3.45;14.5;47;53;82;100;19;14;13;13;4;5;16;10;1;1;0;0;1;2;5;5;0.0;0.0;0.0;0.0;0;0.96
2026-01-30;Lens;Le Havre;FRANCE 1;2025/2026;1;0;1;0;1.63;0.88;1.69;1.07;1.43;8.6;5.3;32.0;54;46;103;77;65;32;15;8;3;2;20;10;1;2;0;0;-1;-1;4;3;2.67;0.67;2.26;1.05;1;0.96
2026-01-30;Lazio;Genoa;ITALY 1;2025/2026;3;2;0;0;1.46;1.45;1.38;1.16;2.24;4.3;3.05;10.5;55;45;73;63;41;23;14;16;4;4;12;12;2;3;0;0;2;1;5;3;1.45;1.0;1.32;1.05;0;0.96
2026-01-30;Vitoria Guimaraes;Moreirense;PORTUGAL 1;2025/2026;1;0;0;0;1.29;1.19;1.41;1.08;1.95;4.8;3.5;13.5;43;57;91;74;36;28;14;10;2;5;19;12;2;5;0;0;2;3;5;5;1.5;1.1;1.32;1.58;1;0.96
2026-01-31;Pisa;Sassuolo;ITALY 1;2025/2026;1;3;0;2;1.62;2.03;1.18;1.15;3.15;2.66;3.2;9.0;54;46;108;105;34;50;15;21;6;5;13;8;3;3;0;0;4;1;2;5;0.64;1.09;0.64;1.18;0;0.96
2026-01-31;Napoli;Fiorentina;ITALY 1;2025/2026;2;1;1;0;1.99;1.49;1.56;1.16;2.04;4.7;3.3;14.0;53;47;100;85;51;27;19;15;6;5;21;13;1;1;0;0;0;2;4;4;2.4;0.73;1.95;0.77;0;0.96
2026-01-31;Hamburger SV;Bayern Munich;GERMANY 1;2025/2026;2;2;1;1;1.34;1.93;1.63;2.29;10.5;1.31;6.6;13.5;28;72;43;147;25;84;14;13;4;7;12;16;6;4;0;0;3;1;3;9;1.67;2.78;1.0;2.63;0;0.96
2026-01-31;Monaco;Rennes;FRANCE 1;2025/2026;4;0;1;0;1.54;1.03;1.51;1.17;1.95;3.95;4.1;24.0;46;54;87;95;32;32;14;8;6;4;15;9;1;2;0;0;3;5;5;2;1.6;1.44;1.26;1.63;1;0.96
2026-01-31;Lorient;Nantes;FRANCE 1;2025/2026;2;1;1;0;0.97;0.93;1.52;0.99;2.0;4.5;3.55;14.5;57;43;111;78;50;21;5;10;4;2;12;18;4;5;0;0;2;2;1;4;1.78;1.0;1.32;0.74;0;0.96
2026-01-31;Augsburg;St. Pauli;GERMANY 1;2025/2026;2;1;1;1;1.43;1.75;1.4;1.06;2.14;4.3;3.3;11.5;44;56;94;118;34;45;12;17;6;5;15;13;3;1;0;0;1;1;5;5;1.2;0.5;1.0;0.74;0;0.96
2026-01-31;Eintracht Frankfurt;Bayer Leverkusen;GERMANY 1;2025/2026;1;3;0;2;1.39;1.21;1.46;1.33;3.35;2.22;3.9;15.0;42;58;118;116;56;31;11;11;4;4;11;10;2;1;1;0;0;3;8;3;1.56;1.63;1.42;1.78;0;0.96
2026-01-31;RB Leipzig;Mainz;GERMANY 1;2025/2026;1;2;1;1;1.77;1.24;1.93;1.13;1.66;5.5;4.5;25.0;70;30;156;103;74;35;15;11;4;4;4;13;0;4;0;0;2;2;5;4;2.33;0.67;1.89;0.79;0;0.96
2026-01-31;Hoffenheim;Union Berlin;GERMANY 1;2025/2026;3;1;2;0;1.04;1.66;1.73;1.39;1.98;4.3;3.75;16.0;59;41;98;90;24;62;9;16;4;3;11;18;2;2;0;0;3;0;3;10;2.0;1.22;2.05;1.26;0;0.96
2026-01-31;Rio Ave;Arouca;PORTUGAL 1;2025/2026;0;3;0;1;0.74;1.95;1.04;1.06;2.84;2.84;3.3;11.0;51;49;74;77;31;46;8;18;0;7;11;15;2;1;0;0;2;3;5;5;1.0;0.89;1.05;0.89;0;0.96
2026-01-31;Elche;Barcelona;SPAIN 1;2025/2026;1;3;1;2;0.97;2.85;1.61;2.2;9.2;1.34;6.6;15.0;39;61;81;76;25;58;9;30;3;8;15;9;2;1;0;0;5;2;2;8;1.82;2.0;1.14;2.48;0;0.96
2026-01-31;Levante;Atl. Madrid;SPAIN 1;2025/2026;0;0;0;0;1.01;1.25;1.27;1.31;5.4;1.71;4.2;10.5;45;55;96;83;32;46;10;10;2;4;11;12;2;1;0;0;1;3;4;7;0.67;1.3;0.85;2.1;1;0.96
2026-01-31;Osasuna;Villarreal;SPAIN 1;2025/2026;2;2;2;1;1.61;0.82;1.48;1.11;2.86;2.74;3.45;11.5;47;53;82;97;43;29;15;5;5;4;15;7;2;2;0;0;1;0;6;2;2.0;1.78;1.19;2.05;0;0.96
2026-02-01;Parma;Juventus;ITALY 1;2025/2026;1;4;0;2;1.24;1.83;1.18;1.64;10.0;1.42;5.1;7.2;39;61;91;93;44;44;10;15;4;8;10;13;1;3;0;0;1;2;5;3;0.91;1.55;1.05;1.91;0;0.96
2026-02-01;Como;Atalanta;ITALY 1;2025/2026;0;0;0;0;2.98;0.75;1.69;1.35;2.3;3.65;3.35;12.5;79;21;115;37;83;32;28;6;9;2;9;11;4;3;0;1;1;2;7;1;2.0;1.3;1.82;1.59;1;0.96
2026-02-01;Torino;Lecce;ITALY 1;2025/2026;1;0;1;0;1.66;1.46;1.4;0.92;2.24;4.4;2.98;11.5;42;58;67;103;34;60;17;14;5;2;14;12;2;2;0;0;4;1;3;8;1.0;0.8;1.05;0.82;1;0.96
2026-02-01;Nice;Brest;FRANCE 1;2025/2026;2;2;0;2;1.58;1.0;1.43;1.07;2.32;3.45;3.5;15.0;60;40;49;30;21;15;15;12;7;2;15;21;5;3;0;0;1;0;6;5;1.56;0.78;1.11;1.16;0;0.96
2026-02-01;Strasbourg;PSG;FRANCE 1;2025/2026;1;2;1;1;1.13;1.53;1.52;1.84;5.4;1.68;4.5;12.5;32;68;82;105;38;59;9;13;4;4;8;6;1;0;0;1;5;0;5;6;2.11;2.0;1.58;2.37;0;0.96
2026-02-01;Aston Villa;Brentford;ENGLAND 1;2025/2026;0;1;0;1;3.41;0.86;1.45;1.19;2.3;3.45;3.55;14.5;72;28;61;50;195;48;27;6;5;2;8;8;0;3;0;1;1;6;12;1;2.27;0.82;2.0;1.43;0;-13.5
2026-02-01;Manchester Utd;Fulham;ENGLAND 1;2025/2026;3;2;1;0;1.58;1.76;1.92;1.22;1.6;6.0;4.7;26.0;42;58;70;61;48;65;13;14;6;6;6;9;2;1;0;0;1;2;3;7;1.91;1.0;1.65;1.48;0;0.96
2026-02-01;Toulouse;Auxerre;FRANCE 1;2025/2026;0;0;0;0;1.28;0.87;1.62;1.13;1.83;5.6;3.6;14.5;50;50;28;21;36;33;12;8;4;2;12;13;1;2;0;0;2;1;5;4;1.5;0.22;1.53;0.63;1;0.96
2026-02-01;Stuttgart;Freiburg;GERMANY 1;2025/2026;1;0;0;0;1.98;1.15;1.68;1.23;1.73;5.3;4.2;23.0;69;31;54;43;51;45;18;11;7;2;14;14;3;1;0;0;2;1;6;2;2.22;0.9;1.89;1.42;1;0.96
2026-02-01;Gil Vicente;Famalicao;PORTUGAL 1;2025/2026;5;0;1;0;1.95;0.43;1.66;1.43;2.94;2.94;3.05;9.2;56;44;68;65;35;23;17;4;9;0;19;10;1;1;0;1;3;0;3;1;1.89;1.67;1.63;1.53;1;0.96
2026-02-01;Sporting CP;Nacional;PORTUGAL 1;2025/2026;2;1;0;0;2.01;0.78;2.31;1.37;1.14;26.0;11.5;100.0;62;38;117;89;70;24;16;5;7;4;12;15;0;3;0;0;3;2;11;0;2.44;1.0;2.53;1.05;0;0.96
2026-02-01;Tondela;Benfica;PORTUGAL 1;2025/2026;0;0;0;0;0.67;2.85;1.26;1.8;11.5;1.33;5.9;7.2;23;77;48;141;31;108;6;24;1;8;19;5;5;0;0;0;-1;-1;1;13;0.56;2.56;0.63;2.37;1;0.96
2026-02-01;Real Madrid;Rayo Vallecano;SPAIN 1;2025/2026;2;1;1;0;2.06;1.25;2.39;1.32;1.25;15.0;7.4;65.0;57;43;121;68;87;38;16;11;6;4;6;18;2;7;0;2;1;1;9;4;2.7;0.91;2.43;1.05;0;0.96
2026-02-01;Getafe;Celta Vigo;SPAIN 1;2025/2026;0;0;0;0;0.9;0.59;1.15;1.21;3.1;2.96;2.9;7.2;39;61;83;97;25;26;9;5;2;1;16;14;1;2;0;0;5;4;5;3;1.1;1.8;1.05;1.52;1;0.96
2026-02-02;Casa Pia;FC Porto;PORTUGAL 1;2025/2026;2;1;2;0;0.63;1.87;0.93;1.66;16.0;1.27;6.4;7.2;32;68;70;131;22;69;5;15;2;6;14;14;3;2;0;1;1;3;0;10;0.56;3.0;0.79;2.89;0;0.96
2026-02-02;Mallorca;Sevilla;SPAIN 1;2025/2026;4;1;1;1;1.3;1.72;1.28;1.29;2.76;3.05;3.15;9.4;33;67;73;125;25;57;11;15;6;5;16;8;1;2;0;0;1;5;4;8;1.6;1.1;1.0;1.14;0;0.96
2026-02-02;Sunderland;Burnley;ENGLAND 1;2025/2026;3;0;2;0;1.49;0.65;1.25;1.0;1.89;5.2;3.55;14.5;44;56;99;102;35;44;14;5;5;0;12;10;1;4;0;0;0;2;1;2;2.09;0.45;1.43;0.65;1;0.96
2026-02-03;Bologna;AC Milan;ITALY 1;2025/2026;0;3;0;2;1.35;1.29;1.68;1.23;3.1;2.64;3.25;9.6;54;46;147;67;52;23;13;10;2;7;14;10;3;0;0;0;0;1;5;0;1.4;2.09;1.36;2.14;0;0.96
2026-02-04;Palmeiras;Vitoria;BRAZIL 1;2026;5;1;3;0;1.91;1.08;0.0;0.0;1.36;10.5;5.5;32.0;60;40;84;70;38;31;17;9;8;4;2;0;1;4;0;0;2;1;6;4;0.0;0.0;1.0;3.0;0;0.96
2026-02-04;Remo;Mirassol;BRAZIL 1;2026;2;2;2;0;1.72;1.01;0.0;0.0;2.84;2.8;3.35;9.8;37;63;89;95;13;19;18;8;7;5;15;9;2;2;0;0;1;2;4;4;0.0;0.0;0.0;3.0;0;0.96
2026-02-05;Bahia;Fluminense;BRAZIL 1;2026;1;1;0;1;1.84;1.46;0.0;0.0;2.22;3.85;3.35;12.5;42;58;110;96;40;49;19;13;5;4;12;13;0;3;1;0;4;0;6;4;0.0;0.0;3.0;3.0;0;0.96
2026-02-05;Cruzeiro;Coritiba;BRAZIL 1;2026;1;2;1;1;1.97;1.02;0.0;0.0;1.43;10.0;4.7;25.0;68;32;149;58;67;34;19;10;4;2;9;16;3;2;0;0;1;2;12;2;0.0;0.0;0.0;0.0;0;0.96
2026-02-06;Metz;Lille;FRANCE 1;2025/2026;0;0;0;0;0.74;1.54;1.13;1.58;6.6;1.59;4.4;9.2;42;58;96;100;29;54;6;16;2;2;12;9;1;1;0;0;3;1;1;6;0.89;1.3;0.6;1.6;1;0.96
2026-02-06;Union Berlin;Eintracht Frankfurt;GERMANY 1;2025/2026;1;1;0;0;1.17;0.57;1.37;1.36;2.18;3.7;3.65;14.5;27;73;63;127;37;39;11;3;3;1;9;11;4;2;0;1;1;0;5;2;1.3;1.3;1.2;1.35;0;0.96
2026-02-06;Celta Vigo;Osasuna;SPAIN 1;2025/2026;1;2;0;1;1.79;1.04;1.33;1.04;2.02;4.4;3.55;14.5;57;43;109;72;51;55;18;8;4;2;9;14;2;2;0;0;0;2;7;3;1.27;0.45;1.5;1.18;0;0.96
2026-02-07;Barcelona;Mallorca;SPAIN 1;2025/2026;3;0;1;0;2.45;0.99;2.25;1.13;1.17;19.5;10.0;85.0;76;24;138;71;61;19;24;9;7;4;7;9;0;0;0;0;0;3;12;3;3.0;0.45;2.5;1.09;1;0.96
2026-02-07;Real Sociedad;Elche;SPAIN 1;2025/2026;3;1;2;1;1.2;1.3;1.53;0.96;1.7;5.9;4.1;21.0;34;66;57;112;41;33;11;11;3;5;14;8;0;4;0;0;2;0;2;4;1.55;0.4;1.27;1.09;0;0.96
2026-02-07;Freiburg;Werder Bremen;GERMANY 1;2025/2026;1;0;1;0;0.86;1.82;1.67;1.18;2.1;3.9;3.65;17.0;33;67;28;85;40;56;7;17;2;5;9;12;0;1;1;0;0;2;4;8;2.0;0.6;1.35;0.95;1;0.96
2026-02-07;Heidenheim;Hamburger SV;GERMANY 1;2025/2026;0;2;0;1;1.71;1.48;1.27;1.23;3.0;2.58;3.55;11.5;48;52;55;43;25;35;20;14;4;5;6;11;0;2;0;0;3;0;10;8;0.9;0.33;0.65;1.0;0;0.96
2026-02-07;Mainz;Augsburg;GERMANY 1;2025/2026;2;0;1;0;1.34;1.54;1.52;1.36;2.1;3.9;3.7;15.0;39;61;51;71;40;33;10;14;6;6;12;10;2;2;0;0;2;1;6;4;0.9;0.78;0.9;1.1;1;0.96
2026-02-07;St. Pauli;Stuttgart;GERMANY 1;2025/2026;2;1;1;0;1.82;1.14;1.35;1.9;5.1;1.81;3.85;8.8;32;68;36;78;56;68;15;7;7;3;9;10;0;2;0;0;0;2;5;5;1.0;1.6;0.7;1.95;0;0.96
2026-02-07;Lens;Rennes;FRANCE 1;2025/2026;3;1;1;1;1.12;1.28;1.68;1.15;1.67;5.5;4.4;26.0;51;49;113;78;45;45;9;14;3;1;13;17;3;2;1;0;2;1;4;4;2.7;1.3;2.3;1.55;0;0.96
2026-02-07;Brest;Lorient;FRANCE 1;2025/2026;2;0;0;0;1.38;1.35;1.55;1.15;2.44;3.45;3.25;11.5;42;58;101;105;37;53;12;13;5;2;11;10;2;0;0;0;2;1;7;7;1.5;0.9;1.15;1.4;1;0.96
2026-02-07;Arouca;Vitoria Guimaraes;PORTUGAL 1;2025/2026;3;2;1;2;1.24;1.7;1.24;1.4;2.98;2.72;3.25;9.6;51;49;80;99;25;54;10;14;6;6;19;15;1;4;0;0;1;1;1;6;0.9;1.11;1.0;1.4;0;0.96
2026-02-07;Moreirense;Gil Vicente;PORTUGAL 1;2025/2026;1;2;0;1;0.39;1.74;1.06;1.41;4.1;2.18;3.25;7.2;42;58;65;124;16;70;3;15;1;4;18;16;3;1;1;0;1;4;3;6;2.11;1.4;1.5;1.7;0;0.96
2026-02-07;Genoa;Napoli;ITALY 1;2025/2026;2;3;1;2;1.32;1.4;1.31;1.43;4.8;2.06;3.2;6.2;40;60;108;82;47;22;12;14;3;5;16;12;2;3;0;1;1;1;4;3;1.08;1.58;1.0;2.0;0;0.96
2026-02-07;Fiorentina;Torino;ITALY 1;2025/2026;2;2;0;1;1.98;1.3;1.69;1.27;1.74;5.7;3.95;19.0;55;45;125;77;42;36;21;12;5;4;6;23;2;5;0;0;3;1;9;4;0.82;1.09;0.74;1.13;0;0.96
2026-02-07;Arsenal;Sunderland;ENGLAND 1;2025/2026;3;0;1;0;1.97;0.94;1.83;1.05;1.31;13.0;6.2;32.0;49;51;86;71;86;57;16;5;5;3;11;8;1;2;0;0;3;1;5;2;2.42;0.83;2.21;1.5;1;0.96
2026-02-07;Bournemouth;Aston Villa;ENGLAND 1;2025/2026;1;1;0;1;2.44;0.99;1.52;1.35;2.94;2.54;3.7;13.5;53;47;91;60;77;37;20;7;9;4;4;11;1;1;0;0;3;3;11;4;1.83;1.75;1.38;1.92;0;0.96
2026-02-07;Fulham;Everton;ENGLAND 1;2025/2026;1;2;1;0;1.44;1.65;1.45;1.05;2.26;3.65;3.45;13.5;55;45;71;73;58;61;13;16;3;3;11;12;1;5;0;0;2;2;6;6;1.92;1.5;1.42;1.42;0;0.96
2026-02-08;Valencia;Real Madrid;SPAIN 1;2025/2026;0;2;0;0;0.77;1.52;1.47;2.05;5.8;1.63;4.6;11.0;40;60;83;101;44;55;7;11;0;6;10;13;1;1;0;0;1;3;5;8;1.55;2.18;1.05;2.45;0;0.96
2026-02-08;Sevilla;Girona;SPAIN 1;2025/2026;1;1;0;1;1.27;1.52;1.38;1.14;2.1;4.0;3.65;13.5;51;49;106;76;49;21;11;15;3;6;16;13;2;2;0;0;5;0;5;7;1.18;1.09;1.09;1.14;0;0.96
2026-02-08;Benfica;Alverca;PORTUGAL 1;2025/2026;2;1;1;1;3.12;0.69;1.94;0.89;1.2;22.0;7.2;1000.0;63;37;124;66;84;22;29;6;10;2;11;18;3;3;0;0;2;0;9;1;2.2;0.78;2.3;1.2;0;0.96
2026-02-08;Nacional;Casa Pia;PORTUGAL 1;2025/2026;0;0;0;0;1.89;1.02;1.27;1.02;2.16;3.95;3.35;15.0;69;31;105;69;40;33;21;9;4;3;15;11;2;3;0;0;0;7;12;1;1.11;1.0;1.0;0.9;1;0.96
2026-02-08;Bologna;Parma;ITALY 1;2025/2026;0;1;0;0;1.61;0.69;1.65;1.18;1.74;5.8;3.85;17.0;52;48;102;77;64;41;16;5;2;1;10;14;1;2;1;1;3;4;4;5;1.27;1.18;1.3;1.0;0;-16.0
2026-02-08;Lecce;Udinese;ITALY 1;2025/2026;2;1;1;1;1.74;0.67;1.2;1.18;3.3;2.72;2.96;7.4;54;46;101;95;53;28;16;6;5;1;9;21;1;2;0;0;3;2;7;0;0.83;1.45;0.78;1.39;0;0.96
2026-02-08;Juventus;Lazio;ITALY 1;2025/2026;2;2;0;1;3.27;0.85;2.13;1.09;1.48;9.0;4.5;23.0;63;37;131;62;80;19;34;9;8;2;10;4;0;2;0;0;7;1;8;1;2.27;1.18;1.96;1.39;0;0.96
2026-02-08;Bayern Munich;Hoffenheim;GERMANY 1;2025/2026;5;1;3;1;3.26;1.1;2.33;1.35;1.29;9.8;7.8;75.0;55;45;119;68;81;34;27;9;14;4;11;9;2;2;0;1;3;0;8;3;2.5;2.1;2.55;2.1;0;0.96
2026-02-08;Liverpool;Manchester City;ENGLAND 1;2025/2026;1;2;0;0;1.63;1.87;2.01;1.44;2.42;3.0;3.85;17.5;47;53;100;99;55;42;15;17;4;7;13;16;2;4;1;0;6;2;5;4;2.0;1.5;1.63;1.96;0;0.96
2026-02-08;Nice;Monaco;FRANCE 1;2025/2026;0;0;0;0;1.37;1.01;1.44;1.38;3.45;2.14;4.0;15.5;44;56;95;97;37;31;13;10;4;2;10;11;2;2;0;0;2;1;8;6;1.5;0.89;1.1;1.35;1;0.96
2026-02-08;Le Havre;Strasbourg;FRANCE 1;2025/2026;2;1;1;1;1.78;1.16;1.46;1.18;4.5;1.93;3.8;9.0;51;49;88;84;48;43;15;10;7;3;15;12;2;1;0;1;2;1;9;3;1.4;1.1;1.0;1.5;0;0.96
2026-02-08;Auxerre;Paris FC;FRANCE 1;2025/2026;0;0;0;0;1.34;0.93;1.3;1.08;2.58;3.15;3.35;9.8;49;51;117;64;60;28;12;7;2;4;8;11;1;4;0;0;2;3;7;4;1.0;1.1;0.65;1.05;1;0.96
2026-02-09;Atalanta;Cremonese;ITALY 1;2025/2026;2;1;2;0;2.84;1.25;1.8;0.95;1.38;10.0;5.5;32.0;56;44;102;98;54;48;29;12;9;2;11;11;2;0;0;0;3;3;13;2;1.83;1.0;1.57;1.0;0;0.96
2026-02-09;Villarreal;Espanyol;SPAIN 1;2025/2026;4;1;2;0;1.02;0.94;1.7;1.47;1.77;5.2;4.1;19.0;49;51;76;95;24;31;10;9;3;2;18;11;3;3;0;0;1;0;5;8;2.27;1.5;2.0;1.55;0;0.96
2026-02-09;FC Porto;Sporting CP;PORTUGAL 1;2025/2026;1;1;0;0;0.8;1.23;1.67;1.93;2.6;3.2;3.25;11.0;45;55;106;82;29;45;8;11;1;3;14;11;3;5;0;0;1;0;1;8;2.78;2.6;2.75;2.55;0;0.96
2026-02-10;Everton;Bournemouth;ENGLAND 1;2025/2026;1;2;1;0;1.9;1.19;1.44;1.57;2.5;3.1;3.5;13.5;53;47;120;77;65;29;16;11;6;4;14;15;1;3;1;0;1;0;7;2;1.33;0.92;1.48;1.36;0;0.96
2026-02-11;Sunderland;Liverpool;ENGLAND 1;2025/2026;0;1;0;0;1.16;2.12;1.27;1.48;4.7;1.86;3.95;9.6;43;57;89;108;45;64;11;23;2;3;8;10;1;0;0;0;2;1;3;11;2.17;1.25;1.44;1.56;0;-8.6
2026-02-11;Crystal Palace;Burnley;ENGLAND 1;2025/2026;2;3;2;3;1.96;0.93;1.48;0.97;1.56;7.0;4.5;23.0;65;35;133;92;59;28;21;8;3;3;11;8;2;1;0;0;1;1;8;2;1.0;0.42;1.28;0.6;0;0.96
2026-02-11;Manchester City;Fulham;ENGLAND 1;2025/2026;3;0;3;0;1.41;1.34;1.9;1.27;1.4;8.6;5.8;40.0;56;44;120;75;31;34;13;14;5;3;8;10;3;1;0;0;3;1;4;4;2.42;0.92;2.0;1.36;1;0.96
2026-02-11;Mirassol;Cruzeiro;BRAZIL 1;2026;2;2;1;1;2.5;1.06;1.24;1.69;2.86;2.9;3.2;10.5;56;44;89;73;66;29;20;9;11;4;12;10;4;2;1;0;2;0;9;0;3.0;0.0;2.0;0.0;0;0.96
2026-02-11;Vasco;Bahia;BRAZIL 1;2026;0;1;0;1;2.49;0.93;3.13;1.26;2.32;3.4;3.55;14.5;62;38;110;80;80;28;26;8;4;3;16;13;4;4;0;0;0;3;8;4;1.0;3.0;0.5;2.0;0;-13.5
2026-02-12;Brentford;Arsenal;ENGLAND 1;2025/2026;1;1;0;0;1.27;1.08;1.37;1.63;6.0;1.69;4.0;8.8;41;59;67;97;42;68;12;7;3;2;12;11;3;2;0;0;-1;-1;6;4;2.0;2.0;1.56;2.24;0;0.96
2026-02-12;Athletico-PR;Santos;BRAZIL 1;2026;2;1;1;1;1.51;1.13;0.0;2.3;2.26;3.8;3.25;12.0;56;44;92;87;46;19;13;10;5;5;15;15;1;3;0;0;1;3;8;2;0.0;0.0;3.0;0.5;0;0.96
2026-02-12;Internacional;Palmeiras;BRAZIL 1;2026;1;3;1;1;2.36;1.26;2.1;1.57;3.25;2.46;3.45;11.0;62;38;123;61;62;10;26;11;4;7;11;8;1;1;0;0;1;3;16;4;0.0;1.0;0.5;2.0;0;0.96
2026-02-13;Monaco;Nantes;FRANCE 1;2025/2026;3;1;3;1;1.49;1.4;1.51;0.99;1.49;7.2;5.0;32.0;47;53;105;117;42;60;12;13;6;2;15;8;4;2;1;0;2;2;9;3;1.73;0.9;1.33;0.67;0;0.96
2026-02-13;Pisa;AC Milan;ITALY 1;2025/2026;1;2;0;1;0.86;0.94;1.21;1.23;7.4;1.61;4.0;6.8;34;66;75;135;38;46;7;7;2;2;14;9;1;2;0;1;1;2;3;1;0.58;2.17;0.63;2.17;0;0.96
2026-02-13;Rennes;PSG;FRANCE 1;2025/2026;3;1;1;0;1.29;2.4;1.92;1.81;7.4;1.46;5.4;14.5;33;67;77;109;26;74;13;22;4;7;10;9;0;0;0;0;3;1;5;8;1.8;2.09;1.48;2.43;0;0.96
2026-02-13;Santa Clara;Benfica;PORTUGAL 1;2025/2026;1;2;0;2;0.97;1.27;1.32;1.9;8.6;1.53;4.2;6.6;53;47;103;107;35;49;9;11;2;3;23;5;5;2;1;0;0;1;1;7;1.0;2.4;0.81;2.33;0;0.96
2026-02-13;Tondela;Alverca;PORTUGAL 1;2025/2026;1;1;0;1;1.88;1.2;1.2;0.87;2.68;3.15;3.1;9.2;60;40;104;77;65;40;18;10;4;4;14;9;2;1;0;1;1;0;11;5;0.6;0.7;0.67;1.14;0;0.96
2026-02-13;Elche;Osasuna;SPAIN 1;2025/2026;0;0;0;0;1.76;0.76;1.56;1.04;3.0;2.7;3.3;10.0;64;36;98;69;47;33;17;6;5;2;13;18;2;4;0;0;0;4;10;3;1.67;0.67;1.04;1.26;1;0.96
2026-02-14;Hamburger SV;Union Berlin;GERMANY 1;2025/2026;3;2;2;1;1.42;1.39;1.6;1.42;2.56;3.25;3.25;11.0;56;44;97;87;44;38;13;12;4;5;12;7;3;0;0;0;2;3;6;3;1.6;1.1;1.1;1.19;0;0.96
2026-02-14;Hoffenheim;Freiburg;GERMANY 1;2025/2026;3;0;0;0;2.55;1.18;1.66;1.22;1.79;5.0;4.1;19.5;61;39;95;66;69;21;25;13;7;3;8;6;3;1;0;0;2;2;6;6;2.1;0.82;2.0;1.43;1;0.96
2026-02-14;Werder Bremen;Bayern Munich;GERMANY 1;2025/2026;0;3;0;2;1.36;1.75;1.72;2.25;10.0;1.32;6.6;17.0;35;65;65;141;38;66;14;11;3;8;10;6;3;1;0;0;2;3;2;4;1.3;2.6;0.9;2.57;0;0.96
2026-02-14;Bayer Leverkusen;St. Pauli;GERMANY 1;2025/2026;4;0;2;0;1.68;1.0;1.76;1.12;1.54;7.4;4.5;23.0;68;32;141;69;57;32;12;11;7;1;7;11;0;1;0;0;2;3;8;3;1.9;0.45;1.8;0.81;1;0.96
2026-02-14;Lazio;Atalanta;ITALY 1;2025/2026;0;2;0;1;1.85;1.3;1.39;1.29;3.65;2.34;3.3;9.2;50;50;92;67;51;27;18;12;5;5;10;16;1;4;0;0;3;1;5;4;1.58;1.27;1.38;1.63;0;0.96
2026-02-14;Como;Fiorentina;ITALY 1;2025/2026;1;2;0;1;1.66;0.79;1.8;1.18;1.7;5.7;4.2;21.0;67;33;118;63;61;18;16;7;3;3;14;12;3;2;2;0;3;2;4;2;1.92;0.67;1.78;0.75;0;0.96
2026-02-14;Paris FC;Lens;FRANCE 1;2025/2026;0;5;0;2;1.35;1.72;1.46;1.44;4.3;1.99;3.7;9.2;58;42;129;87;30;31;11;17;6;6;13;9;2;1;0;0;0;6;3;5;1.0;1.9;1.05;2.33;0;0.96
2026-02-14;Lille;Brest;FRANCE 1;2025/2026;1;1;0;0;2.22;1.25;1.7;1.07;1.63;6.4;4.2;20.0;69;31;151;65;83;38;20;11;5;4;6;12;0;1;0;0;2;0;13;1;1.9;0.8;1.57;1.24;0;0.96
2026-02-14;Espanyol;Celta Vigo;SPAIN 1;2025/2026;2;2;0;1;1.13;1.57;1.45;1.15;2.54;3.25;3.3;10.5;43;57;103;103;48;46;9;14;3;5;9;11;1;0;0;0;1;2;2;2;1.58;1.73;1.48;1.43;0;0.96
2026-02-14;Casa Pia;Arouca;PORTUGAL 1;2025/2026;3;2;3;2;1.14;1.14;0.9;1.15;3.0;2.72;3.2;9.2;31;69;58;110;23;47;11;8;4;4;20;9;5;2;0;0;0;1;2;3;0.8;1.1;0.9;1.1;0;0.96
2026-02-14;Real Madrid;Real Sociedad;SPAIN 1;2025/2026;4;1;3;1;1.35;1.37;2.36;1.51;1.35;9.6;6.2;40.0;52;48;82;97;42;46;11;13;5;3;10;9;1;1;0;0;5;1;4;6;2.73;1.0;2.48;1.35;0;0.96
2026-02-14;Getafe;Villarreal;SPAIN 1;2025/2026;2;1;1;0;0.87;0.86;1.13;1.08;3.7;2.4;3.1;7.2;44;56;74;77;57;29;5;8;2;2;21;17;2;3;0;0;1;2;3;4;1.09;1.7;1.13;2.05;0;0.96
2026-02-15;Nacional;FC Porto;PORTUGAL 1;2025/2026;0;1;0;0;0.98;1.22;1.33;1.68;9.2;1.42;5.2;7.6;47;53;86;80;36;50;9;8;2;5;13;11;4;0;0;0;0;5;5;8;1.1;2.73;1.0;2.67;0;-6.6
2026-02-15;Sporting CP;Famalicao;PORTUGAL 1;2025/2026;1;0;0;0;2.31;0.3;2.28;1.33;1.33;12.0;6.0;38.0;70;30;137;57;79;13;22;2;5;1;16;18;3;2;0;0;4;1;14;1;2.5;1.5;2.48;1.52;1;0.96
2026-02-15;Levante;Valencia;SPAIN 1;2025/2026;0;2;0;0;0.99;0.64;1.24;1.02;2.72;3.0;3.25;11.0;47;53;98;76;48;24;9;5;1;2;11;10;2;2;1;0;0;3;3;2;0.7;0.55;0.82;1.0;0;0.96
2026-02-15;Rayo Vallecano;Atl. Madrid;SPAIN 1;2025/2026;3;0;2;0;1.68;1.21;1.68;1.31;4.9;1.87;3.8;8.0;41;59;81;105;31;59;13;9;9;3;10;13;1;3;0;0;3;0;4;8;1.2;1.27;1.0;1.96;1;0.96
2026-02-15;Metz;Auxerre;FRANCE 1;2025/2026;1;3;0;1;1.43;1.37;1.1;1.1;3.2;2.64;3.15;9.4;62;38;130;81;44;38;13;14;4;3;13;12;2;3;0;0;0;3;4;3;0.9;0.3;0.62;0.67;0;0.96
2026-02-15;Le Havre;Toulouse;FRANCE 1;2025/2026;2;1;1;1;0.55;2.9;1.49;1.12;3.3;2.52;3.3;8.8;33;67;53;143;12;97;5;25;2;9;7;16;1;4;1;0;1;1;1;10;1.55;1.4;1.1;1.43;0;0.96
2026-02-15;RB Leipzig;Wolfsburg;GERMANY 1;2025/2026;2;2;0;0;2.78;1.01;1.91;1.11;1.57;6.0;5.0;36.0;68;32;173;61;113;23;20;10;10;3;6;10;1;2;0;0;-1;-1;6;2;2.1;1.0;1.86;0.9;0;0.96
2026-02-15;Torino;Bologna;ITALY 1;2025/2026;1;2;0;0;0.77;1.76;1.42;1.19;3.25;2.56;3.25;9.8;47;53;63;92;25;44;7;15;2;7;14;10;3;1;0;0;2;1;4;2;1.17;1.33;1.13;1.25;0;0.96
2026-02-15;Cremonese;Genoa;ITALY 1;2025/2026;0;0;0;0;2.12;2.06;1.03;1.19;3.6;2.6;2.94;7.8;35;65;95;92;51;62;19;19;8;6;10;12;2;0;0;0;0;1;6;11;1.0;0.91;0.96;0.96;1;0.96
2026-02-15;Udinese;Sassuolo;ITALY 1;2025/2026;1;2;1;0;0.95;1.1;1.41;1.23;2.64;3.25;3.1;11.0;51;49;109;68;40;36;8;10;2;3;14;14;3;3;0;0;1;4;7;6;1.33;1.25;1.33;1.21;0;0.96
2026-02-15;Augsburg;Heidenheim;GERMANY 1;2025/2026;1;0;0;0;1.39;1.48;1.4;1.23;1.9;4.6;3.85;18.5;49;51;91;111;49;45;12;16;4;2;9;9;1;2;0;0;-1;-1;4;5;1.36;0.4;1.05;0.62;1;0.96
2026-02-16;Cagliari;Lecce;ITALY 1;2025/2026;0;2;0;0;1.0;1.4;1.09;0.97;2.4;3.95;2.98;10.0;59;41;88;101;41;41;11;13;0;4;16;14;0;0;0;0;-1;-1;8;2;1.36;0.73;1.17;0.88;0;0.96
2026-02-16;Girona;Barcelona;SPAIN 1;2025/2026;2;1;0;0;1.77;2.58;1.2;2.26;8.8;1.37;6.0;15.5;29;71;54;128;46;84;13;27;9;4;10;6;0;2;1;0;4;2;3;7;1.18;2.08;1.13;2.52;0;0.96
2026-02-16;Rio Ave;Moreirense;PORTUGAL 1;2025/2026;1;2;1;1;1.99;0.71;1.01;1.09;3.45;2.44;3.2;8.4;60;40;158;66;58;16;18;6;6;3;16;24;1;3;0;0;0;2;7;1;0.9;1.0;0.95;1.43;0;0.96
2026-02-18;AC Milan;Como;ITALY 1;2025/2026;1;1;0;1;0.98;1.16;1.84;1.45;2.5;3.35;3.25;12.0;54;46;104;75;43;34;6;10;4;4;11;12;2;3;0;0;5;1;4;4;2.18;1.64;2.21;1.71;0;0.96
2026-02-18;Levante;Villarreal;SPAIN 1;2025/2026;0;1;0;0;1.67;1.6;1.22;1.06;4.4;1.92;3.9;10.5;59;41;123;94;52;31;16;15;4;6;13;20;3;4;0;0;3;1;3;2;0.64;1.55;0.78;1.96;0;-9.5
2026-02-19;Athletico-PR;Corinthians;BRAZIL 1;2026;0;1;0;1;1.7;0.38;1.51;0.0;2.58;3.3;3.1;10.0;56;44;92;49;21;7;19;4;5;1;15;8;3;4;0;0;3;1;8;0;3.0;0.0;3.0;1.5;0;-9.0
2026-02-20;Mainz;Hamburger SV;GERMANY 1;2025/2026;1;1;1;0;1.69;1.47;1.5;1.25;2.14;3.9;3.55;16.0;45;55;73;99;58;32;17;14;3;5;16;13;3;2;0;0;2;1;7;2;1.09;0.6;0.95;1.19;0;0.96
2026-02-21;Bayern Munich;Eintracht Frankfurt;GERMANY 1;2025/2026;3;2;2;0;2.75;0.97;2.41;1.28;1.13;25.0;12.5;190.0;51;49;123;47;65;27;24;9;11;3;9;10;0;3;0;0;1;0;8;2;2.55;1.27;2.59;1.41;0;0.96
2026-02-21;Arouca;Nacional;PORTUGAL 1;2025/2026;3;0;0;0;1.36;1.53;1.24;1.31;2.38;3.1;3.45;15.5;61;39;73;75;33;33;10;15;7;5;13;13;4;2;1;1;6;0;4;1;1.09;0.91;1.05;0.95;1;0.96
2026-02-21;Alverca;Santa Clara;PORTUGAL 1;2025/2026;1;1;1;0;0.78;1.46;1.28;1.28;3.05;2.78;2.82;9.6;45;55;81;86;36;33;7;16;1;3;16;14;2;2;0;0;0;1;5;2;1.55;0.6;1.14;0.77;0;0.96
2026-02-21;Moreirense;Sporting CP;PORTUGAL 1;2025/2026;0;3;0;0;0.71;1.89;1.0;1.87;12.5;1.3;5.8;8.8;38;62;67;127;26;51;6;15;2;8;12;14;1;1;0;0;-1;-1;1;8;1.9;2.45;1.5;2.5;0;0.96
2026-02-21;Chelsea;Burnley;ENGLAND 1;2025/2026;1;1;1;0;1.33;1.46;1.71;0.97;1.25;14.5;7.2;50.0;67;33;111;63;59;59;12;12;2;4;13;11;2;2;1;0;2;4;9;5;1.69;0.62;1.69;0.69;0;0.96
2026-02-21;Union Berlin;Bayer Leverkusen;GERMANY 1;2025/2026;1;0;1;0;1.03;1.65;1.35;1.3;3.15;2.48;3.5;11.0;35;65;89;123;32;79;8;16;4;1;15;7;5;2;0;0;1;1;4;5;1.27;1.7;1.14;1.86;1;0.96
2026-02-21;PSG;Metz;FRANCE 1;2025/2026;3;0;2;0;2.03;0.4;2.35;0.94;1.16;20.0;10.5;80.0;67;33;141;69;63;27;17;3;7;0;9;15;0;2;0;0;3;2;4;1;2.8;0.36;2.32;0.59;1;0.96
2026-02-21;Toulouse;Paris FC;FRANCE 1;2025/2026;1;1;0;1;2.6;0.62;1.59;1.07;2.1;4.2;3.45;13.0;55;45;133;55;62;22;23;5;10;2;13;7;1;5;0;0;1;3;12;3;1.45;1.09;1.36;1.0;0;0.96
2026-02-21;Lens;Monaco;FRANCE 1;2025/2026;2;3;1;0;2.01;1.27;1.63;1.34;1.75;4.7;4.5;23.0;52;48;96;72;53;40;18;10;7;5;13;12;2;1;0;0;1;0;7;2;2.73;0.9;2.36;1.41;0;0.96
2026-02-21;Wolfsburg;Augsburg;GERMANY 1;2025/2026;2;3;1;0;1.12;1.88;1.58;1.38;2.26;3.55;3.6;16.5;50;50;99;108;27;71;10;15;4;6;10;16;3;4;0;0;1;1;4;10;0.82;0.7;0.91;1.14;0;0.96
2026-02-21;Osasuna;Real Madrid;SPAIN 1;2025/2026;2;1;1;0;1.28;1.7;1.49;2.01;5.2;1.72;4.2;10.0;39;61;89;104;44;55;13;15;2;5;17;6;2;4;0;0;1;2;3;7;1.91;2.25;1.25;2.5;0;0.96
2026-02-21;Atl. Madrid;Espanyol;SPAIN 1;2025/2026;4;2;1;1;2.22;0.89;1.91;1.42;1.52;7.8;4.5;24.0;61;39;140;83;62;33;18;8;9;2;8;10;0;1;0;0;0;2;5;3;2.58;1.36;1.88;1.46;0;0.96
2026-02-21;Juventus;Como;ITALY 1;2025/2026;0;2;0;1;1.28;1.03;2.22;1.42;2.16;3.85;3.55;13.5;52;48;87;81;51;26;11;11;3;2;10;15;1;0;0;0;4;0;7;2;2.17;1.58;1.84;1.68;0;0.96
2026-02-21;Cagliari;Lazio;ITALY 1;2025/2026;0;0;0;0;0.98;1.23;1.09;1.07;3.85;2.36;3.1;6.6;42;58;65;129;20;51;11;10;2;3;12;15;2;2;1;0;2;0;3;6;1.25;1.17;1.12;1.32;1;0.96
2026-02-22;St. Pauli;Werder Bremen;GERMANY 1;2025/2026;2;1;0;0;0.83;1.58;1.4;1.24;2.74;3.0;3.2;10.5;42;58;91;123;39;66;4;13;4;4;6;10;2;6;0;0;5;1;1;5;1.2;0.55;0.77;0.86;0;0.96
2026-02-22;Heidenheim;Stuttgart;GERMANY 1;2025/2026;3;3;2;2;1.26;1.78;1.31;1.83;4.9;1.74;4.4;13.5;34;66;70;130;28;62;10;12;6;8;13;7;0;1;0;0;3;2;3;4;0.82;1.45;0.59;1.91;0;0.96
2026-02-22;Auxerre;Rennes;FRANCE 1;2025/2026;0;3;0;3;1.17;1.49;1.3;1.16;3.2;2.48;3.45;11.0;43;57;103;88;46;33;11;12;2;7;17;22;1;4;0;0;1;2;4;5;1.0;1.18;0.77;1.55;0;0.96
2026-02-22;Nice;Lorient;FRANCE 1;2025/2026;3;3;2;1;1.02;1.94;1.44;1.17;2.16;3.65;3.65;14.5;39;61;95;113;31;72;8;17;4;5;15;4;2;3;0;0;0;2;3;7;1.45;0.82;1.05;1.41;0;0.96
2026-02-22;Nantes;Le Havre;FRANCE 1;2025/2026;2;0;2;0;0.98;0.9;1.21;1.06;2.56;3.25;3.25;10.5;29;71;83;126;37;60;9;6;2;1;17;13;4;3;0;0;0;4;5;6;0.45;0.6;0.64;1.18;1;0.96
2026-02-22;Sunderland;Fulham;ENGLAND 1;2025/2026;1;3;0;0;1.18;1.2;1.26;1.27;2.86;2.86;3.3;9.8;53;47;86;82;39;22;12;12;2;4;6;13;1;1;0;0;1;1;6;4;2.0;0.85;1.38;1.31;0;0.96
2026-02-22;Villarreal;Valencia;SPAIN 1;2025/2026;2;1;2;1;1.45;1.16;1.64;0.99;1.77;5.1;4.1;18.5;43;57;84;109;47;60;12;8;5;3;7;16;2;4;0;0;1;2;5;4;2.33;0.75;2.0;1.08;0;0.96
2026-02-22;Celta Vigo;Mallorca;SPAIN 1;2025/2026;2;0;0;0;2.11;0.27;1.36;1.12;1.91;4.9;3.6;15.0;57;43;123;70;49;27;20;1;7;0;11;10;1;5;0;0;-1;-1;7;2;1.17;0.42;1.42;1.0;1;0.96
2026-02-22;Barcelona;Levante;SPAIN 1;2025/2026;3;0;2;0;2.56;0.64;2.26;1.09;1.13;23.0;13.0;130.0;73;27;131;42;75;25;22;5;9;2;12;10;2;1;0;0;2;3;13;6;3.0;0.92;2.42;0.75;1;0.96
2026-02-22;Getafe;Sevilla;SPAIN 1;2025/2026;0;1;0;0;0.75;0.68;1.1;1.33;2.5;3.75;2.96;8.8;31;69;60;105;22;30;6;6;3;1;5;18;1;1;1;0;3;4;2;2;1.25;1.0;1.21;1.08;0;-7.8
2026-02-22;FC Porto;Rio Ave;PORTUGAL 1;2025/2026;1;0;1;0;1.74;0.56;1.58;1.05;1.14;29.0;10.5;80.0;55;45;126;74;71;13;16;6;3;1;14;16;2;3;0;0;2;0;10;1;2.6;1.0;2.68;0.91;1;0.96
2026-02-22;AC Milan;Parma;ITALY 1;2025/2026;0;1;0;0;2.72;0.95;1.77;1.14;1.39;11.0;5.2;29.0;67;33;158;57;100;24;25;9;6;3;13;10;2;1;0;0;1;1;5;2;2.08;1.33;2.16;1.16;0;-28.0
2026-02-22;Atalanta;Napoli;ITALY 1;2025/2026;2;1;0;1;1.66;1.22;1.88;1.42;2.8;3.1;3.05;9.8;57;43;104;88;74;42;10;10;7;4;10;9;1;1;0;0;1;2;6;1;1.92;1.69;1.68;2.0;0;0.96
2026-02-22;Genoa;Torino;ITALY 1;2025/2026;3;0;2;0;1.62;0.86;1.31;1.27;2.44;3.7;3.1;11.5;62;38;113;79;35;27;16;7;5;3;9;14;0;1;0;1;0;1;1;3;1.0;1.08;0.96;1.08;1;0.96
2026-02-23;Famalicao;Casa Pia;PORTUGAL 1;2025/2026;2;0;1;0;2.41;0.8;1.53;1.02;1.62;7.0;4.1;19.5;62;38;107;61;57;39;24;7;7;1;17;16;3;2;0;0;1;2;7;7;1.55;1.0;1.45;1.0;1;0.96
2026-02-23;Bologna;Udinese;ITALY 1;2025/2026;1;0;0;0;1.29;1.19;1.65;1.14;1.95;4.6;3.6;14.5;46;54;83;96;24;48;11;10;6;3;10;13;1;1;0;0;3;3;4;7;1.17;1.33;1.32;1.28;1;0.96
2026-02-23;Fiorentina;Pisa;ITALY 1;2025/2026;1;0;1;0;1.7;0.83;1.72;1.06;1.68;6.2;4.0;21.0;56;44;113;72;55;43;15;7;5;1;8;19;3;3;0;0;0;2;4;3;0.83;0.67;0.84;0.6;1;0.96
2026-02-23;Everton;Manchester Utd;ENGLAND 1;2025/2026;0;1;0;0;1.5;1.24;1.48;1.6;4.0;1.98;3.95;10.5;48;52;132;93;63;46;12;11;4;3;12;7;2;3;0;0;1;0;10;1;1.23;1.38;1.42;1.73;0;-9.5
2026-02-25;Cruzeiro;Corinthians;BRAZIL 1;2026;1;1;1;0;1.01;0.5;1.97;0.38;1.8;5.4;3.75;16.5;48;52;79;90;13;12;11;4;3;2;15;13;2;3;1;0;1;3;5;3;0.0;3.0;0.33;2.0;0;0.96
2026-02-25;Palmeiras;Fluminense;BRAZIL 1;2026;2;1;2;1;1.63;2.01;1.91;1.46;1.78;5.3;3.85;17.0;35;65;72;103;46;54;14;18;6;7;14;12;3;4;0;0;3;2;5;11;3.0;1.0;2.33;2.33;0;0.96
2026-02-25;Remo;Internacional;BRAZIL 1;2026;1;1;1;1;1.38;1.78;1.72;1.04;3.55;2.26;3.55;10.5;41;59;79;106;27;51;11;18;7;4;14;14;5;1;0;0;1;4;7;12;1.0;1.0;0.67;0.33;0;0.96
2026-02-26;Santos;Vasco;BRAZIL 1;2026;2;1;1;1;1.12;1.52;1.11;1.28;2.04;4.0;3.75;13.5;40;60;89;103;45;51;8;16;4;2;14;16;1;1;0;0;2;2;5;2;1.0;0.0;0.33;0.33;0;0.96
2026-02-27;Parma;Cagliari;ITALY 1;2025/2026;1;1;0;0;1.72;1.26;1.31;1.07;2.38;3.95;3.05;11.0;56;44;120;75;41;29;18;11;4;5;14;8;2;4;0;0;0;2;6;3;1.0;1.0;1.23;1.12;0;0.96
2026-02-27;Strasbourg;Lens;FRANCE 1;2025/2026;1;1;1;0;1.05;2.31;1.49;1.46;2.36;3.15;3.8;17.0;55;45;80;84;26;55;8;25;5;5;9;7;2;2;0;0;0;2;2;8;2.0;2.0;1.48;2.26;0;0.96
2026-02-27;FC Porto;Arouca;PORTUGAL 1;2025/2026;3;1;1;0;2.12;0.61;1.6;1.15;0.0;0.0;0.0;0.0;57;43;142;55;50;13;20;7;7;1;13;12;0;2;0;0;2;0;5;1;2.64;1.0;2.7;1.13;0;0.96
2026-02-28;Bournemouth;Sunderland;ENGLAND 1;2025/2026;1;1;0;1;2.13;1.08;1.59;1.04;1.83;4.8;4.0;18.5;62;38;124;90;63;40;21;8;5;4;15;12;4;2;0;0;1;2;7;3;1.77;0.77;1.41;1.33;0;0.96
2026-02-28;Rennes;Toulouse;FRANCE 1;2025/2026;1;0;1;0;1.09;1.01;1.87;1.29;2.08;3.95;3.65;15.5;65;35;135;96;42;40;10;9;2;2;9;13;1;3;0;0;1;0;6;1;1.91;1.27;1.61;1.35;1;0.96
2026-02-28;Le Havre;PSG;FRANCE 1;2025/2026;0;1;0;1;1.06;2.48;1.41;1.86;10.5;1.33;6.2;12.0;32;68;81;141;39;64;10;22;2;9;12;10;3;0;0;0;3;3;3;3;1.67;1.92;1.13;2.35;0;-11.0
2026-02-28;Barcelona;Villarreal;SPAIN 1;2025/2026;4;1;2;0;2.36;0.7;2.29;1.11;1.33;8.6;7.0;1000.0;74;26;166;48;82;35;19;6;8;1;11;9;2;1;0;0;3;5;3;2;3.0;1.67;2.44;2.04;0;0.96
2026-02-28;Mallorca;Real Sociedad;SPAIN 1;2025/2026;0;1;0;1;0.93;1.22;1.31;1.5;3.25;2.54;3.3;9.6;44;56;88;112;66;43;6;12;1;2;6;22;0;2;0;0;1;0;3;7;1.58;0.92;0.96;1.28;0;-8.6
2026-02-28;Burnley;Brentford;ENGLAND 1;2025/2026;3;4;1;3;1.26;1.91;1.16;1.18;4.7;1.84;4.0;9.6;41;59;94;91;39;57;12;16;3;7;9;9;1;2;0;0;2;0;4;8;0.77;1.15;0.7;1.48;0;0.96
2026-02-28;Como;Lecce;ITALY 1;2025/2026;3;1;3;1;1.6;0.67;1.79;1.0;1.42;10.5;4.8;27.0;69;31;97;78;48;28;12;5;7;2;15;12;0;1;0;0;1;2;5;1;1.77;0.92;1.73;0.92;0;0.96
2026-02-28;Vitoria Guimaraes;Alverca;PORTUGAL 1;2025/2026;1;1;0;0;1.75;1.37;1.46;0.9;1.83;4.4;2.06;0.0;53;47;102;93;53;45;15;11;6;5;16;5;1;2;0;0;4;1;0;11;1.75;0.73;1.35;1.13;0;0.96
2026-02-28;Bayer Leverkusen;Mainz;GERMANY 1;2025/2026;1;1;0;0;1.65;1.11;1.75;1.14;1.78;4.9;4.2;22.0;66;34;136;102;74;44;12;8;5;4;9;13;1;2;0;0;2;0;6;2;2.0;0.82;1.77;0.96;0;0.96
2026-02-28;Werder Bremen;Heidenheim;GERMANY 1;2025/2026;2;0;0;0;1.82;0.78;1.68;1.26;1.77;5.0;4.1;21.0;49;51;108;79;45;29;17;9;6;0;14;9;1;0;0;0;2;0;3;2;1.18;0.36;0.83;0.61;1;0.96
2026-02-28;Hoffenheim;St. Pauli;GERMANY 1;2025/2026;0;1;0;1;2.68;1.11;1.74;1.11;1.49;7.6;4.8;25.0;65;35;153;61;89;29;20;11;11;3;13;7;1;2;0;0;4;1;10;3;2.18;0.42;2.0;0.87;0;-24.0
2026-03-01;Paris FC;Nice;FRANCE 1;2025/2026;1;0;1;0;1.66;1.26;1.45;1.15;2.46;3.2;3.45;12.5;40;60;90;119;31;47;16;11;6;3;7;8;5;3;1;0;1;1;8;6;0.91;0.64;1.0;1.04;1;0.96
2026-03-01;Metz;Brest;FRANCE 1;2025/2026;0;1;0;0;2.53;0.6;1.13;1.08;3.6;2.26;3.45;9.4;66;34;129;64;83;20;24;6;6;1;14;11;2;1;0;1;1;0;12;4;0.82;0.82;0.57;1.3;0;-8.4
2026-03-01;Lorient;Auxerre;FRANCE 1;2025/2026;2;2;2;2;1.51;1.12;1.41;1.13;2.14;4.1;3.35;12.5;50;50;79;113;30;37;15;10;5;3;11;10;1;3;0;0;0;1;3;7;2.0;0.55;1.39;0.74;0;0.96
2026-03-01;Lille;Nantes;FRANCE 1;2025/2026;1;0;0;0;1.13;0.42;1.75;1.03;1.59;6.6;4.3;21.0;73;27;91;54;48;21;9;3;3;1;11;15;3;1;0;0;3;2;4;1;1.82;0.82;1.61;0.74;1;0.96
2026-03-01;Hamburger SV;RB Leipzig;GERMANY 1;2025/2026;1;2;1;1;0.88;1.57;1.59;1.61;4.0;2.0;3.95;13.5;42;58;71;111;30;54;7;13;3;5;8;12;3;2;0;0;1;0;4;9;1.73;1.64;1.18;1.78;0;0.96
2026-03-01;Eintracht Frankfurt;Freiburg;GERMANY 1;2025/2026;2;0;0;0;1.7;0.62;1.46;1.22;2.2;3.6;3.7;15.0;63;37;91;64;36;30;15;4;7;2;9;11;1;2;0;0;2;1;5;6;1.55;0.75;1.35;1.43;1;0.96
2026-03-01;Stuttgart;Wolfsburg;GERMANY 1;2025/2026;4;0;3;0;2.76;1.12;1.68;1.1;1.5;6.6;5.3;38.0;63;37;111;93;67;37;24;10;11;3;5;17;0;0;0;0;1;1;7;3;2.36;1.0;1.87;0.87;1;0.96
2026-03-01;Manchester Utd;Crystal Palace;ENGLAND 1;2025/2026;2;1;0;1;2.53;0.95;1.95;1.17;1.57;6.4;4.6;26.0;61;39;103;80;70;31;20;8;11;3;13;12;2;2;0;1;1;2;7;1;2.08;1.54;1.78;1.3;0;0.96
2026-03-01;Arsenal;Chelsea;ENGLAND 1;2025/2026;2;1;1;1;1.59;1.18;1.84;1.49;1.6;6.4;4.5;23.0;41;59;97;87;66;55;12;9;5;3;11;14;1;4;0;1;0;1;5;10;2.46;1.69;2.18;1.67;0;0.96
2026-03-01;Cremonese;AC Milan;ITALY 1;2025/2026;0;2;0;0;1.5;2.2;1.12;1.21;8.0;1.52;4.5;7.8;47;53;91;104;47;72;15;20;3;6;14;10;2;0;0;0;2;3;6;7;1.0;2.23;0.92;2.08;0;0.96
2026-03-01;Sassuolo;Atalanta;ITALY 1;2025/2026;2;1;1;0;0.93;3.12;1.21;1.3;4.1;2.02;3.7;9.8;24;76;50;143;19;139;7;26;5;7;3;13;2;2;1;0;1;4;3;9;1.31;1.42;1.35;1.73;0;0.96
2026-03-01;Torino;Lazio;ITALY 1;2025/2026;2;0;1;0;1.47;1.27;1.37;1.08;2.86;3.05;3.05;9.2;45;55;71;108;42;40;13;12;5;3;13;5;4;1;0;0;0;2;6;9;1.08;1.15;1.04;1.31;1;0.96
2026-03-01;Girona;Celta Vigo;SPAIN 1;2025/2026;1;2;1;0;1.9;0.98;1.24;1.19;2.48;3.2;3.5;13.0;57;43;109;89;64;33;15;6;7;5;9;8;2;2;0;0;2;1;10;6;1.33;1.67;1.2;1.48;0;0.96
2026-03-01;Casa Pia;Moreirense;PORTUGAL 1;2025/2026;1;1;1;0;0.8;1.47;0.92;1.06;2.8;3.15;3.0;9.2;36;64;81;87;29;40;7;12;2;6;21;12;2;3;0;0;0;1;1;7;1.0;1.17;0.96;1.43;0;0.96
2026-03-01;Rio Ave;Famalicao;PORTUGAL 1;2025/2026;0;0;0;0;1.58;1.26;1.1;1.23;4.2;1.97;3.75;9.6;46;54;89;97;40;47;16;10;4;4;20;15;4;2;0;0;1;0;5;5;0.82;1.36;0.87;1.52;1;0.96
2026-03-02;Udinese;Fiorentina;ITALY 1;2025/2026;3;0;1;0;1.32;0.94;1.38;1.15;3.4;2.48;3.25;9.4;35;65;83;102;27;42;10;10;7;0;16;12;1;4;0;0;-1;-1;5;2;1.23;0.85;1.23;0.92;1;0.96
2026-03-02;Gil Vicente;Benfica;PORTUGAL 1;2025/2026;1;2;0;1;1.46;1.18;1.68;1.85;7.0;1.58;4.4;8.2;49;51;82;94;40;46;13;10;5;3;16;11;2;3;0;0;2;0;5;3;2.09;2.45;1.74;2.39;0;0.96
2026-03-02;Pisa;Bologna;ITALY 1;2025/2026;0;1;0;0;0.87;0.87;1.19;1.24;4.4;2.04;3.4;7.8;41;59;106;124;36;38;6;8;3;1;15;11;0;2;0;0;5;2;7;4;0.54;1.46;0.58;1.38;0;-6.8
2026-03-02;Real Madrid;Getafe;SPAIN 1;2025/2026;0;1;0;1;2.1;0.99;2.28;1.13;1.37;11.0;5.4;28.0;77;23;152;75;64;29;18;9;7;3;11;17;4;5;1;1;0;1;10;2;2.75;1.17;2.4;1.16;0;-27.0
2026-03-03;Bournemouth;Brentford;ENGLAND 1;2025/2026;0;0;0;0;1.23;0.71;1.63;1.23;2.68;2.76;3.75;15.5;48;52;17;22;40;36;13;5;2;2;9;10;2;1;0;0;2;0;4;3;1.71;1.29;1.39;1.54;1;0.96
2026-03-03;Everton;Burnley;ENGLAND 1;2025/2026;2;0;1;0;1.6;0.68;1.48;1.0;1.63;6.8;4.1;21.0;55;45;36;34;53;32;14;5;5;2;10;12;0;1;0;0;1;2;6;3;1.14;0.64;1.43;0.68;1;0.96
2026-03-04;Hamburger SV;Bayer Leverkusen;GERMANY 1;2025/2026;0;1;0;0;1.08;1.69;1.53;1.33;3.45;2.24;3.7;12.0;37;63;83;144;32;71;10;14;3;4;12;11;0;2;0;0;0;2;2;7;1.58;1.55;1.13;1.74;0;-11.0
2026-03-04;Aston Villa;Chelsea;ENGLAND 1;2025/2026;1;4;1;2;1.11;1.77;1.61;1.47;2.96;2.54;3.7;13.5;43;57;61;83;36;37;9;15;4;8;10;9;3;2;0;0;2;2;3;8;2.07;1.57;1.82;1.61;0;0.96
2026-03-06;Napoli;Torino;ITALY 1;2025/2026;2;1;1;0;1.93;0.87;1.59;1.24;1.62;7.0;4.0;19.0;64;36;116;65;57;19;14;7;9;4;9;11;0;3;0;0;1;1;11;2;2.33;1.0;1.96;1.11;0;0.96
2026-03-06;Celta Vigo;Real Madrid;SPAIN 1;2025/2026;1;2;1;1;0.94;1.6;1.42;1.98;3.45;2.22;3.7;11.5;37;63;71;146;20;69;8;14;4;3;4;12;1;2;0;0;2;0;1;6;1.31;2.08;1.54;2.31;0;0.96
2026-03-06;PSG;Monaco;FRANCE 1;2025/2026;1;3;0;1;2.39;1.36;2.32;1.34;1.38;8.2;6.2;44.0;72;28;139;72;98;34;20;11;6;6;12;6;1;3;0;0;1;2;7;3;2.82;1.09;2.38;1.54;0;0.96
2026-03-06;Famalicao;Arouca;PORTUGAL 1;2025/2026;1;0;0;0;1.6;1.13;1.6;1.1;1.9;4.5;3.7;17.5;55;45;85;68;58;30;12;10;6;4;10;17;1;1;0;0;5;2;5;1;1.67;0.92;1.5;1.08;1;0.96
2026-03-07;Cagliari;Como;ITALY 1;2025/2026;1;2;0;1;1.01;0.89;1.08;1.39;7.0;1.61;4.1;7.4;43;57;89;98;40;32;8;8;3;2;17;18;3;1;0;0;7;2;2;3;1.23;1.69;1.11;1.78;0;0.96
2026-03-07;Atalanta;Udinese;ITALY 1;2025/2026;2;2;0;1;2.11;0.85;1.87;1.14;1.76;5.7;3.85;19.5;68;32;123;72;61;27;22;8;4;2;7;10;1;2;0;0;-1;-1;11;3;2.0;1.23;1.67;1.3;0;0.96
2026-03-07;Juventus;Pisa;ITALY 1;2025/2026;4;0;0;0;2.55;0.95;2.15;1.04;1.22;18.0;7.8;48.0;60;40;102;84;69;50;25;7;7;2;7;7;1;3;0;0;-1;-1;4;4;2.0;0.62;1.74;0.56;1;0.96
2026-03-07;Osasuna;Mallorca;SPAIN 1;2025/2026;2;2;0;1;2.34;0.98;1.47;1.05;1.81;5.5;3.7;15.5;50;50;93;63;86;26;22;8;5;4;11;12;2;5;1;2;4;0;8;0;2.0;0.38;1.27;0.92;0;0.96
2026-03-07;Levante;Girona;SPAIN 1;2025/2026;1;1;0;0;1.35;2.32;1.33;1.19;2.96;2.6;3.5;11.0;33;67;58;132;27;81;14;22;4;5;15;9;2;2;1;0;1;2;2;3;0.77;1.08;0.81;1.15;0;0.96
2026-03-07;Atl. Madrid;Real Sociedad;SPAIN 1;2025/2026;3;2;1;1;2.66;0.85;1.94;1.48;1.67;5.9;4.2;21.0;52;48;105;105;73;25;24;7;9;3;6;10;1;1;0;0;3;1;8;1;2.62;1.08;1.96;1.35;0;0.96
2026-03-07;Moreirense;Nacional;PORTUGAL 1;2025/2026;1;1;1;0;0.75;2.1;0.97;1.33;2.42;3.15;3.2;15.5;46;54;56;122;23;48;7;20;2;7;14;11;4;2;0;0;0;2;4;7;1.73;0.83;1.42;0.88;0;0.96
2026-03-07;Freiburg;Bayer Leverkusen;GERMANY 1;2025/2026;3;3;2;2;2.4;1.86;1.55;1.36;3.15;2.46;3.55;11.5;47;53;94;98;63;61;21;17;9;5;7;8;2;1;0;0;1;1;5;2;2.18;1.67;1.38;1.79;0;0.96
2026-03-07;Heidenheim;Hoffenheim;GERMANY 1;2025/2026;2;4;0;2;0.93;1.81;1.3;1.38;6.0;1.57;4.8;14.5;46;54;92;105;38;42;8;16;2;7;7;15;0;0;0;0;4;1;4;3;0.83;1.83;0.58;1.92;0;0.96
2026-03-07;Mainz;Stuttgart;GERMANY 1;2025/2026;2;2;1;0;2.02;1.33;1.52;1.83;3.8;2.04;3.95;14.0;38;62;77;116;66;47;18;11;6;4;7;12;0;2;0;0;2;0;5;6;1.08;1.42;0.96;1.92;0;0.96
2026-03-07;RB Leipzig;Augsburg;GERMANY 1;2025/2026;2;1;0;1;2.19;1.62;1.94;1.43;1.46;7.4;5.3;38.0;61;39;132;56;76;38;17;16;8;5;8;9;0;2;0;0;1;4;6;8;1.92;0.91;1.83;1.29;0;0.96
2026-03-07;Wolfsburg;Hamburger SV;GERMANY 1;2025/2026;1;2;1;1;1.57;1.39;1.54;1.27;2.64;2.9;3.6;14.0;52;48;113;104;55;35;14;10;4;7;18;6;3;2;0;0;3;3;7;3;0.75;0.64;0.83;1.08;0;0.96
2026-03-07;Auxerre;Strasbourg;FRANCE 1;2025/2026;0;0;0;0;1.08;1.37;1.29;1.2;4.5;1.98;3.6;9.0;28;72;67;117;23;25;10;13;4;5;10;11;2;2;0;0;1;3;5;4;0.92;1.0;0.75;1.46;1;0.96
2026-03-08;Villarreal;Elche;SPAIN 1;2025/2026;2;1;2;0;1.85;1.71;1.63;0.95;1.5;7.4;4.9;28.0;37;63;80;123;49;64;16;13;7;6;11;16;1;2;0;0;1;1;4;6;2.38;0.33;1.96;1.0;0;0.96
2026-03-08;Sevilla;Rayo Vallecano;SPAIN 1;2025/2026;1;1;1;0;1.14;0.91;1.33;1.32;2.82;2.96;3.2;9.8;42;58;92;102;41;26;11;9;2;2;13;15;1;3;0;0;1;0;6;2;1.15;0.85;1.15;1.15;0;0.96
2026-03-08;Brest;Le Havre;FRANCE 1;2025/2026;2;0;1;0;1.07;1.3;1.51;1.04;1.98;4.5;3.55;13.5;41;59;97;113;31;57;11;14;2;0;15;17;3;1;0;0;1;0;1;3;1.75;0.55;1.38;1.08;1;0.96
2026-03-08;Lille;Lorient;FRANCE 1;2025/2026;1;1;0;0;1.48;1.1;1.7;1.23;1.57;7.0;4.4;21.0;58;42;136;52;80;25;12;9;2;5;14;12;4;1;0;0;1;0;5;1;1.92;0.83;1.67;1.38;0;0.96
2026-03-08;Nice;Rennes;FRANCE 1;2025/2026;0;4;0;2;1.39;1.48;1.4;1.19;2.78;2.66;3.7;15.0;40;60;100;105;50;40;14;12;2;6;9;8;2;1;0;0;4;3;7;1;1.42;1.33;1.0;1.67;0;0.96
2026-03-08;Lens;Metz;FRANCE 1;2025/2026;3;0;1;0;2.39;0.59;1.66;0.89;1.3;12.5;6.4;46.0;52;48;106;87;54;36;24;5;7;0;12;17;0;3;0;0;3;1;6;4;2.5;0.33;2.21;0.54;1;0.96
2026-03-08;Union Berlin;Werder Bremen;GERMANY 1;2025/2026;1;4;1;2;0.94;1.68;1.33;1.26;2.52;3.3;3.25;11.0;26;74;88;129;31;51;9;15;2;5;5;13;1;3;1;0;1;1;1;3;1.42;0.5;1.17;0.92;0;0.96
2026-03-08;Lecce;Cremonese;ITALY 1;2025/2026;2;1;2;0;1.0;1.35;1.18;0.93;2.4;3.85;3.0;11.0;41;59;97;112;29;49;9;10;3;5;19;27;1;4;0;2;3;2;4;4;0.93;0.86;0.89;0.89;0;0.96
2026-03-08;Fiorentina;Parma;ITALY 1;2025/2026;0;0;0;0;1.25;0.77;1.71;1.12;1.78;5.6;3.7;20.0;56;44;103;84;58;36;12;8;1;0;12;14;2;0;0;0;1;0;7;1;1.0;1.46;0.89;1.22;1;0.96
2026-03-08;St. Pauli;Eintracht Frankfurt;GERMANY 1;2025/2026;0;0;0;0;1.1;0.99;1.35;1.26;2.82;2.76;3.45;11.0;28;72;76;124;37;45;11;8;2;2;13;8;3;1;0;0;1;1;6;5;1.36;1.17;0.96;1.42;1;0.96
2026-03-08;Benfica;FC Porto;PORTUGAL 1;2025/2026;2;2;0;2;2.16;1.57;2.1;1.64;2.1;4.4;3.35;11.5;59;41;113;80;67;37;20;14;6;6;11;17;2;6;2;0;0;1;8;2;2.33;2.75;2.42;2.71;0;0.96
2026-03-08;Santa Clara;Vitoria Guimaraes;PORTUGAL 1;2025/2026;2;0;2;0;0.94;1.67;1.29;1.39;2.58;3.4;3.1;9.6;39;61;79;115;38;50;6;14;4;6;26;15;3;2;0;0;0;4;2;4;0.92;0.91;0.79;1.33;1;0.96
2026-03-09;Tondela;Rio Ave;PORTUGAL 1;2025/2026;0;1;0;0;0.81;1.05;1.25;1.0;2.1;4.1;3.3;15.5;47;53;80;114;39;46;6;9;2;2;14;14;0;5;0;0;0;1;3;2;0.67;0.92;0.79;0.88;0;-14.5
2026-03-09;Lazio;Sassuolo;ITALY 1;2025/2026;2;1;1;1;1.58;1.03;1.42;1.22;2.3;3.65;3.3;12.0;50;50;100;111;56;41;13;7;5;4;7;8;0;4;0;0;2;3;1;6;1.46;1.38;1.26;1.41;0;0.96
2026-03-13;Torino;Parma;ITALY 1;2025/2026;4;1;1;1;1.58;0.88;1.38;1.1;2.28;3.95;3.15;12.0;50;50;87;96;29;39;15;6;6;3;17;13;1;3;0;0;4;3;2;7;1.21;1.43;1.07;1.21;0;0.96
2026-03-14;Lorient;Lens;FRANCE 1;2025/2026;2;1;1;0;0.78;2.4;1.42;1.53;4.3;1.89;3.75;9.8;34;66;60;145;26;100;6;20;3;6;6;11;2;3;0;0;1;0;1;10;1.92;1.92;1.36;2.24;0;0.96
2026-03-14;Monaco;Brest;FRANCE 1;2025/2026;2;0;1;0;1.3;1.21;1.5;1.04;1.69;5.1;4.2;23.0;56;44;115;108;52;52;10;12;4;1;9;8;2;1;0;0;5;0;3;8;1.92;1.0;1.6;1.44;1;0.96
2026-03-14;Burnley;Bournemouth;ENGLAND 1;2025/2026;0;0;0;0;1.53;2.0;1.16;1.52;4.2;1.9;4.0;10.5;38;62;98;106;62;56;15;22;2;3;11;5;1;0;0;0;1;1;5;8;0.71;1.07;0.66;1.38;1;0.96
2026-03-14;Arsenal;Everton;ENGLAND 1;2025/2026;2;0;0;0;2.67;1.0;1.82;1.09;1.39;10.5;5.2;29.0;65;35;132;68;84;30;25;9;7;3;11;12;0;0;0;0;2;1;8;3;2.5;1.71;2.23;1.48;1;0.96
2026-03-14;Napoli;Lecce;ITALY 1;2025/2026;2;1;0;1;1.41;1.17;1.62;0.98;1.37;11.5;5.2;29.0;70;30;99;82;51;37;12;12;4;2;11;7;0;1;0;0;-1;-1;7;7;2.38;0.85;2.0;0.96;0;0.96
2026-03-14;Udinese;Juventus;ITALY 1;2025/2026;0;1;0;1;0.99;2.37;1.37;1.64;6.8;1.59;4.3;7.6;44;56;62;101;30;59;10;22;2;8;12;14;3;1;0;0;0;3;2;6;1.36;1.5;1.29;1.79;0;-6.6
2026-03-14;Atl. Madrid;Getafe;SPAIN 1;2025/2026;1;0;1;0;1.73;0.93;1.99;1.12;1.6;8.2;3.85;19.0;66;34;105;98;51;37;16;7;5;3;11;11;3;3;0;1;1;4;10;3;2.64;1.31;2.0;1.3;1;0.96
2026-03-14;Hoffenheim;Wolfsburg;GERMANY 1;2025/2026;1;1;0;0;2.36;0.63;1.82;1.1;1.48;6.8;5.1;34.0;69;31;115;86;95;31;20;4;6;2;10;10;0;3;0;0;2;1;16;4;2.0;0.92;1.96;0.8;0;0.96
2026-03-14;Eintracht Frankfurt;Heidenheim;GERMANY 1;2025/2026;1;0;0;0;1.35;0.59;1.48;1.22;1.57;5.9;4.6;27.0;66;34;139;76;41;36;12;4;4;1;5;9;2;2;1;0;0;2;5;4;1.67;0.33;1.4;0.56;1;0.96
2026-03-14;Bayer Leverkusen;Bayern Munich;GERMANY 1;2025/2026;1;1;1;0;2.27;1.41;1.74;2.16;5.4;1.63;4.8;17.5;45;55;103;119;64;49;21;11;7;5;12;13;3;3;0;2;2;1;4;1;1.92;2.67;1.76;2.64;0;0.96
2026-03-14;Real Madrid;Elche;SPAIN 1;2025/2026;4;1;2;0;1.64;1.0;2.27;1.0;1.29;11.0;7.2;130.0;47;53;83;105;47;40;14;10;6;1;10;19;1;3;0;0;3;1;5;3;2.54;0.31;2.33;0.96;0;0.96
2026-03-15;FC Porto;Moreirense;PORTUGAL 1;2025/2026;3;0;2;0;2.05;0.53;1.64;1.09;1.19;14.0;6.4;0.0;57;43;106;61;48;27;17;3;9;2;14;13;1;0;0;0;2;1;4;1;2.67;1.15;2.64;1.4;1;0.96
2026-03-15;Barcelona;Sevilla;SPAIN 1;2025/2026;5;2;3;1;1.62;1.03;2.29;1.3;1.31;10.0;6.8;55.0;61;39;112;67;32;24;13;9;8;4;5;14;0;1;0;0;2;4;3;4;3.0;1.15;2.48;1.15;0;0.96
2026-03-15;Real Sociedad;Osasuna;SPAIN 1;2025/2026;3;1;2;0;1.71;1.84;1.53;1.0;1.99;4.4;3.6;14.5;49;51;84;106;48;93;15;13;6;5;16;11;3;0;0;0;1;0;3;5;1.62;0.64;1.3;1.26;0;0.96
2026-03-15;Mallorca;Espanyol;SPAIN 1;2025/2026;2;1;0;1;2.83;0.97;1.28;1.35;2.46;3.45;3.25;11.0;68;32;103;52;49;28;26;10;12;2;11;14;3;3;0;1;1;6;5;6;1.46;1.23;0.93;1.37;0;0.96
2026-03-15;Rennes;Lille;FRANCE 1;2025/2026;1;2;0;1;1.43;0.96;1.8;1.58;2.3;3.35;3.45;14.5;59;41;124;67;53;34;12;8;4;3;16;6;2;5;0;0;3;1;5;2;2.0;1.42;1.72;1.64;0;0.96
2026-03-15;Metz;Toulouse;FRANCE 1;2025/2026;3;4;2;3;1.9;1.88;1.24;1.26;4.2;2.02;3.4;8.0;50;50;86;76;37;37;17;19;8;6;10;13;0;3;0;0;-1;-1;4;4;0.75;1.17;0.52;1.24;0;0.96
2026-03-15;Strasbourg;Paris FC;FRANCE 1;2025/2026;0;0;0;0;1.42;1.0;1.45;1.06;1.77;4.9;3.9;19.0;60;40;119;88;61;22;12;11;3;2;11;17;1;0;0;0;1;0;12;4;1.92;1.08;1.44;1.08;1;0.96
2026-03-15;Stuttgart;RB Leipzig;GERMANY 1;2025/2026;1;0;0;0;1.45;1.2;1.77;1.6;2.42;2.82;4.1;1000.0;57;43;129;78;47;48;13;9;4;4;3;14;1;2;0;0;0;1;5;6;2.42;1.75;1.88;1.88;1;0.96
2026-03-15;Freiburg;Union Berlin;GERMANY 1;2025/2026;0;1;0;0;1.89;1.08;1.62;1.36;2.2;3.75;3.3;13.0;73;27;115;69;37;32;19;9;6;4;6;19;0;2;0;0;2;4;6;2;2.08;0.92;1.36;1.12;0;-12.0
2026-03-15;Werder Bremen;Mainz;GERMANY 1;2025/2026;0;2;0;1;1.66;1.11;1.7;1.14;2.32;3.2;3.65;15.5;66;34;135;77;59;38;16;11;3;2;7;7;2;1;0;0;2;2;9;4;1.33;0.83;1.0;0.96;0;0.96
2026-03-15;Manchester Utd;Aston Villa;ENGLAND 1;2025/2026;3;1;0;0;1.74;1.08;1.99;1.35;1.78;4.7;4.3;20.0;53;47;106;74;43;52;16;9;6;2;10;5;3;2;0;0;1;1;6;6;2.14;1.57;1.76;1.76;0;0.96
2026-03-15;Lazio;AC Milan;ITALY 1;2025/2026;1;0;1;0;0.82;1.79;1.43;1.28;4.1;2.1;3.4;7.8;41;59;89;119;32;70;7;17;2;3;7;19;4;1;0;0;3;4;1;9;1.57;2.29;1.32;2.14;1;0.96
2026-03-15;Pisa;Cagliari;ITALY 1;2025/2026;3;1;1;0;1.24;1.44;1.16;1.09;2.74;3.1;3.1;9.0;28;72;75;134;25;36;10;14;6;4;14;16;1;3;1;1;1;1;1;5;0.5;1.0;0.54;1.07;0;0.96
2026-03-15;Sassuolo;Bologna;ITALY 1;2025/2026;0;1;0;1;1.19;1.43;1.19;1.21;2.62;2.98;3.4;11.5;54;46;98;96;46;28;9;16;4;3;16;11;1;2;0;0;1;2;7;4;1.43;1.57;1.36;1.39;0;-10.5
2026-03-15;Santos;Corinthians;BRAZIL 1;2026;1;1;1;1;1.2;1.08;1.12;0.44;2.32;3.4;3.15;0.0;44;56;92;77;30;33;11;10;4;3;19;15;4;2;1;0;1;2;4;6;2.0;2.0;1.0;1.4;0;0.96
2026-03-15;Fluminense;Athletico-PR;BRAZIL 1;2026;3;2;2;1;2.66;0.51;1.27;1.3;1.52;4.8;3.9;0.0;79;21;118;47;71;15;23;4;10;2;13;9;2;3;0;1;2;1;7;1;3.0;2.0;2.0;1.75;0;0.96
2026-03-15;Internacional;Bahia;BRAZIL 1;2026;0;1;0;1;1.51;0.65;2.23;1.09;1.99;3.55;3.2;0.0;53;47;117;64;66;18;14;7;2;1;19;20;3;2;0;0;3;3;7;1;0.0;3.0;0.4;2.0;0;1.0
2026-03-15;Cruzeiro;Vasco;BRAZIL 1;2026;0;0;0;0;0.0;0.0;1.49;1.4;1.52;4.1;3.95;0.0;-1;-1;0;0;0;0;-1;-1;-1;-1;-1;-1;-1;-1;-1;-1;-1;-1;-1;-1;0.5;0.0;0.4;0.8;1;0.96
2026-03-15;Coritiba;Remo;BRAZIL 1;2026;0;0;0;0;0.0;0.0;1.08;1.43;1.81;3.8;3.3;0.0;-1;-1;0;0;0;0;-1;-1;-1;-1;-1;-1;-1;-1;-1;-1;-1;-1;-1;-1;0.0;0.5;1.4;0.6;1;0.96
2026-03-15;Palmeiras;Mirassol;BRAZIL 1;2026;0;0;0;0;0.0;0.0;1.77;1.01;1.57;3.95;3.15;0.0;-1;-1;0;0;0;0;-1;-1;-1;-1;-1;-1;-1;-1;-1;-1;-1;-1;-1;-1;3.0;1.0;2.0;1.5;1;0.96
2026-03-16;Cremonese;Fiorentina;ITALY 1;2025/2026;1;4;0;2;1.4;1.43;1.15;1.14;4.3;1.99;3.65;9.0;48;52;118;68;50;26;13;13;3;6;16;14;1;0;0;0;0;2;4;6;0.92;0.79;0.86;0.89;0;0.96
2026-03-16;Rayo Vallecano;Levante;SPAIN 1;2025/2026;1;1;0;1;1.78;1.83;1.71;1.06;1.76;5.4;3.95;17.5;57;43;106;83;59;40;17;19;4;5;10;13;2;5;1;0;1;0;5;6;1.46;0.85;1.15;0.81;0;0.96
