Date;Home;Away;League_FootyStats;Goals_H_FT;Goals_A_FT;xG_H;xG_A;Odd_A_Back;Odd_CS_0x1_Lay;Possession_H;Possession_A;Shots_H;Shots_A;ShotsOnTarget_H;ShotsOnTarget_A;Attacks_H;Attacks_A;DangerousAttacks_H;DangerousAttacks_A
2019-04-28;Palmeiras;Fortaleza;BRAZIL 1;4;0;2.3;1.33;9.6;32.0;52;48;15;8;10;6;106;95;91;55
2019-04-28;Bahia;Corinthians;BRAZIL 1;3;2;1.82;1.0;6.0;20.0;43;57;15;7;7;4;111;127;52;35
2019-05-02;Santos;Fluminense;BRAZIL 1;2;1;2.54;1.28;3.25;9.8;42;58;22;10;11;5;101;111;53;39
2019-05-04;Palmeiras;Internacional;BRAZIL 1;1;0;1.31;1.22;6.0;16.5;34;66;11;8;6;3;96;113;26;68
2019-05-12;Internacional;Cruzeiro;BRAZIL 1;3;1;1.65;1.4;4.8;12.0;53;47;13;11;6;7;118;121;55;27
2019-05-12;Fortaleza;Sao Paulo;BRAZIL 1;0;1;1.2;0.94;2.94;9.6;53;47;9;7;4;3;102;120;48;37
2019-05-18;Palmeiras;Santos;BRAZIL 1;4;0;1.58;1.14;8.8;25.0;33;67;12;10;9;5;42;57;27;22
2019-05-18;Fluminense;Cruzeiro;BRAZIL 1;4;1;2.2;0.84;3.75;9.2;53;47;15;5;12;4;111;92;56;32
2019-05-19;Sao Paulo;Bahia;BRAZIL 1;0;0;1.11;1.31;4.2;12.0;57;43;7;14;4;3;152;107;50;29
2019-05-26;Santos;Internacional;BRAZIL 1;0;0;1.18;1.23;3.3;9.8;62;38;7;13;5;2;121;99;51;37
2019-05-26;Corinthians;Sao Paulo;BRAZIL 1;1;0;1.32;0.93;2.62;7.4;40;60;10;8;6;2;100;126;35;36
2019-05-26;Bahia;Fluminense;BRAZIL 1;3;2;1.13;1.25;6.6;18.0;33;67;7;9;6;5;74;106;36;44
2019-06-02;Sao Paulo;Cruzeiro;BRAZIL 1;1;1;1.23;1.4;5.0;12.5;39;61;8;12;5;5;105;143;50;37
2019-06-08;Cruzeiro;Corinthians;BRAZIL 1;0;0;2.31;0.81;5.4;14.5;46;54;21;3;8;2;94;129;60;64
2019-06-12;Santos;Corinthians;BRAZIL 1;1;0;1.98;0.56;4.1;11.0;52;48;15;2;5;0;140;129;94;57
2019-06-12;Fortaleza;Cruzeiro;BRAZIL 1;2;1;1.22;1.28;4.9;14.0;46;54;7;9;5;5;88;80;59;50
2019-06-12;Internacional;Bahia;BRAZIL 1;3;1;1.97;1.7;5.0;15.0;45;55;15;13;8;3;118;148;64;91
2019-07-13;Bahia;Santos;BRAZIL 1;0;1;0.89;1.91;5.9;18.5;38;62;7;15;3;8;104;133;31;55
2019-07-13;Sao Paulo;Palmeiras;BRAZIL 1;1;1;1.83;1.49;3.3;9.0;45;55;14;11;11;6;110;131;22;50
2019-07-20;Bahia;Cruzeiro;BRAZIL 1;0;0;1.26;1.39;4.3;13.0;57;43;10;11;2;5;132;103;66;47
2019-07-27;Fluminense;Sao Paulo;BRAZIL 1;1;2;1.57;1.31;3.4;8.2;71;29;11;11;5;6;156;65;70;27
2019-07-28;Fortaleza;Corinthians;BRAZIL 1;1;3;1.53;1.55;5.2;14.0;48;52;13;13;4;6;89;107;60;42
2019-08-03;Fluminense;Internacional;BRAZIL 1;2;1;2.09;1.22;2.98;8.6;60;40;16;10;7;5;127;109;82;31
2019-08-04;Corinthians;Palmeiras;BRAZIL 1;1;1;1.56;1.24;2.44;9.4;50;50;9;8;8;7;118;103;58;32
2019-08-10;Sao Paulo;Santos;BRAZIL 1;3;2;2.02;1.37;4.2;11.0;43;57;18;13;8;4;108;99;44;37
2019-08-10;Montpellier;Rennes;FRANCE 1;0;1;2.26;0.9;2.18;11.0;55;45;20;8;6;4;152;83;79;14
2019-08-10;Crystal Palace;Everton;ENGLAND 1;0;0;0.72;1.13;5.2;14.5;35;65;3;7;3;4;101;119;42;55
2019-08-10;Brest;Toulouse;FRANCE 1;1;1;1.71;1.37;3.4;13.5;37;63;15;10;6;4;99;115;47;62
2019-08-11;Palmeiras;Bahia;BRAZIL 1;2;2;1.99;1.0;5.5;18.5;41;59;16;7;10;5;80;105;39;26
2019-08-11;Strasbourg;Metz;FRANCE 1;1;1;1.29;1.06;3.55;14.0;59;41;12;8;3;4;127;95;43;36
2019-08-11;Lille;Nantes;FRANCE 1;2;1;1.32;1.33;6.8;21.0;54;46;11;13;4;4;104;76;46;31
2019-08-11;Internacional;Corinthians;BRAZIL 1;0;0;0.99;0.76;4.3;12.5;55;45;6;6;2;2;151;129;62;30
2019-08-17;Metz;Monaco;FRANCE 1;3;0;2.07;1.33;1.7;9.6;48;52;17;8;11;7;103;136;31;43
2019-08-17;Fortaleza;Internacional;BRAZIL 1;0;1;1.42;0.74;2.98;12.5;54;46;12;6;5;3;104;89;42;19
2019-08-17;Southampton;Liverpool;ENGLAND 1;1;2;1.27;1.69;1.3;12.5;36;64;11;13;4;7;92;106;40;52
2019-08-18;Union Berlin;RB Leipzig;GERMANY 1;0;4;1.06;1.77;2.36;12.5;36;64;9;14;3;9;88;130;38;33
2019-08-18;Rennes;PSG;FRANCE 1;2;1;1.05;1.21;1.76;11.5;38;62;9;10;5;3;43;56;19;52
2019-08-18;Cruzeiro;Santos;BRAZIL 1;2;0;2.22;0.72;7.2;22.0;66;34;17;4;11;3;79;66;53;34
2019-08-18;Eintracht Frankfurt;Hoffenheim;GERMANY 1;1;0;1.8;0.97;4.2;26.0;31;69;13;9;9;2;98;123;48;33
2019-08-18;Reims;Strasbourg;FRANCE 1;0;0;1.05;0.67;2.2;10.0;58;42;9;4;2;2;132;99;44;36
2019-08-23;Aston Villa;Everton;ENGLAND 1;2;0;0.95;1.24;6.0;22.0;35;65;6;9;4;2;97;134;39;72
2019-08-24;Parma;Juventus;ITALY 1;0;1;0.67;1.63;1.8;8.2;38;62;4;12;3;5;79;127;27;71
2019-08-24;Liverpool;Arsenal;ENGLAND 1;3;1;1.98;1.02;3.1;15.5;52;48;12;8;6;4;152;81;110;32
2019-08-24;Brest;Reims;FRANCE 1;1;0;0.89;1.23;5.5;22.0;53;47;6;11;5;3;82;120;21;43
2019-08-24;Fiorentina;Napoli;ITALY 1;3;4;1.62;1.61;3.3;14.5;42;58;12;11;7;8;88;93;51;49
2019-08-24;Hoffenheim;Werder Bremen;GERMANY 1;3;2;1.01;1.49;2.84;20.0;54;46;7;12;4;7;116;116;38;31
2019-08-24;Augsburg;Union Berlin;GERMANY 1;1;1;1.41;0.85;3.75;14.0;54;46;12;7;5;2;86;92;42;36
2019-08-25;Udinese;AC Milan;ITALY 1;1;0;1.65;0.9;2.0;9.8;40;60;13;10;7;0;88;125;47;35
2019-08-25;Santos;Fortaleza;BRAZIL 1;3;3;2.39;1.38;5.7;19.0;58;42;19;11;12;7;130;77;47;27
2019-08-25;PSG;Toulouse;FRANCE 1;4;0;3.15;0.44;7.8;40.0;73;27;24;5;12;0;156;46;111;17
2019-08-25;RB Leipzig;Eintracht Frankfurt;GERMANY 1;2;1;1.38;1.51;3.2;20.0;43;57;11;12;6;6;88;130;36;44
2019-08-25;Strasbourg;Rennes;FRANCE 1;0;2;1.75;0.84;2.32;980.0;53;47;18;7;3;4;127;84;55;15
2019-08-30;Metz;PSG;FRANCE 1;0;2;1.01;1.62;1.67;15.0;36;64;8;12;3;6;94;136;40;59
2019-08-31;Crystal Palace;Aston Villa;ENGLAND 1;1;0;2.48;1.19;3.9;29.0;52;48;24;11;7;3;92;97;68;38
2019-08-31;Bayer Leverkusen;Hoffenheim;GERMANY 1;0;0;2.03;0.86;13.5;70.0;75;25;20;9;2;2;159;67;86;20
2019-08-31;Juventus;Napoli;ITALY 1;4;3;1.52;1.94;3.6;11.5;44;56;12;17;7;8;98;108;37;42
2019-08-31;Nantes;Montpellier;FRANCE 1;1;0;1.75;1.11;7.2;22.0;47;53;14;10;7;3;108;128;51;34
2019-08-31;Burnley;Liverpool;ENGLAND 1;0;3;0.99;1.8;1.37;11.0;36;64;8;15;3;7;86;129;37;49
2019-09-01;Villarreal;Real Madrid;SPAIN 1;2;2;0.99;1.96;2.14;19.0;43;57;8;17;4;6;103;127;26;64
2019-09-01;Atalanta;Torino;ITALY 1;2;3;2.82;1.75;2.18;11.0;58;42;27;15;10;7;97;106;60;43
2019-09-01;Genoa;Fiorentina;ITALY 1;2;1;2.33;2.29;1.74;7.6;49;51;22;21;9;8;83;122;45;56
2019-09-01;Udinese;Parma;ITALY 1;1;3;2.63;0.98;4.9;17.5;51;49;23;8;11;4;115;118;57;24
2019-09-01;Rennes;Nice;FRANCE 1;1;2;1.46;1.21;2.02;13.0;50;50;14;10;4;5;90;92;41;31
2019-09-01;Reims;Lille;FRANCE 1;2;0;1.52;1.27;2.62;11.0;39;61;13;12;5;3;86;112;49;41
2019-09-01;Strasbourg;Monaco;FRANCE 1;2;2;1.86;1.81;2.12;14.0;56;44;16;17;7;7;132;102;49;33
2019-09-01;Werder Bremen;Augsburg;GERMANY 1;3;2;1.9;1.59;4.4;17.5;66;34;16;14;6;7;141;88;64;30
2019-09-07;Fortaleza;Fluminense;BRAZIL 1;0;1;2.22;1.8;5.3;16.0;48;52;18;14;10;8;94;107;54;48
2019-09-07;Internacional;Sao Paulo;BRAZIL 1;1;0;1.8;1.26;2.92;7.4;55;45;16;10;6;4;113;140;51;45
2019-09-10;Palmeiras;Fluminense;BRAZIL 1;3;0;2.35;1.57;7.2;25.0;43;57;21;15;9;3;103;99;55;57
2019-09-14;PSG;Strasbourg;FRANCE 1;1;0;2.21;0.91;13.5;65.0;60;40;17;7;8;4;161;80;78;25
2019-09-14;Palmeiras;Cruzeiro;BRAZIL 1;1;0;2.05;0.98;5.4;17.0;55;45;17;9;7;3;137;85;67;27
2019-09-14;Brest;Rennes;FRANCE 1;0;0;1.22;1.34;2.64;11.0;48;52;11;12;3;4;77;120;44;40
2019-09-14;Montpellier;Nice;FRANCE 1;2;1;1.97;1.47;2.42;12.5;46;54;17;14;8;5;88;128;47;30
2019-09-14;Benfica;Gil Vicente;PORTUGAL 1;2;0;1.54;0.69;13.0;36.0;64;36;13;8;4;0;157;94;58;24
2019-09-14;Fiorentina;Juventus;ITALY 1;0;0;2.25;1.22;2.46;8.4;46;54;20;10;9;5;101;100;50;31
2019-09-14;Augsburg;Eintracht Frankfurt;GERMANY 1;2;1;1.1;2.31;2.92;13.0;30;70;8;23;6;4;81;143;23;80
2019-09-14;Union Berlin;Werder Bremen;GERMANY 1;1;2;1.84;1.68;2.52;12.5;46;54;15;16;8;6;110;111;45;33
2019-09-15;Bahia;Fortaleza;BRAZIL 1;1;1;1.23;1.01;6.6;26.0;55;45;11;10;4;3;110;98;34;21
2019-09-15;Fluminense;Corinthians;BRAZIL 1;1;0;1.41;1.73;4.2;11.0;45;55;14;15;4;5;91;109;34;59
2019-09-15;Parma;Cagliari;ITALY 1;1;3;2.27;1.04;3.7;16.0;55;45;22;9;7;4;95;82;56;26
2019-09-15;Genoa;Atalanta;ITALY 1;1;2;1.71;2.12;1.81;9.8;51;49;17;19;4;7;91;91;50;61
2019-09-15;Nantes;Reims;FRANCE 1;1;0;1.32;1.0;3.2;12.5;53;47;11;9;5;2;122;111;36;38
2019-09-15;Hoffenheim;Freiburg;GERMANY 1;0;3;2.42;1.65;2.62;14.5;67;33;25;15;6;7;118;88;59;29
2019-09-16;Torino;Lecce;ITALY 1;1;2;1.78;1.83;5.4;14.5;59;41;17;19;4;4;130;75;58;50
2019-09-20;Strasbourg;Nantes;FRANCE 1;2;1;1.89;1.37;4.6;17.0;63;37;18;12;6;5;136;95;45;36
2019-09-20;Cagliari;Genoa;ITALY 1;3;1;1.65;1.35;3.45;10.5;43;57;16;12;5;3;103;112;40;52
2019-09-21;Freiburg;Augsburg;GERMANY 1;1;1;1.99;1.31;5.3;21.0;61;39;18;13;6;3;107;80;60;39
2019-09-21;Bayer Leverkusen;Union Berlin;GERMANY 1;2;0;2.39;0.85;11.0;40.0;67;33;24;7;8;3;151;89;42;26
2019-09-21;Werder Bremen;RB Leipzig;GERMANY 1;0;3;1.17;1.76;3.15;22.0;46;54;10;14;3;7;118;116;44;53
2019-09-21;Corinthians;Bahia;BRAZIL 1;2;1;1.82;1.06;5.6;21.0;48;52;17;9;5;4;88;90;56;28
2019-09-21;Reims;Monaco;FRANCE 1;0;0;1.73;1.49;2.12;11.5;50;50;18;13;5;5;77;89;34;44
2019-09-22;Chelsea;Liverpool;ENGLAND 1;1;2;1.57;1.04;3.35;19.5;55;45;14;7;3;4;110;112;66;42
2019-09-22;Rennes;Lille;FRANCE 1;1;1;1.46;1.77;2.84;10.0;47;53;12;16;5;7;104;120;48;36
2019-09-22;Arsenal;Aston Villa;ENGLAND 1;3;2;2.44;1.94;11.0;40.0;58;42;22;15;8;10;106;72;69;41
2019-09-22;Atalanta;Fiorentina;ITALY 1;2;2;2.16;1.02;6.6;28.0;63;37;20;9;4;4;135;84;85;23
2019-09-22;Lecce;Napoli;ITALY 1;1;4;1.03;2.35;1.57;6.8;37;63;10;20;2;10;63;140;36;52
2019-09-22;Lazio;Parma;ITALY 1;2;0;2.72;0.82;9.2;28.0;62;38;26;8;10;2;141;87;52;22
2019-09-22;Fortaleza;Palmeiras;BRAZIL 1;0;1;1.36;1.49;2.18;7.6;43;57;13;14;3;4;107;115;45;44
2019-09-23;Wolfsburg;Hoffenheim;GERMANY 1;1;1;1.7;1.44;2.96;19.0;52;48;14;12;6;6;151;107;53;35
2019-09-24;Monaco;Nice;FRANCE 1;3;1;1.68;1.45;4.4;23.0;44;56;17;12;5;5;94;93;36;47
2019-09-25;PSG;Reims;FRANCE 1;0;2;1.96;1.49;15.0;60.0;65;35;15;15;6;4;152;68;81;37
2019-09-25;Genoa;Bologna;ITALY 1;0;0;1.12;1.61;2.32;8.8;41;59;8;17;3;2;100;105;55;55
2019-09-25;Napoli;Cagliari;ITALY 1;0;1;2.86;0.68;20.0;60.0;67;33;30;6;6;2;163;79;76;21
2019-09-25;Nantes;Rennes;FRANCE 1;1;0;1.12;0.8;2.5;9.8;48;52;10;7;3;2;111;105;36;28
2019-09-25;Lille;Strasbourg;FRANCE 1;2;0;1.51;0.51;6.4;22.0;64;36;12;5;6;0;145;95;43;25
2019-09-26;Fluminense;Santos;BRAZIL 1;1;1;1.58;2.29;4.7;12.5;45;55;14;22;4;8;121;113;56;48
2019-09-26;Torino;AC Milan;ITALY 1;2;1;1.18;1.9;2.98;10.5;45;55;8;18;4;5;99;104;53;57
2019-09-27;Union Berlin;Eintracht Frankfurt;GERMANY 1;1;2;1.55;1.92;2.86;12.0;53;47;12;17;6;6;128;142;50;58
2019-09-28;Augsburg;Bayer Leverkusen;GERMANY 1;0;3;0.81;1.57;1.65;9.2;25;75;8;13;2;6;77;132;21;43
2019-09-28;Everton;Manchester City;ENGLAND 1;1;3;1.48;2.57;2.02;10.5;37;63;11;22;7;11;72;123;41;57
2019-09-28;Sassuolo;Atalanta;ITALY 1;1;4;1.74;1.74;2.02;9.8;50;50;14;14;8;8;120;93;40;40
2019-09-28;Metz;Toulouse;FRANCE 1;2;2;1.66;1.92;2.02;8.0;47;53;16;15;5;8;124;104;40;57
2019-09-28;Monaco;Brest;FRANCE 1;4;1;3.0;0.75;6.8;24.0;52;48;24;6;14;2;127;98;70;30
2019-09-28;Nice;Lille;FRANCE 1;1;1;1.55;1.92;3.15;11.5;56;44;13;15;6;9;115;97;42;47
2019-09-28;Aston Villa;Burnley;ENGLAND 1;2;2;1.66;1.07;6.2;19.5;60;40;16;9;4;4;102;86;51;29
2019-09-29;Santa Clara;Gil Vicente;PORTUGAL 1;1;0;1.52;1.11;4.2;11.0;62;38;12;8;6;6;102;54;46;25
2019-09-29;AC Milan;Fiorentina;ITALY 1;1;3;1.25;1.96;4.1;17.5;55;45;10;17;4;8;143;95;44;46
2019-09-29;Internacional;Palmeiras;BRAZIL 1;1;1;2.14;1.48;3.35;9.4;56;44;20;13;7;6;116;102;54;32
2019-09-29;Udinese;Bologna;ITALY 1;1;0;1.39;1.52;1.88;6.8;38;62;12;14;5;4;102;124;38;48
2019-09-29;Lazio;Genoa;ITALY 1;4;0;2.03;1.69;7.4;23.0;54;46;15;13;11;7;93;92;43;53
2019-09-29;Strasbourg;Montpellier;FRANCE 1;1;0;1.19;1.38;4.4;19.0;51;49;10;13;4;4;110;123;37;37
2019-09-30;Parma;Torino;ITALY 1;3;2;2.2;1.41;2.56;9.4;50;50;22;10;6;7;88;118;55;38
2019-10-05;Sao Paulo;Fortaleza;BRAZIL 1;2;1;2.08;0.73;5.6;14.0;61;39;19;5;8;3;106;71;45;27
2019-10-05;Cruzeiro;Internacional;BRAZIL 1;1;1;2.0;1.39;3.6;10.5;52;48;16;14;7;3;149;97;67;40
2019-10-05;Brest;Metz;FRANCE 1;2;0;0.91;1.47;8.4;21.0;33;67;8;12;4;5;52;119;17;48
2019-10-05;Nantes;Nice;FRANCE 1;1;0;1.64;0.81;2.66;9.4;45;55;12;7;7;3;95;79;54;20
2019-10-05;Montpellier;Monaco;FRANCE 1;3;1;1.94;1.36;1.82;24.0;38;62;15;12;10;5;63;95;41;34
2019-10-05;Genoa;AC Milan;ITALY 1;1;2;1.72;1.45;1.8;9.2;50;50;15;10;7;8;69;82;40;35
2019-10-05;Bayer Leverkusen;RB Leipzig;GERMANY 1;1;1;1.77;1.96;4.6;27.0;64;36;12;16;8;10;153;110;60;34
2019-10-05;Burnley;Everton;ENGLAND 1;1;0;1.13;1.14;2.24;7.8;40;60;9;9;3;3;97;117;48;48
2019-10-06;Southampton;Chelsea;ENGLAND 1;1;4;1.09;1.65;1.34;15.5;43;57;10;14;3;8;39;42;36;30
2019-10-06;Bologna;Lazio;ITALY 1;2;2;1.71;1.21;3.45;11.5;52;48;15;11;8;5;73;70;28;22
2019-10-06;Atalanta;Lecce;ITALY 1;3;1;3.22;0.77;13.0;40.0;57;43;26;6;18;3;85;43;46;25
2019-10-06;Wolfsburg;Union Berlin;GERMANY 1;1;0;0.95;1.01;3.4;12.0;51;49;9;9;4;4;44;66;14;22
2019-10-06;Rennes;Reims;FRANCE 1;0;1;2.0;1.85;3.8;14.0;63;37;16;14;5;9;129;83;88;47
2019-10-06;Fiorentina;Udinese;ITALY 1;1;0;1.8;1.03;6.4;23.0;50;50;17;9;5;2;122;101;51;43
2019-10-06;Torino;Napoli;ITALY 1;0;0;1.6;1.98;1.83;6.8;39;61;13;17;5;4;93;94;60;88
2019-10-06;Eintracht Frankfurt;Werder Bremen;GERMANY 1;2;2;2.52;1.35;4.5;18.5;62;38;25;10;9;7;74;55;45;32
2019-10-09;Cruzeiro;Fluminense;BRAZIL 1;0;0;2.29;0.85;4.8;14.0;50;50;18;10;9;0;142;93;71;29
2019-10-09;Bahia;Sao Paulo;BRAZIL 1;0;0;1.49;1.16;5.0;13.0;40;60;13;11;6;3;100;103;34;34
2019-10-12;Fluminense;Bahia;BRAZIL 1;2;0;0.0;0.0;4.0;12.5;49;51;14;15;6;5;0;0;0;0
2019-10-13;Sao Paulo;Corinthians;BRAZIL 1;1;0;1.68;0.66;3.45;8.8;54;46;18;4;4;3;123;98;36;25
2019-10-13;Internacional;Santos;BRAZIL 1;0;0;1.44;1.52;3.9;13.0;46;54;14;14;2;5;103;106;57;39
2019-10-16;Cruzeiro;Sao Paulo;BRAZIL 1;1;0;1.32;1.12;4.9;12.0;46;54;12;10;3;3;134;98;46;37
2019-10-18;Nice;PSG;FRANCE 1;1;4;1.11;2.81;3.0;17.0;39;61;11;26;3;11;62;112;28;56
2019-10-18;Eintracht Frankfurt;Bayer Leverkusen;GERMANY 1;3;0;1.45;2.52;2.24;11.5;34;66;10;22;6;11;115;136;54;50
2019-10-19;Crystal Palace;Manchester City;ENGLAND 1;0;2;0.93;2.56;1.32;8.2;28;72;8;20;3;9;90;140;28;93
2019-10-19;Toulouse;Lille;FRANCE 1;2;1;1.92;1.25;2.62;10.0;40;60;18;11;7;3;90;112;41;46
2019-10-19;Corinthians;Cruzeiro;BRAZIL 1;1;2;1.57;1.58;9.4;26.0;54;46;13;15;5;6;110;99;54;28
2019-10-19;Juventus;Bologna;ITALY 1;2;1;2.93;1.13;6.4;16.0;64;36;25;10;12;3;124;68;72;40
2019-10-19;Reims;Montpellier;FRANCE 1;1;0;1.72;1.33;3.8;17.5;42;58;15;11;6;3;89;124;49;57
2019-10-19;Lazio;Atalanta;ITALY 1;3;3;1.9;2.57;2.5;12.5;50;50;18;25;6;10;131;126;46;41
2019-10-19;RB Leipzig;Wolfsburg;GERMANY 1;1;1;1.79;1.68;9.2;40.0;56;44;16;14;6;7;129;128;49;40
2019-10-19;Union Berlin;Freiburg;GERMANY 1;2;0;1.87;1.55;3.5;14.0;39;61;18;15;6;5;132;97;42;34
2019-10-20;Parma;Genoa;ITALY 1;5;1;2.24;2.39;4.7;17.5;37;63;23;22;8;7;91;118;33;71
2019-10-20;AC Milan;Lecce;ITALY 1;2;2;2.58;1.58;9.6;30.0;64;36;24;14;8;7;152;70;69;29
2019-10-20;Udinese;Torino;ITALY 1;1;0;1.78;1.37;2.92;8.6;38;62;18;12;5;4;88;135;41;44
2019-10-20;Monaco;Rennes;FRANCE 1;3;2;2.36;1.08;4.3;23.0;63;37;19;10;10;4;137;78;63;23
2019-10-25;Nantes;Monaco;FRANCE 1;0;1;1.93;1.11;1.84;9.0;58;42;17;9;6;4;155;109;58;34
2019-10-26;Lecce;Juventus;ITALY 1;1;1;1.43;2.5;1.75;5.8;29;71;12;25;6;5;57;144;35;80
2019-10-26;Freiburg;RB Leipzig;GERMANY 1;2;1;1.39;2.24;1.72;13.0;39;61;13;22;4;6;89;132;39;60
2019-10-26;Manchester City;Aston Villa;ENGLAND 1;3;0;3.13;1.29;11.5;50.0;63;37;26;11;10;5;118;75;112;34
2019-10-26;Bayer Leverkusen;Werder Bremen;GERMANY 1;2;2;2.35;1.2;16.5;60.0;62;38;22;12;5;4;153;62;85;22
2019-10-26;Burnley;Chelsea;ENGLAND 1;2;4;1.79;1.97;1.53;8.2;36;64;15;17;7;8;121;117;47;46
2019-10-26;Strasbourg;Nice;FRANCE 1;1;0;2.4;1.2;2.46;9.4;51;49;22;9;8;5;131;78;63;38
2019-10-26;Cruzeiro;Fortaleza;BRAZIL 1;1;1;2.13;0.77;6.8;23.0;67;33;18;7;6;2;146;82;78;25
2019-10-26;Bahia;Internacional;BRAZIL 1;2;3;1.99;2.0;3.95;12.5;55;45;17;20;6;7;125;107;68;34
2019-10-26;Corinthians;Santos;BRAZIL 1;0;0;1.66;1.78;5.1;14.5;36;64;15;18;6;3;119;100;39;60
2019-10-27;Atalanta;Udinese;ITALY 1;7;1;3.36;0.99;9.2;34.0;62;38;27;9;17;4;122;62;65;19
2019-10-27;Torino;Cagliari;ITALY 1;1;1;1.69;1.54;3.95;12.0;49;51;14;12;6;6;106;93;53;50
2019-10-27;Wolfsburg;Augsburg;GERMANY 1;0;0;1.67;1.37;3.85;19.5;56;44;16;10;4;6;118;95;52;43
2019-10-27;Rennes;Toulouse;FRANCE 1;3;2;1.49;1.79;4.6;17.0;52;48;14;16;5;6;105;104;34;49
2019-10-27;Arsenal;Crystal Palace;ENGLAND 1;2;2;1.82;1.44;10.0;28.0;56;44;15;11;6;5;104;108;62;54
2019-10-27;Fiorentina;Lazio;ITALY 1;1;2;1.38;1.73;3.4;12.0;47;53;12;13;4;8;123;135;46;46
2019-10-30;Napoli;Atalanta;ITALY 1;2;2;2.38;1.94;3.6;15.0;50;50;20;18;10;7;147;89;57;44
2019-10-30;Palmeiras;Sao Paulo;BRAZIL 1;3;0;2.36;1.74;5.9;15.0;31;69;22;15;10;6;98;113;38;51
2019-10-30;Lazio;Torino;ITALY 1;4;0;2.24;0.95;5.1;15.0;53;47;20;9;9;3;114;97;48;22
2019-10-30;Juventus;Genoa;ITALY 1;2;1;3.37;0.99;8.8;21.0;53;47;29;9;14;4;140;52;79;20
2019-10-30;Cagliari;Bologna;ITALY 1;3;2;1.75;1.42;2.62;9.2;47;53;15;12;6;5;119;103;52;42
2019-10-30;Sassuolo;Fiorentina;ITALY 1;1;2;1.33;1.79;2.54;9.6;54;46;9;14;6;7;97;110;46;57
2019-10-31;Santos;Bahia;BRAZIL 1;1;0;1.97;0.56;3.95;15.0;61;39;19;4;5;2;110;94;59;21
2019-11-02;Aston Villa;Liverpool;ENGLAND 1;1;2;0.86;2.64;1.8;19.5;26;74;6;24;3;8;69;146;37;79
2019-11-02;Manchester City;Southampton;ENGLAND 1;2;1;3.25;0.53;26.0;110.0;75;25;27;3;5;3;155;62;169;17
2019-11-02;Torino;Juventus;ITALY 1;0;1;1.47;2.53;2.26;6.8;40;60;12;23;5;11;93;99;50;43
2019-11-02;Werder Bremen;Freiburg;GERMANY 1;2;2;2.54;1.34;2.64;14.5;46;54;22;12;12;4;107;117;44;40
2019-11-03;Nice;Reims;FRANCE 1;2;0;1.86;1.5;8.6;36.0;60;40;15;15;7;4;115;76;58;38
2019-11-03;AC Milan;Lazio;ITALY 1;1;2;1.64;1.69;3.85;16.0;46;54;15;12;5;8;107;104;47;50
2019-11-03;Cruzeiro;Bahia;BRAZIL 1;1;1;2.12;1.59;3.35;11.0;63;37;19;15;7;4;118;92;60;50
2019-11-03;Fiorentina;Parma;ITALY 1;1;1;2.12;1.07;5.4;18.5;61;39;20;9;5;4;130;87;70;30
2019-11-03;Atalanta;Cagliari;ITALY 1;0;2;1.93;1.74;8.0;32.0;57;43;19;16;3;7;127;78;72;34
2019-11-03;Genoa;Udinese;ITALY 1;1;3;1.72;2.03;3.45;9.0;62;38;16;19;3;7;126;93;68;48
2019-11-03;Lecce;Sassuolo;ITALY 1;2;2;1.53;1.5;2.76;9.2;38;62;12;13;6;3;76;120;49;64
2019-11-06;Corinthians;Fortaleza;BRAZIL 1;3;2;1.86;1.99;4.4;12.0;58;42;16;15;8;11;126;77;38;38
2019-11-07;Sao Paulo;Fluminense;BRAZIL 1;0;2;2.19;1.14;5.6;15.5;56;44;22;8;4;6;149;84;72;28
2019-11-08;Sassuolo;Bologna;ITALY 1;3;1;2.33;1.87;2.98;11.5;49;51;21;15;10;8;123;98;42;50
2019-11-09;Brest;PSG;FRANCE 1;1;2;1.92;2.24;1.5;11.5;39;61;17;18;7;9;79;129;50;65
2019-11-09;Napoli;Genoa;ITALY 1;0;0;2.65;1.3;13.0;30.0;42;58;24;14;9;2;128;68;70;39
2019-11-09;Palmeiras;Corinthians;BRAZIL 1;1;1;2.49;1.03;7.8;22.0;47;53;24;9;6;4;122;90;78;24
2019-11-09;Lille;Metz;FRANCE 1;0;0;1.91;0.58;10.5;34.0;69;31;16;5;6;2;169;74;64;16
2019-11-09;Santa Clara;Benfica;PORTUGAL 1;1;2;1.18;1.74;1.67;6.2;31;69;11;12;4;7;75;166;28;65
2019-11-09;Chelsea;Crystal Palace;ENGLAND 1;2;0;2.39;0.68;5.6;28.0;60;40;24;4;6;2;147;99;63;37
2019-11-09;Southampton;Everton;ENGLAND 1;1;2;0.83;2.74;2.74;12.5;47;53;5;26;4;9;99;124;30;66
2019-11-10;Cagliari;Fiorentina;ITALY 1;5;2;2.03;2.17;1.8;11.0;48;52;17;18;10;9;94;116;35;55
2019-11-10;Lazio;Lecce;ITALY 1;4;2;2.75;2.2;9.2;34.0;56;44;25;19;8;10;120;75;86;43
2019-11-10;Montpellier;Toulouse;FRANCE 1;3;0;1.21;0.77;2.3;12.5;44;56;10;6;4;2;146;121;38;32
2019-11-10;Wolfsburg;Bayer Leverkusen;GERMANY 1;0;2;1.32;1.3;1.85;12.5;46;54;12;11;2;6;140;115;56;23
2019-11-10;Internacional;Fluminense;BRAZIL 1;2;1;1.57;2.05;7.8;20.0;39;61;14;19;5;7;81;137;47;48
2019-11-10;Juventus;AC Milan;ITALY 1;1;0;1.75;1.83;4.0;13.5;53;47;15;15;6;8;161;94;50;45
2019-11-10;Freiburg;Eintracht Frankfurt;GERMANY 1;1;0;1.84;1.86;3.1;16.5;51;49;15;17;8;7;121;113;45;40
2019-11-10;Liverpool;Manchester City;ENGLAND 1;3;1;1.58;2.06;3.65;20.0;45;55;13;19;6;4;81;112;47;81
2019-11-16;Santos;Sao Paulo;BRAZIL 1;1;1;1.72;1.76;3.45;9.2;41;59;17;16;5;6;95;98;41;45
2019-11-17;Bahia;Palmeiras;BRAZIL 1;1;1;1.71;2.29;2.28;11.0;45;55;16;22;6;6;90;116;39;68
2019-11-17;Corinthians;Internacional;BRAZIL 1;0;0;1.75;1.44;3.3;11.0;49;51;16;14;5;3;115;118;53;47
2019-11-22;PSG;Lille;FRANCE 1;2;0;1.51;1.93;9.0;34.0;58;42;13;14;5;9;121;119;46;57
2019-11-23;Atalanta;Juventus;ITALY 1;1;3;2.35;1.72;3.95;13.5;47;53;21;17;8;6;133;108;64;30
2019-11-23;Eintracht Frankfurt;Wolfsburg;GERMANY 1;0;2;2.4;1.29;3.8;23.0;69;31;18;10;10;7;141;77;77;22
2019-11-23;Bayer Leverkusen;Freiburg;GERMANY 1;1;1;2.89;1.16;9.2;34.0;71;29;26;11;9;4;133;95;87;24
2019-11-23;Brest;Nantes;FRANCE 1;1;1;1.71;1.47;6.0;17.5;63;37;15;13;5;5;116;111;56;40
2019-11-23;Metz;Reims;FRANCE 1;1;1;1.11;1.94;3.55;13.0;47;53;9;17;4;6;98;114;34;61
2019-11-23;Real Madrid;Real Sociedad;SPAIN 1;3;1;2.52;1.9;7.6;40.0;53;47;19;16;10;9;106;107;87;35
2019-11-23;Santos;Cruzeiro;BRAZIL 1;4;1;2.92;1.18;10.0;27.0;56;44;27;11;12;3;109;99;53;37
2019-11-23;AC Milan;Napoli;ITALY 1;1;1;1.57;1.52;3.0;13.0;46;54;14;12;5;6;92;126;47;46
2019-11-23;Manchester City;Chelsea;ENGLAND 1;2;1;1.79;1.27;3.35;26.0;46;54;16;12;5;3;119;101;59;41
2019-11-23;Crystal Palace;Liverpool;ENGLAND 1;1;2;1.81;1.32;1.56;11.0;40;60;17;10;6;4;76;125;45;54
2019-11-23;Arsenal;Southampton;ENGLAND 1;2;2;1.51;2.28;25.0;95.0;61;39;11;23;6;7;108;93;53;48
2019-11-24;Sassuolo;Lazio;ITALY 1;1;2;1.39;2.21;2.14;10.0;54;46;13;18;3;8;95;116;50;71
2019-11-24;Bologna;Parma;ITALY 1;2;2;2.4;1.69;4.5;16.5;65;35;19;16;8;6;121;76;90;37
2019-11-24;Internacional;Fortaleza;BRAZIL 1;2;2;2.61;1.12;4.4;12.0;59;41;23;9;9;4;126;87;74;37
2019-11-25;Lecce;Cagliari;ITALY 1;2;2;2.82;0.91;3.5;11.0;57;43;28;8;8;3;124;89;69;25
2019-11-28;Fortaleza;Santos;BRAZIL 1;2;1;1.34;1.81;3.75;11.0;36;64;13;16;4;6;72;105;33;53
2019-11-28;Fluminense;Palmeiras;BRAZIL 1;1;0;1.5;1.22;2.82;7.4;45;55;13;11;5;3;83;129;45;42
2019-11-30;Genoa;Torino;ITALY 1;0;1;1.4;1.43;3.35;9.8;62;38;14;13;2;4;113;105;51;45
2019-11-30;Fiorentina;Lecce;ITALY 1;0;1;2.6;1.11;5.8;15.0;62;38;20;8;8;6;159;87;107;24
2019-11-30;Burnley;Crystal Palace;ENGLAND 1;0;2;1.91;1.05;1.79;8.0;43;57;18;8;6;4;113;114;48;34
2019-12-01;Napoli;Bologna;ITALY 1;1;2;2.8;1.44;4.0;15.0;61;39;29;12;6;7;158;82;76;26
2019-12-01;Wolfsburg;Werder Bremen;GERMANY 1;2;3;2.3;1.15;3.7;19.5;60;40;21;10;8;4;140;99;56;32
2019-12-01;Gil Vicente;Sporting CP;PORTUGAL 1;3;1;0.93;1.42;1.28;9.0;23;77;8;11;5;3;58;163;10;68
2019-12-01;Nantes;Toulouse;FRANCE 1;2;1;2.35;1.14;2.64;11.0;62;38;21;9;7;5;142;94;74;29
2019-12-01;Parma;AC Milan;ITALY 1;0;1;0.57;2.93;1.72;10.5;33;67;6;29;0;8;62;152;26;75
2019-12-01;Lazio;Udinese;ITALY 1;3;0;2.34;0.9;5.6;19.0;51;49;23;10;7;0;120;108;55;36
2019-12-03;Brest;Strasbourg;FRANCE 1;5;0;1.54;1.47;3.7;14.0;49;51;12;11;9;4;85;141;20;66
2019-12-04;Metz;Rennes;FRANCE 1;0;1;2.04;1.42;2.1;9.2;54;46;21;14;5;3;141;98;49;45
2019-12-04;PSG;Nantes;FRANCE 1;2;0;1.59;1.51;16.0;60.0;62;38;11;13;7;5;161;93;53;46
2019-12-04;Liverpool;Everton;ENGLAND 1;5;2;1.54;1.49;8.0;24.0;58;42;12;13;6;5;98;99;49;44
2019-12-04;Fluminense;Fortaleza;BRAZIL 1;0;0;1.64;1.38;5.5;16.0;58;42;14;14;4;5;129;89;65;20
2019-12-04;Sao Paulo;Internacional;BRAZIL 1;2;1;2.23;1.49;3.05;8.6;42;58;21;14;9;4;104;127;38;44
2019-12-04;Chelsea;Aston Villa;ENGLAND 1;2;1;3.09;1.51;4.9;26.0;64;36;28;12;12;7;137;115;68;35
2019-12-04;Toulouse;Monaco;FRANCE 1;1;2;1.66;2.44;2.18;12.0;44;56;16;22;5;8;119;120;40;68
2019-12-06;Lille;Brest;FRANCE 1;1;0;2.2;0.91;6.0;18.0;55;45;12;6;9;2;128;81;113;54
2019-12-07;Montpellier;PSG;FRANCE 1;1;3;0.91;1.71;1.57;12.5;32;68;7;15;2;6;77;112;44;47
2019-12-07;Udinese;Napoli;ITALY 1;1;1;0.69;2.1;2.0;10.5;30;70;6;19;2;4;70;158;22;85
2019-12-07;Lazio;Juventus;ITALY 1;3;1;1.74;1.34;2.56;8.4;39;61;15;10;6;5;63;137;53;47
2019-12-07;Strasbourg;Toulouse;FRANCE 1;4;2;1.82;2.03;3.1;11.5;54;46;17;15;6;10;111;105;45;53
2019-12-07;Everton;Chelsea;ENGLAND 1;3;1;1.71;1.69;1.7;11.0;30;70;14;15;8;4;98;140;36;63
2019-12-07;Freiburg;Wolfsburg;GERMANY 1;1;0;1.44;1.07;3.15;14.0;49;51;12;11;5;0;92;111;46;51
2019-12-07;RB Leipzig;Hoffenheim;GERMANY 1;3;1;2.77;1.19;6.0;29.0;41;59;24;11;13;2;127;118;48;47
2019-12-08;Fortaleza;Bahia;BRAZIL 1;2;1;1.15;1.55;2.94;10.0;56;44;9;14;4;5;97;91;41;43
2019-12-08;Cruzeiro;Palmeiras;BRAZIL 1;0;2;1.32;1.22;2.56;7.8;56;44;10;9;4;5;131;100;55;40
2019-12-08;Lecce;Genoa;ITALY 1;2;2;2.3;1.67;3.05;9.4;52;48;23;15;6;5;120;100;59;51
2019-12-08;Corinthians;Fluminense;BRAZIL 1;1;2;2.47;1.37;3.75;11.5;59;41;22;12;9;5;134;74;62;36
2019-12-08;Bologna;AC Milan;ITALY 1;2;3;1.55;1.61;2.82;10.5;49;51;12;12;5;7;124;122;60;48
2019-12-08;Sassuolo;Cagliari;ITALY 1;2;2;1.76;1.21;3.15;14.5;56;44;17;11;4;4;129;85;55;32
2019-12-08;Torino;Fiorentina;ITALY 1;2;1;1.44;2.02;2.36;9.6;40;60;12;18;5;5;107;133;45;74
2019-12-13;Hoffenheim;Augsburg;GERMANY 1;2;4;2.13;0.96;3.05;22.0;76;24;19;7;6;5;148;58;69;22
2019-12-13;Lille;Montpellier;FRANCE 1;2;1;1.87;1.16;9.4;32.0;49;51;14;8;9;4;133;99;48;50
2019-12-14;Toulouse;Reims;FRANCE 1;0;1;1.59;1.41;3.9;16.0;52;48;11;12;6;5;138;91;64;41
2019-12-14;Brest;Nice;FRANCE 1;0;0;2.11;1.76;2.98;10.5;61;39;18;16;6;8;133;74;77;27
2019-12-14;Napoli;Parma;ITALY 1;1;2;3.73;1.2;7.8;30.0;72;28;35;9;11;6;172;67;105;29
2019-12-15;Bologna;Atalanta;ITALY 1;2;1;1.55;2.13;2.56;10.0;40;60;15;21;5;6;109;135;34;53
2019-12-15;Arsenal;Manchester City;ENGLAND 1;0;3;1.07;1.87;4.1;17.5;42;58;8;15;3;8;101;139;47;48
2019-12-15;AC Milan;Sassuolo;ITALY 1;0;0;2.9;1.97;8.8;26.0;49;51;27;17;11;7;110;105;60;56
2019-12-15;Juventus;Udinese;ITALY 1;3;1;2.82;1.89;10.0;28.0;65;35;26;17;10;7;138;79;66;46
2019-12-16;Cagliari;Lazio;ITALY 1;1;2;1.6;2.26;2.0;9.6;39;61;16;18;5;7;81;134;33;87
2019-12-16;Santa Clara;Sporting CP;PORTUGAL 1;0;4;1.53;2.28;1.6;0.0;35;65;17;21;4;8;79;122;24;55
2019-12-17;Union Berlin;Hoffenheim;GERMANY 1;0;2;1.96;1.12;3.85;17.5;49;51;19;8;5;5;139;89;56;36
2019-12-21;Monaco;Lille;FRANCE 1;5;1;1.82;1.4;3.05;15.0;39;61;16;11;6;5;84;123;54;47
2019-12-21;Nice;Toulouse;FRANCE 1;3;0;1.75;0.94;4.6;15.5;60;40;16;10;6;0;105;108;44;41
2019-12-21;Montpellier;Brest;FRANCE 1;4;0;1.89;2.0;2.2;11.5;41;59;18;17;7;6;80;154;37;69
2019-12-21;Everton;Arsenal;ENGLAND 1;0;0;1.08;0.96;2.02;7.2;43;57;10;7;0;3;107;103;61;41
2019-12-21;Aston Villa;Southampton;ENGLAND 1;1;3;2.26;1.94;9.2;42.0;56;44;21;18;7;8;98;102;63;34
2019-12-21;Udinese;Cagliari;ITALY 1;2;1;1.71;1.39;3.7;13.5;40;60;17;15;4;2;119;128;48;40
2019-12-21;RB Leipzig;Augsburg;GERMANY 1;3;1;3.06;0.89;7.4;38.0;74;26;29;8;8;3;172;60;93;23
2019-12-22;Lecce;Bologna;ITALY 1;2;3;1.4;2.78;1.81;7.0;49;51;11;23;4;14;115;98;58;49
2019-12-22;Sassuolo;Napoli;ITALY 1;1;2;1.86;1.92;1.69;7.8;58;42;18;17;5;8;112;109;52;39
2019-12-22;Atalanta;AC Milan;ITALY 1;5;0;2.15;0.99;3.55;16.0;59;41;16;9;10;3;121;84;60;28
2019-12-26;Everton;Burnley;ENGLAND 1;1;0;2.18;0.55;5.3;20.0;67;33;22;6;6;0;144;87;51;21
2019-12-28;Southampton;Crystal Palace;ENGLAND 1;1;1;1.84;0.85;1.63;9.8;59;41;15;6;6;3;136;87;64;34
2019-12-29;Arsenal;Chelsea;ENGLAND 1;1;2;0.96;1.83;7.4;32.0;42;58;8;15;3;6;94;143;32;62
2020-01-01;Manchester City;Everton;ENGLAND 1;2;1;2.26;0.98;9.2;38.0;65;35;19;8;10;3;155;97;48;35
2020-01-05;Real Sociedad;Villarreal;SPAIN 1;1;2;1.32;1.47;3.95;14.0;63;37;11;16;3;3;108;91;56;35
2020-01-05;Genoa;Sassuolo;ITALY 1;2;1;1.79;1.41;3.45;13.5;36;64;16;11;7;4;84;126;40;58
2020-01-06;Atalanta;Parma;ITALY 1;5;0;2.66;0.74;5.5;25.0;61;39;24;6;12;2;116;93;43;28
2020-01-06;Bologna;Fiorentina;ITALY 1;1;1;1.93;1.32;2.76;9.8;71;29;15;10;8;6;123;84;58;36
2020-01-06;Lecce;Udinese;ITALY 1;0;1;1.74;1.31;2.56;8.2;46;54;16;9;6;4;104;119;42;62
2020-01-06;Juventus;Cagliari;ITALY 1;4;0;2.64;1.09;9.6;26.0;64;36;22;10;10;3;163;70;75;34
2020-01-11;Metz;Strasbourg;FRANCE 1;1;0;1.26;1.78;2.22;10.5;51;49;11;15;5;5;110;112;28;66
2020-01-11;Toulouse;Brest;FRANCE 1;2;5;1.48;2.0;2.12;13.0;45;55;13;14;6;10;122;128;31;56
2020-01-11;Lazio;Napoli;ITALY 1;1;0;1.65;1.64;3.0;11.0;36;64;13;14;7;5;85;124;47;55
2020-01-11;Cagliari;AC Milan;ITALY 1;0;2;1.39;1.66;1.66;10.0;57;43;12;14;3;5;138;104;56;58
2020-01-11;Chelsea;Burnley;ENGLAND 1;3;0;2.01;0.9;11.0;42.0;65;35;17;8;7;2;120;74;61;35
2020-01-11;Crystal Palace;Arsenal;ENGLAND 1;1;1;0.99;0.86;1.54;8.2;42;58;7;6;3;3;118;117;44;35
2020-01-12;Torino;Bologna;ITALY 1;1;0;0.93;2.05;2.98;8.2;39;61;8;20;2;5;120;139;37;60
2020-01-12;Udinese;Sassuolo;ITALY 1;3;0;2.01;1.94;3.25;11.0;37;63;16;18;10;4;76;149;42;71
2020-01-12;Aston Villa;Manchester City;ENGLAND 1;1;6;0.88;2.69;2.18;15.0;29;71;8;22;2;12;69;166;32;63
2020-01-12;PSG;Monaco;FRANCE 1;3;3;1.75;1.84;6.8;40.0;61;39;13;17;6;7;158;89;68;39
2020-01-13;Parma;Lecce;ITALY 1;2;0;1.56;2.05;3.65;15.0;49;51;13;20;5;5;94;138;53;60
2020-01-15;Monaco;PSG;FRANCE 1;1;4;1.38;2.67;1.87;14.0;41;59;12;20;5;14;81;116;37;59
2020-01-17;Sporting CP;Benfica;PORTUGAL 1;0;2;1.59;1.67;3.55;16.5;52;48;13;14;7;5;78;98;39;60
2020-01-18;Sassuolo;Torino;ITALY 1;2;1;1.75;1.18;3.45;11.5;55;45;13;11;7;3;101;84;61;38
2020-01-18;Napoli;Fiorentina;ITALY 1;0;2;1.52;1.52;7.2;19.5;66;34;12;11;4;7;149;74;64;47
2020-01-18;RB Leipzig;Union Berlin;GERMANY 1;3;1;2.22;1.71;7.4;27.0;65;35;20;16;8;6;164;109;53;38
2020-01-18;Hoffenheim;Eintracht Frankfurt;GERMANY 1;1;2;1.85;1.31;2.26;13.5;64;36;16;13;7;3;148;89;46;38
2020-01-18;Manchester City;Crystal Palace;ENGLAND 1;2;2;2.83;0.82;6.0;26.0;72;28;25;6;6;4;146;86;117;20
2020-01-19;Juventus;Parma;ITALY 1;2;1;2.22;1.43;8.8;28.0;63;37;19;10;7;8;149;83;72;32
2020-01-19;AC Milan;Udinese;ITALY 1;3;2;2.88;1.59;9.2;36.0;51;49;27;13;10;7;111;86;67;38
2020-01-21;Crystal Palace;Southampton;ENGLAND 1;0;2;0.89;2.04;6.0;22.0;46;54;8;16;2;7;113;149;32;74
2020-01-21;Chelsea;Arsenal;ENGLAND 1;2;2;2.73;0.71;2.68;13.5;58;42;21;3;10;3;135;79;98;41
2020-01-24;Nice;Rennes;FRANCE 1;1;1;2.78;2.12;3.6;13.0;54;46;28;21;8;6;110;88;64;53
2020-01-25;Fiorentina;Genoa;ITALY 1;0;0;2.28;1.35;4.3;13.0;45;55;24;10;5;6;105;68;58;41
2020-01-25;Torino;Atalanta;ITALY 1;0;7;1.29;3.12;2.38;9.4;43;57;11;26;5;15;100;102;33;61
2020-01-25;Monaco;Strasbourg;FRANCE 1;1;3;1.33;1.51;5.4;32.0;59;41;12;12;3;8;145;84;48;26
2020-01-25;Reims;Metz;FRANCE 1;0;1;2.01;1.02;7.0;21.0;71;29;18;8;3;5;160;82;91;22
2020-01-25;Eintracht Frankfurt;RB Leipzig;GERMANY 1;2;0;1.11;2.6;2.64;18.5;33;67;8;26;6;7;75;154;25;65
2020-01-25;Union Berlin;Augsburg;GERMANY 1;2;0;1.31;1.72;4.2;13.5;46;54;12;18;4;4;127;111;36;41
2020-01-26;Lille;PSG;FRANCE 1;0;2;1.28;1.64;1.93;12.0;41;59;10;14;3;7;111;93;59;36
2020-01-26;Napoli;Juventus;ITALY 1;2;1;1.87;1.3;3.65;10.5;51;49;21;10;5;5;80;122;27;42
2020-01-26;Werder Bremen;Hoffenheim;GERMANY 1;0;3;1.96;1.37;4.1;23.0;53;47;18;10;4;6;124;107;75;42
2020-01-26;Parma;Udinese;ITALY 1;2;0;1.49;1.97;3.4;12.5;50;50;12;19;5;5;95;108;53;58
2020-01-31;Rennes;Nantes;FRANCE 1;3;2;1.93;1.29;5.1;17.0;57;43;15;10;10;6;143;79;37;32
2020-02-01;PSG;Montpellier;FRANCE 1;5;0;2.52;0.73;13.0;65.0;67;33;21;7;10;3;150;56;68;10
2020-02-01;Cagliari;Parma;ITALY 1;2;2;2.21;1.71;4.4;19.0;52;48;20;16;10;5;91;113;34;48
2020-02-01;Strasbourg;Lille;FRANCE 1;1;2;1.57;1.37;2.48;11.0;44;56;16;10;5;4;96;107;28;62
2020-02-01;Augsburg;Werder Bremen;GERMANY 1;2;1;1.82;0.68;4.4;24.0;50;50;17;7;6;0;110;90;45;31
2020-02-01;Hoffenheim;Bayer Leverkusen;GERMANY 1;2;1;1.6;2.46;1.54;18.0;35;65;14;21;7;9;104;135;30;69
2020-02-01;Liverpool;Southampton;ENGLAND 1;4;0;1.93;1.83;25.0;90.0;61;39;16;18;9;5;104;91;40;48
2020-02-02;Juventus;Fiorentina;ITALY 1;3;0;1.62;0.95;5.4;15.0;74;26;12;8;8;5;104;30;40;14
2020-02-02;Atalanta;Genoa;ITALY 1;2;2;2.67;1.21;9.0;29.0;60;40;25;11;10;5;112;114;55;21
2020-02-02;Burnley;Arsenal;ENGLAND 1;0;0;1.71;1.53;1.28;7.6;42;58;16;15;3;4;118;87;67;42
2020-02-02;Lecce;Torino;ITALY 1;4;0;2.49;1.41;4.7;13.0;49;51;21;14;12;3;92;124;46;42
2020-02-04;Lille;Rennes;FRANCE 1;1;0;1.52;1.52;4.4;16.5;48;52;15;13;4;6;139;104;38;37
2020-02-04;Nantes;PSG;FRANCE 1;1;2;1.55;2.53;1.42;12.5;34;66;16;23;5;9;77;135;26;62
2020-02-05;Reims;Nice;FRANCE 1;1;1;2.12;1.05;3.2;12.0;55;45;17;6;6;5;109;72;88;44
2020-02-05;Toulouse;Strasbourg;FRANCE 1;0;1;1.49;1.85;3.75;15.0;45;55;14;17;3;7;125;107;54;39
2020-02-07;Eintracht Frankfurt;Augsburg;GERMANY 1;5;0;2.4;1.18;3.65;17.5;59;41;18;9;13;5;122;97;48;34
2020-02-08;Rennes;Brest;FRANCE 1;0;0;1.91;1.1;3.6;12.5;61;39;19;9;4;4;137;93;58;34
2020-02-08;Everton;Crystal Palace;ENGLAND 1;3;1;2.02;1.46;3.05;10.5;46;54;15;12;9;4;120;110;60;58
2020-02-08;Fiorentina;Atalanta;ITALY 1;1;2;1.09;2.05;2.18;10.5;32;68;8;17;4;6;76;133;41;76
2020-02-08;Werder Bremen;Union Berlin;GERMANY 1;0;2;1.65;1.24;3.95;13.5;69;31;15;10;4;5;144;94;56;34
2020-02-08;Freiburg;Hoffenheim;GERMANY 1;1;0;1.82;2.35;4.0;17.5;49;51;14;24;7;7;106;101;62;49
2020-02-09;Parma;Lazio;ITALY 1;0;1;2.02;2.67;1.85;11.5;46;54;20;27;5;8;114;112;56;58
2020-02-09;Strasbourg;Reims;FRANCE 1;3;0;1.54;0.71;3.1;12.0;48;52;14;7;5;0;107;94;41;35
2020-02-09;Sporting CP;Portimonense;PORTUGAL 1;2;1;2.05;1.24;32.0;1000.0;60;40;22;11;5;4;156;107;42;35
2020-02-09;Napoli;Lecce;ITALY 1;2;3;3.06;1.73;7.6;34.0;60;40;28;13;8;10;140;69;103;29
2020-02-09;Genoa;Cagliari;ITALY 1;1;0;1.6;1.53;3.5;10.5;46;54;13;11;6;5;105;105;49;66
2020-02-15;Bologna;Genoa;ITALY 1;0;3;1.83;1.07;6.0;21.0;56;44;17;7;5;6;137;95;55;27
2020-02-15;Nantes;Metz;FRANCE 1;0;0;2.3;0.94;3.95;14.0;55;45;20;7;8;3;147;85;65;38
2020-02-15;Toulouse;Nice;FRANCE 1;0;2;1.98;1.66;2.92;12.5;37;63;20;15;5;5;96;123;51;49
2020-02-15;RB Leipzig;Werder Bremen;GERMANY 1;3;0;1.45;1.01;9.4;55.0;51;49;12;10;5;3;129;124;46;20
2020-02-15;Hoffenheim;Wolfsburg;GERMANY 1;2;3;1.72;1.73;3.05;17.0;57;43;15;15;7;6;118;104;38;50
2020-02-15;Augsburg;Freiburg;GERMANY 1;1;1;1.12;2.19;2.88;10.0;28;72;9;21;4;7;76;110;37;52
2020-02-15;Union Berlin;Bayer Leverkusen;GERMANY 1;2;3;2.33;1.78;1.59;8.8;39;61;23;16;8;6;125;112;44;48
2020-02-16;Reims;Rennes;FRANCE 1;1;0;1.46;0.54;2.54;16.5;56;44;13;4;4;2;108;70;49;19
2020-02-16;Cagliari;Napoli;ITALY 1;0;1;1.35;1.62;1.86;9.4;44;56;11;15;4;5;90;124;51;43
2020-02-16;Sassuolo;Parma;ITALY 1;0;1;2.05;1.18;4.6;14.0;69;31;17;8;5;6;157;56;85;35
2020-02-17;AC Milan;Torino;ITALY 1;1;0;1.62;1.17;7.2;23.0;50;50;16;10;3;2;118;118;54;54
2020-02-21;Nice;Brest;FRANCE 1;2;2;2.11;1.1;6.8;29.0;50;50;20;9;7;4;137;93;49;34
2020-02-22;Southampton;Aston Villa;ENGLAND 1;2;0;2.6;0.84;1.6;11.0;45;55;26;6;9;3;124;83;46;34
2020-02-22;Fiorentina;AC Milan;ITALY 1;1;1;2.05;1.3;2.54;11.0;40;60;21;11;7;4;97;128;32;43
2020-02-22;Lille;Toulouse;FRANCE 1;3;0;2.26;0.62;4.6;17.0;64;36;18;7;10;0;166;70;56;24
2020-02-22;Bologna;Udinese;ITALY 1;1;1;2.07;0.94;6.6;18.5;60;40;18;8;7;3;158;82;60;30
2020-02-23;Genoa;Lazio;ITALY 1;2;3;2.34;1.62;2.74;8.6;58;42;19;13;9;8;130;77;70;33
2020-02-23;Bayer Leverkusen;Augsburg;GERMANY 1;2;0;1.65;1.11;10.5;75.0;76;24;12;10;7;4;156;80;53;27
2020-02-23;Arsenal;Everton;ENGLAND 1;3;2;1.42;1.78;20.0;75.0;51;49;10;16;5;5;104;97;60;59
2020-02-24;Gil Vicente;Benfica;PORTUGAL 1;0;1;1.89;1.27;1.58;8.2;42;58;16;10;8;5;94;121;44;38
2020-02-24;Eintracht Frankfurt;Union Berlin;GERMANY 1;1;2;2.15;1.58;4.2;14.0;64;36;21;12;3;7;151;93;84;46
2020-02-29;Lazio;Bologna;ITALY 1;2;0;1.56;1.81;4.9;15.5;45;55;15;17;5;4;96;137;36;62
2020-02-29;Napoli;Torino;ITALY 1;2;1;2.05;0.87;10.5;26.0;64;36;17;7;7;2;143;89;66;38
2020-02-29;Monaco;Reims;FRANCE 1;1;1;2.28;1.94;9.4;40.0;57;43;21;18;8;8;144;94;54;34
2020-02-29;Toulouse;Rennes;FRANCE 1;0;2;1.85;1.43;3.45;13.5;40;60;18;12;3;5;113;127;70;42
2020-03-01;Union Berlin;Wolfsburg;GERMANY 1;2;2;0.91;1.42;3.2;13.0;39;61;6;12;3;4;106;117;42;52
2020-03-01;RB Leipzig;Bayer Leverkusen;GERMANY 1;1;1;1.26;1.81;1.87;13.0;37;63;11;16;3;7;110;120;48;42
2020-03-01;Nantes;Lille;FRANCE 1;0;1;1.02;1.82;2.0;8.4;51;49;7;16;4;6;86;130;40;53
2020-03-01;Lecce;Atalanta;ITALY 1;2;7;1.12;2.66;1.85;9.2;34;66;10;24;4;10;82;148;28;61
2020-03-07;Nice;Monaco;FRANCE 1;2;1;1.37;1.59;2.28;11.5;50;50;11;15;5;5;105;111;44;40
2020-03-07;Reims;Brest;FRANCE 1;1;0;1.38;1.63;4.5;15.5;48;52;13;14;4;5;92;120;38;54
2020-03-07;Bayer Leverkusen;Eintracht Frankfurt;GERMANY 1;4;0;1.78;1.4;7.0;42.0;61;39;13;10;6;5;140;101;73;57
2020-03-07;Freiburg;Union Berlin;GERMANY 1;3;1;1.58;1.73;4.2;13.5;52;48;11;15;4;5;112;88;83;60
2020-03-07;Wolfsburg;RB Leipzig;GERMANY 1;0;0;1.71;1.54;2.4;15.0;38;62;15;10;5;4;69;111;59;86
2020-03-08;Rennes;Montpellier;FRANCE 1;5;0;2.02;1.24;5.7;25.0;54;46;16;12;9;2;98;94;52;47
2020-03-08;AC Milan;Genoa;ITALY 1;1;2;2.52;1.3;7.0;27.0;62;38;23;12;5;4;180;81;99;36
2020-03-08;Chelsea;Everton;ENGLAND 1;4;0;2.27;0.63;4.8;24.0;60;40;17;4;11;2;125;102;58;30
2020-03-08;Gil Vicente;Santa Clara;PORTUGAL 1;1;1;1.34;0.74;2.78;7.6;48;52;11;5;4;3;112;92;49;28
2020-03-08;Udinese;Fiorentina;ITALY 1;0;0;1.66;1.41;2.18;10.0;43;57;15;9;3;4;66;77;71;79
2020-03-14;Brest;Lille;FRANCE 1;0;0;0.0;0.0;3.2;10.0;-1;-1;-1;-1;-1;-1;0;0;0;0
2020-03-14;Toulouse;Metz;FRANCE 1;0;0;0.0;0.0;7.0;22.0;-1;-1;-1;-1;-1;-1;0;0;0;0
2020-03-15;PSG;Nice;FRANCE 1;0;0;0.0;0.0;5.5;28.0;-1;-1;-1;-1;-1;-1;0;0;0;0
2020-03-18;Strasbourg;PSG;FRANCE 1;0;0;0.0;0.0;2.84;21.0;-1;-1;-1;-1;-1;-1;0;0;0;0
2020-03-20;Lille;Monaco;FRANCE 1;0;0;0.0;0.0;3.3;17.5;-1;-1;-1;-1;-1;-1;0;0;0;0
2020-03-21;Nice;Montpellier;FRANCE 1;0;0;0.0;0.0;9.4;40.0;-1;-1;-1;-1;-1;-1;0;0;0;0
2020-03-21;Metz;Brest;FRANCE 1;0;0;0.0;0.0;2.26;9.4;-1;-1;-1;-1;-1;-1;0;0;0;0
2020-03-22;Reims;Nantes;FRANCE 1;0;0;0.0;0.0;3.5;12.5;-1;-1;-1;-1;-1;-1;0;0;0;0
2020-04-04;Montpellier;Lille;FRANCE 1;0;0;0.0;0.0;1.91;11.0;-1;-1;-1;-1;-1;-1;0;0;0;0
2020-04-04;PSG;Metz;FRANCE 1;0;0;0.0;0.0;20.0;80.0;-1;-1;-1;-1;-1;-1;0;0;0;0
2020-04-05;Monaco;Nantes;FRANCE 1;0;0;0.0;0.0;8.4;48.0;-1;-1;-1;-1;-1;-1;0;0;0;0
2020-04-11;Brest;Monaco;FRANCE 1;0;0;0.0;0.0;2.64;13.5;-1;-1;-1;-1;-1;-1;0;0;0;0
2020-04-11;Metz;Lille;FRANCE 1;0;0;0.0;0.0;1.79;8.8;-1;-1;-1;-1;-1;-1;0;0;0;0
2020-04-11;Nice;Strasbourg;FRANCE 1;0;0;0.0;0.0;4.9;20.0;-1;-1;-1;-1;-1;-1;0;0;0;0
2020-04-11;Reims;Toulouse;FRANCE 1;0;0;0.0;0.0;2.34;10.0;-1;-1;-1;-1;-1;-1;0;0;0;0
2020-04-18;Toulouse;Nantes;FRANCE 1;0;0;0.0;0.0;5.6;17.0;-1;-1;-1;-1;-1;-1;0;0;0;0
2020-04-18;Strasbourg;Brest;FRANCE 1;0;0;0.0;0.0;3.9;16.5;-1;-1;-1;-1;-1;-1;0;0;0;0
2020-04-18;Montpellier;Reims;FRANCE 1;0;0;0.0;0.0;1.78;10.5;-1;-1;-1;-1;-1;-1;0;0;0;0
2020-04-18;Lille;Nice;FRANCE 1;0;0;0.0;0.0;7.2;27.0;-1;-1;-1;-1;-1;-1;0;0;0;0
2020-04-26;Brest;Montpellier;FRANCE 1;0;0;0.0;0.0;8.6;34.0;-1;-1;-1;-1;-1;-1;0;0;0;0
2020-04-26;Rennes;Strasbourg;FRANCE 1;0;0;0.0;0.0;3.9;15.0;-1;-1;-1;-1;-1;-1;0;0;0;0
2020-04-26;Reims;PSG;FRANCE 1;0;0;0.0;0.0;1.47;11.5;-1;-1;-1;-1;-1;-1;0;0;0;0
2020-05-02;Lille;Reims;FRANCE 1;0;0;0.0;0.0;10.0;32.0;-1;-1;-1;-1;-1;-1;0;0;0;0
2020-05-02;Nice;Nantes;FRANCE 1;0;0;0.0;0.0;5.6;15.0;-1;-1;-1;-1;-1;-1;0;0;0;0
2020-05-02;Monaco;Metz;FRANCE 1;0;0;0.0;0.0;9.8;42.0;-1;-1;-1;-1;-1;-1;0;0;0;0
2020-05-02;PSG;Brest;FRANCE 1;0;0;0.0;0.0;11.5;46.0;-1;-1;-1;-1;-1;-1;0;0;0;0
2020-05-09;Toulouse;PSG;FRANCE 1;0;0;0.0;0.0;1.51;11.5;-1;-1;-1;-1;-1;-1;0;0;0;0
2020-05-09;Nantes;Brest;FRANCE 1;0;0;0.0;0.0;3.25;11.5;-1;-1;-1;-1;-1;-1;0;0;0;0
2020-05-09;Metz;Nice;FRANCE 1;0;0;0.0;0.0;2.34;13.0;-1;-1;-1;-1;-1;-1;0;0;0;0
2020-05-16;Monaco;Toulouse;FRANCE 1;0;0;0.0;0.0;5.1;21.0;-1;-1;-1;-1;-1;-1;0;0;0;0
2020-05-16;Montpellier;Nantes;FRANCE 1;0;0;0.0;0.0;4.0;14.5;-1;-1;-1;-1;-1;-1;0;0;0;0
2020-05-16;PSG;Rennes;FRANCE 1;0;0;0.0;0.0;8.4;32.0;-1;-1;-1;-1;-1;-1;0;0;0;0
2020-05-16;RB Leipzig;Freiburg;GERMANY 1;1;1;2.41;0.83;4.8;21.0;66;34;18;6;9;2;134;75;89;42
2020-05-16;Augsburg;Wolfsburg;GERMANY 1;1;2;0.82;1.55;2.84;10.0;39;61;6;13;3;5;81;125;31;51
2020-05-18;Werder Bremen;Bayer Leverkusen;GERMANY 1;1;4;1.06;2.12;1.55;15.0;36;64;11;17;2;10;86;182;30;44
2020-05-23;Rennes;Monaco;FRANCE 1;0;0;0.0;0.0;2.62;13.0;-1;-1;-1;-1;-1;-1;0;0;0;0
2020-05-23;Toulouse;Montpellier;FRANCE 1;0;0;0.0;0.0;3.55;19.5;-1;-1;-1;-1;-1;-1;0;0;0;0
2020-05-23;Nantes;Strasbourg;FRANCE 1;0;0;0.0;0.0;2.64;11.5;-1;-1;-1;-1;-1;-1;0;0;0;0
2020-05-23;Freiburg;Werder Bremen;GERMANY 1;0;1;2.3;0.96;3.85;14.5;62;38;18;9;9;3;150;95;72;24
2020-05-26;Bayer Leverkusen;Wolfsburg;GERMANY 1;1;4;0.96;1.71;12.5;48.0;69;31;7;13;2;9;131;96;50;35
2020-05-26;Eintracht Frankfurt;Freiburg;GERMANY 1;3;3;3.11;1.01;4.2;21.0;62;38;22;6;14;5;119;77;104;38
2020-05-29;Freiburg;Bayer Leverkusen;GERMANY 1;0;1;1.11;1.04;1.59;9.4;31;69;10;8;3;2;85;119;37;52
2020-05-30;Wolfsburg;Eintracht Frankfurt;GERMANY 1;1;2;2.11;0.96;2.66;13.5;52;48;23;7;5;4;127;105;42;30
2020-06-03;Werder Bremen;Eintracht Frankfurt;GERMANY 1;0;3;1.31;1.38;2.56;17.5;50;50;12;12;4;5;125;105;36;37
2020-06-07;Werder Bremen;Wolfsburg;GERMANY 1;0;1;1.37;1.66;2.58;12.5;53;47;13;17;3;3;120;131;45;51
2020-06-12;Hoffenheim;RB Leipzig;GERMANY 1;0;2;2.69;2.04;1.56;22.0;50;50;26;17;8;9;149;94;68;47
2020-06-13;Wolfsburg;Freiburg;GERMANY 1;2;2;2.34;1.57;2.98;15.0;46;54;22;12;8;7;97;86;55;45
2020-06-17;Augsburg;Hoffenheim;GERMANY 1;1;3;1.19;1.98;3.4;21.0;43;57;11;16;4;5;108;130;28;86
2020-06-17;Manchester City;Arsenal;ENGLAND 1;3;0;2.56;0.38;4.0;16.5;67;33;20;4;12;0;141;56;62;16
2020-06-20;Torino;Parma;ITALY 1;1;1;2.01;1.18;4.9;16.5;51;49;18;7;8;6;120;105;42;42
2020-06-20;Hoffenheim;Union Berlin;GERMANY 1;4;0;1.95;0.71;3.45;16.0;59;41;15;5;9;2;114;88;51;33
2020-06-21;Everton;Liverpool;ENGLAND 1;0;0;1.02;1.43;1.46;10.5;29;71;10;11;4;4;61;143;15;61
2020-06-21;Atalanta;Sassuolo;ITALY 1;4;1;1.95;1.53;7.6;26.0;46;54;17;15;7;6;109;98;53;22
2020-06-21;Aston Villa;Chelsea;ENGLAND 1;1;2;1.08;2.52;3.35;23.0;26;74;9;21;5;7;93;146;21;98
2020-06-21;Real Sociedad;Real Madrid;SPAIN 1;1;2;1.19;1.38;3.15;11.0;51;49;11;10;3;7;123;90;38;34
2020-06-22;Lecce;AC Milan;ITALY 1;1;4;1.05;2.37;1.95;9.4;38;62;9;19;2;12;90;117;46;45
2020-06-22;Bologna;Juventus;ITALY 1;0;2;1.77;1.53;2.98;9.6;47;53;21;15;0;4;111;102;62;41
2020-06-22;Manchester City;Burnley;ENGLAND 1;5;0;2.2;0.29;20.0;65.0;71;29;20;2;8;0;131;79;51;20
2020-06-23;Benfica;Santa Clara;PORTUGAL 1;3;4;2.06;1.28;11.5;38.0;61;39;18;9;8;7;128;83;49;29
2020-06-23;Torino;Udinese;ITALY 1;1;0;0.88;2.22;3.55;10.0;35;65;7;18;4;6;56;147;21;92
2020-06-23;Genoa;Parma;ITALY 1;1;4;1.42;2.29;4.2;16.5;56;44;13;20;3;9;121;104;53;55
2020-06-24;Liverpool;Crystal Palace;ENGLAND 1;4;0;2.78;0.31;16.0;65.0;78;22;23;4;9;0;166;61;96;6
2020-06-24;Atalanta;Lazio;ITALY 1;3;2;2.98;0.94;5.5;21.0;67;33;27;8;10;4;151;72;80;20
2020-06-25;Southampton;Arsenal;ENGLAND 1;0;2;1.5;1.34;1.27;13.0;52;48;13;11;4;6;112;97;54;30
2020-06-26;Juventus;Lecce;ITALY 1;4;0;3.38;1.05;13.0;32.0;64;36;29;9;13;4;164;46;89;29
2020-06-27;Cagliari;Torino;ITALY 1;4;2;1.38;2.49;3.6;12.5;39;61;10;23;6;7;99;147;44;76
2020-06-27;Lazio;Fiorentina;ITALY 1;2;1;1.54;1.22;3.85;15.0;55;45;13;10;5;4;112;96;50;42
2020-06-27;Augsburg;RB Leipzig;GERMANY 1;1;2;0.63;1.6;2.26;11.0;34;66;5;14;2;5;94;121;22;49
2020-06-28;Udinese;Atalanta;ITALY 1;2;3;0.95;1.97;1.68;9.4;35;65;9;13;5;13;40;92;4;32
2020-06-29;Crystal Palace;Burnley;ENGLAND 1;0;1;1.75;1.15;7.0;23.0;58;42;17;9;4;5;115;96;55;31
2020-06-30;Torino;Lazio;ITALY 1;1;2;0.85;2.08;2.66;9.2;48;52;6;17;2;6;76;132;45;81
2020-06-30;Genoa;Juventus;ITALY 1;1;3;0.64;2.37;1.89;6.2;36;64;4;20;3;10;82;155;23;55
2020-07-01;Fiorentina;Sassuolo;ITALY 1;1;3;2.03;1.45;6.4;24.0;52;48;15;11;7;8;120;74;82;27
2020-07-01;Sporting CP;Gil Vicente;PORTUGAL 1;2;1;1.52;1.26;30.0;95.0;51;49;15;10;5;4;88;121;31;46
2020-07-01;Bologna;Cagliari;ITALY 1;1;1;2.17;1.08;6.8;20.0;61;39;20;8;7;5;123;112;58;28
2020-07-02;Manchester City;Liverpool;ENGLAND 1;4;0;1.59;1.44;2.28;18.5;47;53;14;12;6;4;86;94;40;55
2020-07-02;Atalanta;Napoli;ITALY 1;2;0;1.23;1.8;3.3;12.0;46;54;10;14;5;7;91;138;33;57
2020-07-04;Lazio;AC Milan;ITALY 1;0;3;1.21;1.34;2.54;12.0;47;53;9;9;3;6;134;109;58;47
2020-07-04;Sassuolo;Lecce;ITALY 1;4;2;1.6;1.38;3.4;13.0;65;35;11;10;8;6;131;74;46;45
2020-07-04;Juventus;Torino;ITALY 1;4;1;2.33;2.18;7.6;19.5;51;49;23;20;8;7;112;115;45;60
2020-07-05;Cagliari;Atalanta;ITALY 1;0;1;0.67;3.2;1.76;10.0;35;65;8;30;0;10;88;136;21;85
2020-07-05;Udinese;Genoa;ITALY 1;2;2;1.17;1.08;4.4;13.5;46;54;9;9;5;4;114;129;33;29
2020-07-05;Southampton;Manchester City;ENGLAND 1;1;0;1.06;3.03;1.24;12.5;26;74;9;27;5;7;90;164;18;116
2020-07-05;Parma;Fiorentina;ITALY 1;1;2;1.47;1.36;2.1;10.5;55;45;13;11;4;7;104;109;51;22
2020-07-05;Liverpool;Aston Villa;ENGLAND 1;2;0;1.26;1.26;7.0;34.0;71;29;7;11;5;5;154;74;61;30
2020-07-07;AC Milan;Juventus;ITALY 1;4;2;1.84;1.68;3.7;12.5;48;52;14;15;10;5;92;93;35;53
2020-07-07;Crystal Palace;Chelsea;ENGLAND 1;2;3;1.58;1.79;2.02;13.5;42;58;13;15;4;7;118;120;65;48
2020-07-07;Lecce;Lazio;ITALY 1;2;1;1.56;2.56;1.69;8.2;42;58;16;22;5;10;86;123;27;66
2020-07-08;Fiorentina;Cagliari;ITALY 1;0;0;1.94;1.69;6.8;27.0;61;39;17;14;6;7;117;102;61;43
2020-07-08;Genoa;Napoli;ITALY 1;1;2;0.91;2.44;1.71;6.8;33;67;7;20;2;11;103;117;44;57
2020-07-08;Bologna;Sassuolo;ITALY 1;1;2;1.21;1.86;4.5;14.5;44;56;11;16;3;8;89;112;41;39
2020-07-09;Everton;Southampton;ENGLAND 1;1;1;1.27;1.9;9.2;26.0;38;62;12;18;5;5;76;133;22;57
2020-07-10;Sporting CP;Santa Clara;PORTUGAL 1;1;0;1.5;0.5;17.5;60.0;66;34;14;5;2;0;117;83;65;23
2020-07-11;Lazio;Sassuolo;ITALY 1;1;2;1.04;1.72;9.6;40.0;36;64;11;18;2;4;85;134;28;40
2020-07-11;Juventus;Atalanta;ITALY 1;2;2;1.35;1.51;3.0;11.0;49;51;10;14;6;3;129;123;39;57
2020-07-11;Liverpool;Burnley;ENGLAND 1;1;1;2.84;0.86;15.5;46.0;70;30;24;7;10;3;129;61;87;28
2020-07-12;Cagliari;Lecce;ITALY 1;0;0;2.03;2.19;3.9;12.5;53;47;19;21;5;8;136;81;66;44
2020-07-12;Parma;Bologna;ITALY 1;2;2;1.91;1.56;1.96;9.6;50;50;19;13;6;7;137;85;39;34
2020-07-12;Napoli;AC Milan;ITALY 1;2;2;2.09;0.83;4.4;15.5;50;50;18;6;8;4;126;97;54;21
2020-07-12;Aston Villa;Crystal Palace;ENGLAND 1;2;0;1.95;1.39;6.0;23.0;44;56;14;10;11;6;96;124;40;45
2020-07-13;Granada CF;Real Madrid;SPAIN 1;1;2;1.41;1.14;1.61;10.5;38;62;13;9;4;4;88;97;42;39
2020-07-13;Villarreal;Real Sociedad;SPAIN 1;1;2;1.31;1.48;5.1;18.0;52;48;10;11;4;6;119;103;53;50
2020-07-15;Bologna;Napoli;ITALY 1;1;1;1.51;1.14;2.9;8.4;47;53;14;10;2;4;119;90;67;30
2020-07-15;AC Milan;Parma;ITALY 1;3;1;2.74;1.42;11.0;46.0;56;44;28;14;8;5;142;80;58;26
2020-07-15;Arsenal;Liverpool;ENGLAND 1;2;1;0.62;2.82;3.0;12.5;31;69;4;25;3;9;64;153;21;85
2020-07-15;Udinese;Lazio;ITALY 1;0;0;1.96;1.92;2.44;8.2;42;58;17;19;7;4;81;134;56;60
2020-07-15;Sassuolo;Juventus;ITALY 1;3;3;2.44;2.51;1.75;7.8;57;43;21;25;11;8;114;112;48;53
2020-07-15;Lecce;Fiorentina;ITALY 1;1;3;1.23;1.58;2.42;9.8;49;51;11;13;3;7;108;99;44;37
2020-07-16;Real Madrid;Villarreal;SPAIN 1;2;1;1.65;1.08;11.5;65.0;56;44;13;10;7;4;122;90;46;22
2020-07-16;Torino;Genoa;ITALY 1;3;0;1.37;1.64;3.75;9.6;43;57;13;14;5;5;85;136;27;55
2020-07-16;Everton;Aston Villa;ENGLAND 1;1;1;1.13;1.65;2.38;8.6;54;46;10;17;2;3;106;111;48;50
2020-07-18;AC Milan;Bologna;ITALY 1;5;1;2.61;1.34;3.25;12.5;51;49;23;12;12;4;134;112;44;40
2020-07-18;Cagliari;Sassuolo;ITALY 1;1;1;0.41;1.7;3.15;10.5;27;73;3;13;2;4;60;165;9;80
2020-07-19;Genoa;Lecce;ITALY 1;2;1;1.23;1.85;4.6;11.5;47;53;10;20;4;2;102;109;43;63
2020-07-19;Napoli;Udinese;ITALY 1;2;1;2.7;0.62;8.8;23.0;68;32;25;5;10;3;177;44;57;13
2020-07-19;Fiorentina;Torino;ITALY 1;2;0;1.71;0.97;6.0;16.0;46;54;16;8;5;0;102;129;48;62
2020-07-20;Juventus;Lazio;ITALY 1;2;1;2.33;0.98;4.1;11.5;54;46;21;9;9;3;109;86;52;27
2020-07-21;Atalanta;Bologna;ITALY 1;1;0;2.6;1.1;3.9;13.5;46;54;23;11;10;2;145;98;62;35
2020-07-21;Aston Villa;Arsenal;ENGLAND 1;1;0;1.18;1.01;1.8;10.5;31;69;9;8;4;0;99;101;44;69
2020-07-21;Sassuolo;AC Milan;ITALY 1;1;2;1.34;2.11;1.89;11.5;50;50;13;18;4;9;88;103;32;47
2020-07-22;Liverpool;Chelsea;ENGLAND 1;5;3;1.58;1.45;5.4;36.0;49;51;11;11;8;6;112;115;43;45
2020-07-22;Parma;Napoli;ITALY 1;2;1;0.97;2.15;1.57;8.0;31;69;9;20;3;5;62;141;26;74
2020-07-23;Lazio;Cagliari;ITALY 1;2;1;2.71;1.08;7.8;26.0;64;36;20;9;12;5;133;93;85;20
2020-07-23;Udinese;Juventus;ITALY 1;2;1;1.27;2.12;1.94;7.0;39;61;11;21;5;6;83;148;30;51
2020-07-24;AC Milan;Atalanta;ITALY 1;1;1;1.08;1.43;2.72;14.5;47;53;11;14;2;3;104;114;33;45
2020-07-25;Benfica;Sporting CP;PORTUGAL 1;2;1;1.82;1.53;3.3;14.5;47;53;17;13;5;6;119;93;54;39
2020-07-25;Napoli;Sassuolo;ITALY 1;2;0;2.35;0.82;8.6;23.0;50;50;22;7;9;2;109;84;46;31
2020-07-26;Bologna;Lecce;ITALY 1;3;2;3.26;2.87;6.2;17.0;55;45;31;26;13;11;108;95;57;65
2020-07-26;Cagliari;Udinese;ITALY 1;0;1;1.93;1.78;3.85;11.5;49;51;17;17;7;7;137;81;49;30
2020-07-28;Parma;Atalanta;ITALY 1;1;2;1.2;1.42;1.64;13.0;42;58;9;11;5;5;76;128;38;50
2020-07-29;Fiorentina;Bologna;ITALY 1;4;0;2.18;1.25;2.78;9.4;46;54;18;12;10;3;89;120;48;37
2020-07-29;Cagliari;Juventus;ITALY 1;2;0;1.42;3.22;1.81;7.4;33;67;13;33;7;10;71;148;15;61
2020-07-29;Udinese;Lecce;ITALY 1;1;2;1.03;1.38;3.45;11.5;46;54;9;11;3;4;79;126;34;55
2020-07-29;Sassuolo;Genoa;ITALY 1;5;0;2.28;1.46;3.35;9.6;54;46;21;15;10;4;92;101;36;31
2020-08-01;AC Milan;Cagliari;ITALY 1;3;0;1.9;0.98;6.0;26.0;63;37;16;8;6;4;126;70;64;26
2020-08-01;Napoli;Lazio;ITALY 1;3;1;1.78;1.03;4.7;14.5;56;44;14;9;7;4;115;71;55;25
2020-08-02;Lecce;Parma;ITALY 1;3;4;2.12;2.25;3.5;14.0;50;50;17;19;8;11;114;88;68;40
2020-08-02;Sassuolo;Udinese;ITALY 1;0;1;2.82;1.24;2.66;10.5;69;31;25;13;11;3;141;59;65;30
2020-08-02;Bologna;Torino;ITALY 1;1;1;2.16;2.13;5.7;15.0;56;44;22;17;6;11;115;89;49;40
2020-08-09;Santos;Bragantino;BRAZIL 1;1;1;1.16;1.95;4.1;12.0;53;47;11;18;3;6;83;146;35;53
2020-08-12;Fluminense;Palmeiras;BRAZIL 1;1;1;1.14;1.03;2.82;7.4;51;49;9;8;2;2;108;93;59;52
2020-08-13;Sao Paulo;Fortaleza;BRAZIL 1;1;0;1.54;1.19;5.6;14.0;52;48;16;12;4;3;91;122;35;29
2020-08-13;Internacional;Santos;BRAZIL 1;2;0;2.78;0.77;3.9;13.0;58;42;26;6;9;2;154;70;70;34
2020-08-16;Bahia;Bragantino;BRAZIL 1;2;1;1.73;2.2;4.5;16.5;42;58;15;20;8;5;97;156;30;81
2020-08-16;Fluminense;Internacional;BRAZIL 1;2;1;1.37;1.26;2.98;8.6;43;57;10;11;7;4;96;116;33;37
2020-08-19;Bragantino;Fluminense;BRAZIL 1;2;1;1.73;1.31;3.75;13.0;52;48;15;11;6;4;125;107;49;45
2020-08-20;Sao Paulo;Bahia;BRAZIL 1;1;1;2.33;1.25;4.2;12.0;67;33;23;11;7;6;135;66;53;19
2020-08-22;Lille;Rennes;FRANCE 1;1;1;0.77;1.42;4.4;16.5;51;49;6;15;2;3;104;99;32;36
2020-08-23;Palmeiras;Santos;BRAZIL 1;2;1;1.83;1.04;8.8;25.0;49;51;19;10;6;2;104;84;29;37
2020-08-23;Monaco;Reims;FRANCE 1;2;2;2.68;1.19;9.4;40.0;76;24;26;12;7;4;167;58;76;21
2020-08-23;Nice;Lens;FRANCE 1;2;1;0.7;1.86;3.1;13.5;57;43;5;19;3;5;86;116;22;42
2020-08-26;Corinthians;Fortaleza;BRAZIL 1;1;1;2.15;1.37;4.4;12.0;58;42;20;13;8;5;132;91;45;26
2020-08-29;Strasbourg;Nice;FRANCE 1;0;2;0.76;0.73;2.46;9.4;44;56;7;4;0;3;112;101;42;35
2020-08-29;Fortaleza;Bragantino;BRAZIL 1;3;0;1.76;0.89;4.3;14.5;56;44;15;7;8;3;116;111;34;30
2020-08-29;Bahia;Palmeiras;BRAZIL 1;1;1;1.0;1.33;2.28;11.0;49;51;9;11;2;5;103;109;39;38
2020-08-29;Rennes;Montpellier;FRANCE 1;2;1;1.57;1.17;5.7;25.0;66;34;14;11;6;3;128;121;35;34
2020-08-30;Metz;Monaco;FRANCE 1;0;1;2.01;0.67;1.7;9.6;54;46;16;4;7;3;128;101;70;26
2020-08-30;Reims;Lille;FRANCE 1;0;1;0.75;1.32;2.62;11.0;50;50;5;10;0;4;80;80;59;57
2020-08-30;Sao Paulo;Corinthians;BRAZIL 1;2;1;1.79;1.04;3.45;8.8;53;47;16;8;7;6;129;76;38;14
2020-09-02;Palmeiras;Internacional;BRAZIL 1;1;1;1.12;1.12;6.0;16.5;50;50;12;10;2;3;101;114;29;36
2020-09-06;Internacional;Bahia;BRAZIL 1;2;2;1.73;1.31;5.0;15.0;62;38;12;10;6;6;136;72;75;36
2020-09-06;Sao Paulo;Fluminense;BRAZIL 1;3;1;1.3;1.57;5.6;15.5;49;51;13;15;4;6;116;99;25;27
2020-09-06;Bragantino;Palmeiras;BRAZIL 1;1;2;1.99;1.63;1.94;8.6;38;62;20;14;5;6;105;100;53;44
2020-09-09;Sao Paulo;Bragantino;BRAZIL 1;1;1;1.99;1.36;4.4;12.5;59;41;18;13;7;5;130;84;49;25
2020-09-10;Lens;PSG;FRANCE 1;1;0;1.11;1.05;1.78;12.5;21;79;9;8;5;0;84;177;25;71
2020-09-10;Corinthians;Palmeiras;BRAZIL 1;0;2;1.22;2.36;2.44;9.4;56;44;10;23;5;9;95;90;32;40
2020-09-12;Montpellier;Nice;FRANCE 1;3;1;2.31;1.07;2.42;12.5;37;63;19;11;11;2;94;106;47;31
2020-09-12;Santos;Sao Paulo;BRAZIL 1;2;2;1.42;1.78;3.45;9.2;54;46;11;15;6;9;109;79;41;28
2020-09-12;Crystal Palace;Southampton;ENGLAND 1;1;0;1.04;1.41;6.0;22.0;29;71;7;9;4;6;91;134;42;56
2020-09-12;Fulham;Arsenal;ENGLAND 1;0;3;0.93;1.64;1.6;9.8;45;55;6;14;3;6;108;114;45;46
2020-09-13;Monaco;Nantes;FRANCE 1;2;1;1.87;0.92;8.4;48.0;57;43;16;7;6;3;111;93;60;36
2020-09-13;Fluminense;Corinthians;BRAZIL 1;2;1;1.28;1.11;4.2;11.0;48;52;11;9;4;4;106;78;41;36
2020-09-13;Lille;Metz;FRANCE 1;1;0;1.73;0.7;10.5;34.0;61;39;13;5;7;2;135;90;56;32
2020-09-13;Lorient;Lens;FRANCE 1;2;3;0.87;1.6;1.89;9.8;46;54;6;12;4;7;97;114;27;47
2020-09-16;PSG;Metz;FRANCE 1;1;0;2.24;0.7;20.0;80.0;71;29;19;5;9;2;141;80;56;32
2020-09-16;Corinthians;Bahia;BRAZIL 1;3;2;1.19;2.53;5.6;21.0;33;67;10;21;6;8;71;153;19;89
2020-09-19;Stuttgart;Freiburg;GERMANY 1;2;3;2.09;1.19;5.3;27.0;64;36;18;7;8;7;137;81;53;35
2020-09-19;Union Berlin;Augsburg;GERMANY 1;1;3;1.36;1.05;4.2;13.5;58;42;10;7;4;6;130;72;60;25
2020-09-19;Rennes;Monaco;FRANCE 1;2;1;1.62;1.34;2.62;13.0;58;42;15;14;4;3;141;71;52;34
2020-09-19;Fortaleza;Internacional;BRAZIL 1;1;0;1.25;1.18;2.98;12.5;41;59;11;12;4;2;79;133;38;37
2020-09-19;Fiorentina;Torino;ITALY 1;1;0;1.72;0.74;6.0;16.0;49;51;16;6;3;3;130;75;68;19
2020-09-20;Sassuolo;Cagliari;ITALY 1;1;1;2.99;1.08;3.15;14.5;67;33;30;7;10;5;124;81;56;39
2020-09-20;Wolfsburg;Bayer Leverkusen;GERMANY 1;0;0;1.07;1.08;1.85;12.5;40;60;10;8;2;4;121;126;39;38
2020-09-20;Chelsea;Liverpool;ENGLAND 1;0;2;0.56;2.22;3.35;19.5;38;62;4;17;2;6;53;160;22;100
2020-09-20;Real Sociedad;Real Madrid;SPAIN 1;0;0;0.8;2.03;3.15;11.0;32;68;7;18;2;5;85;136;29;75
2020-09-20;Nice;PSG;FRANCE 1;0;3;1.57;1.87;3.0;17.0;50;50;13;16;5;6;81;94;55;61
2020-09-20;Parma;Napoli;ITALY 1;0;2;1.01;2.14;1.57;8.0;39;61;9;19;3;7;82;142;31;62
2020-09-20;Metz;Reims;FRANCE 1;2;1;1.77;1.21;3.55;13.0;59;41;16;10;4;5;119;88;66;30
2020-09-20;Brest;Lorient;FRANCE 1;3;2;2.15;1.02;3.45;11.5;57;43;18;9;8;3;141;81;62;32
2020-09-21;AC Milan;Bologna;ITALY 1;2;0;2.03;1.4;3.25;12.5;58;42;19;14;6;4;117;88;57;32
2020-09-25;Lille;Nantes;FRANCE 1;2;0;1.31;1.58;6.8;21.0;54;46;12;12;4;7;129;114;35;45
2020-09-26;Torino;Atalanta;ITALY 1;2;4;1.13;2.1;2.38;9.4;44;56;9;18;5;6;98;118;28;75
2020-09-26;Bayer Leverkusen;RB Leipzig;GERMANY 1;1;1;1.46;0.95;4.6;27.0;59;41;12;8;5;3;155;97;45;31
2020-09-26;Internacional;Sao Paulo;BRAZIL 1;1;1;0.81;2.23;2.92;7.4;42;58;6;21;3;8;102;105;28;48
2020-09-26;Crystal Palace;Everton;ENGLAND 1;1;2;1.18;1.34;5.2;14.5;42;58;9;11;2;5;103;103;65;40
2020-09-26;Cagliari;Lazio;ITALY 1;0;2;1.02;1.92;2.0;9.6;44;56;10;17;3;7;100;107;23;49
2020-09-27;Freiburg;Wolfsburg;GERMANY 1;1;1;1.92;1.13;3.15;14.0;53;47;18;9;5;4;107;97;60;37
2020-09-27;Napoli;Genoa;ITALY 1;6;0;2.07;0.88;13.0;30.0;57;43;17;8;10;2;111;74;41;31
2020-09-27;Reims;PSG;FRANCE 1;0;2;1.15;2.36;1.47;11.5;35;65;9;21;4;8;60;111;42;66
2020-09-27;Santos;Fortaleza;BRAZIL 1;1;1;1.58;1.39;5.7;19.0;54;46;14;14;4;4;90;87;58;31
2020-09-27;Monaco;Strasbourg;FRANCE 1;3;2;1.49;1.65;5.4;32.0;57;43;12;14;6;6;113;118;42;47
2020-09-28;Liverpool;Arsenal;ENGLAND 1;3;1;2.64;0.72;3.1;15.5;66;34;23;5;10;4;159;49;66;17
2020-09-28;Fulham;Aston Villa;ENGLAND 1;0;3;1.87;1.43;2.86;15.0;65;35;18;13;3;5;124;87;73;36
2020-09-28;Bologna;Parma;ITALY 1;4;1;1.96;1.0;4.5;16.5;58;42;13;7;9;3;129;93;69;47
2020-09-30;Lazio;Atalanta;ITALY 1;1;4;1.77;1.39;2.5;12.5;60;40;16;11;7;7;144;102;35;27
2020-10-03;Bragantino;Corinthians;BRAZIL 1;0;0;1.4;1.39;3.65;12.0;39;61;12;10;4;5;95;102;49;56
2020-10-03;Stuttgart;Bayer Leverkusen;GERMANY 1;1;1;1.3;1.86;2.32;12.0;47;53;13;17;3;7;112;105;36;41
2020-10-03;Eintracht Frankfurt;Hoffenheim;GERMANY 1;2;1;2.03;1.53;4.2;26.0;51;49;17;14;8;6;131;116;54;29
2020-10-03;Chelsea;Crystal Palace;ENGLAND 1;4;0;1.99;0.58;5.6;28.0;70;30;18;5;7;0;129;78;49;35
2020-10-03;Santa Clara;Gil Vicente;PORTUGAL 1;0;0;1.05;0.84;4.2;11.0;51;49;9;7;4;2;62;69;27;35
2020-10-03;Nice;Nantes;FRANCE 1;2;1;2.07;1.08;5.6;15.0;73;27;17;12;6;2;171;63;78;26
2020-10-04;Strasbourg;Lille;FRANCE 1;0;3;1.28;1.36;2.48;11.0;45;55;13;11;0;6;96;103;63;33
2020-10-04;Aston Villa;Liverpool;ENGLAND 1;7;2;2.44;2.13;1.8;19.5;30;70;20;15;13;9;89;122;37;76
2020-10-04;Coritiba;Sao Paulo;BRAZIL 1;1;1;0.7;2.32;2.62;8.8;24;76;5;20;3;7;55;165;23;77
2020-10-04;Rennes;Reims;FRANCE 1;2;2;2.09;1.25;3.8;14.0;73;27;21;11;4;6;157;66;66;19
2020-10-04;Brest;Monaco;FRANCE 1;1;0;1.23;2.33;2.64;13.5;28;72;11;23;5;4;86;152;25;83
2020-10-04;Wolfsburg;Augsburg;GERMANY 1;0;0;2.07;1.01;3.85;19.5;64;36;17;9;5;2;146;90;89;41
2020-10-04;Atalanta;Cagliari;ITALY 1;5;2;2.75;1.51;8.0;32.0;58;42;23;14;13;4;130;93;54;48
2020-10-07;Corinthians;Santos;BRAZIL 1;1;1;1.54;0.77;5.1;14.5;61;39;14;7;5;2;145;92;40;24
2020-10-08;Bragantino;Internacional;BRAZIL 1;0;2;1.0;1.13;2.64;9.8;48;52;6;8;3;6;118;94;54;26
2020-10-10;Palmeiras;Sao Paulo;BRAZIL 1;0;2;1.28;1.52;5.9;15.0;47;53;10;15;4;5;94;109;50;29
2020-10-11;Fluminense;Bahia;BRAZIL 1;1;0;1.05;1.12;4.0;12.5;50;50;8;11;3;2;112;113;44;38
2020-10-17;Manchester City;Arsenal;ENGLAND 1;1;0;1.73;1.25;4.0;16.5;58;42;14;12;6;4;145;69;57;30
2020-10-17;Everton;Liverpool;ENGLAND 1;2;2;1.48;2.55;1.46;10.5;41;59;13;23;6;9;84;144;32;64
2020-10-17;Napoli;Atalanta;ITALY 1;4;1;2.44;1.53;3.6;15.0;49;51;20;14;12;5;95;123;48;39
2020-10-17;Augsburg;RB Leipzig;GERMANY 1;0;2;0.82;2.14;2.26;11.0;32;68;8;18;3;6;55;156;14;80
2020-10-17;Freiburg;Werder Bremen;GERMANY 1;1;1;2.06;1.33;3.85;14.5;62;38;19;13;5;4;127;73;70;32
2020-10-18;Lille;Lens;FRANCE 1;4;0;1.79;0.77;3.95;13.0;56;44;17;7;7;3;130;85;30;14
2020-10-18;Fortaleza;Palmeiras;BRAZIL 1;2;0;1.46;1.57;2.18;7.6;51;49;13;15;6;4;124;114;28;46
2020-10-18;Bologna;Sassuolo;ITALY 1;3;4;1.81;2.84;4.5;14.5;47;53;15;26;7;13;94;103;52;41
2020-10-18;Nantes;Brest;FRANCE 1;3;1;1.46;1.91;3.25;11.5;39;61;12;17;6;7;124;134;37;47
2020-10-18;Torino;Cagliari;ITALY 1;2;3;1.62;1.58;3.95;12.0;59;41;12;14;7;6;128;81;50;38
2020-10-18;Udinese;Parma;ITALY 1;3;2;1.8;1.16;4.9;17.5;41;59;16;10;5;4;96;99;61;33
2020-10-23;Sassuolo;Torino;ITALY 1;3;3;2.05;2.33;3.45;11.5;72;28;19;19;7;12;130;56;49;42
2020-10-24;Union Berlin;Freiburg;GERMANY 1;1;1;2.02;1.23;3.5;14.0;50;50;19;8;7;5;93;99;46;50
2020-10-24;Santa Clara;Sporting CP;PORTUGAL 1;1;2;0.66;1.68;1.6;0.0;34;66;4;15;3;4;88;137;25;61
2020-10-24;Lazio;Bologna;ITALY 1;2;1;1.0;2.11;4.9;15.5;48;52;7;22;4;5;101;145;36;51
2020-10-24;Fulham;Crystal Palace;ENGLAND 1;1;2;2.0;1.72;3.6;17.0;64;36;18;13;4;9;133;70;81;38
2020-10-25;Montpellier;Reims;FRANCE 1;0;4;0.61;2.7;1.78;10.5;32;68;5;25;2;9;75;137;19;69
2020-10-25;Southampton;Everton;ENGLAND 1;2;0;1.69;0.91;2.74;12.5;54;46;13;7;7;3;111;109;51;34
2020-10-25;Brest;Strasbourg;FRANCE 1;0;3;1.89;0.87;3.7;14.0;63;37;16;6;6;4;139;100;63;27
2020-10-25;Fluminense;Santos;BRAZIL 1;3;1;1.82;1.05;4.7;12.5;47;53;17;10;8;3;89;87;26;27
2020-10-25;Nice;Lille;FRANCE 1;1;1;1.08;1.31;3.15;11.5;53;47;10;11;3;5;91;104;32;35
2020-10-25;Fiorentina;Udinese;ITALY 1;3;2;0.87;1.97;6.4;23.0;44;56;5;17;4;6;81;105;36;67
2020-10-25;Werder Bremen;Hoffenheim;GERMANY 1;1;1;0.81;2.03;4.1;23.0;49;51;6;17;3;8;95;124;29;54
2020-10-26;Bayer Leverkusen;Augsburg;GERMANY 1;3;1;2.13;0.9;10.5;75.0;65;35;18;7;9;4;119;91;50;23
2020-10-28;Sporting CP;Gil Vicente;PORTUGAL 1;3;1;1.51;0.56;30.0;95.0;64;36;12;4;7;2;119;75;35;21
2020-10-31;Rennes;Brest;FRANCE 1;2;1;2.77;1.14;3.6;12.5;69;31;26;10;8;5;160;69;78;22
2020-10-31;Nantes;PSG;FRANCE 1;0;3;0.74;1.66;1.42;12.5;36;64;7;14;2;5;96;129;19;58
2020-10-31;Corinthians;Internacional;BRAZIL 1;1;0;1.1;1.07;3.3;11.0;35;65;8;9;4;0;113;153;41;67
2020-10-31;Fortaleza;Fluminense;BRAZIL 1;0;1;0.46;1.52;5.3;16.0;43;57;4;12;0;5;81;129;27;56
2020-10-31;Bologna;Cagliari;ITALY 1;3;2;2.74;1.39;6.8;20.0;52;48;24;10;12;5;102;120;54;55
2020-10-31;Burnley;Chelsea;ENGLAND 1;0;3;0.61;2.03;1.53;8.2;36;64;6;15;0;10;106;113;30;53
2020-10-31;Eintracht Frankfurt;Werder Bremen;GERMANY 1;1;1;2.08;1.19;4.5;18.5;72;28;16;11;7;4;182;70;78;30
2020-11-01;Udinese;AC Milan;ITALY 1;1;2;1.33;1.72;2.0;9.8;40;60;12;15;4;5;99;144;40;57
2020-11-01;Aston Villa;Southampton;ENGLAND 1;3;4;2.44;1.09;9.2;42.0;56;44;19;10;10;5;86;84;76;13
2020-11-01;Torino;Lazio;ITALY 1;3;4;1.73;1.78;2.66;9.2;45;55;16;15;7;6;87;116;31;57
2020-11-01;Reims;Strasbourg;FRANCE 1;2;1;1.4;1.23;2.2;10.0;51;49;12;10;5;4;145;94;37;43
2020-11-01;Freiburg;Bayer Leverkusen;GERMANY 1;2;4;1.2;2.18;1.59;9.4;40;60;9;21;6;9;85;128;28;30
2020-11-01;Santos;Bahia;BRAZIL 1;3;1;1.61;2.08;3.95;15.0;56;44;11;23;8;5;109;113;48;39
2020-11-01;Napoli;Sassuolo;ITALY 1;0;2;2.46;1.24;8.6;23.0;43;57;22;10;7;6;120;85;82;25
2020-11-02;Hoffenheim;Union Berlin;GERMANY 1;1;3;1.28;1.43;3.45;16.0;60;40;11;11;4;7;119;78;41;33
2020-11-04;Genoa;Torino;ITALY 1;1;2;1.67;0.99;3.35;9.8;51;49;15;8;3;2;118;93;70;46
2020-11-06;Sassuolo;Udinese;ITALY 1;0;0;0.72;0.54;2.66;10.5;62;38;4;3;2;0;120;84;42;47
2020-11-07;Stuttgart;Eintracht Frankfurt;GERMANY 1;2;2;1.75;2.1;6.4;32.0;39;61;17;18;6;8;84;121;36;56
2020-11-07;RB Leipzig;Freiburg;GERMANY 1;3;0;1.84;1.2;4.8;21.0;57;43;16;9;7;4;113;92;47;48
2020-11-07;Parma;Fiorentina;ITALY 1;0;0;0.46;1.04;2.1;10.5;36;64;5;8;0;5;58;73;19;24
2020-11-07;PSG;Rennes;FRANCE 1;3;0;1.36;1.71;8.4;32.0;49;51;8;12;5;4;111;114;69;93
2020-11-08;Manchester City;Liverpool;ENGLAND 1;1;1;1.05;1.28;2.28;18.5;54;46;8;11;3;4;96;95;45;42
2020-11-08;Bologna;Napoli;ITALY 1;0;1;1.48;2.1;2.9;8.4;47;53;12;17;4;5;91;115;61;95
2020-11-08;Nice;Monaco;FRANCE 1;1;2;0.96;1.32;2.28;11.5;62;38;8;12;4;7;74;43;23;11
2020-11-08;Arsenal;Aston Villa;ENGLAND 1;0;3;1.5;1.6;11.0;40.0;58;42;15;15;3;5;83;106;48;41
2020-11-08;Lazio;Juventus;ITALY 1;1;1;1.85;1.69;2.56;8.4;54;46;13;13;4;6;117;85;104;62
2020-11-08;Brest;Lille;FRANCE 1;3;2;1.44;2.2;3.2;10.0;36;64;9;16;7;6;82;116;53;107
2020-11-08;Lens;Reims;FRANCE 1;4;4;1.27;1.17;7.0;24.0;62;38;11;8;4;7;74;66;41;24
2020-11-08;Lorient;Nantes;FRANCE 1;0;2;1.89;1.99;4.5;14.5;47;53;14;15;6;5;94;121;82;96
2020-11-08;Wolfsburg;Hoffenheim;GERMANY 1;2;1;1.55;1.53;2.96;19.0;46;54;10;9;6;4;118;133;68;93
2020-11-11;Bahia;Fortaleza;BRAZIL 1;2;1;1.71;1.09;6.6;26.0;33;67;16;9;7;2;71;130;30;50
2020-11-14;Santos;Internacional;BRAZIL 1;2;0;1.27;1.48;3.3;9.8;39;61;11;12;5;7;79;139;31;29
2020-11-14;Fortaleza;Sao Paulo;BRAZIL 1;2;3;1.36;1.24;2.94;9.6;49;51;12;9;5;5;94;103;34;43
2020-11-14;Palmeiras;Fluminense;BRAZIL 1;2;0;1.5;2.01;7.2;25.0;50;50;11;19;7;8;113;114;42;34
2020-11-20;Bragantino;Bahia;BRAZIL 1;4;0;1.5;1.21;3.25;12.5;52;48;12;11;7;3;104;78;33;42
2020-11-20;Monaco;PSG;FRANCE 1;3;2;0.0;0.0;1.87;14.0;52;48;14;9;5;5;0;0;0;0
2020-11-21;Villarreal;Real Madrid;SPAIN 1;1;1;1.45;1.0;2.14;19.0;47;53;14;8;2;2;113;111;59;47
2020-11-21;Juventus;Cagliari;ITALY 1;2;0;2.67;0.69;9.6;26.0;66;34;25;5;9;0;153;91;64;51
2020-11-21;Eintracht Frankfurt;RB Leipzig;GERMANY 1;1;1;1.07;1.3;2.64;18.5;37;63;9;10;3;4;107;134;38;51
2020-11-21;Hoffenheim;Stuttgart;GERMANY 1;3;3;1.8;2.53;2.04;14.5;42;58;13;22;9;11;101;114;48;52
2020-11-22;Napoli;AC Milan;ITALY 1;1;3;2.24;1.73;4.4;15.5;62;38;19;14;7;8;123;96;76;39
2020-11-22;Lille;Lorient;FRANCE 1;4;0;4.0;0.95;7.0;21.0;63;37;41;9;14;3;142;79;62;22
2020-11-22;Internacional;Fluminense;BRAZIL 1;1;2;1.36;0.93;7.8;20.0;50;50;12;8;3;3;126;102;53;28
2020-11-22;Udinese;Genoa;ITALY 1;1;0;1.04;1.3;4.4;13.5;45;55;9;12;3;2;114;139;34;54
2020-11-22;Fulham;Everton;ENGLAND 1;2;3;2.15;1.46;4.6;13.5;54;46;16;10;8;8;153;94;79;36
2020-11-22;Nantes;Metz;FRANCE 1;1;1;2.04;1.46;3.95;14.0;66;34;18;12;5;6;140;86;76;39
2020-11-23;Burnley;Crystal Palace;ENGLAND 1;1;0;1.3;1.83;1.79;8.0;46;54;12;16;5;6;85;123;26;54
2020-11-25;Lens;Nantes;FRANCE 1;1;1;1.0;1.57;6.4;19.0;49;51;9;15;3;5;110;121;29;36
2020-11-27;Strasbourg;Rennes;FRANCE 1;1;1;0.76;2.09;2.32;980.0;31;69;6;18;3;6;90;134;22;73
2020-11-27;Wolfsburg;Werder Bremen;GERMANY 1;5;3;1.7;0.96;3.7;19.5;61;39;13;6;7;5;118;70;52;31
2020-11-28;Bahia;Sao Paulo;BRAZIL 1;1;3;1.93;2.46;5.0;13.0;36;64;17;20;7;10;86;116;52;70
2020-11-28;Manchester City;Burnley;ENGLAND 1;5;0;2.18;0.77;20.0;65.0;68;32;20;7;8;2;104;79;50;25
2020-11-28;Augsburg;Freiburg;GERMANY 1;1;1;1.18;1.24;2.88;10.0;59;41;11;9;3;6;111;87;36;33
2020-11-28;Union Berlin;Eintracht Frankfurt;GERMANY 1;3;3;1.64;1.37;2.86;12.0;44;56;14;12;7;5;92;110;37;34
2020-11-29;AC Milan;Fiorentina;ITALY 1;2;0;1.56;0.96;4.1;17.5;44;56;14;5;4;3;107;116;54;58
2020-11-29;Real Sociedad;Villarreal;SPAIN 1;1;1;1.11;1.35;3.95;14.0;54;46;8;12;4;3;120;98;43;52
2020-11-29;Lazio;Udinese;ITALY 1;1;3;1.72;1.25;5.6;19.0;55;45;12;10;7;5;138;104;64;35
2020-11-29;Metz;Brest;FRANCE 1;0;2;2.07;1.51;2.26;9.4;46;54;18;13;7;4;105;104;62;56
2020-11-30;Genoa;Parma;ITALY 1;1;2;1.68;1.13;4.2;16.5;52;48;15;9;6;3;140;122;41;46
2020-11-30;Fluminense;Bragantino;BRAZIL 1;0;0;1.01;1.67;5.0;17.0;45;55;9;13;2;7;94;116;40;48
2020-12-02;Fortaleza;Corinthians;BRAZIL 1;0;0;1.95;1.41;5.2;14.0;45;55;17;11;7;6;113;106;53;39
2020-12-05;Juventus;Torino;ITALY 1;2;1;2.0;0.83;7.6;19.5;65;35;17;7;5;3;163;74;78;23
2020-12-05;Rennes;Lens;FRANCE 1;0;2;1.31;1.05;3.3;15.5;59;41;9;7;5;5;136;109;52;33
2020-12-05;Montpellier;PSG;FRANCE 1;1;3;1.58;1.67;1.57;12.5;35;65;17;15;3;6;99;138;41;40
2020-12-05;Burnley;Everton;ENGLAND 1;1;1;1.22;2.06;2.24;7.8;41;59;9;18;4;8;113;107;50;50
2020-12-05;Manchester City;Fulham;ENGLAND 1;2;0;2.08;0.74;13.5;55.0;68;32;18;7;7;2;136;94;62;20
2020-12-06;Reims;Nice;FRANCE 1;0;0;1.43;1.32;3.2;12.0;35;65;15;11;3;4;115;132;36;46
2020-12-06;Nantes;Strasbourg;FRANCE 1;0;4;1.47;1.57;2.64;11.5;62;38;14;12;3;8;154;82;49;35
2020-12-06;Werder Bremen;Stuttgart;GERMANY 1;1;2;1.36;1.71;1.64;13.5;53;47;13;13;3;8;143;104;43;45
2020-12-06;Lille;Monaco;FRANCE 1;2;1;1.33;1.24;3.3;17.5;41;59;11;9;6;4;125;141;27;52
2020-12-07;Hoffenheim;Augsburg;GERMANY 1;3;1;1.67;1.39;3.05;22.0;55;45;11;14;8;3;112;93;56;40
2020-12-07;Fiorentina;Genoa;ITALY 1;1;1;1.96;0.93;4.3;13.0;61;39;17;6;6;4;149;100;63;36
2020-12-11;Wolfsburg;Eintracht Frankfurt;GERMANY 1;2;1;2.29;1.11;2.66;13.5;54;46;18;8;8;5;134;99;82;34
2020-12-12;Everton;Chelsea;ENGLAND 1;1;0;1.28;1.38;1.7;11.0;28;72;10;10;5;3;87;151;40;72
2020-12-12;Lens;Montpellier;FRANCE 1;2;3;1.73;1.74;9.6;50.0;59;41;12;14;5;9;165;75;84;32
2020-12-12;Bragantino;Fortaleza;BRAZIL 1;2;1;2.16;1.63;3.7;12.0;52;48;18;14;10;6;122;97;44;44
2020-12-12;Palmeiras;Bahia;BRAZIL 1;3;0;1.9;2.37;5.5;18.5;59;41;16;24;8;9;102;80;46;33
2020-12-12;Torino;Udinese;ITALY 1;2;3;1.34;1.28;3.55;10.0;61;39;10;11;5;4;160;82;46;42
2020-12-12;RB Leipzig;Werder Bremen;GERMANY 1;2;0;2.07;1.12;9.4;55.0;55;45;17;11;9;3;155;69;49;30
2020-12-13;Fulham;Liverpool;ENGLAND 1;1;1;1.52;1.66;1.58;16.0;24;76;11;12;6;6;70;126;56;65
2020-12-13;Genoa;Juventus;ITALY 1;1;3;0.56;2.27;1.89;6.2;29;71;4;18;3;9;51;152;13;68
2020-12-13;Bayer Leverkusen;Hoffenheim;GERMANY 1;4;1;1.87;1.33;13.5;70.0;60;40;14;11;9;4;109;101;49;48
2020-12-13;Brest;Reims;FRANCE 1;2;1;1.19;1.64;5.5;22.0;51;49;9;14;5;6;105;113;36;45
2020-12-13;AC Milan;Parma;ITALY 1;2;2;2.56;0.77;11.0;46.0;65;35;25;6;6;4;159;71;77;14
2020-12-13;Corinthians;Sao Paulo;BRAZIL 1;1;0;1.8;2.01;2.62;7.4;38;62;17;18;6;8;105;118;42;42
2020-12-13;Nice;Rennes;FRANCE 1;0;1;1.38;1.71;3.6;13.0;54;46;12;16;4;6;125;113;46;38
2020-12-13;Strasbourg;Metz;FRANCE 1;2;2;1.78;0.76;3.55;14.0;56;44;17;6;3;3;125;88;69;21
2020-12-13;Atalanta;Fiorentina;ITALY 1;3;0;2.13;0.94;6.6;28.0;53;47;20;6;8;4;128;110;42;37
2020-12-15;Stuttgart;Union Berlin;GERMANY 1;2;2;1.64;1.62;5.1;16.0;62;38;15;16;6;5;135;95;35;36
2020-12-16;Hoffenheim;RB Leipzig;GERMANY 1;0;1;1.2;0.73;1.56;22.0;44;56;9;4;5;3;117;121;36;33
2020-12-16;Arsenal;Southampton;ENGLAND 1;1;1;1.18;1.85;25.0;95.0;35;65;10;16;5;6;83;97;27;59
2020-12-16;Reims;Nantes;FRANCE 1;3;2;1.67;2.11;3.5;12.5;45;55;15;18;5;9;101;164;51;45
2020-12-16;Juventus;Atalanta;ITALY 1;1;1;1.57;1.83;3.0;11.0;54;46;14;15;7;7;112;117;26;54
2020-12-16;Monaco;Lens;FRANCE 1;0;3;0.84;1.29;4.1;21.0;32;68;8;10;2;6;86;143;25;30
2020-12-16;Parma;Cagliari;ITALY 1;0;0;1.2;0.91;3.7;16.0;56;44;12;7;4;6;38;31;24;6
2020-12-16;Fiorentina;Sassuolo;ITALY 1;1;1;1.6;1.53;6.4;24.0;33;67;15;12;6;6;78;89;33;49
2020-12-16;Genoa;AC Milan;ITALY 1;2;2;0.94;1.67;1.8;9.2;42;58;8;14;4;5;88;150;20;58
2020-12-17;Aston Villa;Burnley;ENGLAND 1;0;0;2.93;0.98;6.2;19.5;59;41;30;7;9;5;107;101;58;24
2020-12-19;Metz;Lens;FRANCE 1;2;0;1.39;1.72;1.76;8.6;39;61;12;18;5;4;84;138;39;40
2020-12-19;Crystal Palace;Liverpool;ENGLAND 1;0;7;0.96;1.67;1.56;11.0;35;65;6;14;4;8;108;120;40;30
2020-12-19;Parma;Juventus;ITALY 1;0;4;1.47;2.33;1.8;8.2;37;63;13;20;5;8;78;142;41;70
2020-12-19;Internacional;Palmeiras;BRAZIL 1;2;0;1.27;1.27;3.35;9.4;41;59;12;14;4;0;101;114;31;53
2020-12-19;Everton;Arsenal;ENGLAND 1;2;1;1.15;1.46;2.02;7.2;42;58;10;13;3;2;74;113;42;68
2020-12-19;Augsburg;Eintracht Frankfurt;GERMANY 1;0;2;1.84;1.93;2.92;13.0;45;55;16;17;5;7;127;138;65;49
2020-12-19;Southampton;Manchester City;ENGLAND 1;0;1;1.2;1.52;1.24;12.5;48;52;10;12;4;6;89;113;39;46
2020-12-20;Wolfsburg;Stuttgart;GERMANY 1;1;0;1.72;1.45;2.5;15.0;47;53;15;12;6;4;92;105;49;57
2020-12-20;Lorient;Rennes;FRANCE 1;0;3;0.8;1.75;2.74;11.0;43;57;9;17;0;6;99;118;31;34
2020-12-20;Lille;PSG;FRANCE 1;0;0;1.05;1.4;1.93;12.0;30;70;9;11;4;4;75;145;27;57
2020-12-20;Lazio;Napoli;ITALY 1;2;0;1.05;1.74;3.0;11.0;39;61;10;15;3;6;71;137;28;50
2020-12-20;Gil Vicente;Benfica;PORTUGAL 1;0;2;1.5;1.77;1.58;8.2;27;73;14;11;6;7;74;162;27;79
2020-12-20;Brest;Montpellier;FRANCE 1;2;2;1.97;1.33;8.6;34.0;55;45;17;11;7;5;126;90;56;38
2020-12-20;Torino;Bologna;ITALY 1;1;1;1.74;1.96;2.98;8.2;51;49;16;18;6;7;103;92;43;46
2020-12-20;Sassuolo;AC Milan;ITALY 1;1;2;2.1;1.43;1.89;11.5;68;32;18;12;6;6;119;63;75;36
2020-12-20;Cagliari;Udinese;ITALY 1;1;1;1.42;1.7;3.85;11.5;52;48;13;15;4;5;111;93;43;56
2020-12-22;Juventus;Fiorentina;ITALY 1;0;3;1.78;1.47;5.4;15.0;53;47;15;11;6;6;120;94;56;49
2020-12-23;AC Milan;Lazio;ITALY 1;3;2;1.64;1.78;3.85;16.0;38;62;14;14;6;7;91;133;46;55
2020-12-23;Napoli;Torino;ITALY 1;1;1;2.06;1.19;10.5;26.0;65;35;18;11;8;4;138;88;49;29
2020-12-23;PSG;Strasbourg;FRANCE 1;4;0;2.13;0.99;13.5;65.0;68;32;18;9;8;3;153;65;59;29
2020-12-23;Montpellier;Lille;FRANCE 1;2;3;1.91;1.35;1.91;11.0;46;54;17;10;7;7;97;107;48;29
2020-12-23;Bologna;Atalanta;ITALY 1;2;2;1.27;1.99;2.56;10.0;46;54;10;15;5;8;102;152;39;65
2020-12-23;Nice;Lorient;FRANCE 1;2;2;0.64;2.8;6.6;21.0;41;59;4;27;4;10;60;135;14;55
2020-12-23;Lens;Brest;FRANCE 1;2;1;1.46;1.49;4.8;17.0;47;53;14;11;5;5;117;119;30;60
2020-12-26;Aston Villa;Crystal Palace;ENGLAND 1;3;0;2.63;1.85;6.0;23.0;38;62;23;14;12;7;102;113;48;65
2020-12-26;Fulham;Southampton;ENGLAND 1;0;0;1.45;0.62;8.0;32.0;46;54;12;3;3;2;98;121;66;37
2020-12-26;Arsenal;Chelsea;ENGLAND 1;3;1;1.97;1.76;7.4;32.0;39;61;17;18;9;3;76;105;37;57
2020-12-26;Fluminense;Sao Paulo;BRAZIL 1;1;2;1.12;1.39;3.4;8.2;41;59;11;12;3;5;89;114;29;37
2020-12-27;Bahia;Internacional;BRAZIL 1;1;2;1.56;2.18;3.95;12.5;51;49;15;16;4;11;103;99;46;56
2020-12-28;Chelsea;Aston Villa;ENGLAND 1;1;1;1.94;1.22;4.9;26.0;63;37;17;11;6;3;96;120;62;41
2021-01-02;Stuttgart;RB Leipzig;GERMANY 1;0;1;1.19;2.46;4.1;26.0;44;56;11;23;2;9;109;122;48;52
2021-01-02;Werder Bremen;Union Berlin;GERMANY 1;0;2;1.2;1.07;3.95;13.5;57;43;12;10;2;3;133;93;40;31
2021-01-02;Hoffenheim;Freiburg;GERMANY 1;1;3;1.51;1.09;2.62;14.5;70;30;9;7;5;4;154;86;79;50
2021-01-02;Eintracht Frankfurt;Bayer Leverkusen;GERMANY 1;2;1;1.65;1.46;2.24;11.5;34;66;12;8;6;4;87;116;65;93
2021-01-03;Parma;Torino;ITALY 1;0;3;1.79;1.38;2.56;9.4;57;43;16;12;5;6;153;74;58;28
2021-01-03;Cagliari;Napoli;ITALY 1;1;4;1.02;3.12;1.86;9.4;37;63;10;32;2;9;62;122;34;67
2021-01-03;Fiorentina;Bologna;ITALY 1;0;0;1.34;1.19;2.78;9.4;46;54;12;9;2;5;106;99;60;36
2021-01-03;Juventus;Udinese;ITALY 1;4;1;2.39;1.32;10.0;28.0;63;37;20;12;9;4;135;88;68;39
2021-01-03;Atalanta;Sassuolo;ITALY 1;5;1;2.77;1.19;7.6;26.0;45;55;26;10;9;5;114;109;70;27
2021-01-03;Genoa;Lazio;ITALY 1;1;1;1.28;1.82;2.74;8.6;39;61;11;17;4;5;104;125;41;54
2021-01-04;Southampton;Liverpool;ENGLAND 1;1;0;0.95;1.84;1.3;12.5;33;67;8;17;4;2;85;163;21;85
2021-01-04;Santa Clara;Benfica;PORTUGAL 1;1;1;1.36;1.14;1.67;6.2;30;70;10;6;5;3;102;130;51;74
2021-01-06;Lorient;Monaco;FRANCE 1;2;5;1.38;2.43;1.64;12.0;40;60;12;20;5;11;81;129;38;54
2021-01-06;Brest;Nice;FRANCE 1;2;0;1.47;1.76;2.98;10.5;39;61;11;13;7;6;90;158;38;69
2021-01-06;Bragantino;Sao Paulo;BRAZIL 1;4;2;2.93;1.45;3.1;9.0;48;52;27;12;13;6;102;88;45;37
2021-01-06;AC Milan;Juventus;ITALY 1;1;3;2.46;2.04;3.7;12.5;42;58;22;17;10;9;99;99;53;47
2021-01-06;Nantes;Rennes;FRANCE 1;0;0;1.13;1.2;2.5;9.8;28;72;9;10;4;2;98;150;38;56
2021-01-06;Lazio;Fiorentina;ITALY 1;2;1;1.23;1.44;3.85;15.0;45;55;12;9;4;6;85;127;26;60
2021-01-06;Sassuolo;Genoa;ITALY 1;2;1;1.72;1.02;3.35;9.6;63;37;14;8;5;3;143;83;66;41
2021-01-06;Bologna;Udinese;ITALY 1;2;2;1.39;2.55;6.6;18.5;37;63;11;20;7;9;83;131;27;91
2021-01-06;Atalanta;Parma;ITALY 1;3;0;2.25;0.58;5.5;25.0;51;49;19;4;7;2;137;93;77;24
2021-01-09;Genoa;Bologna;ITALY 1;2;0;1.35;1.86;2.32;8.8;35;65;10;15;7;5;103;146;30;77
2021-01-09;AC Milan;Torino;ITALY 1;2;0;1.17;0.77;7.2;23.0;46;54;9;6;5;3;74;55;34;24
2021-01-09;PSG;Brest;FRANCE 1;3;0;2.33;1.23;11.5;46.0;60;40;16;11;13;4;104;60;57;36
2021-01-09;Lens;Strasbourg;FRANCE 1;0;1;1.03;0.85;4.8;19.0;65;35;10;8;3;4;84;40;25;9
2021-01-09;Montpellier;Nantes;FRANCE 1;1;1;0.98;1.12;4.0;14.5;47;53;6;8;5;5;67;81;34;35
2021-01-09;Metz;Nice;FRANCE 1;1;1;1.61;1.18;2.34;13.0;43;57;14;10;9;5;66;98;13;26
2021-01-09;Bayer Leverkusen;Werder Bremen;GERMANY 1;1;1;1.54;0.53;16.5;60.0;73;27;13;4;4;2;215;62;56;18
2021-01-09;Union Berlin;Wolfsburg;GERMANY 1;2;2;1.71;1.39;3.2;13.0;48;52;14;11;7;6;113;112;46;37
2021-01-10;Sao Paulo;Santos;BRAZIL 1;0;1;2.37;0.73;4.2;11.0;68;32;25;6;4;2;138;63;71;29
2021-01-10;Fiorentina;Cagliari;ITALY 1;1;0;1.78;1.03;6.8;27.0;51;49;15;9;5;2;131;96;66;43
2021-01-10;Augsburg;Stuttgart;GERMANY 1;1;4;1.13;2.53;1.85;18.0;43;57;11;24;3;9;86;104;30;55
2021-01-10;Parma;Lazio;ITALY 1;0;2;1.51;2.2;1.85;11.5;46;54;14;22;4;6;109;111;47;55
2021-01-10;Udinese;Napoli;ITALY 1;1;2;2.0;2.08;2.0;10.5;37;63;18;18;9;7;75;149;33;61
2021-01-13;Corinthians;Fluminense;BRAZIL 1;5;0;2.11;1.3;3.75;11.5;57;43;18;14;8;3;112;112;57;27
2021-01-14;Arsenal;Crystal Palace;ENGLAND 1;0;0;1.84;1.43;10.0;28.0;67;33;13;14;6;4;172;92;81;37
2021-01-15;Montpellier;Monaco;FRANCE 1;2;3;1.15;1.47;1.82;24.0;51;49;9;13;4;5;94;103;41;41
2021-01-15;Union Berlin;Bayer Leverkusen;GERMANY 1;1;0;1.07;1.48;1.59;8.8;33;67;11;14;3;3;88;194;22;49
2021-01-16;Werder Bremen;Augsburg;GERMANY 1;2;0;1.32;0.61;4.4;17.5;49;51;12;5;5;0;110;128;28;38
2021-01-16;Wolfsburg;RB Leipzig;GERMANY 1;2;2;1.22;1.72;2.4;15.0;47;53;10;12;3;8;140;89;49;56
2021-01-16;Fulham;Chelsea;ENGLAND 1;0;1;1.21;2.53;2.48;12.0;30;70;11;22;3;7;106;155;41;90
2021-01-17;Lille;Reims;FRANCE 1;2;1;1.23;0.69;10.0;32.0;61;39;10;5;4;2;106;86;42;30
2021-01-17;Atalanta;Genoa;ITALY 1;0;0;2.36;0.94;9.0;29.0;64;36;19;6;4;4;151;88;123;38
2021-01-17;Internacional;Fortaleza;BRAZIL 1;4;2;1.26;1.21;4.4;12.0;45;55;11;12;4;3;100;93;38;32
2021-01-17;Manchester City;Crystal Palace;ENGLAND 1;4;0;1.65;0.28;6.0;26.0;72;28;14;3;7;0;95;36;38;12
2021-01-17;Sassuolo;Parma;ITALY 1;1;1;2.03;1.34;4.6;14.0;61;39;18;12;6;3;128;83;65;51
2021-01-17;Brest;Rennes;FRANCE 1;1;2;1.16;1.06;2.64;11.0;41;59;11;7;2;4;99;120;44;44
2021-01-17;Napoli;Fiorentina;ITALY 1;6;0;1.38;1.44;7.2;19.5;48;52;11;14;8;3;58;129;17;46
2021-01-17;Nantes;Lens;FRANCE 1;1;1;1.23;1.3;2.16;9.2;41;59;11;11;3;4;108;133;43;43
2021-01-18;Cagliari;AC Milan;ITALY 1;0;2;1.8;1.41;1.66;10.0;44;56;18;11;3;7;105;108;63;30
2021-01-18;Palmeiras;Corinthians;BRAZIL 1;4;0;1.98;1.51;7.8;22.0;56;44;17;12;9;6;113;78;38;46
2021-01-20;RB Leipzig;Union Berlin;GERMANY 1;1;0;1.84;0.65;7.4;27.0;67;33;17;5;5;2;187;83;54;25
2021-01-20;Freiburg;Eintracht Frankfurt;GERMANY 1;2;2;1.48;1.83;3.1;16.5;38;62;13;17;5;5;114;132;42;55
2021-01-20;Sao Paulo;Internacional;BRAZIL 1;1;5;1.47;2.29;3.05;8.6;70;30;12;22;6;10;125;94;38;28
2021-01-20;Udinese;Atalanta;ITALY 1;1;1;0.83;2.18;1.68;9.4;34;66;8;20;2;6;71;146;24;68
2021-01-20;Manchester City;Aston Villa;ENGLAND 1;2;0;2.97;1.34;11.5;50.0;69;31;26;12;9;5;129;64;99;32
2021-01-21;Fortaleza;Santos;BRAZIL 1;2;0;1.46;1.26;3.75;11.0;47;53;13;12;5;4;101;70;39;31
2021-01-21;Liverpool;Burnley;ENGLAND 1;0;1;3.02;0.98;15.5;46.0;71;29;28;7;7;5;132;78;108;24
2021-01-22;PSG;Montpellier;FRANCE 1;4;0;2.76;0.67;13.0;65.0;72;28;27;6;8;2;144;61;69;20
2021-01-23;AC Milan;Atalanta;ITALY 1;0;3;1.46;2.28;2.72;14.5;50;50;16;20;3;9;101;107;33;54
2021-01-23;Lens;Nice;FRANCE 1;0;1;1.34;0.95;7.0;32.0;55;45;11;8;2;3;126;82;68;31
2021-01-23;Bayer Leverkusen;Wolfsburg;GERMANY 1;0;1;1.67;1.19;12.5;48.0;63;37;14;9;5;5;166;82;57;37
2021-01-23;Freiburg;Stuttgart;GERMANY 1;2;1;1.25;2.52;2.16;12.0;40;60;10;24;5;8;91;128;36;62
2021-01-23;Augsburg;Union Berlin;GERMANY 1;2;1;0.97;1.33;3.75;14.0;36;64;8;9;4;4;59;148;25;64
2021-01-24;Rennes;Lille;FRANCE 1;0;1;1.42;1.15;2.84;10.0;68;32;12;10;3;5;160;98;60;22
2021-01-24;Lazio;Sassuolo;ITALY 1;2;1;2.2;0.78;9.6;40.0;49;51;20;6;7;2;96;94;63;34
2021-01-24;Juventus;Bologna;ITALY 1;2;0;2.74;1.31;6.4;16.0;52;48;24;11;12;3;114;99;54;55
2021-01-24;Reims;Brest;FRANCE 1;1;0;1.07;1.58;4.5;15.5;35;65;10;17;2;0;90;132;40;69
2021-01-24;Genoa;Cagliari;ITALY 1;1;0;1.64;1.9;3.5;10.5;41;59;15;14;6;5;95;159;37;91
2021-01-25;Corinthians;Bragantino;BRAZIL 1;0;2;1.71;1.91;3.9;11.0;59;41;14;17;6;8;139;120;55;37
2021-01-26;Southampton;Arsenal;ENGLAND 1;1;3;1.59;1.2;1.27;13.0;58;42;14;9;6;5;108;102;39;37
2021-01-28;Bahia;Corinthians;BRAZIL 1;2;1;1.2;1.97;6.0;20.0;41;59;8;18;8;5;80;134;17;66
2021-01-29;Torino;Fiorentina;ITALY 1;1;1;1.65;0.94;2.36;9.6;51;49;16;9;4;2;109;95;49;31
2021-01-30;Montpellier;Lens;FRANCE 1;1;2;2.09;1.28;1.88;10.5;55;45;18;12;6;5;129;76;73;23
2021-01-30;Villarreal;Real Sociedad;SPAIN 1;1;1;0.56;1.45;5.1;18.0;35;65;4;11;3;5;47;117;12;54
2021-01-30;Southampton;Aston Villa;ENGLAND 1;0;1;2.14;1.29;1.6;11.0;59;41;20;9;5;5;114;90;73;51
2021-01-30;RB Leipzig;Bayer Leverkusen;GERMANY 1;1;0;1.8;1.16;1.87;13.0;45;55;18;9;5;4;95;132;43;41
2021-01-30;Bologna;AC Milan;ITALY 1;1;2;1.42;2.26;2.82;10.5;48;52;11;19;6;12;105;93;41;30
2021-01-31;Cagliari;Sassuolo;ITALY 1;1;1;1.06;2.04;3.15;10.5;29;71;7;16;5;7;54;89;37;76
2021-01-31;Atalanta;Lazio;ITALY 1;1;3;1.06;1.28;5.5;21.0;57;43;8;10;3;7;138;73;45;21
2021-01-31;Strasbourg;Reims;FRANCE 1;0;1;1.28;1.02;3.1;12.0;47;53;11;7;3;5;85;83;52;30
2021-01-31;Lorient;PSG;FRANCE 1;3;2;1.42;1.62;1.42;12.0;35;65;12;13;5;4;59;88;44;72
2021-01-31;Brest;Metz;FRANCE 1;2;4;0.9;1.45;8.4;21.0;63;37;5;12;3;6;93;74;51;38
2021-01-31;Wolfsburg;Freiburg;GERMANY 1;3;0;1.57;1.21;2.98;15.0;45;55;12;10;7;3;102;113;43;49
2021-01-31;Internacional;Bragantino;BRAZIL 1;2;1;1.19;1.68;6.2;21.0;36;64;10;15;3;6;111;124;46;42
2021-01-31;Nantes;Monaco;FRANCE 1;1;2;0.91;1.52;1.84;9.0;31;69;8;14;3;3;85;150;26;57
2021-01-31;Napoli;Parma;ITALY 1;2;0;1.3;0.81;7.8;30.0;47;53;11;6;4;2;90;122;45;37
2021-01-31;Chelsea;Burnley;ENGLAND 1;2;0;2.1;0.18;11.0;42.0;71;29;17;0;9;0;91;66;56;23
2021-02-01;Sporting CP;Benfica;PORTUGAL 1;1;0;1.12;0.96;3.55;16.5;46;54;6;4;2;3;150;168;80;65
2021-02-03;Monaco;Nice;FRANCE 1;2;1;1.94;0.71;4.4;23.0;42;58;19;5;6;3;103;110;44;22
2021-02-03;Rennes;Lorient;FRANCE 1;1;1;1.77;1.42;4.9;19.5;59;41;14;13;6;4;133;102;63;44
2021-02-03;Bahia;Fluminense;BRAZIL 1;0;1;1.71;1.35;6.6;18.0;54;46;13;12;7;5;142;119;53;32
2021-02-03;Strasbourg;Brest;FRANCE 1;2;2;1.21;0.86;3.9;16.5;41;59;10;5;4;3;108;127;40;43
2021-02-06;Genoa;Napoli;ITALY 1;2;1;0.78;2.88;1.71;6.8;33;67;5;26;3;10;77;161;34;74
2021-02-06;Lens;Rennes;FRANCE 1;0;0;0.75;1.18;3.9;14.5;52;48;8;11;0;2;111;115;31;46
2021-02-06;Aston Villa;Arsenal;ENGLAND 1;1;0;1.92;1.96;1.8;10.5;33;67;14;16;10;5;94;132;46;82
2021-02-06;Bayer Leverkusen;Stuttgart;GERMANY 1;5;2;2.51;1.62;4.7;23.0;56;44;24;14;9;7;110;92;51;33
2021-02-06;Atalanta;Torino;ITALY 1;3;3;1.58;1.69;2.18;11.0;57;43;13;18;5;5;125;108;55;27
2021-02-06;Augsburg;Wolfsburg;GERMANY 1;0;2;1.16;1.77;2.84;10.0;45;55;11;15;3;8;86;128;34;34
2021-02-07;Nantes;Lille;FRANCE 1;0;2;0.78;1.55;2.0;8.4;43;57;7;15;2;4;93;139;26;43
2021-02-07;Hoffenheim;Eintracht Frankfurt;GERMANY 1;1;3;0.95;1.52;2.26;13.5;46;54;7;12;2;6;117;104;48;46
2021-02-07;Lazio;Cagliari;ITALY 1;1;0;2.24;1.08;7.8;26.0;62;38;15;8;7;3;121;75;112;50
2021-02-07;Parma;Bologna;ITALY 1;0;3;1.95;1.75;1.96;9.6;57;43;17;16;6;7;130;114;62;33
2021-02-07;Liverpool;Manchester City;ENGLAND 1;1;4;1.22;1.28;3.65;20.0;55;45;9;9;4;6;140;84;49;40
2021-02-09;Gil Vicente;Sporting CP;PORTUGAL 1;1;2;0.69;1.81;1.28;9.0;32;68;6;17;3;6;89;149;11;41
2021-02-12;RB Leipzig;Augsburg;GERMANY 1;2;1;1.46;0.8;7.4;38.0;59;41;15;6;4;3;124;93;31;27
2021-02-13;Reims;Lens;FRANCE 1;1;1;1.19;2.16;2.46;11.5;35;65;9;19;6;6;84;137;26;75
2021-02-13;Napoli;Juventus;ITALY 1;1;0;1.05;2.42;3.65;10.5;37;63;9;24;3;7;73;130;37;58
2021-02-13;PSG;Nice;FRANCE 1;2;1;1.73;1.6;5.5;28.0;55;45;15;15;5;5;98;99;60;42
2021-02-13;Crystal Palace;Burnley;ENGLAND 1;0;3;1.68;1.77;7.0;23.0;53;47;14;18;4;5;108;116;72;39
2021-02-13;Werder Bremen;Freiburg;GERMANY 1;0;0;1.25;1.19;2.64;14.5;46;54;12;11;4;3;90;119;28;38
2021-02-13;Torino;Genoa;ITALY 1;0;0;1.26;1.0;3.75;9.6;45;55;11;8;3;3;104;124;48;36
2021-02-14;Lille;Brest;FRANCE 1;0;0;1.75;0.54;6.0;18.0;69;31;15;4;2;2;179;46;89;20
2021-02-14;Metz;Strasbourg;FRANCE 1;1;2;1.38;1.32;2.22;10.5;45;55;14;12;4;3;89;130;29;47
2021-02-14;Cagliari;Atalanta;ITALY 1;0;1;0.6;1.37;1.76;10.0;36;64;5;12;0;3;97;142;37;53
2021-02-14;Palmeiras;Fortaleza;BRAZIL 1;3;0;1.73;0.84;9.6;32.0;67;33;16;7;7;2;137;85;30;35
2021-02-14;Everton;Fulham;ENGLAND 1;0;2;0.99;1.65;2.78;12.0;49;51;9;15;3;4;103;126;28;57
2021-02-14;Monaco;Lorient;FRANCE 1;2;2;1.76;0.76;10.5;38.0;70;30;13;6;5;4;202;67;77;13
2021-02-17;Burnley;Fulham;ENGLAND 1;1;1;1.27;1.15;2.02;8.8;46;54;10;9;4;5;133;90;47;31
2021-02-17;Everton;Manchester City;ENGLAND 1;1;3;0.48;2.21;2.02;10.5;29;71;3;17;2;8;72;154;19;78
2021-02-17;Santos;Corinthians;BRAZIL 1;1;0;1.17;1.3;4.1;11.0;46;54;10;11;4;4;88;116;35;43
2021-02-19;Cagliari;Torino;ITALY 1;0;1;1.92;1.41;3.6;12.5;46;54;22;11;3;6;118;121;44;39
2021-02-19;Sao Paulo;Palmeiras;BRAZIL 1;1;1;1.06;1.24;3.3;9.0;42;58;8;11;4;3;92;82;37;46
2021-02-20;Sporting CP;Portimonense;PORTUGAL 1;2;0;1.63;0.75;32.0;1000.0;57;43;12;5;8;2;130;104;41;39
2021-02-20;Fortaleza;Bahia;BRAZIL 1;0;4;1.51;1.34;2.94;10.0;60;40;12;11;4;7;142;80;63;20
2021-02-20;Sassuolo;Bologna;ITALY 1;1;1;3.74;0.82;2.98;11.5;74;26;33;5;11;3;158;68;125;40
2021-02-20;Liverpool;Everton;ENGLAND 1;0;2;2.08;1.17;8.0;24.0;71;29;16;9;7;6;157;68;78;25
2021-02-20;Gil Vicente;Santa Clara;PORTUGAL 1;1;0;1.21;0.89;2.78;7.6;51;49;9;7;4;2;106;105;49;40
2021-02-20;Freiburg;Union Berlin;GERMANY 1;0;1;1.15;1.66;4.2;13.5;64;36;10;17;2;5;124;73;50;34
2021-02-20;Southampton;Chelsea;ENGLAND 1;1;1;0.65;1.51;1.34;15.5;29;71;5;11;2;5;76;168;25;61
2021-02-21;Lorient;Lille;FRANCE 1;1;4;1.09;1.7;2.2;10.5;44;56;11;15;4;7;93;131;15;34
2021-02-21;PSG;Monaco;FRANCE 1;0;2;1.31;0.82;6.8;40.0;74;26;11;6;2;4;147;65;63;21
2021-02-21;Hoffenheim;Werder Bremen;GERMANY 1;4;0;1.63;0.62;2.84;20.0;51;49;12;4;7;2;121;107;52;28
2021-02-21;Atalanta;Napoli;ITALY 1;4;2;1.95;0.73;3.3;12.0;47;53;17;5;7;3;126;107;53;25
2021-02-21;Arsenal;Manchester City;ENGLAND 1;0;1;0.87;1.54;4.1;17.5;45;55;8;15;2;3;92;133;30;52
2021-02-21;Santos;Fluminense;BRAZIL 1;1;1;1.22;1.06;3.25;9.8;62;38;9;8;3;4;107;97;60;37
2021-02-21;Augsburg;Bayer Leverkusen;GERMANY 1;1;1;0.85;1.64;1.65;9.2;26;74;7;13;4;5;68;164;16;62
2021-02-21;Parma;Udinese;ITALY 1;2;2;1.4;1.39;3.4;12.5;46;54;13;12;5;4;69;89;32;49
2021-02-21;Montpellier;Rennes;FRANCE 1;2;1;1.43;1.83;2.18;11.0;34;66;11;15;7;6;77;145;33;62
2021-02-25;Bahia;Santos;BRAZIL 1;2;0;1.87;1.69;5.9;18.5;48;52;15;14;6;4;104;107;70;73
2021-02-25;Internacional;Corinthians;BRAZIL 1;0;0;2.01;1.04;4.3;12.5;52;48;16;6;5;2;122;107;90;71
2021-02-25;Fluminense;Fortaleza;BRAZIL 1;2;0;1.14;1.21;5.5;16.0;48;52;9;8;4;3;88;103;39;67
2021-02-26;Werder Bremen;Eintracht Frankfurt;GERMANY 1;2;1;0.99;1.8;2.56;17.5;31;69;8;13;5;5;92;171;16;85
2021-02-26;Rennes;Nice;FRANCE 1;1;2;2.07;2.12;2.02;13.0;62;38;18;20;6;8;123;78;71;42
2021-02-27;Bologna;Lazio;ITALY 1;2;0;1.36;2.66;3.45;11.5;40;60;12;23;6;8;89;148;24;90
2021-02-28;Udinese;Fiorentina;ITALY 1;1;0;1.17;1.08;2.18;10.0;45;55;10;9;4;2;94;127;34;49
2021-02-28;Reims;Montpellier;FRANCE 1;0;0;1.29;1.35;3.8;17.5;56;44;9;14;3;3;120;103;69;35
2021-02-28;Lille;Strasbourg;FRANCE 1;1;1;2.01;0.98;6.4;22.0;68;32;18;9;4;2;168;84;81;37
2021-02-28;Bayer Leverkusen;Freiburg;GERMANY 1;1;2;2.34;1.07;9.2;34.0;66;34;24;8;6;4;125;68;57;39
2021-02-28;Crystal Palace;Fulham;ENGLAND 1;0;0;0.5;1.78;2.64;10.5;40;60;4;17;0;5;85;144;32;48
2021-02-28;Monaco;Brest;FRANCE 1;2;0;2.14;0.8;6.8;24.0;63;37;15;8;9;2;155;69;76;21
2021-02-28;Union Berlin;Hoffenheim;GERMANY 1;1;1;0.83;1.44;3.85;17.5;45;55;6;14;3;3;107;131;31;46
2021-03-01;Everton;Southampton;ENGLAND 1;1;0;0.96;1.12;9.2;26.0;46;54;8;9;2;2;101;119;42;55
2021-03-01;Real Madrid;Real Sociedad;SPAIN 1;1;1;2.4;0.79;7.6;40.0;59;41;23;6;5;2;119;87;84;36
2021-03-03;Nantes;Reims;FRANCE 1;1;2;1.53;0.77;3.2;12.5;49;51;12;5;6;3;116;95;48;32
2021-03-03;Sassuolo;Napoli;ITALY 1;3;3;1.61;1.97;1.69;7.8;56;44;14;18;6;7;105;83;41;49
2021-03-03;Strasbourg;Monaco;FRANCE 1;1;0;1.6;0.77;2.12;14.0;37;63;16;5;2;2;123;121;62;40
2021-03-03;Montpellier;Lorient;FRANCE 1;1;1;1.2;1.55;4.7;20.0;53;47;8;15;5;6;122;95;45;24
2021-03-03;AC Milan;Udinese;ITALY 1;1;1;1.84;0.69;9.2;36.0;61;39;13;6;8;2;144;87;62;22
2021-03-03;Cagliari;Bologna;ITALY 1;1;0;1.37;1.66;2.62;9.2;35;65;11;15;4;6;123;132;53;39
2021-03-04;Liverpool;Chelsea;ENGLAND 1;0;1;1.09;1.54;5.4;36.0;54;46;8;13;2;7;145;77;59;32
2021-03-05;Sporting CP;Santa Clara;PORTUGAL 1;2;1;0.99;0.81;17.5;60.0;58;42;7;6;4;3;117;98;34;28
2021-03-06;Juventus;Lazio;ITALY 1;3;1;1.25;1.39;4.1;11.5;52;48;8;13;6;5;119;97;43;29
2021-03-06;Udinese;Sassuolo;ITALY 1;2;0;1.6;1.3;3.25;11.0;28;72;13;11;8;3;71;170;30;51
2021-03-06;Burnley;Arsenal;ENGLAND 1;1;1;1.43;1.5;1.28;7.6;41;59;10;14;6;3;126;99;51;56
2021-03-06;Hoffenheim;Wolfsburg;GERMANY 1;2;1;1.01;1.16;3.05;17.0;38;62;7;8;4;4;87;115;38;50
2021-03-06;Freiburg;RB Leipzig;GERMANY 1;0;3;0.62;1.84;1.72;13.0;42;58;4;13;2;10;57;83;30;44
2021-03-07;Fiorentina;Parma;ITALY 1;3;3;1.12;1.31;5.4;18.5;41;59;8;10;5;6;104;104;35;34
2021-03-07;Napoli;Bologna;ITALY 1;3;1;1.78;1.94;4.0;15.0;43;57;15;17;8;5;101;135;37;71
2021-03-07;Liverpool;Fulham;ENGLAND 1;0;1;2.1;1.2;10.0;44.0;63;37;18;11;5;4;149;86;84;30
2021-03-08;Chelsea;Everton;ENGLAND 1;2;0;2.22;0.87;4.8;24.0;65;35;19;8;10;2;130;70;43;30
2021-03-10;Manchester City;Southampton;ENGLAND 1;5;2;2.28;1.53;26.0;110.0;58;42;17;12;11;7;126;92;60;39
2021-03-13;Genoa;Udinese;ITALY 1;1;1;1.19;1.36;3.45;9.0;57;43;10;12;2;4;122;95;56;44
2021-03-13;Fulham;Manchester City;ENGLAND 1;0;3;0.71;1.46;1.22;14.0;46;54;4;9;2;8;87;118;42;44
2021-03-13;Everton;Burnley;ENGLAND 1;1;2;1.7;1.64;5.3;20.0;65;35;15;15;5;6;119;101;55;37
2021-03-14;Monaco;Lille;FRANCE 1;0;0;1.14;0.92;3.05;15.0;63;37;8;8;4;3;153;87;45;27
2021-03-14;RB Leipzig;Eintracht Frankfurt;GERMANY 1;1;1;1.69;0.85;3.2;20.0;56;44;12;6;7;3;129;84;59;34
2021-03-14;AC Milan;Napoli;ITALY 1;0;1;1.7;1.82;3.0;13.0;55;45;13;17;5;7;126;98;73;35
2021-03-14;PSG;Nantes;FRANCE 1;1;2;1.52;1.25;16.0;60.0;74;26;11;10;6;6;154;77;53;26
2021-03-14;Stuttgart;Hoffenheim;GERMANY 1;2;0;1.12;1.83;9.4;75.0;42;58;8;16;5;6;109;142;34;53
2021-03-14;Cagliari;Juventus;ITALY 1;1;3;2.16;1.48;1.81;7.4;50;50;19;12;9;7;109;87;45;31
2021-03-14;Lens;Metz;FRANCE 1;2;2;2.44;0.8;12.5;46.0;52;48;20;6;11;4;140;79;56;18
2021-03-14;Lorient;Nice;FRANCE 1;1;1;2.02;0.88;3.1;13.0;49;51;18;7;8;3;133;95;43;29
2021-03-14;Rennes;Strasbourg;FRANCE 1;1;0;1.16;0.88;3.9;15.0;49;51;11;7;2;2;126;117;43;39
2021-03-19;Parma;Genoa;ITALY 1;1;2;1.58;1.16;4.7;17.5;56;44;12;10;8;3;115;109;35;43
2021-03-20;Metz;Rennes;FRANCE 1;1;3;1.33;1.3;2.1;9.2;52;48;12;10;3;6;133;111;48;32
2021-03-20;Eintracht Frankfurt;Union Berlin;GERMANY 1;5;2;1.24;2.38;4.2;14.0;54;46;10;24;6;8;125;117;23;43
2021-03-20;Werder Bremen;Wolfsburg;GERMANY 1;1;2;1.27;1.74;2.58;12.5;50;50;10;17;5;4;120;132;38;53
2021-03-21;Freiburg;Augsburg;GERMANY 1;2;0;1.66;2.13;5.3;21.0;56;44;16;20;6;8;97;89;31;44
2021-03-21;Fiorentina;AC Milan;ITALY 1;2;3;1.11;1.44;2.54;11.0;39;61;8;13;3;4;98;106;53;46
2021-03-21;Nantes;Lorient;FRANCE 1;1;1;1.32;1.77;2.94;12.0;36;64;10;17;5;5;96;157;46;46
2021-03-21;Udinese;Lazio;ITALY 1;0;1;1.47;1.77;2.44;8.2;50;50;14;17;4;6;123;109;41;37
2021-03-21;Strasbourg;Lens;FRANCE 1;1;2;1.76;1.43;2.58;12.0;59;41;16;14;4;5;134;83;64;27
2021-04-03;Torino;Juventus;ITALY 1;2;2;1.26;2.48;2.26;6.8;29;71;10;23;6;8;61;144;29;64
2021-04-03;PSG;Lille;FRANCE 1;0;1;1.67;0.77;9.0;34.0;65;35;13;4;4;4;102;59;79;32
2021-04-03;Arsenal;Liverpool;ENGLAND 1;0;3;0.65;2.05;3.0;12.5;35;65;4;17;3;8;85;148;24;56
2021-04-03;Monaco;Metz;FRANCE 1;4;0;1.92;0.87;9.8;42.0;61;39;14;8;6;2;93;69;86;30
2021-04-03;Augsburg;Hoffenheim;GERMANY 1;2;1;0.9;1.98;3.4;21.0;30;70;8;15;3;6;90;146;24;84
2021-04-03;Atalanta;Udinese;ITALY 1;3;2;2.99;1.15;9.2;34.0;57;43;26;10;11;4;150;100;81;32
2021-04-03;Genoa;Fiorentina;ITALY 1;1;1;1.11;1.21;1.74;7.6;56;44;9;11;3;3;100;117;45;41
2021-04-04;Aston Villa;Fulham;ENGLAND 1;3;1;1.81;1.88;4.8;21.0;52;48;16;18;5;8;114;87;62;26
2021-04-04;Reims;Rennes;FRANCE 1;2;2;1.29;2.14;2.54;16.5;42;58;11;19;5;7;66;117;34;63
2021-04-04;Nantes;Nice;FRANCE 1;1;2;2.32;2.04;2.66;9.4;49;51;22;18;6;9;121;77;71;38
2021-04-04;Lorient;Brest;FRANCE 1;1;0;1.46;0.77;2.08;8.0;45;55;13;6;5;2;93;123;39;32
2021-04-04;Stuttgart;Werder Bremen;GERMANY 1;1;0;1.41;1.29;4.9;30.0;59;41;14;12;2;3;139;116;51;43
2021-04-05;Everton;Crystal Palace;ENGLAND 1;1;1;1.75;1.7;3.05;10.5;47;53;14;14;7;7;100;125;52;44
2021-04-07;Juventus;Napoli;ITALY 1;2;1;1.37;1.84;3.6;11.5;46;54;13;15;4;5;91;119;37;75
2021-04-09;Metz;Lille;FRANCE 1;0;2;1.99;1.62;1.79;8.8;50;50;18;12;7;8;102;122;50;40
2021-04-10;Strasbourg;PSG;FRANCE 1;1;4;1.34;2.16;2.84;21.0;36;64;11;18;4;9;86;127;51;54
2021-04-10;Parma;AC Milan;ITALY 1;1;3;2.06;1.48;1.72;10.5;58;42;20;12;6;6;121;89;52;41
2021-04-10;Udinese;Torino;ITALY 1;0;1;2.12;1.07;2.92;8.6;64;36;20;11;5;2;134;67;70;32
2021-04-10;Crystal Palace;Chelsea;ENGLAND 1;1;4;0.51;2.81;2.02;13.5;35;65;2;24;2;11;85;144;32;73
2021-04-10;Eintracht Frankfurt;Wolfsburg;GERMANY 1;4;3;1.21;2.29;3.8;23.0;45;55;8;21;6;8;78;131;39;56
2021-04-10;Werder Bremen;RB Leipzig;GERMANY 1;1;4;1.22;1.14;3.15;22.0;37;63;13;9;3;5;102;126;25;28
2021-04-10;Liverpool;Aston Villa;ENGLAND 1;2;1;2.75;1.33;7.0;34.0;66;34;25;10;10;6;113;106;66;37
2021-04-11;Fiorentina;Atalanta;ITALY 1;2;3;1.03;2.29;2.18;10.5;39;61;9;19;3;10;110;126;33;54
2021-04-11;Rennes;Nantes;FRANCE 1;1;0;2.01;0.99;5.1;17.0;63;37;18;6;6;3;146;113;62;53
2021-04-11;Juventus;Genoa;ITALY 1;3;1;2.79;1.46;8.8;21.0;57;43;24;13;13;4;130;92;50;49
2021-04-11;Lens;Lorient;FRANCE 1;4;1;1.56;2.2;7.4;30.0;37;63;13;19;6;8;79;125;44;60
2021-04-11;Nice;Reims;FRANCE 1;0;0;1.58;1.29;8.6;36.0;54;46;15;12;5;3;103;106;39;44
2021-04-12;Hoffenheim;Bayer Leverkusen;GERMANY 1;0;0;0.51;1.31;1.54;18.0;45;55;3;8;0;6;105;140;42;50
2021-04-16;RB Leipzig;Hoffenheim;GERMANY 1;0;0;1.6;0.65;6.0;29.0;63;37;16;6;2;0;167;82;60;36
2021-04-16;Lille;Montpellier;FRANCE 1;1;1;2.73;1.17;9.4;32.0;63;37;23;10;11;5;152;103;70;24
2021-04-17;Sassuolo;Fiorentina;ITALY 1;3;1;1.72;1.32;2.54;9.6;72;28;15;10;6;6;110;73;48;37
2021-04-17;Cagliari;Parma;ITALY 1;4;3;2.4;1.39;4.4;19.0;64;36;22;12;7;6;117;88;73;28
2021-04-17;Benfica;Gil Vicente;PORTUGAL 1;1;2;1.8;1.08;13.0;36.0;67;33;18;10;0;3;170;85;90;32
2021-04-17;Union Berlin;Stuttgart;GERMANY 1;2;1;1.27;1.03;2.58;13.0;44;56;10;10;5;3;101;122;39;24
2021-04-18;AC Milan;Genoa;ITALY 1;2;1;1.98;1.43;7.0;27.0;53;47;19;14;6;4;139;82;49;37
2021-04-18;Brest;Lens;FRANCE 1;1;1;1.09;0.95;3.2;13.0;44;56;8;9;6;3;64;84;22;23
2021-04-18;Arsenal;Fulham;ENGLAND 1;1;1;2.02;0.61;9.6;24.0;69;31;18;4;5;2;133;77;73;28
2021-04-18;Reims;Metz;FRANCE 1;0;0;1.71;1.21;7.0;21.0;47;53;14;11;7;4;83;76;47;32
2021-04-18;Atalanta;Juventus;ITALY 1;1;0;1.28;1.34;3.95;13.5;45;55;12;14;2;2;91;87;52;44
2021-04-20;Eintracht Frankfurt;Augsburg;GERMANY 1;2;0;1.56;1.62;3.65;17.5;60;40;12;15;5;5;128;91;61;44
2021-04-21;Aston Villa;Manchester City;ENGLAND 1;1;2;0.75;1.62;2.18;15.0;28;72;8;14;3;4;23;93;6;64
2021-04-21;Bologna;Torino;ITALY 1;1;1;0.77;1.37;5.7;15.0;48;52;8;14;2;4;63;77;16;29
2021-04-21;Udinese;Cagliari;ITALY 1;0;1;1.07;1.75;3.7;13.5;57;43;9;19;3;5;92;72;39;29
2021-04-21;Juventus;Parma;ITALY 1;3;1;1.82;0.74;8.8;28.0;64;36;15;6;8;3;99;64;43;20
2021-04-21;Stuttgart;Wolfsburg;GERMANY 1;1;3;1.11;1.28;5.2;29.0;61;39;7;11;4;5;78;79;53;32
2021-04-21;AC Milan;Sassuolo;ITALY 1;1;2;2.02;2.09;8.8;26.0;46;54;19;19;7;8;102;107;46;46
2021-04-22;Napoli;Lazio;ITALY 1;5;2;1.58;1.95;4.7;14.5;48;52;11;18;9;5;83;100;35;65
2021-04-23;Arsenal;Everton;ENGLAND 1;0;1;1.77;0.9;20.0;75.0;59;41;15;9;4;2;141;59;74;26
2021-04-24;Freiburg;Hoffenheim;GERMANY 1;1;1;1.73;1.66;4.0;17.5;48;52;15;17;7;5;116;91;39;33
2021-04-24;Union Berlin;Werder Bremen;GERMANY 1;3;1;1.96;1.22;2.52;12.5;54;46;18;10;7;6;116;101;46;22
2021-04-24;Bayer Leverkusen;Eintracht Frankfurt;GERMANY 1;3;1;2.26;1.24;7.0;42.0;51;49;19;10;9;4;116;118;59;44
2021-04-24;Metz;PSG;FRANCE 1;1;3;1.2;2.52;1.67;15.0;33;67;11;25;4;9;79;145;30;42
2021-04-25;Atalanta;Bologna;ITALY 1;5;0;2.7;1.0;3.9;13.5;56;44;25;9;9;4;139;87;69;20
2021-04-25;Nice;Montpellier;FRANCE 1;3;1;2.04;1.45;9.4;40.0;58;42;17;13;9;4;98;99;46;48
2021-04-25;Fiorentina;Juventus;ITALY 1;1;1;1.57;1.22;2.46;8.4;32;68;13;11;6;3;86;120;46;42
2021-04-25;Strasbourg;Nantes;FRANCE 1;1;2;1.83;1.31;4.6;17.0;64;36;16;10;5;5;141;122;63;43
2021-04-25;RB Leipzig;Stuttgart;GERMANY 1;2;0;3.17;0.09;3.7;36.0;66;34;26;0;12;0;166;60;96;10
2021-04-26;Lazio;AC Milan;ITALY 1;3;0;1.55;1.9;2.54;12.0;40;60;15;17;6;6;86;145;25;54
2021-04-26;Benfica;Santa Clara;PORTUGAL 1;2;1;1.17;2.07;11.5;38.0;62;38;11;19;2;9;120;97;45;33
2021-04-26;Torino;Napoli;ITALY 1;0;2;1.74;2.63;1.83;6.8;47;53;15;28;6;8;102;87;51;44
2021-05-01;Chelsea;Fulham;ENGLAND 1;2;0;1.11;1.34;7.0;34.0;48;52;8;11;5;4;118;133;32;48
2021-05-01;PSG;Lens;FRANCE 1;2;1;1.75;1.65;8.2;34.0;59;41;16;17;7;4;108;82;34;41
2021-05-01;Lille;Nice;FRANCE 1;2;0;1.59;0.46;7.2;27.0;55;45;14;2;5;2;127;82;47;25
2021-05-01;Everton;Aston Villa;ENGLAND 1;1;2;1.69;1.9;2.38;8.6;47;53;17;16;4;8;98;96;47;46
2021-05-01;Crystal Palace;Manchester City;ENGLAND 1;0;2;1.24;2.07;1.32;8.2;30;70;10;21;5;4;84;144;35;63
2021-05-02;Udinese;Juventus;ITALY 1;1;2;1.03;2.1;1.94;7.0;41;59;9;18;3;6;87;144;34;74
2021-05-02;Lazio;Genoa;ITALY 1;4;3;2.47;1.41;7.4;23.0;51;49;20;10;11;6;94;97;62;48
2021-05-02;Napoli;Cagliari;ITALY 1;1;1;2.03;1.68;20.0;60.0;56;44;19;15;6;6;134;103;56;43
2021-05-02;Bologna;Fiorentina;ITALY 1;3;3;1.45;1.21;2.76;9.8;63;37;11;10;6;4;123;67;45;41
2021-05-02;Brest;Nantes;FRANCE 1;1;4;2.11;1.65;6.0;17.5;58;42;17;13;8;7;144;87;65;47
2021-05-02;Sassuolo;Atalanta;ITALY 1;1;1;1.56;1.44;2.02;9.8;63;37;13;11;6;7;117;89;43;34
2021-05-03;Torino;Parma;ITALY 1;1;0;1.59;0.92;4.9;16.5;50;50;15;9;4;0;123;104;49;47
2021-05-07;Stuttgart;Augsburg;GERMANY 1;2;1;1.71;2.26;6.0;29.0;57;43;16;19;6;9;119;113;38;60
2021-05-07;Lens;Lille;FRANCE 1;0;3;1.42;1.4;3.7;13.5;48;52;11;11;6;7;119;98;40;29
2021-05-08;Manchester City;Chelsea;ENGLAND 1;1;2;1.58;1.54;3.35;26.0;48;52;16;13;4;6;108;78;39;41
2021-05-08;Liverpool;Southampton;ENGLAND 1;2;0;1.96;1.6;25.0;90.0;54;46;15;13;7;7;129;91;72;40
2021-05-08;Fiorentina;Lazio;ITALY 1;2;0;1.34;1.72;3.4;12.0;29;71;11;15;6;5;76;117;31;58
2021-05-08;Udinese;Bologna;ITALY 1;1;1;1.15;1.84;1.88;6.8;47;53;10;17;4;5;103;116;31;58
2021-05-08;Werder Bremen;Bayer Leverkusen;GERMANY 1;0;0;1.26;1.71;1.55;15.0;37;63;13;15;2;5;109;134;40;55
2021-05-08;Wolfsburg;Union Berlin;GERMANY 1;3;0;1.68;1.01;3.4;12.0;60;40;16;10;7;2;112;71;23;33
2021-05-09;Strasbourg;Montpellier;FRANCE 1;2;3;2.04;0.92;4.4;19.0;57;43;18;7;7;4;122;90;57;25
2021-05-09;Parma;Atalanta;ITALY 1;2;5;0.96;2.47;1.64;13.0;44;56;8;18;3;12;84;144;32;67
2021-05-09;Nice;Brest;FRANCE 1;3;2;1.9;1.07;6.8;29.0;62;38;14;10;7;3;134;85;71;31
2021-05-09;Rennes;PSG;FRANCE 1;1;1;2.25;1.56;1.76;11.5;42;58;19;13;10;4;85;105;49;63
2021-05-09;Juventus;AC Milan;ITALY 1;0;3;1.6;1.4;4.0;13.5;56;44;17;12;2;6;125;92;52;30
2021-05-09;Reims;Monaco;FRANCE 1;0;1;1.05;1.02;2.12;11.5;38;62;9;8;3;3;80;144;37;38
2021-05-09;Genoa;Sassuolo;ITALY 1;1;2;1.65;1.61;3.45;13.5;39;61;15;15;5;6;98;104;49;33
2021-05-11;Napoli;Udinese;ITALY 1;5;1;2.89;0.81;8.8;23.0;51;49;26;6;13;3;120;81;47;29
2021-05-11;Southampton;Crystal Palace;ENGLAND 1;3;1;1.64;1.38;1.63;9.8;62;38;14;12;7;5;111;94;35;37
2021-05-12;Torino;AC Milan;ITALY 1;0;7;1.29;1.73;2.98;10.5;41;59;14;14;2;9;108;85;36;29
2021-05-12;Lazio;Parma;ITALY 1;1;0;1.84;1.39;9.2;28.0;51;49;16;13;5;5;128;107;66;29
2021-05-12;Bologna;Genoa;ITALY 1;0;2;2.81;2.04;6.0;21.0;66;34;25;18;9;10;139;68;84;29
2021-05-12;Sassuolo;Juventus;ITALY 1;1;3;2.05;1.79;1.75;7.8;65;35;20;16;3;8;143;78;80;30
2021-05-12;Chelsea;Arsenal;ENGLAND 1;0;1;2.18;0.93;2.68;13.5;67;33;18;7;4;4;131;64;107;28
2021-05-12;Cagliari;Fiorentina;ITALY 1;0;0;1.11;0.44;1.8;11.0;56;44;10;2;2;0;128;102;44;41
2021-05-13;Granada CF;Real Madrid;SPAIN 1;1;4;1.09;1.95;1.61;10.5;35;65;9;17;4;8;111;106;31;43
2021-05-13;Aston Villa;Everton;ENGLAND 1;0;0;1.38;1.64;6.0;22.0;58;42;14;15;3;5;116;106;38;47
2021-05-15;Benfica;Sporting CP;PORTUGAL 1;4;3;1.81;1.47;3.3;14.5;52;48;12;10;9;6;110;100;58;57
2021-05-15;Genoa;Atalanta;ITALY 1;3;4;1.31;1.82;1.81;9.8;40;60;11;13;7;7;71;164;16;68
2021-05-15;Augsburg;Werder Bremen;GERMANY 1;2;0;1.63;1.79;4.4;24.0;31;69;15;16;7;5;84;122;26;59
2021-05-15;Bayer Leverkusen;Union Berlin;GERMANY 1;1;1;1.26;1.77;11.0;40.0;49;51;10;14;6;7;106;115;27;54
2021-05-15;Southampton;Fulham;ENGLAND 1;3;1;1.58;1.19;1.67;10.5;46;54;13;10;7;3;93;92;37;48
2021-05-16;PSG;Reims;FRANCE 1;4;0;3.2;0.57;15.0;60.0;57;43;30;4;10;2;119;60;87;24
2021-05-16;Nice;Strasbourg;FRANCE 1;0;2;1.11;1.13;4.9;20.0;72;28;8;9;4;5;181;54;40;29
2021-05-16;Montpellier;Brest;FRANCE 1;0;0;0.76;2.81;2.2;11.5;40;60;5;24;3;10;110;123;29;83
2021-05-16;Monaco;Rennes;FRANCE 1;2;1;1.34;1.29;4.3;23.0;39;61;12;11;5;2;101;129;31;61
2021-05-16;RB Leipzig;Wolfsburg;GERMANY 1;2;2;1.61;1.42;9.2;40.0;64;36;14;14;5;6;116;97;51;15
2021-05-16;AC Milan;Cagliari;ITALY 1;0;0;2.19;1.02;6.0;26.0;61;39;22;8;4;3;156;90;72;41
2021-05-16;Lorient;Metz;FRANCE 1;2;1;0.9;0.71;4.6;17.0;37;63;7;3;3;3;93;136;32;39
2021-05-16;Fiorentina;Napoli;ITALY 1;0;2;1.09;2.66;3.3;14.5;40;60;9;23;4;9;92;90;32;82
2021-05-16;Crystal Palace;Aston Villa;ENGLAND 1;3;2;2.5;2.15;3.9;29.0;45;55;24;21;9;6;103;77;50;58
2021-05-18;Lazio;Torino;ITALY 1;0;0;0.33;0.0;5.1;15.0;71;29;3;0;2;0;1;1;1;0
2021-05-19;Crystal Palace;Arsenal;ENGLAND 1;1;3;1.59;1.3;1.54;8.2;31;69;13;7;6;4;89;115;48;79
2021-05-19;Burnley;Liverpool;ENGLAND 1;0;3;1.6;1.98;1.37;11.0;41;59;11;21;5;4;107;105;77;53
2021-05-22;Real Madrid;Villarreal;SPAIN 1;2;1;2.09;0.87;11.5;65.0;55;45;18;7;5;3;108;78;85;29
2021-05-22;Cagliari;Genoa;ITALY 1;0;1;1.88;1.61;3.45;10.5;51;49;18;13;6;7;106;89;45;41
2021-05-22;Union Berlin;RB Leipzig;GERMANY 1;2;1;1.16;2.22;2.36;12.5;37;63;10;20;4;9;110;108;32;46
2021-05-22;Eintracht Frankfurt;Freiburg;GERMANY 1;3;1;2.49;1.67;4.2;21.0;51;49;20;13;12;8;125;118;53;39
2021-05-23;Manchester City;Everton;ENGLAND 1;5;0;2.59;1.02;9.2;38.0;67;33;23;9;12;4;139;84;40;22
2021-05-23;Brest;PSG;FRANCE 1;0;2;1.15;1.76;1.5;11.5;36;64;8;12;6;6;85;127;30;80
2021-05-23;Nantes;Montpellier;FRANCE 1;1;2;2.03;0.94;7.2;22.0;48;52;17;7;6;4;101;102;75;28
2021-05-23;Lens;Monaco;FRANCE 1;0;0;0.58;2.17;2.24;16.0;34;66;6;21;0;5;75;165;26;67
2021-05-23;Sassuolo;Lazio;ITALY 1;2;0;1.54;1.19;2.14;10.0;56;44;12;10;6;3;120;115;49;47
2021-05-23;Atalanta;AC Milan;ITALY 1;0;2;1.57;0.78;3.55;16.0;70;30;14;7;2;3;141;72;74;17
2021-05-23;Bologna;Juventus;ITALY 1;1;4;2.07;2.48;2.98;9.6;49;51;20;22;7;10;92;92;45;55
2021-05-23;Strasbourg;Lorient;FRANCE 1;1;1;0.85;0.85;4.9;17.0;51;49;7;8;3;2;100;96;25;27
2021-05-23;Aston Villa;Chelsea;ENGLAND 1;2;1;0.83;2.79;3.35;23.0;28;72;6;25;4;8;68;133;22;91
2021-05-23;Liverpool;Crystal Palace;ENGLAND 1;2;0;2.29;0.82;16.0;65.0;69;31;20;6;6;5;132;79;84;10
2021-05-29;Sao Paulo;Fluminense;BRAZIL 1;0;0;1.46;1.42;5.6;15.5;71;29;10;13;4;5;162;71;73;34
2021-05-29;Bahia;Santos;BRAZIL 1;3;0;0.89;1.56;5.9;18.5;34;66;7;13;4;3;78;108;22;73
2021-06-05;Bragantino;Bahia;BRAZIL 1;3;3;2.84;1.0;3.25;12.5;60;40;28;9;9;4;134;77;62;20
2021-06-06;Fortaleza;Internacional;BRAZIL 1;5;1;1.82;0.83;2.98;12.5;51;49;14;6;10;4;109;98;31;21
2021-06-12;Palmeiras;Corinthians;BRAZIL 1;1;1;1.66;1.26;7.8;22.0;52;48;16;10;6;5;109;118;31;36
2021-06-12;Santos;Juventude;BRAZIL 1;0;0;1.86;0.42;9.8;29.0;76;25;19;4;3;0;184;52;60;23
2021-06-13;Bahia;Internacional;BRAZIL 1;0;1;1.71;0.95;3.95;12.5;67;33;15;6;4;4;118;92;66;39
2021-06-13;Bragantino;Fluminense;BRAZIL 1;2;2;1.85;1.82;3.75;13.0;47;53;17;16;6;5;101;111;49;63
2021-06-16;Juventude;Palmeiras;BRAZIL 1;0;3;1.1;1.55;1.79;8.0;43;57;9;13;3;6;88;115;44;42
2021-06-16;Corinthians;Bragantino;BRAZIL 1;1;2;0.62;1.9;3.9;11.0;42;58;4;17;3;6;73;118;20;56
2021-06-17;Fluminense;Santos;BRAZIL 1;1;0;1.17;2.15;4.7;12.5;30;70;10;18;5;9;86;142;25;51
2021-06-20;Bahia;Corinthians;BRAZIL 1;0;0;1.51;1.3;6.0;20.0;52;48;14;11;4;4;139;105;46;44
2021-06-20;Fortaleza;Fluminense;BRAZIL 1;1;1;1.7;0.87;5.3;16.0;63;37;18;5;3;4;139;86;47;37
2021-06-20;Santos;Sao Paulo;BRAZIL 1;2;0;1.51;1.29;3.45;9.2;39;61;13;10;6;3;83;103;37;61
2021-06-23;Bragantino;Palmeiras;BRAZIL 1;3;1;1.41;2.08;1.94;8.6;48;52;11;19;6;7;94;129;40;53
2021-06-27;Fluminense;Corinthians;BRAZIL 1;1;1;1.95;1.42;4.2;11.0;46;54;18;12;8;5;110;126;35;41
2021-06-27;Palmeiras;Bahia;BRAZIL 1;3;2;2.38;1.88;5.5;18.5;57;43;22;19;9;5;114;90;50;47
2021-06-30;Internacional;Palmeiras;BRAZIL 1;1;2;1.96;1.81;3.35;9.4;66;34;17;16;6;8;140;75;63;33
2021-06-30;Corinthians;Sao Paulo;BRAZIL 1;0;0;1.17;1.3;2.62;7.4;42;58;10;11;5;4;102;138;24;43
2021-07-03;Corinthians;Internacional;BRAZIL 1;1;1;2.39;1.28;3.3;11.0;58;42;20;10;11;6;139;115;48;30
2021-07-04;Sao Paulo;Bragantino;BRAZIL 1;1;2;1.46;1.49;4.4;12.5;48;52;10;13;7;5;93;129;46;42
2021-07-07;Internacional;Sao Paulo;BRAZIL 1;0;2;1.11;1.85;2.92;7.4;51;49;10;15;3;9;122;106;35;37
2021-07-07;Bahia;Juventude;BRAZIL 1;1;0;1.23;1.1;7.4;21.0;53;47;9;10;3;4;135;94;60;24
2021-07-10;Sao Paulo;Bahia;BRAZIL 1;1;0;1.87;0.76;4.2;12.0;62;38;15;7;6;2;148;78;68;23
2021-07-10;Palmeiras;Santos;BRAZIL 1;3;2;1.75;1.3;8.8;25.0;36;64;15;12;9;3;62;115;25;45
2021-07-11;Fortaleza;Corinthians;BRAZIL 1;1;0;1.72;0.95;5.2;14.0;44;56;17;8;4;2;119;120;50;39
2021-07-17;Sao Paulo;Fortaleza;BRAZIL 1;0;1;1.29;1.1;5.6;14.0;58;42;10;10;4;3;107;99;51;34
2021-07-18;Internacional;Juventude;BRAZIL 1;1;0;1.92;1.42;6.2;18.0;50;50;18;12;6;6;125;97;49;32
2021-07-24;Palmeiras;Fluminense;BRAZIL 1;1;0;1.15;1.37;7.2;25.0;50;50;11;12;3;4;106;109;33;45
2021-07-25;Fortaleza;Bragantino;BRAZIL 1;1;0;1.38;1.49;4.3;14.5;35;65;14;13;4;6;104;130;29;32
2021-07-31;Sao Paulo;Palmeiras;BRAZIL 1;0;0;1.64;1.05;3.3;9.0;53;47;15;9;6;4;109;96;37;26
2021-08-06;Monaco;Nantes;FRANCE 1;1;1;1.75;0.67;8.4;48.0;75;25;14;6;4;2;174;78;78;19
2021-08-07;Palmeiras;Fortaleza;BRAZIL 1;2;3;2.04;1.59;9.6;32.0;62;38;21;15;4;6;136;86;60;31
2021-08-08;Santos;Corinthians;BRAZIL 1;0;0;1.55;1.36;4.1;11.0;57;43;11;11;6;6;135;80;58;34
2021-08-08;Nice;Reims;FRANCE 1;0;0;1.47;0.59;8.6;36.0;61;39;13;6;3;0;147;80;59;28
2021-08-08;Rennes;Lens;FRANCE 1;1;1;1.32;1.61;3.3;15.5;60;40;12;13;3;8;104;82;48;32
2021-08-08;Metz;Lille;FRANCE 1;3;3;1.43;2.15;1.79;8.8;38;62;12;19;6;9;101;123;34;44
2021-08-13;Lorient;Monaco;FRANCE 1;1;0;0.53;1.88;1.64;12.0;28;72;3;15;3;4;59;193;16;88
2021-08-13;Brentford;Arsenal;ENGLAND 1;2;0;1.04;2.35;1.69;8.8;35;65;9;23;4;5;83;137;26;76
2021-08-14;PSG;Strasbourg;FRANCE 1;4;2;1.69;0.98;13.5;65.0;65;35;12;9;7;3;126;64;60;28
2021-08-14;Bragantino;Juventude;BRAZIL 1;1;2;0.95;1.67;6.4;18.5;54;46;7;15;2;6;104;95;49;42
2021-08-14;Union Berlin;Bayer Leverkusen;GERMANY 1;1;1;1.28;1.58;1.59;8.8;33;67;9;16;6;4;80;147;39;37
2021-08-14;Augsburg;Hoffenheim;GERMANY 1;0;4;0.84;2.06;3.4;21.0;46;54;8;17;0;9;84;100;46;49
2021-08-14;Wolfsburg;Bochum;GERMANY 1;1;0;2.34;0.96;4.7;21.0;61;39;19;8;10;2;140;74;60;43
2021-08-14;Everton;Southampton;ENGLAND 1;3;1;1.56;0.99;9.2;26.0;48;52;13;6;6;4;78;106;44;44
2021-08-14;Lille;Nice;FRANCE 1;0;4;1.25;1.3;7.2;27.0;62;38;11;10;2;7;128;75;55;24
2021-08-14;Chelsea;Crystal Palace;ENGLAND 1;3;0;1.97;0.52;5.6;28.0;62;38;14;4;7;2;148;50;81;17
2021-08-15;Fortaleza;Santos;BRAZIL 1;1;1;1.73;1.07;3.75;11.0;46;54;17;9;5;4;94;84;42;29
2021-08-15;Internacional;Fluminense;BRAZIL 1;4;2;1.91;1.48;7.8;20.0;36;64;19;11;7;6;89;122;31;49
2021-08-15;Brest;Rennes;FRANCE 1;1;1;1.33;1.22;2.64;11.0;41;59;11;8;5;4;96;96;39;59
2021-08-15;Reims;Montpellier;FRANCE 1;3;3;2.52;1.65;3.8;17.5;57;43;21;15;10;6;109;101;69;39
2021-08-15;Nantes;Metz;FRANCE 1;2;0;1.72;1.4;3.95;14.0;36;64;13;11;8;6;108;136;46;37
2021-08-20;RB Leipzig;Stuttgart;GERMANY 1;4;0;2.97;1.43;3.7;36.0;52;48;27;13;12;6;134;86;60;26
2021-08-20;Brest;PSG;FRANCE 1;2;4;1.08;1.89;1.5;11.5;26;74;9;13;4;9;73;148;32;58
2021-08-21;Juventude;Fortaleza;BRAZIL 1;1;1;1.98;1.73;3.0;11.0;56;44;21;17;5;5;125;118;41;42
2021-08-21;Empoli;Lazio;ITALY 1;1;3;1.79;1.3;1.89;9.0;45;55;18;9;4;5;117;100;51;51
2021-08-21;Torino;Atalanta;ITALY 1;1;2;2.29;0.91;2.38;9.4;48;52;20;8;8;3;137;102;64;25
2021-08-21;Monaco;Lens;FRANCE 1;0;2;1.27;0.76;4.1;21.0;71;29;10;6;3;3;148;73;56;23
2021-08-21;Crystal Palace;Brentford;ENGLAND 1;0;0;1.0;1.58;3.8;17.0;53;47;8;16;3;4;103;108;37;39
2021-08-21;Liverpool;Burnley;ENGLAND 1;2;0;2.88;1.22;15.5;46.0;67;33;28;10;10;4;93;109;59;41
2021-08-21;Eintracht Frankfurt;Augsburg;GERMANY 1;0;0;1.73;0.7;3.65;17.5;62;38;21;5;0;2;148;105;55;31
2021-08-21;Gil Vicente;Benfica;PORTUGAL 1;0;2;0.75;2.81;1.58;8.2;39;61;6;24;3;11;88;138;20;73
2021-08-22;Hoffenheim;Union Berlin;GERMANY 1;2;2;1.19;1.43;3.45;16.0;64;36;8;11;4;7;137;74;53;33
2021-08-22;Real Sociedad;Rayo Vallecano;SPAIN 1;1;0;2.06;1.08;3.85;13.0;61;39;16;11;9;2;90;82;58;34
2021-08-22;Montpellier;Lorient;FRANCE 1;3;1;3.35;0.92;4.7;20.0;57;43;32;6;13;5;121;87;60;25
2021-08-22;Metz;Reims;FRANCE 1;1;1;1.08;1.7;3.55;13.0;58;42;10;14;4;6;102;98;21;54
2021-08-22;Rennes;Nantes;FRANCE 1;1;0;1.78;0.71;5.1;17.0;62;38;15;5;6;2;120;83;56;33
2021-08-22;Napoli;Venezia;ITALY 1;2;0;1.54;1.31;15.0;44.0;56;44;14;9;5;6;113;85;41;44
2021-08-22;Santos;Internacional;BRAZIL 1;2;2;1.44;1.37;3.3;9.8;51;49;11;13;5;4;119;96;53;36
2021-08-22;Arsenal;Chelsea;ENGLAND 1;0;2;1.08;2.28;7.4;32.0;35;65;7;23;4;6;90;83;48;59
2021-08-22;Bologna;Salernitana;ITALY 1;3;2;2.16;1.15;16.0;42.0;73;27;20;10;8;4;133;78;46;32
2021-08-22;Udinese;Juventus;ITALY 1;2;2;1.58;1.3;1.94;7.0;44;56;13;12;7;5;92;95;36;26
2021-08-27;Udinese;Venezia;ITALY 1;3;0;2.48;1.36;4.9;16.0;44;56;23;12;11;4;106;130;36;43
2021-08-28;Atalanta;Bologna;ITALY 1;0;0;2.36;0.65;3.9;13.5;59;41;23;5;4;2;140;95;88;24
2021-08-28;Liverpool;Chelsea;ENGLAND 1;1;1;2.94;0.91;5.4;36.0;66;34;24;7;9;4;167;59;110;26
2021-08-28;Juventus;Empoli;ITALY 1;0;1;2.08;1.0;9.8;26.0;55;45;19;6;6;4;79;70;65;46
2021-08-28;Fiorentina;Torino;ITALY 1;2;1;1.47;0.82;6.0;16.0;58;42;11;6;7;3;95;77;38;31
2021-08-28;Augsburg;Bayer Leverkusen;GERMANY 1;1;4;1.64;1.8;1.65;9.2;42;58;15;17;5;8;111;97;46;23
2021-08-28;Stuttgart;Freiburg;GERMANY 1;2;3;1.97;1.74;5.3;27.0;64;36;17;16;8;6;151;76;44;43
2021-08-28;Manchester City;Arsenal;ENGLAND 1;5;0;3.06;0.24;4.0;16.5;80;20;26;2;11;0;135;50;91;14
2021-08-28;Aston Villa;Brentford;ENGLAND 1;1;1;1.2;1.16;4.9;27.0;47;53;8;10;5;3;98;82;46;43
2021-08-29;Lens;Lorient;FRANCE 1;2;2;2.31;1.36;7.4;30.0;54;46;20;15;10;3;137;99;47;27
2021-08-29;Strasbourg;Brest;FRANCE 1;3;1;1.55;1.76;3.9;16.5;49;51;12;13;7;8;107;115;41;51
2021-08-29;Wolfsburg;RB Leipzig;GERMANY 1;1;0;0.95;1.2;2.4;15.0;47;53;9;12;2;2;102;108;31;40
2021-08-29;Lille;Montpellier;FRANCE 1;2;1;1.94;0.96;9.4;32.0;45;55;18;7;7;3;102;115;43;40
2021-08-29;Rayo Vallecano;Granada CF;SPAIN 1;4;0;2.14;1.15;7.2;19.5;47;53;20;10;7;3;96;94;54;41
2021-08-29;Genoa;Napoli;ITALY 1;1;2;1.07;1.94;1.71;6.8;39;61;8;15;5;9;86;138;28;49
2021-08-29;Juventude;Sao Paulo;BRAZIL 1;1;1;1.48;1.24;2.06;7.8;39;61;11;9;4;5;105;112;69;43
2021-08-29;Santa Clara;Gil Vicente;PORTUGAL 1;1;0;1.24;0.93;4.2;11.0;32;68;11;6;4;2;72;121;36;55
2021-08-29;AC Milan;Cagliari;ITALY 1;4;1;2.21;0.97;6.0;26.0;57;43;21;8;6;3;98;73;65;35
2021-08-29;Reims;PSG;FRANCE 1;0;2;1.45;1.51;1.47;11.5;33;67;13;13;5;4;89;137;38;54
2021-08-30;Fluminense;Bahia;BRAZIL 1;2;0;1.01;1.42;4.0;12.5;49;51;8;13;4;3;90;123;30;53
2021-09-02;Fluminense;Juventude;BRAZIL 1;1;1;1.63;1.07;6.4;22.0;64;36;13;10;6;4;145;72;52;21
2021-09-04;Bahia;Fortaleza;BRAZIL 1;4;2;1.57;1.96;6.6;26.0;41;59;12;19;8;6;85;147;35;45
2021-09-07;Corinthians;Juventude;BRAZIL 1;1;1;1.5;1.66;5.8;16.0;59;41;14;13;5;7;130;109;34;47
2021-09-10;Lorient;Lille;FRANCE 1;2;1;1.75;1.21;2.2;10.5;44;56;15;10;8;4;105;135;32;39
2021-09-11;Santa Clara;Benfica;PORTUGAL 1;0;5;1.52;1.23;1.67;6.2;31;69;12;9;7;6;78;111;37;31
2021-09-11;Chelsea;Aston Villa;ENGLAND 1;3;0;1.4;2.18;4.9;26.0;57;43;13;19;5;7;80;117;32;68
2021-09-11;Napoli;Juventus;ITALY 1;2;1;2.26;0.87;3.65;10.5;67;33;21;9;6;2;137;67;71;21
2021-09-11;Santos;Bahia;BRAZIL 1;0;0;1.29;1.36;3.95;15.0;65;35;11;14;2;4;148;88;61;27
2021-09-11;Empoli;Venezia;ITALY 1;1;2;2.63;1.17;3.85;11.5;68;32;23;11;8;4;131;51;86;28
2021-09-11;Atalanta;Fiorentina;ITALY 1;1;2;2.01;0.92;6.6;28.0;55;45;16;8;7;3;107;87;71;27
2021-09-11;PSG;Clermont;FRANCE 1;4;0;1.58;1.54;17.5;60.0;52;48;14;15;7;4;104;86;27;44
2021-09-11;Union Berlin;Augsburg;GERMANY 1;0;0;1.84;1.95;4.2;13.5;60;40;17;17;7;8;126;85;37;45
2021-09-12;Nantes;Nice;FRANCE 1;0;2;2.13;1.16;2.66;9.4;50;50;18;11;7;4;121;86;70;25
2021-09-12;AC Milan;Lazio;ITALY 1;2;0;2.16;1.27;3.85;16.0;47;53;23;9;4;6;111;117;60;36
2021-09-12;Fluminense;Sao Paulo;BRAZIL 1;2;1;1.18;1.76;3.4;8.2;42;58;9;12;6;10;82;115;26;40
2021-09-12;Cagliari;Genoa;ITALY 1;2;3;1.32;1.44;3.45;10.5;52;48;11;12;6;4;105;113;26;54
2021-09-12;Rennes;Reims;FRANCE 1;0;2;1.24;1.03;3.8;14.0;64;36;11;7;2;4;128;73;54;42
2021-09-13;Everton;Burnley;ENGLAND 1;3;1;1.82;1.56;5.3;20.0;52;48;15;12;7;7;99;137;53;41
2021-09-17;Strasbourg;Metz;FRANCE 1;3;0;1.53;2.06;3.55;14.0;46;54;12;18;7;7;73;137;39;59
2021-09-17;Sassuolo;Torino;ITALY 1;0;1;1.17;1.9;3.45;11.5;53;47;12;19;3;5;91;118;27;48
2021-09-18;Aston Villa;Everton;ENGLAND 1;3;0;1.58;1.18;6.0;22.0;56;44;15;12;4;2;119;72;48;39
2021-09-18;Lens;Lille;FRANCE 1;1;0;1.56;1.1;3.7;13.5;47;53;13;10;6;3;94;90;44;35
2021-09-18;Bahia;Bragantino;BRAZIL 1;1;1;1.44;1.5;4.5;16.5;41;59;14;17;4;2;96;133;37;38
2021-09-18;Salernitana;Atalanta;ITALY 1;0;1;1.24;1.34;1.4;10.5;42;58;12;11;2;4;99;125;46;49
2021-09-18;Genoa;Fiorentina;ITALY 1;1;2;1.06;1.91;1.74;7.6;35;65;10;16;4;6;58;129;21;65
2021-09-18;Burnley;Arsenal;ENGLAND 1;0;1;2.01;1.47;1.28;7.6;45;55;19;13;4;5;127;98;74;41
2021-09-18;Manchester City;Southampton;ENGLAND 1;0;0;1.7;1.22;26.0;110.0;64;36;16;12;3;3;110;89;66;34
2021-09-18;Liverpool;Crystal Palace;ENGLAND 1;3;0;3.0;1.46;16.0;65.0;60;40;27;14;11;3;114;74;75;51
2021-09-19;Lazio;Cagliari;ITALY 1;2;2;3.05;1.21;7.8;26.0;73;27;26;12;11;4;151;68;89;23
2021-09-19;Juventus;AC Milan;ITALY 1;1;1;1.43;1.57;4.0;13.5;44;56;11;14;7;4;98;136;32;55
2021-09-19;Wolfsburg;Eintracht Frankfurt;GERMANY 1;1;1;1.84;1.06;2.66;13.5;60;40;16;7;8;4;114;135;36;44
2021-09-19;Nice;Monaco;FRANCE 1;2;2;1.44;1.09;2.28;11.5;49;51;13;9;5;4;76;84;37;33
2021-09-19;Internacional;Fortaleza;BRAZIL 1;1;0;2.15;1.21;4.4;12.0;59;41;20;12;7;4;114;93;55;23
2021-09-19;Stuttgart;Bayer Leverkusen;GERMANY 1;1;3;1.91;1.05;2.32;12.0;64;36;17;8;5;5;135;88;66;26
2021-09-20;Udinese;Napoli;ITALY 1;0;4;1.0;2.06;2.0;10.5;38;62;10;17;2;9;85;99;31;50
2021-09-21;Atalanta;Sassuolo;ITALY 1;2;1;1.72;0.96;7.6;26.0;48;52;14;8;6;2;86;84;58;42
2021-09-21;Bologna;Genoa;ITALY 1;2;2;1.85;1.32;6.0;21.0;60;40;17;11;6;6;123;74;48;28
2021-09-22;Lorient;Nice;FRANCE 1;1;0;1.05;1.22;3.1;13.0;36;64;10;12;2;2;99;131;37;42
2021-09-22;Lens;Strasbourg;FRANCE 1;0;1;1.64;0.79;4.8;19.0;60;40;15;7;4;2;181;81;53;27
2021-09-22;AC Milan;Venezia;ITALY 1;2;0;1.78;0.96;11.0;48.0;67;33;15;9;5;3;156;70;65;24
2021-09-22;Lille;Reims;FRANCE 1;2;1;1.04;1.41;10.0;32.0;53;47;7;13;4;5;115;82;42;33
2021-09-22;Nantes;Brest;FRANCE 1;3;1;1.72;1.22;3.25;11.5;42;58;15;11;6;3;101;128;48;41
2021-09-22;Metz;PSG;FRANCE 1;1;2;0.78;1.86;1.67;15.0;26;74;7;17;3;6;55;176;17;48
2021-09-23;Torino;Lazio;ITALY 1;1;1;1.57;0.91;2.66;9.2;46;54;17;7;2;4;112;80;49;24
2021-09-25;Brentford;Liverpool;ENGLAND 1;3;3;1.43;2.07;1.48;16.0;33;67;13;17;5;7;85;126;35;70
2021-09-25;Strasbourg;Lille;FRANCE 1;1;2;1.37;1.93;2.48;11.0;58;42;11;18;4;8;110;81;54;33
2021-09-25;Corinthians;Palmeiras;BRAZIL 1;2;1;1.16;1.78;2.44;9.4;49;51;10;17;4;6;84;118;34;38
2021-09-25;PSG;Montpellier;FRANCE 1;2;0;1.98;1.29;13.0;65.0;54;46;17;11;6;5;114;72;67;34
2021-09-25;Real Madrid;Villarreal;SPAIN 1;0;0;1.39;1.04;11.5;65.0;49;51;14;9;0;3;111;100;70;35
2021-09-25;Hoffenheim;Wolfsburg;GERMANY 1;3;1;1.34;1.31;3.05;17.0;50;50;11;13;4;2;84;86;50;48
2021-09-26;Brest;Metz;FRANCE 1;1;2;1.59;0.93;8.4;21.0;66;34;12;7;3;4;139;77;85;27
2021-09-26;Udinese;Fiorentina;ITALY 1;0;1;1.61;1.12;2.18;10.0;45;55;13;10;6;3;124;111;49;36
2021-09-26;Reims;Nantes;FRANCE 1;3;1;1.29;1.42;3.5;12.5;45;55;10;12;6;2;73;135;33;71
2021-09-26;Empoli;Bologna;ITALY 1;4;2;2.07;2.19;2.1;7.0;37;63;18;21;9;7;70;96;43;53
2021-09-26;Bochum;Stuttgart;GERMANY 1;0;0;1.8;1.09;2.28;16.0;44;56;17;10;6;4;109;116;42;22
2021-09-26;Juventude;Santos;BRAZIL 1;3;0;1.01;1.92;1.76;8.2;38;62;8;20;5;2;93;115;20;72
2021-09-26;Fluminense;Bragantino;BRAZIL 1;2;1;2.11;1.09;5.0;17.0;44;56;19;8;8;5;82;128;49;29
2021-09-26;Internacional;Bahia;BRAZIL 1;2;0;1.74;1.56;5.0;15.0;58;42;13;14;8;3;113;122;49;64
2021-09-26;Napoli;Cagliari;ITALY 1;2;0;2.21;0.72;20.0;60.0;68;32;18;6;8;2;155;67;70;27
2021-09-26;Freiburg;Augsburg;GERMANY 1;3;0;2.0;0.86;5.3;21.0;61;39;18;8;8;2;131;63;40;30
2021-09-27;Venezia;Torino;ITALY 1;1;1;1.29;1.18;2.16;8.8;44;56;10;9;5;4;111;107;41;44
2021-10-01;Lens;Reims;FRANCE 1;2;0;1.63;0.45;7.0;24.0;61;39;13;4;6;0;139;79;52;25
2021-10-01;Cagliari;Venezia;ITALY 1;1;1;1.25;1.34;3.2;10.5;42;58;10;11;5;5;104;85;36;40
2021-10-02;Torino;Juventus;ITALY 1;0;1;1.3;1.28;2.26;6.8;47;53;12;11;3;4;108;93;45;41
2021-10-02;RB Leipzig;Bochum;GERMANY 1;3;0;1.81;1.08;12.0;55.0;60;40;15;9;9;2;90;138;32;49
2021-10-02;Bragantino;Corinthians;BRAZIL 1;2;2;1.68;1.73;3.65;12.0;38;62;15;12;6;7;83;121;43;65
2021-10-02;Nice;Brest;FRANCE 1;2;1;2.56;0.64;6.8;29.0;70;30;21;5;11;2;186;80;62;24
2021-10-02;Stuttgart;Hoffenheim;GERMANY 1;3;1;1.9;1.59;9.4;75.0;41;59;16;14;8;5;78;122;47;48
2021-10-03;Liverpool;Manchester City;ENGLAND 1;2;2;1.15;1.44;3.65;20.0;49;51;7;13;5;4;110;101;48;46
2021-10-03;Atalanta;AC Milan;ITALY 1;2;3;1.94;1.73;3.55;16.0;56;44;17;13;6;8;104;104;62;47
2021-10-03;Palmeiras;Juventude;BRAZIL 1;1;1;2.06;1.29;10.0;28.0;73;27;21;11;6;5;157;54;41;34
2021-10-03;Fiorentina;Napoli;ITALY 1;1;2;1.36;1.17;3.3;14.5;54;46;11;10;3;4;111;76;62;36
2021-10-03;Bologna;Lazio;ITALY 1;3;0;1.19;1.34;3.45;11.5;41;59;11;8;4;5;87;143;29;64
2021-10-03;Rennes;PSG;FRANCE 1;2;0;1.58;1.59;1.76;11.5;33;67;13;15;5;2;80;110;57;70
2021-10-03;Lorient;Clermont;FRANCE 1;1;1;0.86;1.11;5.3;30.0;46;54;7;9;2;5;130;106;35;25
2021-10-05;Corinthians;Bahia;BRAZIL 1;3;1;2.65;0.81;5.6;21.0;71;29;22;5;11;3;136;92;68;38
2021-10-06;Fluminense;Fortaleza;BRAZIL 1;0;2;1.28;1.33;5.5;16.0;54;46;10;11;4;5;137;96;49;38
2021-10-07;Sao Paulo;Santos;BRAZIL 1;1;1;1.63;1.13;4.2;11.0;60;40;16;9;3;5;132;98;56;27
2021-10-12;Bahia;Palmeiras;BRAZIL 1;0;0;1.89;1.19;2.28;11.0;52;48;16;11;5;4;109;99;74;28
2021-10-13;Corinthians;Fluminense;BRAZIL 1;1;0;1.15;1.46;3.75;11.5;53;47;9;13;2;5;109;85;60;40
2021-10-16;Manchester City;Burnley;ENGLAND 1;2;0;2.12;0.95;20.0;65.0;71;29;15;8;8;3;115;98;85;31
2021-10-16;Freiburg;RB Leipzig;GERMANY 1;1;1;1.59;1.49;1.72;13.0;52;48;16;15;4;4;93;124;42;35
2021-10-16;Union Berlin;Wolfsburg;GERMANY 1;2;0;1.03;1.51;3.2;13.0;39;61;8;14;4;5;95;111;32;37
2021-10-16;Brentford;Chelsea;ENGLAND 1;0;1;2.11;0.9;2.3;15.5;44;56;17;6;8;2;104;110;66;50
2021-10-17;Napoli;Torino;ITALY 1;1;0;1.55;1.31;10.5;26.0;51;49;13;12;6;4;115;104;41;37
2021-10-17;Palmeiras;Internacional;BRAZIL 1;1;0;1.87;1.5;6.0;16.5;52;48;18;15;5;5;112;93;53;28
2021-10-17;Montpellier;Lens;FRANCE 1;1;0;1.76;2.07;1.88;10.5;50;50;16;20;5;6;102;102;56;54
2021-10-17;Udinese;Bologna;ITALY 1;1;1;1.14;2.67;1.88;6.8;41;59;11;26;3;11;93;108;32;37
2021-10-17;Genoa;Sassuolo;ITALY 1;2;2;2.25;1.78;3.45;13.5;42;58;23;19;7;5;88;81;44;33
2021-10-17;Metz;Rennes;FRANCE 1;0;3;1.06;2.35;2.1;9.2;35;65;10;22;3;8;87;123;29;56
2021-10-17;Brest;Reims;FRANCE 1;1;1;1.57;1.39;5.5;22.0;55;45;10;14;6;3;120;91;71;40
2021-10-17;Empoli;Atalanta;ITALY 1;1;4;1.67;2.22;1.55;8.6;48;52;14;22;6;8;117;88;49;38
2021-10-18;Venezia;Fiorentina;ITALY 1;1;0;0.75;1.31;2.64;8.8;38;62;5;11;3;3;79;115;29;55
2021-10-18;Arsenal;Crystal Palace;ENGLAND 1;2;2;1.99;1.4;10.0;28.0;54;46;17;10;7;7;128;82;58;38
2021-10-18;Sao Paulo;Corinthians;BRAZIL 1;1;0;1.33;1.39;3.45;8.8;46;54;11;12;4;4;96;109;49;48
2021-10-21;Internacional;Bragantino;BRAZIL 1;1;1;1.28;1.85;6.2;21.0;42;58;11;16;5;7;114;135;31;47
2021-10-22;Arsenal;Aston Villa;ENGLAND 1;3;1;2.47;1.31;11.0;40.0;54;46;23;11;10;5;105;100;44;36
2021-10-22;Torino;Genoa;ITALY 1;3;2;1.92;1.59;3.75;9.6;59;41;18;15;5;5;106;105;61;40
2021-10-23;Lille;Brest;FRANCE 1;1;1;1.65;1.63;6.0;18.0;63;37;14;14;4;7;145;100;66;34
2021-10-23;Bologna;AC Milan;ITALY 1;2;4;1.32;2.04;2.82;10.5;37;63;11;16;6;8;87;151;27;63
2021-10-23;Wolfsburg;Freiburg;GERMANY 1;0;2;1.83;1.39;2.98;15.0;57;43;18;12;4;5;91;95;58;38
2021-10-24;Lens;Metz;FRANCE 1;4;1;1.28;1.11;12.5;46.0;56;44;9;8;6;5;102;87;39;34
2021-10-24;Stuttgart;Union Berlin;GERMANY 1;1;1;0.89;1.24;5.1;16.0;55;45;9;11;2;3;138;99;22;45
2021-10-24;Internacional;Corinthians;BRAZIL 1;2;2;1.57;1.31;4.3;12.5;49;51;12;14;6;3;127;113;52;28
2021-10-24;Bragantino;Sao Paulo;BRAZIL 1;1;0;2.0;1.84;3.1;9.0;45;55;20;17;7;6;90;101;35;48
2021-10-24;Bochum;Eintracht Frankfurt;GERMANY 1;2;0;1.86;2.07;2.32;13.5;41;59;18;19;6;7;107;129;41;52
2021-10-24;Atalanta;Udinese;ITALY 1;1;1;1.33;1.11;9.2;34.0;68;32;10;10;4;4;128;78;56;26
2021-10-24;Fiorentina;Cagliari;ITALY 1;3;0;2.22;0.65;6.8;27.0;65;35;23;6;7;2;113;78;38;16
2021-10-24;Rennes;Strasbourg;FRANCE 1;1;0;1.86;1.29;3.9;15.0;64;36;18;10;3;4;150;77;70;52
2021-10-26;AC Milan;Torino;ITALY 1;1;0;0.91;1.56;7.2;23.0;45;55;9;14;2;3;106;153;26;62
2021-10-27;Lazio;Fiorentina;ITALY 1;1;0;0.93;1.16;3.85;15.0;49;51;6;10;4;2;97;104;36;52
2021-10-27;Santos;Fluminense;BRAZIL 1;2;0;1.17;1.84;3.25;9.8;45;55;9;16;4;6;111;100;42;57
2021-10-28;Napoli;Bologna;ITALY 1;3;0;2.31;0.85;4.0;15.0;65;35;20;9;8;2;154;56;66;20
2021-10-29;PSG;Lille;FRANCE 1;2;1;2.03;1.42;9.0;34.0;60;40;18;12;7;5;95;75;56;44
2021-10-30;Eintracht Frankfurt;RB Leipzig;GERMANY 1;1;1;1.25;1.98;2.64;18.5;46;54;12;16;4;9;111;110;28;47
2021-10-30;Juventude;Bahia;BRAZIL 1;0;0;2.13;0.81;2.64;11.5;60;40;19;10;5;0;151;84;79;24
2021-10-30;Atalanta;Lazio;ITALY 1;2;2;1.82;1.01;5.5;21.0;57;43;16;8;4;5;139;94;72;19
2021-10-30;Burnley;Brentford;ENGLAND 1;3;1;1.93;1.48;2.26;12.0;41;59;18;14;7;5;121;100;41;33
2021-10-30;Manchester City;Crystal Palace;ENGLAND 1;0;2;1.91;1.09;6.0;26.0;68;32;15;10;5;5;146;62;84;15
2021-10-30;Bayer Leverkusen;Wolfsburg;GERMANY 1;0;2;1.28;1.43;12.5;48.0;66;34;12;11;0;8;140;72;71;24
2021-10-31;Sao Paulo;Internacional;BRAZIL 1;1;0;2.46;1.06;3.05;8.6;53;47;22;10;9;3;115;108;62;28
2021-10-31;Montpellier;Nantes;FRANCE 1;2;0;2.34;1.38;4.0;14.5;58;42;20;13;11;3;96;85;43;49
2021-10-31;Genoa;Venezia;ITALY 1;0;0;2.25;0.83;5.1;15.0;63;37;20;7;5;3;135;65;88;24
2021-10-31;Strasbourg;Lorient;FRANCE 1;4;0;1.87;0.53;4.9;17.0;53;47;16;6;7;0;113;73;50;20
2021-10-31;Augsburg;Stuttgart;GERMANY 1;4;1;2.14;1.5;1.85;18.0;33;67;19;15;10;4;88;134;34;36
2021-10-31;Brest;Monaco;FRANCE 1;2;0;1.09;0.91;2.64;13.5;33;67;8;6;4;3;94;166;41;40
2021-11-01;Bologna;Cagliari;ITALY 1;2;0;1.26;1.22;6.8;20.0;57;43;10;11;4;4;129;98;46;32
2021-11-05;Southampton;Aston Villa;ENGLAND 1;1;0;1.16;1.43;1.6;11.0;56;44;8;11;4;4;99;103;51;62
2021-11-05;Empoli;Genoa;ITALY 1;2;2;0.93;1.55;3.4;9.0;52;48;6;12;3;8;96;121;45;30
2021-11-06;Juventus;Fiorentina;ITALY 1;1;0;1.33;0.91;5.4;15.0;50;50;12;7;4;2;100;109;40;43
2021-11-06;Chelsea;Burnley;ENGLAND 1;1;1;2.49;0.8;11.0;42.0;70;30;25;6;5;3;127;93;79;27
2021-11-06;Corinthians;Fortaleza;BRAZIL 1;1;0;1.77;0.98;4.4;12.0;58;42;14;9;6;3;138;88;63;27
2021-11-06;Real Madrid;Rayo Vallecano;SPAIN 1;2;1;1.96;2.14;12.0;40.0;55;45;16;19;8;7;100;110;54;63
2021-11-06;Cagliari;Atalanta;ITALY 1;1;2;0.88;2.43;1.76;10.0;37;63;8;20;2;9;82;124;31;75
2021-11-06;Bochum;Hoffenheim;GERMANY 1;2;0;1.24;1.27;3.15;22.0;38;62;11;11;5;2;94;106;25;60
2021-11-06;Wolfsburg;Augsburg;GERMANY 1;1;0;1.24;1.29;3.85;19.5;62;38;10;11;4;5;128;77;43;34
2021-11-07;Lazio;Salernitana;ITALY 1;3;0;1.94;0.72;11.5;34.0;61;39;18;7;6;0;115;98;53;36
2021-11-07;Bahia;Sao Paulo;BRAZIL 1;1;0;1.82;1.33;5.0;13.0;43;57;16;10;5;4;121;133;63;56
2021-11-07;Nice;Montpellier;FRANCE 1;0;1;2.52;0.98;9.4;40.0;69;31;23;10;7;3;129;93;81;17
2021-11-07;Nantes;Strasbourg;FRANCE 1;2;2;2.28;1.91;2.64;11.5;48;52;24;17;6;7;120;105;48;48
2021-11-07;Lorient;Brest;FRANCE 1;1;2;1.18;2.2;2.08;8.0;39;61;11;20;5;7;64;154;18;61
2021-11-07;Udinese;Sassuolo;ITALY 1;3;2;1.5;1.43;3.25;11.0;37;63;14;12;5;6;83;145;37;32
2021-11-07;Reims;Monaco;FRANCE 1;0;0;1.47;1.52;2.12;11.5;42;58;12;13;5;4;99;125;50;57
2021-11-10;Juventude;Internacional;BRAZIL 1;2;1;1.25;1.16;2.36;8.6;47;53;10;9;4;4;101;95;45;42
2021-11-10;Fortaleza;Sao Paulo;BRAZIL 1;1;1;1.25;1.28;2.94;9.6;41;59;11;10;4;4;87;145;37;48
2021-11-10;Santos;Bragantino;BRAZIL 1;2;0;1.36;1.51;4.1;12.0;43;57;10;12;6;4;102;111;41;65
2021-11-13;Bragantino;Fortaleza;BRAZIL 1;3;0;1.33;1.31;3.7;12.0;45;55;11;11;6;3;94;108;28;55
2021-11-14;Fluminense;Palmeiras;BRAZIL 1;2;1;1.03;1.18;2.82;7.4;52;48;7;10;4;5;125;92;40;26
2021-11-17;Juventude;Fluminense;BRAZIL 1;1;0;1.65;0.92;2.9;9.0;33;67;12;6;8;2;78;135;46;52
2021-11-17;Palmeiras;Sao Paulo;BRAZIL 1;0;2;1.51;1.62;5.9;15.0;56;44;13;15;5;7;102;76;46;26
2021-11-19;Monaco;Lille;FRANCE 1;2;2;2.0;1.81;3.05;15.0;53;47;15;14;9;9;122;94;57;40
2021-11-20;Rennes;Montpellier;FRANCE 1;2;0;2.48;0.54;5.7;25.0;68;32;22;3;8;3;133;74;74;17
2021-11-20;Fortaleza;Palmeiras;BRAZIL 1;1;0;1.03;1.34;2.18;7.6;33;67;9;11;4;4;82;134;24;48
2021-11-20;Fiorentina;AC Milan;ITALY 1;4;3;1.21;1.89;2.54;11.0;45;55;9;14;6;8;66;108;30;62
2021-11-20;PSG;Nantes;FRANCE 1;3;1;1.62;1.52;16.0;60.0;66;34;10;11;8;7;127;101;57;45
2021-11-20;Liverpool;Arsenal;ENGLAND 1;4;0;1.91;0.72;3.1;15.5;63;37;13;4;10;4;127;76;52;24
2021-11-20;Lazio;Juventus;ITALY 1;0;2;1.01;1.23;2.56;8.4;58;42;3;9;2;6;143;68;92;33
2021-11-20;Hoffenheim;RB Leipzig;GERMANY 1;2;0;2.18;0.55;1.56;22.0;41;59;19;3;9;0;88;112;49;47
2021-11-20;Bayer Leverkusen;Bochum;GERMANY 1;1;0;1.41;1.87;13.0;1000.0;55;45;10;17;6;8;120;99;48;32
2021-11-20;Burnley;Crystal Palace;ENGLAND 1;3;3;1.84;1.89;1.79;8.0;40;60;14;15;10;9;103;91;35;43
2021-11-21;Granada CF;Real Madrid;SPAIN 1;1;4;1.29;2.58;1.61;10.5;32;68;12;21;4;10;59;130;36;77
2021-11-21;Corinthians;Santos;BRAZIL 1;2;0;2.84;0.99;5.1;14.5;64;36;23;10;12;2;116;80;77;30
2021-11-21;Brest;Lens;FRANCE 1;4;0;1.58;1.55;3.2;13.0;36;64;14;14;6;5;78;160;38;40
2021-11-21;Sassuolo;Cagliari;ITALY 1;2;2;1.96;1.33;3.15;14.5;60;40;22;12;5;5;106;99;30;30
2021-11-21;Manchester City;Everton;ENGLAND 1;3;0;2.36;0.69;9.2;38.0;77;23;18;5;8;3;173;52;91;22
2021-11-21;Bologna;Venezia;ITALY 1;0;1;2.51;1.15;4.8;14.5;67;33;22;9;7;6;183;64;86;22
2021-11-21;Freiburg;Eintracht Frankfurt;GERMANY 1;0;2;2.31;1.48;3.1;16.5;62;38;22;13;4;7;127;84;89;22
2021-11-21;Strasbourg;Reims;FRANCE 1;1;1;2.4;1.16;3.1;12.0;68;32;23;11;4;5;167;61;92;15
2021-11-22;Torino;Udinese;ITALY 1;2;1;1.39;2.08;3.55;10.0;52;48;13;19;4;9;99;126;39;33
2021-11-24;Fluminense;Internacional;BRAZIL 1;1;0;0.91;1.68;2.98;8.6;31;69;9;15;2;4;74;132;27;62
2021-11-25;Santos;Fortaleza;BRAZIL 1;2;0;1.94;1.45;5.7;19.0;56;44;18;13;6;3;118;111;53;57
2021-11-27;Lille;Nantes;FRANCE 1;1;1;1.78;1.03;6.8;21.0;59;41;14;8;6;4;104;101;66;32
2021-11-27;Liverpool;Southampton;ENGLAND 1;4;0;2.3;1.06;25.0;90.0;65;35;22;9;7;4;115;96;59;27
2021-11-27;Crystal Palace;Aston Villa;ENGLAND 1;1;2;1.31;1.17;3.9;29.0;63;37;8;11;4;4;126;75;71;27
2021-11-27;Juventus;Atalanta;ITALY 1;0;1;1.39;0.97;3.0;11.0;59;41;15;8;2;2;110;130;41;42
2021-11-27;Empoli;Fiorentina;ITALY 1;2;1;1.9;2.17;2.26;8.6;51;49;19;18;7;8;82;93;30;66
2021-11-27;Bochum;Freiburg;GERMANY 1;2;1;1.56;2.66;2.6;12.5;41;59;14;22;6;12;74;113;35;60
2021-11-28;Eintracht Frankfurt;Union Berlin;GERMANY 1;2;1;1.94;1.0;4.2;14.0;54;46;17;8;5;5;139;116;70;17
2021-11-28;Napoli;Lazio;ITALY 1;4;0;1.76;0.85;4.7;14.5;61;39;17;7;7;3;82;72;27;27
2021-11-28;Internacional;Santos;BRAZIL 1;1;1;1.98;1.66;3.9;13.0;54;46;17;15;7;7;110;106;57;30
2021-11-28;RB Leipzig;Bayer Leverkusen;GERMANY 1;1;3;1.91;1.22;1.87;13.0;59;41;16;11;6;5;163;59;64;25
2021-11-28;Udinese;Genoa;ITALY 1;0;0;1.88;1.06;4.4;13.5;43;57;17;10;5;3;130;102;62;29
2021-11-28;AC Milan;Sassuolo;ITALY 1;1;3;1.68;1.9;8.8;26.0;50;50;16;17;3;7;103;88;64;47
2021-11-28;Brentford;Everton;ENGLAND 1;1;0;1.1;1.9;3.7;15.5;40;60;7;15;5;6;89;135;41;73
2021-11-28;Monaco;Strasbourg;FRANCE 1;1;1;1.3;1.03;5.4;32.0;59;41;10;8;5;4;132;113;42;32
2021-11-28;Lorient;Rennes;FRANCE 1;0;2;0.82;1.44;2.74;11.0;42;58;8;12;0;6;134;114;41;35
2021-11-30;Atalanta;Venezia;ITALY 1;4;0;2.34;1.04;21.0;65.0;59;41;20;9;9;5;155;82;61;16
2021-11-30;Juventude;Bragantino;BRAZIL 1;1;0;1.08;1.2;3.45;13.0;46;54;9;14;3;0;85;123;41;42
2021-12-01;Sassuolo;Napoli;ITALY 1;2;2;1.64;1.34;1.69;7.8;50;50;12;11;9;5;88;97;34;40
2021-12-01;Genoa;AC Milan;ITALY 1;0;3;1.06;1.92;1.8;9.2;42;58;11;18;3;6;100;130;19;49
2021-12-01;Rennes;Lille;FRANCE 1;1;2;1.43;0.8;2.84;10.0;65;35;11;7;3;3;177;79;69;19
2021-12-01;PSG;Nice;FRANCE 1;0;0;2.49;0.55;5.5;28.0;70;30;23;6;6;0;153;67;85;22
2021-12-01;Everton;Liverpool;ENGLAND 1;1;4;1.06;2.07;1.46;10.5;31;69;9;17;3;8;77;117;39;60
2021-12-01;Aston Villa;Manchester City;ENGLAND 1;1;2;1.13;2.28;2.18;15.0;36;64;10;18;4;8;77;126;30;81
2021-12-02;Lazio;Udinese;ITALY 1;4;4;1.94;1.58;5.6;19.0;62;38;15;13;7;6;80;54;71;48
2021-12-02;Torino;Empoli;ITALY 1;2;2;1.31;2.28;5.2;15.5;41;59;9;18;4;7;102;88;63;93
2021-12-03;Union Berlin;RB Leipzig;GERMANY 1;2;1;1.64;1.7;2.36;12.5;37;63;15;14;5;5;113;119;46;64
2021-12-03;Benfica;Sporting CP;PORTUGAL 1;1;3;1.64;1.74;3.3;14.5;66;34;13;16;4;7;134;79;74;33
2021-12-03;Fortaleza;Juventude;BRAZIL 1;1;0;1.88;1.28;6.2;17.0;53;47;17;12;6;4;108;91;54;33
2021-12-04;Napoli;Atalanta;ITALY 1;2;3;1.5;2.03;3.6;15.0;55;45;14;20;6;8;54;55;28;30
2021-12-04;Lens;PSG;FRANCE 1;1;1;2.06;1.72;1.78;12.5;36;64;19;14;8;7;98;102;42;48
2021-12-04;Real Sociedad;Real Madrid;SPAIN 1;0;2;1.1;1.81;3.15;11.0;51;49;11;13;0;9;121;92;55;49
2021-12-04;Augsburg;Bochum;GERMANY 1;2;3;2.18;1.56;5.0;21.0;53;47;18;13;8;7;129;91;66;34
2021-12-04;Hoffenheim;Eintracht Frankfurt;GERMANY 1;3;2;1.28;1.73;2.26;13.5;49;51;9;19;5;4;111;98;49;35
2021-12-04;AC Milan;Salernitana;ITALY 1;2;0;2.54;0.83;16.5;110.0;70;30;24;8;9;3;135;96;55;14
2021-12-05;Nice;Strasbourg;FRANCE 1;0;3;1.49;1.57;4.9;20.0;60;40;12;17;6;5;122;72;42;20
2021-12-05;Bahia;Fluminense;BRAZIL 1;2;0;1.67;1.13;6.6;18.0;37;63;15;11;6;3;70;102;43;30
2021-12-05;Juventus;Genoa;ITALY 1;2;0;3.02;0.13;8.8;21.0;70;30;28;0;10;0;162;67;76;15
2021-12-05;Lorient;Nantes;FRANCE 1;0;1;1.71;0.81;4.5;14.5;54;46;17;6;3;2;118;95;59;39
2021-12-05;Bologna;Fiorentina;ITALY 1;2;3;1.2;1.17;2.76;9.8;37;63;12;7;4;5;60;128;22;50
2021-12-05;Monaco;Metz;FRANCE 1;4;0;1.41;0.68;9.8;42.0;65;35;10;7;6;0;123;91;47;31
2021-12-06;Cagliari;Torino;ITALY 1;1;1;1.62;1.04;3.6;12.5;49;51;15;8;3;3;121;102;64;43
2021-12-06;Sao Paulo;Juventude;BRAZIL 1;3;1;1.43;1.2;4.8;16.0;54;46;12;10;6;4;106;83;33;39
2021-12-06;Empoli;Udinese;ITALY 1;3;1;2.04;2.12;2.98;8.0;58;42;22;19;4;9;117;81;51;41
2021-12-06;Everton;Arsenal;ENGLAND 1;2;1;1.53;1.19;2.02;7.2;36;64;12;10;6;4;107;118;47;36
2021-12-09;Juventude;Corinthians;BRAZIL 1;1;0;1.71;0.68;2.6;7.4;45;55;19;3;2;3;112;97;51;37
2021-12-09;Bragantino;Internacional;BRAZIL 1;1;0;2.49;0.73;2.64;9.8;44;56;27;5;7;2;139;104;41;35
2021-12-09;Fortaleza;Bahia;BRAZIL 1;2;1;1.64;1.64;2.94;10.0;52;48;15;11;5;8;117;98;46;53
2021-12-10;Nantes;Lens;FRANCE 1;3;2;1.75;0.84;2.16;9.2;40;60;16;6;6;3;92;105;45;32
2021-12-11;Brest;Montpellier;FRANCE 1;0;4;2.03;1.14;8.6;34.0;44;56;18;10;7;5;131;89;55;21
2021-12-11;Udinese;AC Milan;ITALY 1;1;1;1.33;1.58;2.0;9.8;34;66;11;15;6;3;91;159;28;56
2021-12-11;Venezia;Juventus;ITALY 1;1;1;1.54;1.82;1.61;10.5;39;61;14;18;5;5;113;124;41;45
2021-12-11;Wolfsburg;Stuttgart;GERMANY 1;0;2;1.95;1.18;2.5;15.0;52;48;19;11;5;4;129;92;55;27
2021-12-11;Freiburg;Hoffenheim;GERMANY 1;1;2;1.64;1.61;4.0;17.5;42;58;14;14;6;6;94;105;46;41
2021-12-11;Arsenal;Southampton;ENGLAND 1;3;0;1.88;1.51;25.0;95.0;61;39;16;12;7;7;100;91;53;36
2021-12-11;Liverpool;Aston Villa;ENGLAND 1;1;0;2.38;0.62;7.0;34.0;62;38;22;5;6;0;134;74;79;41
2021-12-12;Villarreal;Rayo Vallecano;SPAIN 1;2;0;2.02;2.19;4.8;18.5;52;48;17;20;9;8;97;97;44;52
2021-12-12;PSG;Monaco;FRANCE 1;2;0;1.08;1.74;6.8;40.0;53;47;10;16;3;5;95;105;32;52
2021-12-12;Rennes;Nice;FRANCE 1;1;2;2.52;1.03;2.02;13.0;67;33;22;9;8;4;162;64;78;25
2021-12-12;Torino;Bologna;ITALY 1;2;1;2.08;1.15;2.98;8.2;48;52;17;9;9;6;104;86;52;21
2021-12-12;Crystal Palace;Everton;ENGLAND 1;3;1;2.03;1.61;5.2;14.5;61;39;18;13;7;7;76;101;57;40
2021-12-12;Eintracht Frankfurt;Bayer Leverkusen;GERMANY 1;5;2;2.09;1.08;2.24;11.5;44;56;18;10;9;3;100;94;45;31
2021-12-12;Sassuolo;Lazio;ITALY 1;2;1;2.03;1.04;2.14;10.0;60;40;19;9;7;4;141;77;46;26
2021-12-12;Napoli;Empoli;ITALY 1;0;1;3.17;1.43;11.5;30.0;60;40;32;13;8;5;104;87;85;36
2021-12-15;Crystal Palace;Southampton;ENGLAND 1;2;2;1.27;1.57;6.0;22.0;60;40;9;14;5;5;94;113;48;45
2021-12-15;Bayer Leverkusen;Hoffenheim;GERMANY 1;2;2;2.47;2.24;13.5;70.0;45;55;22;20;12;7;87;131;34;67
2021-12-15;Augsburg;RB Leipzig;GERMANY 1;1;1;1.07;1.64;2.26;11.0;31;69;11;15;2;5;69;115;33;46
2021-12-15;Union Berlin;Freiburg;GERMANY 1;0;0;1.48;1.34;3.5;14.0;54;46;15;12;4;4;97;88;34;42
2021-12-16;Chelsea;Everton;ENGLAND 1;1;1;2.82;1.04;4.8;24.0;80;20;24;8;10;5;158;73;84;24
2021-12-17;Lazio;Genoa;ITALY 1;3;1;1.52;0.71;7.4;23.0;55;45;12;5;6;3;122;91;46;23
2021-12-18;Real Sociedad;Villarreal;SPAIN 1;1;3;1.34;1.99;3.95;14.0;39;61;11;17;5;7;86;103;41;59
2021-12-18;Cagliari;Udinese;ITALY 1;0;4;0.98;1.24;3.85;11.5;55;45;7;10;4;6;106;93;33;24
2021-12-18;Bologna;Juventus;ITALY 1;0;2;1.44;1.53;2.98;9.6;58;42;11;11;4;8;145;87;62;37
2021-12-18;Gil Vicente;Sporting CP;PORTUGAL 1;0;3;1.09;2.14;1.28;9.0;47;53;8;18;5;9;92;109;31;52
2021-12-18;Bochum;Union Berlin;GERMANY 1;0;1;1.49;1.23;3.2;15.5;55;45;14;11;4;4;118;111;44;33
2021-12-19;Freiburg;Bayer Leverkusen;GERMANY 1;2;1;1.67;1.02;1.59;9.4;43;57;14;6;6;4;120;97;50;49
2021-12-19;AC Milan;Napoli;ITALY 1;0;1;1.59;1.16;3.0;13.0;49;51;13;12;4;3;155;89;65;26
2021-12-19;Fiorentina;Sassuolo;ITALY 1;2;2;2.19;1.21;6.4;24.0;57;43;21;9;6;5;113;71;62;40
2021-12-21;Juventus;Cagliari;ITALY 1;2;0;1.73;0.69;9.6;26.0;63;37;14;6;5;2;156;65;67;22
2021-12-21;Genoa;Atalanta;ITALY 1;0;0;0.39;2.39;1.81;9.8;33;67;3;20;0;4;97;195;25;116
2021-12-22;Lorient;PSG;FRANCE 1;1;1;1.76;2.41;1.42;12.0;23;77;18;19;6;5;68;175;29;119
2021-12-22;Monaco;Rennes;FRANCE 1;2;1;1.46;1.84;4.3;23.0;48;52;13;17;4;7;121;109;48;38
2021-12-22;Nice;Lens;FRANCE 1;2;1;1.47;1.08;3.1;13.5;55;45;10;9;5;4;121;98;66;30
2021-12-22;Empoli;AC Milan;ITALY 1;2;4;2.01;2.04;1.71;8.0;55;45;17;18;6;8;115;109;72;48
2021-12-22;Venezia;Lazio;ITALY 1;1;3;1.16;1.12;1.71;9.2;47;53;10;7;3;5;94;101;43;43
2021-12-22;Sassuolo;Bologna;ITALY 1;0;3;1.33;1.69;2.98;11.5;61;39;14;13;3;8;113;83;31;43
2021-12-26;Aston Villa;Chelsea;ENGLAND 1;1;3;0.97;1.53;3.35;23.0;42;58;9;11;2;5;101;128;34;66
2021-12-29;Sporting CP;Portimonense;PORTUGAL 1;3;2;2.8;0.94;32.0;1000.0;70;30;24;8;12;4;91;60;64;21
2021-12-29;Brentford;Manchester City;ENGLAND 1;0;1;0.81;1.59;1.67;16.5;24;76;7;13;3;4;55;100;21;68
2022-01-01;Arsenal;Manchester City;ENGLAND 1;1;2;0.99;1.64;4.1;17.5;29;71;8;16;3;3;98;93;37;58
2022-01-02;Chelsea;Liverpool;ENGLAND 1;2;2;1.96;1.57;3.35;19.5;56;44;16;11;7;7;135;100;62;53
2022-01-02;Brentford;Aston Villa;ENGLAND 1;2;1;1.25;1.79;3.1;20.0;45;55;11;17;5;6;94;110;27;40
2022-01-06;Lazio;Empoli;ITALY 1;3;3;2.89;1.12;6.2;18.5;62;38;24;10;10;4;119;68;95;29
2022-01-06;Sassuolo;Genoa;ITALY 1;1;1;3.04;0.68;3.35;9.6;74;26;30;5;9;2;187;59;70;31
2022-01-06;Juventus;Napoli;ITALY 1;1;1;2.15;1.79;3.6;11.5;44;56;23;17;6;5;115;90;39;51
2022-01-07;Santa Clara;Sporting CP;PORTUGAL 1;3;2;1.12;1.85;1.6;0.0;35;65;10;17;5;5;79;140;18;58
2022-01-08;Lens;Rennes;FRANCE 1;1;0;1.45;0.98;3.9;14.5;58;42;12;7;5;2;121;111;46;53
2022-01-08;Bayer Leverkusen;Union Berlin;GERMANY 1;2;2;2.29;1.72;11.0;40.0;65;35;20;17;9;6;151;87;54;31
2022-01-08;Hoffenheim;Augsburg;GERMANY 1;3;1;1.88;1.42;3.05;22.0;58;42;15;13;7;5;119;98;60;34
2022-01-09;Bochum;Wolfsburg;GERMANY 1;1;0;1.48;1.67;2.38;14.5;51;49;10;12;4;6;142;108;77;68
2022-01-09;Nantes;Monaco;FRANCE 1;0;0;1.19;1.27;1.84;9.0;31;69;9;10;5;2;91;153;36;67
2022-01-09;Brest;Nice;FRANCE 1;0;3;2.93;1.05;2.98;10.5;63;37;24;10;10;4;137;76;100;18
2022-01-09;Venezia;AC Milan;ITALY 1;0;3;1.43;2.43;1.74;9.8;38;62;13;20;4;10;80;120;45;65
2022-01-09;Clermont;Reims;FRANCE 1;0;0;1.83;0.97;2.14;10.5;55;45;15;8;7;3;107;79;54;34
2022-01-09;Metz;Strasbourg;FRANCE 1;0;2;0.87;2.04;2.22;10.5;41;59;8;19;2;7;95;133;29;48
2022-01-09;Udinese;Atalanta;ITALY 1;2;6;1.2;2.33;1.68;9.4;40;60;9;21;6;9;89;145;28;50
2022-01-10;Torino;Fiorentina;ITALY 1;4;0;1.36;1.28;2.36;9.6;45;55;10;11;7;5;115;95;31;31
2022-01-11;Southampton;Brentford;ENGLAND 1;4;1;1.65;1.26;2.32;13.5;49;51;13;9;7;6;115;107;46;36
2022-01-11;Cagliari;Bologna;ITALY 1;2;1;1.9;1.13;2.62;9.2;53;47;17;10;6;4;129;99;55;29
2022-01-14;Nice;Nantes;FRANCE 1;2;1;1.69;1.36;5.6;15.0;55;45;14;12;6;4;141;90;52;44
2022-01-15;PSG;Brest;FRANCE 1;2;0;2.71;0.94;11.5;46.0;69;31;23;7;11;4;169;64;66;30
2022-01-15;Juventus;Udinese;ITALY 1;2;0;1.5;1.68;10.0;28.0;67;33;13;16;4;5;142;91;53;45
2022-01-15;Manchester City;Chelsea;ENGLAND 1;1;0;1.76;0.63;3.35;26.0;56;44;12;5;7;2;121;81;70;22
2022-01-15;Stuttgart;RB Leipzig;GERMANY 1;0;2;2.3;1.1;4.1;26.0;50;50;18;9;10;5;152;84;63;24
2022-01-15;Union Berlin;Hoffenheim;GERMANY 1;2;1;1.26;1.83;3.85;17.5;42;58;9;14;6;6;83;136;37;72
2022-01-16;Monaco;Clermont;FRANCE 1;4;0;2.15;0.95;9.4;60.0;53;47;17;8;8;2;115;98;72;40
2022-01-16;Venezia;Empoli;ITALY 1;1;1;1.62;2.26;3.5;11.5;49;51;15;21;4;8;91;98;55;52
2022-01-16;Reims;Metz;FRANCE 1;0;1;1.55;1.77;7.0;21.0;58;42;14;17;3;7;123;111;62;27
2022-01-16;Strasbourg;Montpellier;FRANCE 1;3;1;2.52;1.09;4.4;19.0;56;44;20;9;10;5;145;80;77;23
2022-01-16;Liverpool;Brentford;ENGLAND 1;3;0;3.1;0.75;13.0;60.0;68;32;26;7;13;2;163;91;75;21
2022-01-16;Augsburg;Eintracht Frankfurt;GERMANY 1;1;1;1.74;1.71;2.92;13.0;49;51;15;15;6;6;100;104;52;47
2022-01-17;Fiorentina;Genoa;ITALY 1;6;0;2.68;0.39;4.3;13.0;74;26;21;4;11;0;143;53;81;18
2022-01-17;Bologna;Napoli;ITALY 1;0;2;1.42;1.86;2.9;8.4;39;61;12;18;5;6;110;112;42;41
2022-01-19;Lille;Lorient;FRANCE 1;3;1;1.78;1.97;7.0;21.0;55;45;15;19;7;7;128;90;46;39
2022-01-22;Lazio;Atalanta;ITALY 1;0;0;1.25;0.85;2.5;12.5;61;39;11;7;2;3;135;87;55;26
2022-01-22;Brest;Lille;FRANCE 1;2;0;1.41;2.16;3.2;10.0;38;62;12;19;6;6;91;150;31;74
2022-01-22;Southampton;Manchester City;ENGLAND 1;1;1;0.88;2.73;1.24;12.5;26;74;8;22;4;6;60;191;12;127
2022-01-22;Everton;Aston Villa;ENGLAND 1;0;1;1.52;1.08;2.38;8.6;50;50;16;9;2;4;111;118;51;30
2022-01-22;Freiburg;Stuttgart;GERMANY 1;2;0;1.89;0.8;2.16;12.0;50;50;16;7;7;2;107;109;53;28
2022-01-22;Genoa;Udinese;ITALY 1;0;0;1.78;0.39;3.45;9.0;51;49;15;3;6;0;135;87;55;25
2022-01-22;Bayer Leverkusen;Augsburg;GERMANY 1;5;1;2.5;1.59;10.5;75.0;67;33;21;14;12;6;121;84;46;40
2022-01-23;RB Leipzig;Wolfsburg;GERMANY 1;2;0;1.53;1.23;9.2;40.0;54;46;11;10;6;4;133;98;55;43
2022-01-23;Nantes;Lorient;FRANCE 1;4;2;1.81;1.69;2.94;12.0;54;46;13;14;8;6;104;116;59;52
2022-01-23;Crystal Palace;Liverpool;ENGLAND 1;1;3;1.18;1.99;1.56;11.0;43;57;9;16;6;8;78;145;26;56
2022-01-23;AC Milan;Juventus;ITALY 1;0;0;1.85;0.93;3.7;12.5;47;53;16;9;4;0;123;122;77;48
2022-01-23;PSG;Reims;FRANCE 1;4;0;2.43;1.05;15.0;60.0;68;32;22;8;9;4;161;82;56;36
2022-01-23;Montpellier;Monaco;FRANCE 1;3;2;1.77;2.5;1.82;24.0;39;61;15;20;8;9;82;147;37;83
2022-01-23;Cagliari;Fiorentina;ITALY 1;1;1;1.3;1.89;1.8;11.0;40;60;12;16;3;7;84;120;46;53
2022-01-23;Metz;Nice;FRANCE 1;0;2;0.91;1.28;2.34;13.0;53;47;9;9;0;8;132;104;45;19
2022-02-02;Benfica;Gil Vicente;PORTUGAL 1;1;2;2.48;1.46;13.0;36.0;55;45;24;13;7;7;131;81;66;20
2022-02-05;Fiorentina;Lazio;ITALY 1;0;3;1.24;1.69;3.4;12.0;50;50;10;14;4;9;82;55;45;25
2022-02-05;Stuttgart;Eintracht Frankfurt;GERMANY 1;2;3;1.79;1.94;6.4;32.0;53;47;16;16;7;7;99;114;40;60
2022-02-05;Augsburg;Union Berlin;GERMANY 1;2;0;1.87;1.76;3.75;14.0;48;52;15;16;10;6;91;103;31;46
2022-02-06;Lorient;Lens;FRANCE 1;2;0;0.96;0.87;1.89;9.8;36;64;8;8;4;0;85;152;22;47
2022-02-06;Atalanta;Cagliari;ITALY 1;1;2;1.42;1.09;8.0;32.0;61;39;12;9;3;5;152;83;60;23
2022-02-06;Strasbourg;Nantes;FRANCE 1;1;0;1.45;1.34;4.6;17.0;51;49;13;12;3;3;131;96;56;51
2022-02-06;Bologna;Empoli;ITALY 1;0;0;1.4;1.25;6.0;16.0;60;40;13;15;3;0;125;93;50;42
2022-02-06;Udinese;Torino;ITALY 1;2;0;1.49;0.74;2.92;8.6;41;59;14;6;5;2;103;107;35;28
2022-02-06;Venezia;Napoli;ITALY 1;0;2;1.02;1.95;1.56;6.8;34;66;8;17;4;6;72;148;32;61
2022-02-06;Lille;PSG;FRANCE 1;1;5;1.52;2.21;1.93;12.0;41;59;12;20;6;8;79;110;48;54
2022-02-06;Gil Vicente;Santa Clara;PORTUGAL 1;2;2;1.12;1.46;2.78;7.6;56;44;9;13;4;5;87;73;36;41
2022-02-06;Rennes;Brest;FRANCE 1;2;0;2.29;0.89;3.6;12.5;61;39;20;7;10;2;125;86;45;42
2022-02-09;Manchester City;Brentford;ENGLAND 1;2;0;2.0;0.82;17.5;70.0;76;24;15;7;7;3;133;64;77;22
2022-02-11;PSG;Rennes;FRANCE 1;1;0;1.76;1.4;8.4;32.0;64;36;15;15;4;3;140;82;73;34
2022-02-12;Montpellier;Lille;FRANCE 1;0;1;1.82;1.92;1.91;11.0;56;44;16;17;6;7;96;108;54;49
2022-02-12;Villarreal;Real Madrid;SPAIN 1;0;0;1.31;1.91;2.14;19.0;44;56;11;18;3;5;101;102;56;59
2022-02-12;Torino;Venezia;ITALY 1;1;2;1.73;1.02;3.8;11.5;67;33;16;8;4;4;135;86;60;31
2022-02-12;Benfica;Santa Clara;PORTUGAL 1;2;1;2.07;1.11;11.5;38.0;69;31;17;9;5;5;158;59;88;27
2022-02-12;Bayer Leverkusen;Stuttgart;GERMANY 1;4;2;2.42;0.89;4.7;23.0;69;31;21;7;8;4;172;66;72;23
2022-02-12;Lazio;Bologna;ITALY 1;3;0;1.56;1.32;4.9;15.5;56;44;12;12;8;3;129;91;31;48
2022-02-12;Eintracht Frankfurt;Wolfsburg;GERMANY 1;0;2;1.78;1.22;3.8;23.0;61;39;17;12;2;4;149;104;78;24
2022-02-13;Atalanta;Juventus;ITALY 1;1;1;2.1;1.99;3.95;13.5;53;47;22;16;4;8;130;105;60;58
2022-02-13;Monaco;Lorient;FRANCE 1;0;0;2.04;0.65;10.5;38.0;65;35;17;6;5;2;151;93;84;16
2022-02-13;Burnley;Liverpool;ENGLAND 1;0;1;1.15;1.38;1.37;11.0;33;67;9;12;6;4;97;129;20;45
2022-02-13;Empoli;Cagliari;ITALY 1;1;1;1.5;1.73;3.2;10.5;46;54;14;16;5;5;98;89;36;51
2022-02-13;Nantes;Reims;FRANCE 1;1;0;1.71;1.05;3.2;12.5;61;39;14;9;4;4;152;87;74;26
2022-02-18;Juventus;Torino;ITALY 1;1;1;1.33;1.45;7.6;19.5;46;54;13;11;4;4;84;121;31;65
2022-02-18;Lille;Metz;FRANCE 1;0;0;1.37;0.64;10.5;34.0;64;36;13;8;2;0;126;94;55;17
2022-02-19;Nantes;PSG;FRANCE 1;3;1;1.72;2.08;1.42;12.5;28;72;14;16;8;9;70;138;38;59
2022-02-19;Arsenal;Brentford;ENGLAND 1;2;1;2.97;0.81;5.6;18.0;66;34;27;7;9;3;132;65;89;21
2022-02-19;Crystal Palace;Chelsea;ENGLAND 1;0;1;0.86;1.4;2.02;13.5;43;57;9;11;0;5;82;140;40;47
2022-02-19;Southampton;Everton;ENGLAND 1;2;0;2.55;1.16;2.74;12.5;56;44;21;11;12;2;138;126;53;43
2022-02-19;Wolfsburg;Hoffenheim;GERMANY 1;1;2;1.77;1.26;2.96;19.0;55;45;15;11;7;5;123;107;45;28
2022-02-19;Augsburg;Freiburg;GERMANY 1;1;2;1.91;1.68;2.88;10.0;54;46;19;16;4;6;115;100;59;34
2022-02-19;Stuttgart;Bochum;GERMANY 1;1;1;2.13;1.54;9.8;55.0;56;44;18;14;9;5;121;106;49;42
2022-02-20;Udinese;Lazio;ITALY 1;1;1;1.37;1.18;2.44;8.2;40;60;13;11;3;3;67;85;48;37
2022-02-20;Fiorentina;Atalanta;ITALY 1;1;0;0.84;1.01;2.18;10.5;50;50;7;9;3;3;81;97;25;31
2022-02-20;Venezia;Genoa;ITALY 1;1;1;1.94;1.32;2.52;9.0;46;54;17;12;5;2;120;103;71;58
2022-02-20;Reims;Brest;FRANCE 1;1;1;1.03;1.52;4.5;15.5;44;56;9;14;4;4;55;116;25;48
2022-02-21;Cagliari;Napoli;ITALY 1;1;1;1.77;1.07;1.86;9.4;47;53;16;8;7;4;119;115;36;37
2022-02-25;Hoffenheim;Stuttgart;GERMANY 1;2;1;2.34;1.5;2.04;14.5;56;44;19;14;8;5;111;101;81;36
2022-02-25;Montpellier;Rennes;FRANCE 1;2;4;1.49;1.45;2.18;11.0;47;53;13;10;6;8;77;116;35;34
2022-02-25;AC Milan;Udinese;ITALY 1;1;1;1.48;1.49;9.2;36.0;62;38;12;11;5;7;115;88;50;41
2022-02-26;Strasbourg;Nice;FRANCE 1;0;0;2.71;0.43;2.46;9.4;63;37;22;4;10;0;143;80;86;23
2022-02-26;Crystal Palace;Burnley;ENGLAND 1;1;1;1.47;1.12;7.0;23.0;59;41;13;9;5;5;102;135;40;25
2022-02-26;Sassuolo;Fiorentina;ITALY 1;2;1;1.8;1.9;2.54;9.6;50;50;17;16;7;6;72;100;33;66
2022-02-26;Everton;Manchester City;ENGLAND 1;0;1;0.94;2.15;2.02;10.5;33;67;7;14;3;9;75;134;39;87
2022-02-26;Rayo Vallecano;Real Madrid;SPAIN 1;0;1;1.81;2.26;1.61;8.6;34;66;19;17;5;8;82;132;37;87
2022-02-26;Empoli;Juventus;ITALY 1;2;3;1.51;1.43;1.71;6.4;53;47;12;13;4;6;115;76;65;26
2022-02-27;Lazio;Napoli;ITALY 1;1;2;1.83;2.01;3.0;11.0;46;54;14;17;9;9;111;96;42;42
2022-02-27;Monaco;Reims;FRANCE 1;1;2;2.46;1.56;9.4;40.0;69;31;20;13;7;9;165;58;97;15
2022-02-27;Torino;Cagliari;ITALY 1;1;2;1.8;1.51;3.95;12.0;57;43;16;12;7;7;140;112;40;35
2022-02-27;Brest;Lorient;FRANCE 1;0;1;0.61;2.0;3.45;11.5;45;55;5;18;0;8;114;103;38;42
2022-02-27;Bochum;RB Leipzig;GERMANY 1;0;1;1.57;0.78;2.08;12.0;51;49;16;7;3;2;124;114;47;25
2022-03-05;Lens;Brest;FRANCE 1;0;1;2.47;0.86;4.8;17.0;63;37;24;6;8;4;163;98;54;26
2022-03-05;Aston Villa;Southampton;ENGLAND 1;4;0;1.81;1.29;9.2;42.0;38;62;15;12;10;2;63;159;23;51
2022-03-05;Burnley;Chelsea;ENGLAND 1;0;4;0.82;1.59;1.53;8.2;27;73;7;12;0;6;94;122;51;56
2022-03-05;Cagliari;Lazio;ITALY 1;0;3;1.75;1.9;2.0;9.6;45;55;17;16;4;7;114;101;55;55
2022-03-05;Real Madrid;Real Sociedad;SPAIN 1;4;1;2.94;0.4;7.6;40.0;64;36;22;2;11;2;156;61;109;17
2022-03-05;Nice;PSG;FRANCE 1;1;0;1.45;1.04;3.0;17.0;43;57;12;9;6;2;75;136;38;43
2022-03-05;Wolfsburg;Union Berlin;GERMANY 1;1;0;1.3;2.08;3.4;12.0;46;54;11;20;5;4;86;115;35;75
2022-03-05;RB Leipzig;Freiburg;GERMANY 1;1;1;1.95;0.55;4.8;21.0;72;28;15;4;7;3;185;57;68;10
2022-03-06;Reims;Strasbourg;FRANCE 1;1;1;1.0;1.93;2.2;10.0;55;45;9;17;2;6;120;107;38;60
2022-03-06;Nantes;Montpellier;FRANCE 1;2;0;1.83;0.82;7.2;22.0;45;55;17;7;6;2;123;73;45;32
2022-03-06;Bologna;Torino;ITALY 1;0;0;0.87;1.58;5.7;15.0;51;49;8;16;2;4;79;127;30;38
2022-03-06;Napoli;AC Milan;ITALY 1;0;1;1.26;1.78;4.4;15.5;60;40;10;12;3;10;113;79;57;45
2022-03-06;Genoa;Empoli;ITALY 1;0;0;2.31;1.06;4.9;14.0;53;47;18;9;8;3;151;97;84;37
2022-03-12;Montpellier;Nice;FRANCE 1;0;0;2.16;0.81;2.42;12.5;57;43;20;9;5;0;115;100;77;31
2022-03-12;AC Milan;Empoli;ITALY 1;1;0;1.96;0.9;11.0;34.0;53;47;16;6;8;3;122;103;53;41
2022-03-12;Salernitana;Sassuolo;ITALY 1;2;2;1.7;2.27;2.28;11.0;47;53;15;21;6;9;114;95;45;44
2022-03-12;Brentford;Burnley;ENGLAND 1;2;0;1.43;1.03;7.6;24.0;55;45;14;8;4;2;105;111;36;52
2022-03-12;Freiburg;Wolfsburg;GERMANY 1;3;2;1.79;1.51;3.15;14.0;42;58;16;13;8;6;92;97;30;37
2022-03-12;Union Berlin;Stuttgart;GERMANY 1;1;1;1.52;1.3;2.58;13.0;44;56;14;12;5;4;101;119;39;34
2022-03-13;Atalanta;Genoa;ITALY 1;0;0;1.33;1.44;9.0;29.0;58;42;11;14;3;4;139;161;56;35
2022-03-13;Eintracht Frankfurt;Bochum;GERMANY 1;2;1;1.81;1.25;9.0;46.0;54;46;15;9;7;5;95;132;52;43
2022-03-13;Fiorentina;Bologna;ITALY 1;1;0;2.0;0.48;2.78;9.4;61;39;16;5;5;0;131;71;88;21
2022-03-13;Strasbourg;Monaco;FRANCE 1;1;0;1.51;0.87;2.12;14.0;45;55;13;7;4;0;90;136;56;57
2022-03-13;Metz;Lens;FRANCE 1;0;0;0.99;1.04;1.76;8.6;49;51;7;12;4;0;100;127;35;37
2022-03-14;Crystal Palace;Manchester City;ENGLAND 1;0;0;0.81;2.2;1.32;8.2;26;74;8;19;2;5;58;175;22;88
2022-03-14;Lazio;Venezia;ITALY 1;1;0;1.44;1.04;9.4;27.0;66;34;12;9;3;4;160;68;63;26
2022-03-16;Arsenal;Liverpool;ENGLAND 1;0;2;1.22;1.2;3.0;12.5;48;52;10;10;3;4;96;111;52;38
2022-03-18;Genoa;Torino;ITALY 1;1;0;0.86;1.51;3.35;9.8;25;75;8;11;3;5;78;135;19;62
2022-03-19;Lens;Clermont;FRANCE 1;3;1;2.17;0.89;11.0;36.0;60;40;19;9;9;2;112;90;47;24
2022-03-19;Nantes;Lille;FRANCE 1;0;1;1.49;1.35;2.0;8.4;52;48;13;13;4;4;101;97;54;34
2022-03-19;Cagliari;AC Milan;ITALY 1;0;1;1.32;2.24;1.66;10.0;42;58;14;22;2;7;117;132;40;50
2022-03-19;Aston Villa;Arsenal;ENGLAND 1;0;1;1.07;1.35;1.8;10.5;47;53;9;11;2;4;74;111;50;50
2022-03-19;Napoli;Udinese;ITALY 1;2;1;2.74;1.2;8.8;23.0;64;36;25;11;11;4;134;80;54;30
2022-03-19;Stuttgart;Augsburg;GERMANY 1;3;2;2.74;1.19;6.0;29.0;63;37;26;11;8;5;146;67;75;19
2022-03-20;RB Leipzig;Eintracht Frankfurt;GERMANY 1;0;0;2.0;0.69;3.2;20.0;55;45;16;7;8;0;128;96;59;33
2022-03-20;Bologna;Atalanta;ITALY 1;0;1;1.66;2.06;2.56;10.0;61;39;15;20;4;6;120;108;59;53
2022-03-20;Wolfsburg;Bayer Leverkusen;GERMANY 1;0;2;1.7;1.67;1.85;12.5;50;50;17;16;5;6;121;81;37;34
2022-03-20;Monaco;PSG;FRANCE 1;3;0;1.78;1.67;1.87;14.0;39;61;14;14;8;6;90;116;46;49
2022-03-20;Juventus;Salernitana;ITALY 1;2;0;1.52;1.46;21.0;65.0;57;43;12;13;7;5;102;109;36;39
2022-04-02;Lazio;Sassuolo;ITALY 1;2;1;1.73;1.9;9.6;40.0;53;47;15;20;6;5;92;108;51;39
2022-04-02;Nice;Rennes;FRANCE 1;1;1;1.26;1.73;3.6;13.0;39;61;11;16;4;5;80;115;39;51
2022-04-02;Hoffenheim;Bochum;GERMANY 1;1;2;1.82;2.23;4.7;34.0;59;41;14;22;7;8;130;72;60;40
2022-04-02;Chelsea;Brentford;ENGLAND 1;1;4;2.42;1.8;9.4;50.0;71;29;25;17;3;7;125;70;89;33
2022-04-03;Fiorentina;Empoli;ITALY 1;1;0;3.13;1.0;4.8;14.5;63;37;27;8;13;3;117;56;73;40
2022-04-03;Strasbourg;Lens;FRANCE 1;1;0;1.2;1.38;2.58;12.0;49;51;9;14;4;3;100;107;48;39
2022-04-03;Montpellier;Brest;FRANCE 1;1;2;1.14;1.54;2.2;11.5;60;40;10;13;3;6;87;107;41;40
2022-04-03;Metz;Monaco;FRANCE 1;1;2;1.87;1.93;1.7;9.6;43;57;19;17;7;5;82;146;26;69
2022-04-03;Atalanta;Napoli;ITALY 1;1;3;2.23;1.05;3.3;12.0;56;44;21;7;4;6;144;65;87;25
2022-04-03;Augsburg;Wolfsburg;GERMANY 1;3;0;1.52;2.08;2.84;10.0;38;62;13;20;5;6;88;106;48;56
2022-04-03;Udinese;Cagliari;ITALY 1;5;1;2.52;0.96;3.7;13.5;51;49;24;7;10;4;99;94;43;31
2022-04-04;Crystal Palace;Arsenal;ENGLAND 1;3;0;1.06;1.57;1.54;8.2;31;69;7;13;6;4;71;132;26;64
2022-04-04;AC Milan;Bologna;ITALY 1;0;0;3.38;1.22;3.25;12.5;54;46;34;9;8;5;132;89;96;41
2022-04-06;Burnley;Everton;ENGLAND 1;3;2;1.73;1.88;2.24;7.8;51;49;14;17;5;5;94;90;69;64
2022-04-09;Reims;Rennes;FRANCE 1;2;3;1.79;1.79;2.54;16.5;40;60;15;16;7;8;88;112;49;29
2022-04-09;Fluminense;Santos;BRAZIL 1;0;0;2.57;0.54;4.7;12.5;66;34;27;4;7;2;153;76;51;19
2022-04-09;Cagliari;Juventus;ITALY 1;1;2;0.68;2.32;1.81;7.4;40;60;5;22;2;7;98;140;29;61
2022-04-09;Southampton;Chelsea;ENGLAND 1;0;6;0.66;2.73;1.34;15.5;29;71;5;23;2;13;80;137;26;50
2022-04-10;Napoli;Fiorentina;ITALY 1;2;3;1.78;1.5;7.2;19.5;50;50;17;13;6;5;97;81;39;46
2022-04-10;Bochum;Bayer Leverkusen;GERMANY 1;0;0;1.31;1.25;1.78;14.5;41;59;13;11;3;4;100;120;38;36
2022-04-10;Sassuolo;Atalanta;ITALY 1;2;1;1.79;2.1;2.02;9.8;50;50;16;18;8;5;113;111;29;86
2022-04-10;Venezia;Udinese;ITALY 1;1;2;1.25;1.88;2.82;9.8;53;47;10;17;5;6;77;93;36;54
2022-04-10;Brest;Nantes;FRANCE 1;1;1;1.53;1.49;6.0;17.5;52;48;12;13;6;6;131;101;46;33
2022-04-10;Lens;Nice;FRANCE 1;3;0;0.85;2.05;7.0;32.0;43;57;7;17;4;7;77;131;16;66
2022-04-10;Manchester City;Liverpool;ENGLAND 1;2;2;1.52;1.04;2.28;18.5;55;45;12;7;6;5;100;93;47;33
2022-04-10;Eintracht Frankfurt;Freiburg;GERMANY 1;1;2;2.27;1.51;4.2;21.0;53;47;22;13;8;5;102;105;45;46
2022-04-10;Torino;AC Milan;ITALY 1;0;0;1.52;1.55;2.98;10.5;44;56;16;14;4;4;94;125;32;52
2022-04-10;RB Leipzig;Hoffenheim;GERMANY 1;3;0;1.28;0.64;6.0;29.0;51;49;12;4;5;0;70;133;23;51
2022-04-10;Genoa;Lazio;ITALY 1;1;4;1.98;2.03;2.74;8.6;43;57;17;16;6;10;113;111;67;44
2022-04-11;Juventude;Bragantino;BRAZIL 1;2;2;2.15;1.47;3.45;13.0;50;50;15;12;9;4;109;99;79;60
2022-04-15;AC Milan;Genoa;ITALY 1;2;0;1.32;1.01;7.0;27.0;59;41;10;9;5;3;103;101;46;30
2022-04-15;Rennes;Monaco;FRANCE 1;2;3;1.72;1.41;2.62;13.0;64;36;15;13;5;5;125;74;58;33
2022-04-16;Fiorentina;Venezia;ITALY 1;1;0;2.44;0.45;8.8;26.0;69;31;23;5;8;0;106;72;61;17
2022-04-16;Juventus;Bologna;ITALY 1;1;1;2.26;1.12;6.4;16.0;51;49;25;11;4;3;112;81;56;29
2022-04-16;Lazio;Torino;ITALY 1;1;1;1.37;1.37;5.1;15.0;48;52;11;13;5;4;99;92;44;37
2022-04-16;Lille;Lens;FRANCE 1;1;2;2.08;1.5;3.95;13.0;56;44;17;12;6;8;156;81;80;25
2022-04-16;Southampton;Arsenal;ENGLAND 1;1;0;1.08;2.69;1.27;13.0;24;76;9;23;4;7;65;140;32;105
2022-04-16;Udinese;Empoli;ITALY 1;4;1;2.0;1.88;4.6;13.5;39;61;15;11;7;5;100;132;78;115
2022-04-16;Cagliari;Sassuolo;ITALY 1;1;0;2.46;1.04;3.15;10.5;36;64;20;9;11;3;108;99;59;35
2022-04-16;Freiburg;Bochum;GERMANY 1;3;0;1.97;0.98;5.3;22.0;62;38;15;9;8;3;110;84;64;27
2022-04-17;Union Berlin;Eintracht Frankfurt;GERMANY 1;2;0;1.57;1.12;2.86;12.0;44;56;13;11;5;3;118;114;54;28
2022-04-17;Sporting CP;Benfica;PORTUGAL 1;0;2;1.89;1.46;3.55;16.5;61;39;17;13;4;6;134;58;74;31
2022-04-17;Internacional;Fortaleza;BRAZIL 1;2;1;1.98;0.94;4.4;12.0;51;49;19;7;7;4;127;97;39;28
2022-04-17;Bayer Leverkusen;RB Leipzig;GERMANY 1;0;1;1.49;0.68;4.6;27.0;46;54;14;5;5;2;121;103;34;28
2022-04-17;Nice;Lorient;FRANCE 1;2;1;1.66;0.85;6.6;21.0;64;36;15;8;3;3;145;73;68;17
2022-04-17;Montpellier;Reims;FRANCE 1;0;0;1.36;1.82;1.78;10.5;60;40;15;15;0;9;127;89;56;33
2022-04-20;Lorient;Metz;FRANCE 1;1;0;1.8;2.3;4.6;17.0;42;58;17;23;6;7;98;127;43;49
2022-04-20;Reims;Lille;FRANCE 1;2;1;1.27;2.07;2.62;11.0;41;59;11;20;4;5;82;137;40;63
2022-04-20;Monaco;Nice;FRANCE 1;1;0;2.01;1.54;4.4;23.0;48;52;18;16;8;3;91;94;44;44
2022-04-20;Chelsea;Arsenal;ENGLAND 1;2;4;1.4;1.58;2.68;13.5;68;32;12;15;3;5;122;95;58;39
2022-04-20;Strasbourg;Rennes;FRANCE 1;2;1;1.57;1.15;2.32;980.0;37;63;13;10;6;4;93;125;45;31
2022-04-20;Lens;Montpellier;FRANCE 1;2;0;1.47;1.21;9.6;50.0;49;51;11;9;6;4;115;108;48;49
2022-04-23;Fluminense;Internacional;BRAZIL 1;0;1;1.57;1.51;2.98;8.6;57;43;15;14;4;5;112;98;46;37
2022-04-23;Palmeiras;Corinthians;BRAZIL 1;3;0;2.39;0.9;7.8;22.0;44;56;23;7;9;2;87;104;44;42
2022-04-23;PSG;Lens;FRANCE 1;1;1;2.33;1.0;8.2;34.0;66;34;19;8;8;4;114;74;79;29
2022-04-23;Bragantino;Sao Paulo;BRAZIL 1;1;1;1.3;2.64;3.1;9.0;33;67;13;25;3;9;70;119;38;60
2022-04-23;Venezia;Atalanta;ITALY 1;1;3;1.23;2.04;1.64;10.0;40;60;10;20;4;5;112;121;43;59
2022-04-23;Eintracht Frankfurt;Hoffenheim;GERMANY 1;2;2;1.83;1.49;4.2;26.0;49;51;18;13;6;6;113;75;37;35
2022-04-23;RB Leipzig;Union Berlin;GERMANY 1;1;2;0.85;1.45;7.4;27.0;55;45;6;13;2;5;116;109;44;37
2022-04-24;Rennes;Lorient;FRANCE 1;5;0;1.38;1.37;4.9;19.5;59;41;10;13;7;3;118;96;33;47
2022-04-24;Salernitana;Fiorentina;ITALY 1;2;1;1.15;1.2;1.68;9.2;28;72;11;9;5;4;77;121;13;46
2022-04-24;Bochum;Augsburg;GERMANY 1;0;2;1.98;1.31;3.05;12.0;59;41;19;12;4;5;120;83;69;28
2022-04-24;Bologna;Udinese;ITALY 1;2;2;1.3;1.98;6.6;18.5;55;45;12;19;5;6;93;104;26;50
2022-04-24;Metz;Brest;FRANCE 1;0;1;1.23;1.67;2.26;9.4;58;42;13;18;3;4;121;89;26;35
2022-04-24;Empoli;Napoli;ITALY 1;3;2;2.07;1.7;1.72;9.8;40;60;18;16;8;4;90;109;53;57
2022-04-24;Liverpool;Everton;ENGLAND 1;2;0;2.2;0.99;8.0;24.0;83;17;19;10;5;2;170;53;89;30
2022-04-24;Genoa;Cagliari;ITALY 1;1;0;1.49;1.28;3.5;10.5;56;44;14;13;3;3;122;119;54;32
2022-04-24;Lille;Strasbourg;FRANCE 1;1;0;1.41;1.47;6.4;22.0;46;54;13;13;4;4;110;126;41;50
2022-04-24;Lazio;AC Milan;ITALY 1;1;2;0.98;2.89;2.54;12.0;47;53;8;28;3;9;98;120;35;69
2022-04-25;Sassuolo;Juventus;ITALY 1;1;2;2.36;1.47;1.75;7.8;64;36;23;12;7;7;129;69;58;31
2022-04-27;Atalanta;Torino;ITALY 1;4;4;1.95;1.08;2.18;11.0;50;50;18;7;7;6;111;91;44;29
2022-04-27;Fiorentina;Udinese;ITALY 1;0;4;2.43;1.81;6.4;23.0;73;27;20;17;8;8;106;45;86;26
2022-04-29;Strasbourg;PSG;FRANCE 1;3;3;1.71;1.75;2.84;21.0;43;57;15;15;6;6;105;105;47;52
2022-04-30;Hoffenheim;Freiburg;GERMANY 1;3;4;2.25;1.41;2.62;14.5;58;42;20;12;8;6;118;69;59;32
2022-04-30;Southampton;Crystal Palace;ENGLAND 1;1;2;1.15;1.66;1.63;9.8;38;62;10;14;4;6;119;109;31;49
2022-04-30;Lens;Nantes;FRANCE 1;2;2;2.07;1.58;6.4;19.0;53;47;21;13;6;5;108;118;45;56
2022-04-30;Napoli;Sassuolo;ITALY 1;6;1;2.16;1.31;8.6;23.0;53;47;19;13;10;4;91;79;36;29
2022-04-30;Stuttgart;Wolfsburg;GERMANY 1;1;1;2.14;1.64;5.2;29.0;57;43;20;16;6;6;125;96;63;29
2022-05-01;Empoli;Torino;ITALY 1;1;3;1.24;1.67;2.34;7.6;38;62;11;14;4;4;75;117;36;70
2022-05-01;AC Milan;Fiorentina;ITALY 1;1;0;1.98;1.03;4.1;17.5;48;52;20;9;4;3;103;89;62;33
2022-05-01;Everton;Chelsea;ENGLAND 1;1;0;1.32;2.08;1.7;11.0;22;78;10;18;5;6;62;112;47;73
2022-05-01;Juventus;Venezia;ITALY 1;2;1;1.69;1.15;11.5;34.0;50;50;17;10;4;4;98;100;46;32
2022-05-01;Rayo Vallecano;Real Sociedad;SPAIN 1;1;1;1.37;1.18;3.65;9.4;44;56;13;9;2;4;95;114;57;44
2022-05-01;Sporting CP;Gil Vicente;PORTUGAL 1;4;1;3.07;0.87;30.0;95.0;56;44;26;6;15;4;112;80;54;27
2022-05-01;Corinthians;Fortaleza;BRAZIL 1;1;0;1.12;1.74;4.4;12.0;56;44;7;16;5;6;128;92;42;43
2022-05-02;Bayer Leverkusen;Eintracht Frankfurt;GERMANY 1;2;0;1.47;1.24;7.0;42.0;55;45;14;11;5;4;123;125;31;35
2022-05-02;Sao Paulo;Santos;BRAZIL 1;2;1;1.62;1.05;4.2;11.0;57;43;12;9;5;4;106;92;70;27
2022-05-06;Genoa;Juventus;ITALY 1;2;1;2.19;1.62;1.89;6.2;46;54;20;14;7;6;128;108;60;43
2022-05-06;Lille;Monaco;FRANCE 1;1;2;1.81;1.25;3.3;17.5;51;49;16;11;7;4;119;124;42;36
2022-05-07;Brest;Strasbourg;FRANCE 1;0;1;1.32;1.9;3.7;14.0;46;54;11;17;4;7;129;100;46;46
2022-05-07;Sassuolo;Udinese;ITALY 1;1;1;1.75;1.52;2.66;10.5;59;41;16;14;6;5;112;78;43;40
2022-05-07;Torino;Napoli;ITALY 1;0;1;1.2;1.67;1.83;6.8;43;57;11;13;4;8;101;90;29;40
2022-05-07;Freiburg;Union Berlin;GERMANY 1;1;4;1.96;1.56;4.2;13.5;71;29;19;14;4;6;131;79;66;36
2022-05-07;Brentford;Southampton;ENGLAND 1;3;0;1.82;2.26;4.8;20.0;40;60;18;20;6;7;86;108;37;71
2022-05-07;Hoffenheim;Bayer Leverkusen;GERMANY 1;2;4;1.74;2.03;1.54;18.0;46;54;13;17;8;10;88;112;50;34
2022-05-08;Reims;Lens;FRANCE 1;1;2;0.94;2.39;2.46;11.5;39;61;8;23;3;6;87;130;30;72
2022-05-08;Clermont;Montpellier;FRANCE 1;2;1;1.67;1.37;2.22;12.0;49;51;14;12;6;4;125;87;49;45
2022-05-08;RB Leipzig;Augsburg;GERMANY 1;4;0;1.98;0.71;7.4;38.0;65;35;16;7;8;2;110;55;56;17
2022-05-08;Palmeiras;Fluminense;BRAZIL 1;1;1;2.19;0.93;7.2;25.0;48;52;20;9;6;3;117;59;71;20
2022-05-08;Bragantino;Corinthians;BRAZIL 1;0;1;1.62;0.63;3.65;12.0;57;43;12;4;6;2;129;99;59;30
2022-05-08;Juventude;Internacional;BRAZIL 1;1;1;1.67;1.0;2.36;8.6;57;43;14;10;5;2;92;110;61;29
2022-05-08;Fortaleza;Sao Paulo;BRAZIL 1;1;1;1.58;0.77;2.94;9.6;54;46;13;5;4;3;123;80;65;32
2022-05-10;Aston Villa;Liverpool;ENGLAND 1;1;2;1.41;2.01;1.8;19.5;39;61;11;18;6;7;77;133;40;52
2022-05-11;Nantes;Rennes;FRANCE 1;2;1;1.12;2.03;2.5;9.8;30;70;9;18;4;6;85;126;36;65
2022-05-12;Rayo Vallecano;Villarreal;SPAIN 1;1;5;2.22;1.63;2.5;12.0;56;44;20;12;7;8;103;68;66;44
2022-05-14;Union Berlin;Bochum;GERMANY 1;3;2;2.24;1.08;4.4;14.0;43;57;17;7;12;5;93;114;46;37
2022-05-14;Bayer Leverkusen;Freiburg;GERMANY 1;2;1;1.49;1.55;9.2;34.0;52;48;13;15;6;3;88;111;34;54
2022-05-14;Internacional;Corinthians;BRAZIL 1;2;2;1.38;1.99;4.3;12.5;48;52;12;16;5;10;67;93;38;39
2022-05-14;Monaco;Brest;FRANCE 1;4;2;2.08;0.89;6.8;24.0;57;43;19;7;8;4;111;43;44;23
2022-05-14;Montpellier;PSG;FRANCE 1;0;4;0.99;2.0;1.57;12.5;30;70;10;14;3;11;50;97;20;48
2022-05-14;Nice;Lille;FRANCE 1;1;3;1.65;0.87;3.15;11.5;59;41;15;7;6;5;106;68;39;10
2022-05-14;Sporting CP;Santa Clara;PORTUGAL 1;4;0;2.17;0.61;17.5;60.0;67;33;20;8;9;0;90;43;39;15
2022-05-15;Everton;Brentford;ENGLAND 1;2;3;1.43;2.34;2.94;12.0;28;72;11;19;6;8;76;101;43;81
2022-05-15;AC Milan;Atalanta;ITALY 1;2;0;1.67;1.33;2.72;14.5;46;54;13;14;7;2;97;118;49;41
2022-05-15;Villarreal;Real Sociedad;SPAIN 1;1;2;1.62;1.48;5.1;18.0;49;51;13;12;6;6;108;88;52;41
2022-05-15;Aston Villa;Crystal Palace;ENGLAND 1;1;1;1.59;1.84;6.0;23.0;48;52;15;17;6;5;95;110;30;57
2022-05-15;Napoli;Genoa;ITALY 1;3;0;2.72;1.46;13.0;30.0;67;33;23;14;13;5;86;91;51;31
2022-05-15;Bologna;Sassuolo;ITALY 1;1;3;1.23;2.13;4.5;14.5;55;45;11;18;3;9;93;87;44;51
2022-05-16;Juventus;Lazio;ITALY 1;2;2;0.74;2.26;4.1;11.5;37;63;6;20;4;9;54;133;10;50
2022-05-17;Southampton;Liverpool;ENGLAND 1;1;2;0.76;2.57;1.3;12.5;29;71;5;25;3;6;72;170;31;78
2022-05-19;Everton;Crystal Palace;ENGLAND 1;3;2;1.73;1.19;3.05;10.5;43;57;13;8;7;5;116;109;57;44
2022-05-19;Aston Villa;Burnley;ENGLAND 1;1;1;2.61;1.3;6.2;19.5;71;29;23;11;10;5;111;61;64;36
2022-05-21;Atalanta;Empoli;ITALY 1;0;1;3.88;1.13;8.0;27.0;62;38;38;9;10;5;143;59;112;29
2022-05-21;Fiorentina;Juventus;ITALY 1;2;0;1.81;0.34;2.46;8.4;66;34;15;2;4;0;147;68;79;28
2022-05-21;Juventude;Palmeiras;BRAZIL 1;0;3;1.43;2.13;1.79;8.0;46;54;14;20;4;9;108;116;35;32
2022-05-21;Reims;Nice;FRANCE 1;2;3;0.99;2.02;3.2;12.0;45;55;6;18;5;6;77;116;35;64
2022-05-21;Lille;Rennes;FRANCE 1;2;2;1.36;1.69;4.4;16.5;49;51;12;15;4;6;102;117;44;44
2022-05-21;Lens;Monaco;FRANCE 1;2;2;3.06;1.33;2.24;16.0;60;40;28;13;11;4;122;94;74;31
2022-05-21;PSG;Metz;FRANCE 1;5;0;3.2;0.65;20.0;80.0;75;25;29;5;13;2;138;61;64;26
2022-05-21;Genoa;Bologna;ITALY 1;0;1;1.58;1.32;2.32;8.8;51;49;20;12;0;4;111;117;44;37
2022-05-22;Sassuolo;AC Milan;ITALY 1;0;3;1.36;2.64;1.89;11.5;54;46;16;20;3;15;90;81;19;46
2022-05-22;Venezia;Cagliari;ITALY 1;0;0;1.02;3.14;3.05;13.0;43;57;10;32;2;7;68;146;34;89
2022-05-22;Fortaleza;Fluminense;BRAZIL 1;0;1;2.28;1.06;5.3;16.0;63;37;25;9;2;5;156;51;77;20
2022-05-22;Corinthians;Sao Paulo;BRAZIL 1;1;1;1.76;1.77;2.62;7.4;55;45;14;16;8;7;121;130;42;35
2022-05-22;Manchester City;Aston Villa;ENGLAND 1;3;2;2.83;0.66;11.5;50.0;71;29;26;5;6;3;151;49;107;18
2022-05-22;Arsenal;Everton;ENGLAND 1;5;1;3.1;0.77;20.0;75.0;74;26;28;6;10;3;136;55;89;25
2022-05-28;Fortaleza;Juventude;BRAZIL 1;1;1;1.7;1.93;6.2;17.0;62;38;14;16;4;9;150;81;72;41
2022-06-05;Bragantino;Internacional;BRAZIL 1;0;2;1.26;1.3;2.64;9.8;49;51;10;10;3;6;98;111;57;33
2022-06-05;Juventude;Fluminense;BRAZIL 1;1;0;1.78;1.0;2.9;9.0;49;51;14;6;6;2;92;103;67;66
2022-06-08;Santos;Internacional;BRAZIL 1;1;1;2.13;1.43;3.3;9.8;51;49;21;10;6;7;114;95;54;41
2022-06-09;Coritiba;Sao Paulo;BRAZIL 1;1;1;1.05;1.79;2.62;8.8;40;60;10;18;3;3;80;125;28;61
2022-06-11;Corinthians;Juventude;BRAZIL 1;2;0;1.42;1.14;5.8;16.0;57;43;13;9;4;5;125;90;43;29
2022-06-14;Juventude;Santos;BRAZIL 1;1;2;0.99;2.48;1.76;8.2;34;66;11;19;2;10;78;155;21;79
2022-06-18;Santos;Bragantino;BRAZIL 1;2;2;1.49;2.22;4.1;12.0;43;57;13;19;6;9;102;102;33;54
2022-06-20;Sao Paulo;Palmeiras;BRAZIL 1;1;2;1.46;2.44;3.3;9.0;39;61;14;25;4;6;73;108;41;63
2022-06-25;Corinthians;Santos;BRAZIL 1;0;0;1.08;0.96;5.1;14.5;62;38;10;9;2;3;111;96;41;23
2022-06-26;Sao Paulo;Juventude;BRAZIL 1;0;0;3.17;0.64;4.8;16.0;59;41;31;5;9;3;162;66;81;15
2022-07-02;Fluminense;Corinthians;BRAZIL 1;4;0;1.98;0.71;4.2;11.0;58;42;17;4;8;3;107;77;48;33
2022-07-10;Fortaleza;Palmeiras;BRAZIL 1;0;0;1.61;1.55;2.18;7.6;39;61;14;13;8;6;84;112;23;42
2022-07-17;Sao Paulo;Fluminense;BRAZIL 1;2;2;1.25;1.61;5.6;15.5;37;63;10;16;6;4;79;139;27;42
2022-07-20;Internacional;Sao Paulo;BRAZIL 1;3;3;2.06;1.23;2.92;7.4;34;66;19;9;10;5;78;125;23;41
2022-07-20;Bragantino;Fortaleza;BRAZIL 1;2;1;2.01;1.15;3.7;12.0;55;45;17;10;9;4;119;81;41;32
2022-07-24;Palmeiras;Internacional;BRAZIL 1;2;1;2.28;1.42;6.0;16.5;52;48;20;13;10;6;95;74;44;24
2022-07-24;Fluminense;Bragantino;BRAZIL 1;2;1;2.63;0.8;5.0;17.0;61;39;27;7;8;2;123;93;52;28
2022-07-24;Fortaleza;Santos;BRAZIL 1;0;0;2.5;1.4;3.75;11.0;52;48;29;11;3;3;139;122;65;68
2022-07-31;Bragantino;Juventude;BRAZIL 1;1;0;2.44;1.16;6.4;18.5;52;48;24;10;6;4;125;98;70;33
2022-08-01;Santos;Fluminense;BRAZIL 1;2;2;1.49;1.65;3.25;9.8;33;67;12;11;5;8;84;134;53;53
2022-08-05;Crystal Palace;Arsenal;ENGLAND 1;0;2;1.35;1.27;1.54;8.2;56;44;16;15;3;3;110;86;60;50
2022-08-06;Strasbourg;Monaco;FRANCE 1;1;2;1.77;3.26;2.12;14.0;53;47;15;32;9;15;102;123;34;53
2022-08-06;Everton;Chelsea;ENGLAND 1;0;1;1.26;2.11;1.7;11.0;37;63;11;20;5;7;100;97;46;85
2022-08-06;Augsburg;Freiburg;GERMANY 1;0;4;1.15;2.58;2.88;10.0;53;47;14;27;3;10;61;102;26;51
2022-08-06;Wolfsburg;Werder Bremen;GERMANY 1;2;2;1.34;1.41;3.7;19.5;61;39;14;13;4;6;135;108;39;31
2022-08-06;Fulham;Liverpool;ENGLAND 1;2;2;1.23;1.5;1.58;16.0;33;67;14;16;4;4;98;122;43;63
2022-08-07;Rennes;Lorient;FRANCE 1;0;1;1.89;0.94;4.9;19.5;64;36;23;8;4;4;140;70;55;20
2022-08-07;Fortaleza;Internacional;BRAZIL 1;3;0;1.77;1.21;2.98;12.5;33;67;17;9;7;3;81;137;29;57
2022-08-07;Toulouse;Nice;FRANCE 1;1;1;1.13;1.62;2.92;12.5;46;54;9;15;3;6;92;110;66;42
2022-08-07;Stuttgart;RB Leipzig;GERMANY 1;1;1;0.71;2.5;4.1;26.0;32;68;11;28;2;9;69;140;17;75
2022-08-07;Santa Clara;Casa Pia;PORTUGAL 1;0;0;1.0;1.16;4.2;13.5;53;47;10;13;3;2;95;92;38;35
2022-08-07;Lens;Brest;FRANCE 1;3;2;1.79;1.18;4.8;17.0;62;38;17;8;7;6;108;74;30;35
2022-08-07;Lille;Auxerre;FRANCE 1;4;1;1.87;1.3;8.0;24.0;60;40;20;15;7;3;100;78;51;46
2022-08-12;Nantes;Lille;FRANCE 1;1;1;1.0;1.89;2.0;8.4;30;70;14;26;2;2;65;137;31;76
2022-08-13;Casa Pia;Benfica;PORTUGAL 1;0;1;0.85;1.78;1.34;8.0;36;64;10;19;3;4;52;195;19;73
2022-08-13;AC Milan;Udinese;ITALY 1;4;2;1.74;1.22;9.2;36.0;59;41;18;11;6;5;96;80;43;32
2022-08-13;Corinthians;Palmeiras;BRAZIL 1;0;1;1.74;1.18;2.44;9.4;57;43;16;11;4;5;124;83;61;18
2022-08-13;Monza;Torino;ITALY 1;1;2;1.61;1.43;2.04;7.4;54;46;19;15;5;6;88;101;25;34
2022-08-13;PSG;Montpellier;FRANCE 1;5;2;3.14;0.86;13.0;65.0;59;41;26;7;13;4;145;60;100;18
2022-08-13;Bayer Leverkusen;Augsburg;GERMANY 1;1;2;2.71;1.16;10.5;75.0;67;33;29;9;11;6;140;83;67;32
2022-08-13;Hoffenheim;Bochum;GERMANY 1;3;2;2.63;1.47;4.7;34.0;59;41;26;14;11;6;105;76;48;32
2022-08-13;Werder Bremen;Stuttgart;GERMANY 1;2;2;0.94;1.71;1.64;13.5;57;43;7;18;4;8;138;94;27;27
2022-08-13;Aston Villa;Everton;ENGLAND 1;2;1;1.64;1.59;6.0;22.0;58;42;17;22;5;5;111;86;65;32
2022-08-13;Monaco;Rennes;FRANCE 1;1;1;1.35;2.61;4.3;23.0;34;66;14;31;4;9;96;117;43;65
2022-08-14;Fiorentina;Cremonese;ITALY 1;3;2;3.06;1.45;4.9;17.0;75;25;36;20;11;5;136;66;65;21
2022-08-14;Lazio;Bologna;ITALY 1;2;1;1.73;1.04;4.9;15.5;41;59;13;13;9;2;81;86;47;27
2022-08-14;Sao Paulo;Bragantino;BRAZIL 1;3;0;1.89;1.47;4.4;12.5;51;49;18;14;6;5;87;98;47;32
2022-08-14;Internacional;Fluminense;BRAZIL 1;3;0;1.88;1.07;7.8;20.0;33;67;17;10;7;0;60;103;46;60
2022-08-14;Nice;Strasbourg;FRANCE 1;1;1;1.4;1.34;4.9;20.0;54;46;14;11;3;6;120;111;49;38
2022-08-15;Liverpool;Crystal Palace;ENGLAND 1;1;1;2.56;0.92;16.0;65.0;73;27;30;8;5;4;176;63;87;18
2022-08-20;Torino;Lazio;ITALY 1;0;0;1.16;0.91;2.66;9.2;54;46;14;11;2;3;127;81;34;26
2022-08-20;Union Berlin;RB Leipzig;GERMANY 1;2;1;1.1;1.66;2.36;12.5;26;74;13;26;3;2;68;158;27;60
2022-08-20;Monaco;Lens;FRANCE 1;1;4;1.53;1.65;4.1;21.0;46;54;14;18;6;7;110;90;39;29
2022-08-20;Sassuolo;Lecce;ITALY 1;1;0;1.42;1.01;3.4;13.0;59;41;17;10;3;2;95;85;54;41
2022-08-20;Stuttgart;Freiburg;GERMANY 1;0;1;2.28;1.1;5.3;27.0;60;40;22;11;8;4;123;93;63;24
2022-08-20;Bayer Leverkusen;Hoffenheim;GERMANY 1;0;3;1.5;1.18;13.5;70.0;56;44;19;10;4;6;115;58;36;27
2022-08-20;Fulham;Brentford;ENGLAND 1;3;2;2.24;1.82;3.75;18.5;44;56;24;17;10;7;79;90;39;45
2022-08-20;Crystal Palace;Aston Villa;ENGLAND 1;3;1;2.33;1.6;3.9;29.0;51;49;20;15;11;5;92;104;51;41
2022-08-21;Empoli;Fiorentina;ITALY 1;0;0;0.67;2.15;2.26;8.6;37;63;5;26;3;4;72;117;18;76
2022-08-21;Napoli;Monza;ITALY 1;4;0;2.3;0.8;11.0;34.0;54;46;30;6;7;3;108;69;50;28
2022-08-21;Fortaleza;Corinthians;BRAZIL 1;1;0;1.56;0.98;5.2;14.0;37;63;14;8;6;2;91;113;35;45
2022-08-21;Santos;Sao Paulo;BRAZIL 1;1;0;1.75;2.5;3.45;9.2;29;71;15;20;6;7;86;141;53;104
2022-08-21;Atalanta;AC Milan;ITALY 1;1;1;1.16;2.23;3.55;16.0;41;59;12;23;3;8;69;130;27;56
2022-08-21;Lille;PSG;FRANCE 1;1;7;1.88;2.22;1.93;12.0;48;52;20;19;9;11;80;94;25;43
2022-08-21;Montpellier;Auxerre;FRANCE 1;1;2;2.07;0.89;3.0;15.5;64;36;18;9;10;3;120;66;58;14
2022-08-21;Strasbourg;Reims;FRANCE 1;1;1;1.4;1.75;3.1;12.0;64;36;14;15;3;8;118;93;58;33
2022-08-26;Freiburg;Bochum;GERMANY 1;1;0;2.6;1.86;5.3;22.0;47;53;26;17;9;6;122;104;81;69
2022-08-26;Monza;Udinese;ITALY 1;1;2;1.51;1.76;3.2;9.6;56;44;10;22;7;5;87;93;62;65
2022-08-27;Arsenal;Fulham;ENGLAND 1;2;1;2.65;1.19;9.6;24.0;72;28;29;13;9;4;135;62;79;21
2022-08-27;Fluminense;Palmeiras;BRAZIL 1;1;1;2.11;1.03;2.82;7.4;61;39;18;8;7;3;109;92;68;43
2022-08-27;AC Milan;Bologna;ITALY 1;2;0;2.27;0.74;3.25;12.5;48;52;26;11;9;0;126;98;43;22
2022-08-27;Lens;Rennes;FRANCE 1;2;1;1.84;1.63;3.9;14.5;51;49;25;14;5;7;95;111;41;43
2022-08-27;Hoffenheim;Augsburg;GERMANY 1;1;0;2.22;1.13;3.05;22.0;50;50;24;14;6;2;119;104;40;31
2022-08-27;RB Leipzig;Wolfsburg;GERMANY 1;2;0;2.07;1.26;9.2;40.0;42;58;19;11;9;5;87;110;43;37
2022-08-27;Manchester City;Crystal Palace;ENGLAND 1;4;2;2.27;0.78;6.0;26.0;74;26;24;5;6;5;151;46;90;15
2022-08-27;Auxerre;Strasbourg;FRANCE 1;1;0;1.13;1.83;2.7;12.0;42;58;10;16;4;5;102;138;46;73
2022-08-27;Brentford;Everton;ENGLAND 1;1;1;2.15;1.67;3.7;15.5;58;42;23;17;6;7;101;97;74;41
2022-08-28;Lorient;Clermont;FRANCE 1;2;1;2.44;1.29;5.3;30.0;39;61;27;13;11;3;77;128;41;60
2022-08-28;Brest;Montpellier;FRANCE 1;0;7;1.06;1.69;8.6;34.0;52;48;10;15;2;9;98;69;48;25
2022-08-28;Werder Bremen;Eintracht Frankfurt;GERMANY 1;3;4;1.44;1.76;2.56;17.5;55;45;12;14;6;8;113;96;35;43
2022-08-28;PSG;Monaco;FRANCE 1;1;1;2.01;0.81;6.8;40.0;67;33;21;5;6;4;128;79;53;28
2022-08-28;Fiorentina;Napoli;ITALY 1;0;0;1.38;1.46;3.3;14.5;49;51;11;16;6;4;104;91;35;41
2022-08-28;Sao Paulo;Fortaleza;BRAZIL 1;0;1;2.18;0.71;5.6;14.0;72;28;16;6;9;2;172;89;73;25
2022-08-28;Lecce;Empoli;ITALY 1;1;1;1.87;1.23;3.8;11.5;40;60;21;12;6;5;117;92;51;24
2022-08-28;Nantes;Toulouse;FRANCE 1;3;1;2.25;1.02;2.64;11.0;50;50;21;12;10;2;117;92;57;42
2022-08-29;Corinthians;Bragantino;BRAZIL 1;1;0;1.34;1.4;3.9;11.0;48;52;10;12;5;6;110;122;48;28
2022-08-29;Internacional;Juventude;BRAZIL 1;4;0;3.21;0.79;6.2;18.0;55;45;28;8;15;0;113;78;56;39
2022-08-30;Sassuolo;AC Milan;ITALY 1;0;0;0.96;1.32;1.89;11.5;38;62;10;14;3;3;61;116;33;56
2022-08-30;Crystal Palace;Brentford;ENGLAND 1;1;1;1.53;1.36;3.8;17.0;49;51;17;12;5;4;108;101;40;53
2022-08-30;Southampton;Chelsea;ENGLAND 1;2;1;1.38;1.59;1.34;15.5;32;68;14;16;6;6;103;140;44;63
2022-08-31;Lille;Nice;FRANCE 1;1;2;2.42;0.66;7.2;27.0;63;37;21;5;7;3;140;69;92;26
2022-08-31;Napoli;Lecce;ITALY 1;1;1;2.26;1.32;7.6;34.0;71;29;20;12;8;6;142;80;68;28
2022-08-31;Arsenal;Aston Villa;ENGLAND 1;2;1;2.55;0.83;11.0;40.0;59;41;29;5;9;4;115;86;66;31
2022-08-31;Lens;Lorient;FRANCE 1;5;2;2.04;1.34;7.4;30.0;58;42;17;12;9;5;94;72;47;32
2022-08-31;Toulouse;PSG;FRANCE 1;0;3;1.8;2.72;1.51;11.5;38;62;17;23;8;14;83;123;32;49
2022-08-31;Rennes;Brest;FRANCE 1;3;1;2.37;0.96;3.6;12.5;65;35;22;8;9;3;136;104;74;32
2022-08-31;Strasbourg;Nantes;FRANCE 1;1;1;1.06;1.5;4.6;17.0;46;54;10;17;4;5;114;121;35;44
2022-08-31;Udinese;Fiorentina;ITALY 1;1;0;1.27;1.41;2.18;10.0;26;74;13;17;5;2;79;134;30;60
2022-09-01;Atalanta;Torino;ITALY 1;3;1;1.56;1.44;2.18;11.0;41;59;13;12;7;5;98;115;34;53
2022-09-01;Bologna;Salernitana;ITALY 1;1;1;1.37;1.86;16.0;42.0;47;53;15;27;4;2;84;119;37;64
2022-09-03;Eintracht Frankfurt;RB Leipzig;GERMANY 1;4;0;2.15;0.95;2.64;18.5;43;57;17;6;10;2;109;128;78;66
2022-09-03;Aston Villa;Manchester City;ENGLAND 1;1;1;0.57;1.67;2.18;15.0;27;73;5;17;2;5;59;156;24;58
2022-09-03;Bragantino;Palmeiras;BRAZIL 1;2;2;1.29;1.57;1.94;8.6;41;59;13;13;4;6;91;99;25;45
2022-09-03;Nantes;PSG;FRANCE 1;0;3;1.03;2.29;1.42;12.5;41;59;11;23;2;5;95;132;35;85
2022-09-03;Lazio;Napoli;ITALY 1;1;2;0.97;2.16;3.0;11.0;39;61;10;26;3;8;61;135;26;45
2022-09-03;Fiorentina;Juventus;ITALY 1;1;1;2.51;0.51;2.46;8.4;60;40;24;6;7;2;142;49;106;15
2022-09-03;Bochum;Werder Bremen;GERMANY 1;0;2;2.64;1.99;2.2;13.5;50;50;27;21;9;8;98;96;71;41
2022-09-03;Bayer Leverkusen;Freiburg;GERMANY 1;2;3;1.81;0.85;9.2;34.0;50;50;23;9;7;4;97;75;43;16
2022-09-03;Everton;Liverpool;ENGLAND 1;0;0;1.49;2.54;1.46;10.5;39;61;16;29;4;9;62;118;38;64
2022-09-04;Reims;Lens;FRANCE 1;1;1;1.77;1.82;2.46;11.5;36;64;19;22;5;4;79;128;40;46
2022-09-04;Clermont;Toulouse;FRANCE 1;2;0;1.33;1.7;2.4;10.5;33;67;15;15;4;5;80;124;32;64
2022-09-04;Brest;Strasbourg;FRANCE 1;1;1;1.41;1.39;3.7;14.0;59;41;16;13;3;5;108;91;51;39
2022-09-04;Montpellier;Lille;FRANCE 1;1;3;0.75;2.74;1.91;11.0;24;76;8;35;3;6;64;131;21;87
2022-09-04;Cremonese;Sassuolo;ITALY 1;0;0;1.07;2.3;2.98;11.0;46;54;12;24;2;9;77;102;32;57
2022-09-04;Nice;Monaco;FRANCE 1;0;1;1.47;1.61;2.28;11.5;53;47;15;18;6;4;92;131;31;60
2022-09-04;Corinthians;Internacional;BRAZIL 1;2;2;1.51;1.62;3.3;11.0;50;50;14;15;5;3;113;121;37;64
2022-09-05;Torino;Lecce;ITALY 1;1;0;1.2;0.64;5.4;14.5;59;41;13;8;6;3;52;58;20;14
2022-09-05;Monza;Atalanta;ITALY 1;0;2;1.23;1.77;1.93;8.8;60;40;12;16;4;7;115;105;34;54
2022-09-09;Werder Bremen;Augsburg;GERMANY 1;0;1;1.79;1.96;4.4;17.5;70;30;16;20;8;9;120;91;38;35
2022-09-10;Eintracht Frankfurt;Wolfsburg;GERMANY 1;0;1;1.08;1.09;3.8;23.0;63;37;14;9;0;5;126;61;51;23
2022-09-10;Fluminense;Fortaleza;BRAZIL 1;2;1;1.68;1.74;5.5;16.0;66;34;15;17;6;6;102;78;43;35
2022-09-10;Palmeiras;Juventude;BRAZIL 1;2;1;3.02;0.72;10.0;28.0;67;33;24;7;13;2;145;62;82;18
2022-09-10;Sporting CP;Portimonense;PORTUGAL 1;4;0;1.93;0.7;32.0;1000.0;61;39;21;7;7;2;116;84;42;23
2022-09-10;PSG;Brest;FRANCE 1;1;0;1.79;0.94;11.5;46.0;61;39;18;8;6;3;140;84;48;30
2022-09-11;Rennes;Auxerre;FRANCE 1;5;0;1.64;1.13;4.9;17.0;48;52;13;13;9;2;108;125;33;48
2022-09-11;Sao Paulo;Corinthians;BRAZIL 1;1;1;1.36;1.9;3.45;8.8;43;57;14;18;5;7;77;133;17;36
2022-09-11;Juventus;Salernitana;ITALY 1;2;2;2.36;1.4;21.0;65.0;61;39;25;15;9;6;92;73;48;22
2022-09-11;Atalanta;Cremonese;ITALY 1;1;1;1.95;1.04;10.0;32.0;58;42;18;9;8;5;129;84;52;24
2022-09-11;Lecce;Monza;ITALY 1;1;1;1.28;0.6;4.2;13.5;53;47;13;4;4;2;72;88;43;35
2022-09-11;Sassuolo;Udinese;ITALY 1;1;3;0.76;2.01;2.66;10.5;32;68;6;22;3;5;68;110;22;64
2022-09-11;Lorient;Nantes;FRANCE 1;3;2;1.56;1.56;4.5;14.5;48;52;16;11;6;6;101;119;44;60
2022-09-11;Bologna;Fiorentina;ITALY 1;2;1;1.35;1.53;2.76;9.8;39;61;16;15;5;4;62;119;25;59
2022-09-11;Toulouse;Reims;FRANCE 1;1;0;1.46;1.21;3.9;16.0;47;53;17;13;4;2;93;101;32;51
2022-09-16;Aston Villa;Southampton;ENGLAND 1;1;0;1.36;0.89;9.2;42.0;53;47;16;10;4;2;146;106;42;32
2022-09-16;Auxerre;Lorient;FRANCE 1;1;3;2.05;1.58;3.1;12.5;57;43;18;13;5;8;115;71;87;37
2022-09-16;Salernitana;Lecce;ITALY 1;1;2;1.72;1.5;2.6;9.4;57;43;14;16;7;5;116;76;55;37
2022-09-17;Bologna;Empoli;ITALY 1;0;1;2.04;1.57;6.0;16.0;61;39;22;15;7;6;108;84;48;45
2022-09-17;Bayer Leverkusen;Werder Bremen;GERMANY 1;1;1;2.29;2.01;16.5;60.0;54;46;21;21;9;7;136;95;54;36
2022-09-17;Stuttgart;Eintracht Frankfurt;GERMANY 1;1;3;1.47;1.65;6.4;32.0;55;45;17;16;2;8;140;92;60;36
2022-09-17;Lille;Toulouse;FRANCE 1;2;1;1.3;1.82;4.6;17.0;45;55;14;20;5;6;108;130;33;53
2022-09-18;Nantes;Lens;FRANCE 1;0;0;1.5;1.14;2.16;9.2;42;58;17;11;5;3;88;108;46;49
2022-09-18;Hoffenheim;Freiburg;GERMANY 1;0;0;1.26;1.87;2.62;14.5;50;50;13;20;4;6;98;118;38;60
2022-09-18;AC Milan;Napoli;ITALY 1;1;2;2.19;1.4;3.0;13.0;51;49;25;11;6;5;97;102;71;66
2022-09-18;Juventude;Fortaleza;BRAZIL 1;1;1;2.19;1.27;3.0;11.0;62;38;21;13;7;4;103;98;53;22
2022-09-18;Palmeiras;Santos;BRAZIL 1;1;0;2.08;1.51;8.8;25.0;54;46;21;15;4;4;121;79;66;39
2022-09-18;Brentford;Arsenal;ENGLAND 1;0;3;0.84;1.82;1.69;8.8;36;64;6;16;3;8;79;152;34;49
2022-09-18;Reims;Monaco;FRANCE 1;0;3;1.18;2.67;2.12;11.5;32;68;11;27;4;10;74;121;37;81
2022-09-18;Monza;Juventus;ITALY 1;1;0;1.93;1.17;1.67;6.6;60;40;22;15;6;3;100;105;52;35
2022-09-18;Union Berlin;Wolfsburg;GERMANY 1;2;0;1.77;0.61;3.2;13.0;48;52;19;9;5;0;110;110;48;21
2022-09-28;Internacional;Bragantino;BRAZIL 1;0;0;1.85;1.44;6.2;21.0;59;41;15;12;7;5;134;103;56;45
2022-09-28;Fluminense;Juventude;BRAZIL 1;4;0;2.41;1.24;6.4;22.0;62;38;22;12;8;4;140;63;63;28
2022-09-30;Sporting CP;Gil Vicente;PORTUGAL 1;3;1;2.07;0.93;30.0;95.0;63;37;21;11;9;2;115;83;42;21
2022-10-01;Strasbourg;Rennes;FRANCE 1;1;3;1.25;2.11;2.32;980.0;39;61;12;23;5;8;109;119;27;48
2022-10-01;PSG;Nice;FRANCE 1;2;1;1.47;0.85;5.5;28.0;57;43;14;7;5;2;101;112;40;43
2022-10-01;Internacional;Santos;BRAZIL 1;1;0;1.37;1.28;3.9;13.0;48;52;11;12;5;3;96;120;44;42
2022-10-01;Empoli;AC Milan;ITALY 1;1;3;1.71;2.08;1.71;8.0;43;57;21;25;5;7;68;121;41;45
2022-10-01;Napoli;Torino;ITALY 1;3;1;1.83;1.67;10.5;26.0;49;51;19;19;8;4;68;123;28;61
2022-10-01;Eintracht Frankfurt;Union Berlin;GERMANY 1;2;0;1.46;1.96;4.2;14.0;47;53;17;22;5;5;97;112;30;75
2022-10-01;Wolfsburg;Stuttgart;GERMANY 1;3;2;2.02;1.75;2.5;15.0;57;43;23;17;6;8;94;91;47;33
2022-10-01;RB Leipzig;Bochum;GERMANY 1;4;0;2.3;0.43;12.0;55.0;70;30;21;3;10;2;153;53;72;13
2022-10-01;Crystal Palace;Chelsea;ENGLAND 1;1;2;1.06;1.55;2.02;13.5;36;64;8;15;4;4;73;123;37;52
2022-10-01;Southampton;Everton;ENGLAND 1;1;2;2.24;1.73;2.74;12.5;54;46;23;18;7;7;100;102;60;40
2022-10-02;Monaco;Nantes;FRANCE 1;4;1;1.45;1.14;8.4;48.0;48;52;13;10;6;4;114;96;45;39
2022-10-02;Juventus;Bologna;ITALY 1;3;0;2.09;0.94;6.4;16.0;48;52;20;12;9;2;118;100;44;21
2022-10-02;Atalanta;Fiorentina;ITALY 1;1;0;1.53;1.95;6.6;28.0;38;62;13;19;6;6;92;109;49;63
2022-10-02;Lorient;Lille;FRANCE 1;2;1;1.16;2.6;2.2;10.5;37;63;10;30;6;7;79;131;22;92
2022-10-02;Auxerre;Brest;FRANCE 1;1;1;1.32;1.11;2.66;12.0;49;51;13;10;4;3;98;98;38;36
2022-10-02;Lecce;Cremonese;ITALY 1;1;1;0.94;1.65;3.85;11.0;55;45;8;16;2;5;116;75;48;50
2022-10-02;Toulouse;Montpellier;FRANCE 1;4;2;1.46;2.21;3.55;19.5;43;57;13;36;6;4;71;133;31;58
2022-10-04;Juventude;Corinthians;BRAZIL 1;2;2;1.85;1.88;2.6;7.4;34;66;21;14;3;7;71;133;45;69
2022-10-07;Hoffenheim;Werder Bremen;GERMANY 1;1;2;1.98;1.21;2.84;20.0;46;54;21;12;7;4;81;103;41;40
2022-10-08;Augsburg;Wolfsburg;GERMANY 1;1;1;1.99;2.03;2.84;10.0;48;52;20;14;6;8;87;107;70;90
2022-10-08;Bochum;Eintracht Frankfurt;GERMANY 1;3;0;1.75;1.48;2.32;13.5;46;54;15;14;8;4;109;88;42;52
2022-10-08;Manchester City;Southampton;ENGLAND 1;4;0;2.46;0.59;26.0;110.0;65;35;25;8;9;0;121;85;62;27
2022-10-08;Reims;PSG;FRANCE 1;0;0;2.39;1.42;1.47;11.5;37;63;33;15;5;4;86;96;58;44
2022-10-08;Santa Clara;Sporting CP;PORTUGAL 1;1;2;1.48;1.31;1.6;0.0;33;67;13;15;8;3;79;126;22;45
2022-10-08;AC Milan;Juventus;ITALY 1;2;0;2.0;1.1;3.7;12.5;40;60;27;12;4;3;118;119;46;34
2022-10-09;Brest;Lorient;FRANCE 1;1;2;1.93;1.58;3.45;11.5;50;50;18;17;7;6;116;97;59;38
2022-10-09;Udinese;Atalanta;ITALY 1;2;2;1.3;1.18;1.68;9.4;59;41;14;9;3;4;119;102;44;44
2022-10-09;Rennes;Nantes;FRANCE 1;3;0;1.83;1.14;5.1;17.0;58;42;18;11;6;4;123;111;55;38
2022-10-09;Stuttgart;Union Berlin;GERMANY 1;0;1;1.17;1.14;5.1;16.0;52;48;12;8;4;5;122;101;34;38
2022-10-09;Lille;Lens;FRANCE 1;1;0;1.61;1.23;3.95;13.0;45;55;15;14;7;3;88;95;41;44
2022-10-09;Arsenal;Liverpool;ENGLAND 1;3;2;1.68;1.13;3.0;12.5;44;56;12;11;8;4;78;86;50;38
2022-10-09;Cremonese;Napoli;ITALY 1;1;4;1.4;2.47;1.61;6.8;30;70;17;23;2;10;66;117;44;53
2022-10-09;Real Sociedad;Villarreal;SPAIN 1;1;0;1.83;0.75;3.95;14.0;60;40;22;8;6;2;102;75;47;31
2022-10-09;Torino;Empoli;ITALY 1;1;1;2.83;0.87;5.2;15.5;67;33;25;9;10;4;119;63;87;11
2022-10-09;Montpellier;Monaco;FRANCE 1;0;2;1.38;1.81;1.82;24.0;51;49;14;13;2;9;91;121;58;57
2022-10-10;Fiorentina;Lazio;ITALY 1;0;4;2.38;1.36;3.4;12.0;62;38;32;12;4;7;116;58;82;25
2022-10-10;Santos;Juventude;BRAZIL 1;4;1;2.18;1.46;9.8;29.0;50;50;19;16;8;4;110;84;58;23
2022-10-14;Strasbourg;Lille;FRANCE 1;0;3;0.9;1.14;2.48;11.0;43;57;11;10;2;6;114;100;42;28
2022-10-15;Torino;Juventus;ITALY 1;0;1;1.61;1.78;2.26;6.8;53;47;20;16;3;9;109;108;54;36
2022-10-15;Empoli;Monza;ITALY 1;1;0;1.57;1.96;3.1;11.0;36;64;13;22;8;5;68;154;26;82
2022-10-15;Eintracht Frankfurt;Bayer Leverkusen;GERMANY 1;5;1;2.45;0.8;2.24;11.5;49;51;28;7;9;3;113;83;52;28
2022-10-15;Stuttgart;Bochum;GERMANY 1;4;1;2.02;1.59;9.8;55.0;48;52;22;18;8;3;84;119;37;51
2022-10-15;Lens;Montpellier;FRANCE 1;1;0;2.14;1.0;9.6;50.0;66;34;19;9;7;3;157;62;70;30
2022-10-15;Atalanta;Sassuolo;ITALY 1;2;1;1.9;1.32;7.6;26.0;48;52;21;13;6;3;102;113;48;47
2022-10-16;Monaco;Clermont;FRANCE 1;1;1;1.02;2.06;9.4;60.0;34;66;7;23;5;6;96;124;30;52
2022-10-16;Aston Villa;Chelsea;ENGLAND 1;0;2;2.08;1.26;3.35;23.0;41;59;23;10;8;5;95;112;45;46
2022-10-16;Nantes;Brest;FRANCE 1;4;1;2.04;1.59;3.25;11.5;55;45;26;15;6;5;104;84;50;49
2022-10-16;Liverpool;Manchester City;ENGLAND 1;1;0;1.41;2.03;3.65;20.0;36;64;17;23;4;6;67;137;35;73
2022-10-16;Palmeiras;Sao Paulo;BRAZIL 1;0;0;2.39;0.74;5.9;15.0;56;44;22;6;8;2;127;71;61;29
2022-10-16;Napoli;Bologna;ITALY 1;3;2;3.28;1.43;4.0;15.0;48;52;36;21;11;3;124;87;79;29
2022-10-16;Lazio;Udinese;ITALY 1;0;0;1.13;1.34;5.6;19.0;55;45;10;17;4;3;129;68;36;34
2022-10-17;Lecce;Fiorentina;ITALY 1;1;1;0.92;1.79;2.42;9.8;41;59;7;18;3;7;93;106;36;57
2022-10-19;Brentford;Chelsea;ENGLAND 1;0;0;1.31;1.96;2.3;15.5;34;66;10;22;5;6;88;130;53;81
2022-10-20;Fulham;Aston Villa;ENGLAND 1;3;0;2.22;1.54;2.86;15.0;61;39;24;15;9;7;96;87;46;31
2022-10-21;Juventus;Empoli;ITALY 1;4;0;2.53;1.57;9.8;26.0;43;57;30;16;10;5;79;95;55;46
2022-10-22;AC Milan;Monza;ITALY 1;4;1;1.66;1.84;12.0;60.0;49;51;15;24;8;6;109;100;38;39
2022-10-22;Sporting CP;Casa Pia;PORTUGAL 1;3;1;2.71;1.12;28.0;90.0;65;35;30;13;10;3;168;67;59;29
2022-10-22;Santos;Corinthians;BRAZIL 1;0;1;0.7;0.67;4.1;11.0;52;48;8;5;0;3;49;41;27;19
2022-10-22;Everton;Crystal Palace;ENGLAND 1;3;0;1.58;1.0;3.05;10.5;47;53;14;12;7;3;110;75;45;30
2022-10-22;Augsburg;RB Leipzig;GERMANY 1;3;3;1.03;1.9;2.26;11.0;32;68;10;19;4;7;92;107;32;38
2022-10-22;Bayer Leverkusen;Wolfsburg;GERMANY 1;2;2;1.63;1.13;12.5;48.0;57;43;18;16;6;3;111;81;44;21
2022-10-22;Freiburg;Werder Bremen;GERMANY 1;2;0;2.65;0.96;3.85;14.5;61;39;32;14;8;2;119;86;63;16
2022-10-23;Atalanta;Lazio;ITALY 1;0;2;0.92;1.49;5.5;21.0;47;53;10;15;0;6;111;91;65;34
2022-10-23;Juventude;Sao Paulo;BRAZIL 1;1;2;1.43;1.95;2.06;7.8;41;59;14;14;4;7;86;122;36;79
2022-10-23;Udinese;Torino;ITALY 1;1;2;1.78;1.58;2.92;8.6;54;46;20;16;5;7;98;90;59;37
2022-10-23;Lille;Monaco;FRANCE 1;4;3;2.1;1.27;3.3;17.5;60;40;24;11;7;7;77;101;41;28
2022-10-23;Southampton;Arsenal;ENGLAND 1;1;1;1.24;1.34;1.27;13.0;40;60;12;17;4;4;62;133;37;39
2022-10-23;Aston Villa;Brentford;ENGLAND 1;4;0;2.06;1.27;4.9;27.0;45;55;22;14;10;4;101;105;30;39
2022-10-23;Bologna;Lecce;ITALY 1;2;0;1.48;1.2;6.2;17.0;54;46;11;11;6;4;103;100;49;38
2022-10-23;Reims;Auxerre;FRANCE 1;2;1;2.46;1.41;3.35;13.0;54;46;20;19;10;3;105;91;79;43
2022-10-23;Toulouse;Strasbourg;FRANCE 1;2;2;2.2;1.52;3.75;15.0;48;52;20;12;8;6;104;103;52;46
2022-10-23;Nice;Nantes;FRANCE 1;1;1;1.76;1.47;5.6;15.0;66;34;15;14;7;6;113;81;61;40
2022-10-23;Bochum;Union Berlin;GERMANY 1;2;1;1.27;1.22;3.2;15.5;47;53;10;11;5;4;96;91;48;50
2022-10-26;Corinthians;Fluminense;BRAZIL 1;0;2;1.65;1.86;3.75;11.5;47;53;14;16;6;8;89;104;48;39
2022-10-28;Lens;Toulouse;FRANCE 1;3;0;1.75;0.9;4.3;14.5;53;47;13;14;8;0;100;72;51;37
2022-10-29;Crystal Palace;Southampton;ENGLAND 1;1;0;1.76;1.82;6.0;22.0;45;55;18;18;5;6;98;109;64;53
2022-10-29;Lecce;Juventus;ITALY 1;0;1;0.71;1.87;1.75;5.8;36;64;9;17;0;7;94;136;27;59
2022-10-29;Fulham;Everton;ENGLAND 1;0;0;2.61;1.2;4.6;13.5;57;43;29;11;7;5;90;76;78;30
2022-10-29;Wolfsburg;Bochum;GERMANY 1;4;0;2.2;1.19;4.7;21.0;52;48;21;11;7;3;85;98;54;38
2022-10-29;Stuttgart;Augsburg;GERMANY 1;2;1;2.7;1.5;6.0;29.0;63;37;39;15;7;5;97;96;46;36
2022-10-29;RB Leipzig;Bayer Leverkusen;GERMANY 1;2;0;1.23;0.66;1.87;13.0;46;54;8;5;7;2;111;115;30;34
2022-10-29;Napoli;Sassuolo;ITALY 1;4;0;1.99;1.43;8.6;23.0;67;33;19;11;6;7;96;70;61;34
2022-10-30;Empoli;Atalanta;ITALY 1;0;2;1.65;2.25;1.55;8.6;52;48;22;31;5;8;102;92;49;52
2022-10-30;Rennes;Montpellier;FRANCE 1;3;0;1.75;1.03;5.7;25.0;56;44;17;10;5;3;139;78;53;34
2022-10-30;Brest;Reims;FRANCE 1;0;0;1.81;1.31;5.5;22.0;51;49;14;11;7;4;117;111;60;45
2022-10-30;Cremonese;Udinese;ITALY 1;0;0;1.56;1.56;2.52;8.6;41;59;15;13;3;4;79;130;56;62
2022-10-30;Lorient;Nice;FRANCE 1;1;2;1.93;2.02;3.1;13.0;44;56;17;20;8;8;102;105;49;44
2022-10-30;Lazio;Salernitana;ITALY 1;1;3;1.82;1.36;11.5;34.0;61;39;18;13;6;6;139;62;53;25
2022-10-30;Torino;AC Milan;ITALY 1;2;1;1.15;1.14;2.98;10.5;44;56;9;15;5;2;106;93;39;24
2022-10-31;Monza;Bologna;ITALY 1;1;2;1.25;1.39;2.52;8.2;55;45;12;14;4;6;105;87;45;29
2022-11-02;Palmeiras;Fortaleza;BRAZIL 1;4;0;2.21;1.08;9.6;32.0;56;44;23;9;5;4;105;93;58;30
2022-11-04;Udinese;Lecce;ITALY 1;1;1;2.06;1.01;3.45;11.5;57;43;24;12;7;2;107;116;52;39
2022-11-05;Hoffenheim;RB Leipzig;GERMANY 1;1;3;1.31;1.95;1.56;22.0;37;63;15;21;4;9;92;106;37;33
2022-11-05;Augsburg;Eintracht Frankfurt;GERMANY 1;1;2;1.44;1.75;2.92;13.0;42;58;11;13;5;8;79;121;64;50
2022-11-05;Fluminense;Sao Paulo;BRAZIL 1;3;1;2.14;1.0;3.4;8.2;65;35;18;9;8;4;131;61;61;20
2022-11-05;Atalanta;Napoli;ITALY 1;1;2;2.1;1.32;3.3;12.0;46;54;26;10;5;6;103;101;60;44
2022-11-05;Manchester City;Fulham;ENGLAND 1;2;1;1.94;0.66;13.5;55.0;71;29;20;5;6;3;121;51;61;18
2022-11-06;Clermont;Montpellier;FRANCE 1;1;1;1.61;1.16;2.22;12.0;54;46;13;9;6;4;105;104;50;50
2022-11-06;Toulouse;Monaco;FRANCE 1;0;2;1.56;2.76;2.18;12.0;49;51;14;26;6;11;90;102;53;68
2022-11-06;Reims;Nantes;FRANCE 1;1;0;2.96;1.72;3.5;12.5;57;43;31;18;11;5;131;102;94;50
2022-11-06;Nice;Brest;FRANCE 1;1;0;2.08;1.48;6.8;29.0;56;44;18;16;11;3;110;112;41;62
2022-11-06;Chelsea;Arsenal;ENGLAND 1;0;1;0.78;1.59;2.68;13.5;44;56;9;18;2;3;80;91;35;61
2022-11-06;Lorient;PSG;FRANCE 1;1;2;1.11;2.26;1.42;12.0;41;59;9;20;3;9;74;73;54;79
2022-11-06;Bologna;Torino;ITALY 1;2;1;0.83;0.91;5.7;15.0;56;44;6;10;4;3;47;50;23;27
2022-11-06;Lille;Rennes;FRANCE 1;1;1;2.28;0.63;4.4;16.5;62;38;26;4;8;3;114;77;64;21
2022-11-06;Bayer Leverkusen;Union Berlin;GERMANY 1;5;0;1.58;0.92;11.0;40.0;59;41;13;10;9;2;121;93;24;37
2022-11-07;Rayo Vallecano;Real Madrid;SPAIN 1;3;2;2.11;1.58;1.61;8.6;45;55;19;20;9;3;101;75;56;33
2022-11-08;Cremonese;AC Milan;ITALY 1;0;0;0.8;1.89;1.52;7.8;27;73;9;17;2;6;72;162;29;62
2022-11-08;Sao Paulo;Internacional;BRAZIL 1;0;1;1.49;1.16;3.05;8.6;58;42;13;10;3;5;141;80;62;24
2022-11-08;Napoli;Empoli;ITALY 1;2;0;2.44;0.62;11.5;30.0;75;25;26;7;5;2;147;53;115;13
2022-11-09;Lecce;Atalanta;ITALY 1;2;1;1.74;1.86;1.85;9.2;39;61;20;19;5;7;132;113;43;67
2022-11-09;RB Leipzig;Freiburg;GERMANY 1;3;1;1.83;0.66;4.8;21.0;58;42;20;4;7;3;92;74;37;26
2022-11-09;Union Berlin;Augsburg;GERMANY 1;2;2;2.31;0.86;4.2;13.5;59;41;22;8;8;3;132;79;59;28
2022-11-09;Eintracht Frankfurt;Hoffenheim;GERMANY 1;4;2;1.9;1.52;4.2;26.0;51;49;18;16;9;4;98;125;35;56
2022-11-09;Fortaleza;Bragantino;BRAZIL 1;6;0;2.91;0.52;4.3;14.5;56;44;26;4;14;2;115;69;40;16
2022-11-10;Lazio;Monza;ITALY 1;1;0;1.34;1.19;11.0;36.0;47;53;14;10;4;4;113;71;41;38
2022-11-12;Lens;Clermont;FRANCE 1;2;1;1.93;1.03;11.0;36.0;61;39;22;8;5;5;133;71;70;23
2022-11-12;Bologna;Sassuolo;ITALY 1;3;0;1.05;1.31;4.5;14.5;52;48;9;14;5;4;81;92;26;46
2022-11-12;Rennes;Toulouse;FRANCE 1;2;1;1.94;1.52;4.6;17.0;46;54;17;14;8;6;97;121;42;46
2022-11-12;Manchester City;Brentford;ENGLAND 1;1;2;3.04;1.49;17.5;70.0;75;25;34;13;6;8;137;66;111;33
2022-11-12;Augsburg;Bochum;GERMANY 1;0;1;1.85;1.41;5.0;21.0;55;45;23;13;4;5;110;134;51;40
2022-11-12;Werder Bremen;RB Leipzig;GERMANY 1;1;2;1.18;1.5;3.15;22.0;48;52;7;17;6;4;120;111;42;36
2022-11-12;Hoffenheim;Wolfsburg;GERMANY 1;1;2;2.71;0.99;3.05;17.0;60;40;26;7;10;4;114;86;70;36
2022-11-12;Bayer Leverkusen;Stuttgart;GERMANY 1;2;0;1.44;1.02;4.7;23.0;45;55;17;10;5;2;77;136;37;40
2022-11-12;Liverpool;Southampton;ENGLAND 1;3;1;1.98;1.4;25.0;90.0;60;40;16;10;8;6;109;97;56;47
2022-11-12;Napoli;Udinese;ITALY 1;3;2;1.68;1.27;8.8;23.0;63;37;19;14;6;5;126;95;42;30
2022-11-13;Strasbourg;Lorient;FRANCE 1;1;1;2.34;0.95;4.9;17.0;61;39;22;10;5;3;177;75;90;31
2022-11-13;Santos;Fortaleza;BRAZIL 1;0;2;0.32;0.72;5.7;19.0;48;52;4;7;0;3;30;30;9;10
2022-11-13;Bragantino;Fluminense;BRAZIL 1;0;1;0.56;0.8;3.75;13.0;41;59;4;6;3;4;17;25;14;20
2022-11-13;Internacional;Palmeiras;BRAZIL 1;3;0;1.08;0.19;3.35;9.4;48;52;9;2;6;0;31;15;13;9
2022-11-13;Juventus;Lazio;ITALY 1;3;0;0.0;0.0;4.1;11.5;41;59;6;2;4;0;0;0;0;0
2022-11-13;Freiburg;Union Berlin;GERMANY 1;4;1;1.39;0.62;4.2;13.5;73;27;10;4;7;3;149;67;43;20
2022-11-13;AC Milan;Fiorentina;ITALY 1;2;1;1.48;1.53;4.1;17.5;49;51;20;15;5;5;92;119;34;48
2022-11-13;Benfica;Gil Vicente;PORTUGAL 1;3;1;1.66;0.65;13.0;36.0;54;46;19;4;6;3;89;59;40;25
2022-11-13;Montpellier;Reims;FRANCE 1;1;1;2.21;1.87;1.78;10.5;49;51;19;24;9;7;132;93;61;34
2022-11-13;PSG;Auxerre;FRANCE 1;5;0;1.66;1.25;21.0;100.0;59;41;13;11;7;4;125;83;56;38
2022-12-26;Aston Villa;Liverpool;ENGLAND 1;1;3;1.62;2.05;1.8;19.5;47;53;14;18;7;10;89;96;42;38
2022-12-26;Crystal Palace;Fulham;ENGLAND 1;0;3;0.41;2.72;2.64;10.5;36;64;6;26;0;11;62;139;11;78
2022-12-28;PSG;Strasbourg;FRANCE 1;2;1;1.74;1.33;13.5;65.0;71;29;14;14;8;4;155;75;56;40
2022-12-28;Portimonense;Casa Pia;PORTUGAL 1;1;2;0.83;2.22;2.82;9.2;47;53;8;27;3;8;102;129;22;54
2022-12-28;Auxerre;Monaco;FRANCE 1;2;3;1.61;1.19;1.88;14.5;38;62;13;9;8;4;83;133;31;54
2022-12-29;Nice;Lens;FRANCE 1;0;0;1.36;1.32;3.1;13.5;41;59;14;15;7;4;75;113;24;38
2022-12-29;Gil Vicente;Santa Clara;PORTUGAL 1;1;0;1.48;1.12;2.78;7.6;53;47;17;15;5;2;111;93;41;38
2022-12-29;Reims;Rennes;FRANCE 1;3;1;1.48;1.84;2.54;16.5;33;67;14;17;6;7;77;142;33;63
2022-12-31;Manchester City;Everton;ENGLAND 1;1;1;1.88;0.45;9.2;38.0;74;26;22;4;4;2;145;45;89;16
2022-12-31;Fulham;Southampton;ENGLAND 1;2;1;1.07;1.24;8.0;32.0;63;37;9;13;3;5;152;97;46;25
2023-01-01;Lens;PSG;FRANCE 1;3;1;1.24;2.03;1.78;12.5;41;59;11;21;5;7;72;108;36;65
2023-01-01;Nantes;Auxerre;FRANCE 1;1;0;1.17;1.91;3.35;12.0;51;49;11;19;4;8;116;104;43;47
2023-01-01;Monaco;Brest;FRANCE 1;1;0;1.87;1.47;6.8;24.0;52;48;21;13;6;6;106;97;43;39
2023-01-02;Lille;Reims;FRANCE 1;1;1;1.74;1.49;10.0;32.0;62;38;17;13;5;7;120;84;51;33
2023-01-02;Rennes;Nice;FRANCE 1;2;1;2.35;0.96;2.02;13.0;63;37;24;9;7;4;161;67;82;23
2023-01-02;Brentford;Liverpool;ENGLAND 1;3;1;1.46;2.02;1.48;16.0;27;73;12;21;8;7;66;133;29;62
2023-01-04;Cremonese;Juventus;ITALY 1;0;1;1.72;2.25;1.55;8.2;44;56;17;26;6;9;100;108;48;41
2023-01-04;Fiorentina;Monza;ITALY 1;1;1;2.38;1.27;6.4;25.0;53;47;28;14;7;4;116;66;62;33
2023-01-04;Udinese;Empoli;ITALY 1;1;1;2.23;0.8;4.6;13.5;60;40;27;8;4;2;121;70;70;29
2023-01-04;Lecce;Lazio;ITALY 1;2;1;1.52;1.02;1.69;8.2;40;60;15;11;5;3;125;106;56;32
2023-01-07;Villarreal;Real Madrid;SPAIN 1;2;1;1.95;1.73;2.14;19.0;49;51;19;17;6;5;104;89;55;60
2023-01-07;Juventus;Udinese;ITALY 1;1;0;1.76;1.52;10.0;28.0;50;50;20;17;4;4;106;89;57;58
2023-01-07;Fiorentina;Sassuolo;ITALY 1;2;1;1.74;1.56;6.4;24.0;53;47;21;20;5;5;124;82;42;27
2023-01-08;Lazio;Empoli;ITALY 1;2;2;1.94;0.73;6.2;18.5;54;46;23;5;5;3;118;86;45;27
2023-01-09;Bologna;Atalanta;ITALY 1;1;2;1.15;1.22;2.56;10.0;48;52;11;8;3;4;83;96;34;59
2023-01-11;Strasbourg;Lens;FRANCE 1;2;2;1.27;2.25;2.58;12.0;35;65;10;18;7;8;59;167;20;84
2023-01-11;Lorient;Monaco;FRANCE 1;2;2;1.47;1.98;1.64;12.0;42;58;11;18;8;6;86;132;29;66
2023-01-11;Nice;Montpellier;FRANCE 1;6;1;2.21;0.85;9.4;40.0;59;41;21;7;11;3;111;85;51;34
2023-01-11;Auxerre;Toulouse;FRANCE 1;0;5;2.01;1.6;2.52;10.5;47;53;21;13;5;9;100;82;56;29
2023-01-11;Brest;Lille;FRANCE 1;0;0;0.53;1.75;3.2;10.0;28;72;6;14;0;6;71;161;20;68
2023-01-12;Fulham;Chelsea;ENGLAND 1;2;1;1.22;2.36;2.48;12.0;48;52;11;27;4;11;118;92;50;37
2023-01-13;Napoli;Juventus;ITALY 1;5;1;1.73;1.19;3.65;10.5;57;43;14;15;9;3;110;94;37;38
2023-01-14;Lens;Auxerre;FRANCE 1;1;0;1.66;0.73;6.2;26.0;68;32;15;7;4;2;112;68;68;20
2023-01-14;Everton;Southampton;ENGLAND 1;1;2;1.23;1.41;9.2;26.0;53;47;11;19;4;5;117;67;42;33
2023-01-14;Lecce;AC Milan;ITALY 1;2;2;1.83;1.78;1.95;9.4;36;64;25;19;5;6;93;125;39;47
2023-01-15;Rennes;PSG;FRANCE 1;1;0;1.42;1.26;1.76;11.5;35;65;12;12;7;3;72;137;32;56
2023-01-15;Benfica;Sporting CP;PORTUGAL 1;2;2;2.18;1.01;3.3;14.5;58;42;19;11;10;4;147;72;64;22
2023-01-15;Sassuolo;Lazio;ITALY 1;0;2;1.25;1.34;2.14;10.0;50;50;16;15;3;4;99;93;38;33
2023-01-15;Montpellier;Nantes;FRANCE 1;0;3;1.53;1.68;4.0;14.5;47;53;13;15;7;7;97;105;38;50
2023-01-15;Reims;Nice;FRANCE 1;0;0;1.56;1.22;3.2;12.0;51;49;18;9;3;6;127;102;64;30
2023-01-15;Toulouse;Brest;FRANCE 1;1;1;2.19;1.7;2.12;13.0;64;36;20;18;7;6;131;83;69;38
2023-01-15;Chelsea;Crystal Palace;ENGLAND 1;1;0;2.36;1.71;5.6;28.0;63;37;25;16;7;6;122;106;76;65
2023-01-15;Udinese;Bologna;ITALY 1;1;2;2.15;1.77;1.88;6.8;51;49;28;22;5;5;109;86;49;40
2023-01-21;Union Berlin;Hoffenheim;GERMANY 1;3;1;2.1;1.11;3.85;17.5;52;48;28;14;6;3;108;109;40;26
2023-01-21;Wolfsburg;Freiburg;GERMANY 1;6;0;1.66;1.23;2.98;15.0;55;45;13;14;10;2;87;78;27;46
2023-01-21;Southampton;Aston Villa;ENGLAND 1;0;1;1.47;1.71;1.6;11.0;37;63;12;18;8;5;102;141;28;46
2023-01-21;Liverpool;Chelsea;ENGLAND 1;0;0;1.74;1.24;5.4;36.0;48;52;20;14;4;3;129;81;62;38
2023-01-21;Rayo Vallecano;Real Sociedad;SPAIN 1;0;2;1.59;1.43;3.65;9.4;54;46;19;13;3;7;134;117;58;23
2023-01-21;Santa Clara;Benfica;PORTUGAL 1;0;3;1.03;2.06;1.67;6.2;33;67;13;19;2;7;77;140;35;77
2023-01-21;Fiorentina;Torino;ITALY 1;0;1;2.11;1.33;6.0;16.0;62;38;24;12;6;5;106;80;68;30
2023-01-22;Juventus;Atalanta;ITALY 1;3;3;2.0;1.78;3.0;11.0;47;53;17;22;9;5;100;122;49;58
2023-01-22;Casa Pia;Gil Vicente;PORTUGAL 1;1;3;1.6;1.67;3.9;1000.0;45;55;16;14;5;9;96;126;41;37
2023-01-23;Bologna;Cremonese;ITALY 1;1;1;2.5;1.09;7.2;22.0;68;32;23;12;10;2;137;81;57;35
2023-01-24;Lazio;AC Milan;ITALY 1;4;0;1.45;1.18;2.54;12.0;50;50;16;15;7;4;101;99;26;27
2023-01-24;Hoffenheim;Stuttgart;GERMANY 1;2;2;1.87;1.14;2.04;14.5;49;51;18;10;7;5;112;92;50;29
2023-01-25;Freiburg;Eintracht Frankfurt;GERMANY 1;1;1;1.66;0.94;3.1;16.5;44;56;14;7;6;4;117;112;57;36
2023-01-25;Werder Bremen;Union Berlin;GERMANY 1;1;2;1.44;1.67;3.95;13.5;58;42;11;16;6;7;130;88;51;50
2023-01-25;Bayer Leverkusen;Bochum;GERMANY 1;2;0;1.74;1.45;13.0;1000.0;57;43;15;15;8;2;86;128;32;57
2023-01-27;Lorient;Rennes;FRANCE 1;2;1;1.0;2.77;2.74;11.0;33;67;6;30;6;6;59;167;27;125
2023-01-27;RB Leipzig;Stuttgart;GERMANY 1;2;1;1.49;1.2;3.7;36.0;55;45;12;14;5;3;128;114;51;30
2023-01-28;Empoli;Torino;ITALY 1;2;2;1.44;1.86;2.34;7.6;47;53;15;21;5;6;82;108;46;50
2023-01-28;Freiburg;Augsburg;GERMANY 1;3;1;2.02;1.72;5.3;21.0;46;54;19;18;10;4;92;107;43;51
2023-01-28;Werder Bremen;Wolfsburg;GERMANY 1;2;1;1.67;1.36;2.58;12.5;43;57;16;11;6;5;98;120;42;50
2023-01-29;Casa Pia;Santa Clara;PORTUGAL 1;2;1;2.37;0.98;2.62;1000.0;52;48;21;9;10;4;113;85;56;26
2023-01-29;Strasbourg;Toulouse;FRANCE 1;1;2;1.38;1.17;3.1;11.5;54;46;14;12;3;4;129;128;46;24
2023-01-29;PSG;Reims;FRANCE 1;1;1;1.66;1.96;15.0;60.0;59;41;14;20;7;6;116;108;47;56
2023-01-29;Real Madrid;Real Sociedad;SPAIN 1;0;0;2.55;1.36;7.6;40.0;61;39;26;14;8;5;118;64;93;35
2023-01-29;Juventus;Monza;ITALY 1;0;2;2.63;0.83;10.0;34.0;46;54;25;5;10;5;126;90;76;21
2023-01-29;Lazio;Fiorentina;ITALY 1;1;1;1.2;2.0;3.85;15.0;45;55;14;21;2;8;83;131;33;32
2023-01-29;AC Milan;Sassuolo;ITALY 1;2;5;1.81;1.35;8.8;26.0;61;39;14;12;8;8;121;70;49;21
2023-01-29;Nice;Lille;FRANCE 1;1;0;1.58;1.92;3.15;11.5;44;56;14;21;7;7;93;103;46;49
2023-01-29;Auxerre;Montpellier;FRANCE 1;0;2;1.82;0.86;4.9;19.5;58;42;18;6;4;4;120;96;64;35
2023-01-30;Villarreal;Rayo Vallecano;SPAIN 1;0;1;1.68;1.22;4.8;18.5;62;38;17;11;5;4;111;94;44;33
2023-02-01;Monaco;Auxerre;FRANCE 1;3;2;1.9;1.38;8.8;55.0;44;56;21;14;7;4;103;110;46;46
2023-02-01;Rennes;Strasbourg;FRANCE 1;3;0;1.02;0.5;3.9;15.0;59;41;11;6;5;0;108;84;20;33
2023-02-01;Lens;Nice;FRANCE 1;0;1;1.42;1.4;7.0;32.0;56;44;14;13;5;5;134;82;50;40
2023-02-01;Montpellier;PSG;FRANCE 1;1;3;0.95;2.52;1.57;12.5;34;66;7;24;4;11;72;163;30;57
2023-02-03;Augsburg;Bayer Leverkusen;GERMANY 1;1;0;1.31;1.68;1.65;9.2;41;59;11;15;6;5;100;132;34;61
2023-02-03;Chelsea;Fulham;ENGLAND 1;0;0;1.36;1.36;7.0;34.0;67;33;15;13;3;5;117;115;53;42
2023-02-04;Benfica;Casa Pia;PORTUGAL 1;3;0;2.06;0.65;16.0;75.0;74;26;21;11;6;0;193;55;75;20
2023-02-04;Sassuolo;Atalanta;ITALY 1;1;0;2.13;1.03;2.02;9.8;54;46;26;7;9;2;108;101;33;61
2023-02-04;Rennes;Lille;FRANCE 1;1;3;1.45;2.05;2.84;10.0;39;61;11;21;7;9;78;128;37;47
2023-02-04;PSG;Toulouse;FRANCE 1;2;1;2.49;1.69;7.8;40.0;61;39;29;17;6;7;119;92;78;26
2023-02-04;Everton;Arsenal;ENGLAND 1;1;0;1.52;1.83;2.02;7.2;30;70;15;20;5;4;86;126;49;74
2023-02-04;Cremonese;Lecce;ITALY 1;0;2;1.37;1.37;3.65;10.5;58;42;16;11;5;5;114;110;34;52
2023-02-04;Bochum;Hoffenheim;GERMANY 1;5;2;2.58;1.21;3.15;22.0;47;53;23;9;14;4;101;96;38;49
2023-02-04;Brentford;Southampton;ENGLAND 1;3;0;1.68;1.15;4.8;20.0;49;51;19;19;4;0;109;116;63;27
2023-02-05;Fiorentina;Bologna;ITALY 1;1;2;2.09;1.42;2.78;9.4;62;38;19;14;7;7;143;93;72;22
2023-02-05;Torino;Udinese;ITALY 1;1;0;1.8;1.44;3.55;10.0;56;44;18;16;6;4;107;88;51;47
2023-02-05;Auxerre;Reims;FRANCE 1;0;0;1.72;1.49;2.36;12.5;39;61;16;13;5;6;107;117;58;42
2023-02-05;Strasbourg;Montpellier;FRANCE 1;2;0;0.74;1.45;4.4;19.0;32;68;7;13;3;3;87;159;19;55
2023-02-05;Brest;Lens;FRANCE 1;1;1;1.62;2.25;3.2;13.0;34;66;19;23;4;6;58;150;39;87
2023-02-05;Stuttgart;Werder Bremen;GERMANY 1;0;2;1.94;1.29;4.9;30.0;58;42;22;14;6;6;145;97;51;23
2023-02-10;AC Milan;Torino;ITALY 1;1;0;1.06;1.47;7.2;23.0;46;54;10;18;4;4;96;136;27;40
2023-02-11;Monaco;PSG;FRANCE 1;3;1;2.46;0.94;1.87;14.0;42;58;23;13;11;2;107;125;59;38
2023-02-11;Lazio;Atalanta;ITALY 1;0;2;1.71;2.68;2.5;12.5;60;40;19;30;6;11;157;111;54;55
2023-02-11;RB Leipzig;Union Berlin;GERMANY 1;1;2;1.15;1.05;7.4;27.0;64;36;15;7;3;5;123;108;32;34
2023-02-11;Arsenal;Brentford;ENGLAND 1;1;1;2.78;1.15;5.6;18.0;69;31;29;10;7;3;134;82;118;42
2023-02-11;Freiburg;Stuttgart;GERMANY 1;2;1;1.71;1.51;2.16;12.0;53;47;14;19;7;4;149;89;62;39
2023-02-11;Hoffenheim;Bayer Leverkusen;GERMANY 1;1;3;1.53;1.53;1.54;18.0;50;50;13;13;7;5;131;100;36;49
2023-02-12;Nantes;Lorient;FRANCE 1;1;0;1.75;1.31;2.94;12.0;49;51;16;11;7;5;125;112;60;44
2023-02-12;Bologna;Monza;ITALY 1;0;1;1.96;0.97;7.6;21.0;63;37;15;7;5;6;128;72;100;14
2023-02-12;Lille;Strasbourg;FRANCE 1;2;0;2.0;0.94;6.4;22.0;67;33;15;9;10;3;124;78;65;39
2023-02-12;Montpellier;Brest;FRANCE 1;3;0;2.14;1.04;2.2;11.5;44;56;20;11;10;2;88;118;42;35
2023-02-12;Udinese;Sassuolo;ITALY 1;2;2;2.13;0.99;3.25;11.0;47;53;25;9;8;3;86;98;44;36
2023-02-12;Juventus;Fiorentina;ITALY 1;1;0;1.34;1.48;5.4;15.0;44;56;13;17;6;4;73;125;31;51
2023-02-12;Manchester City;Aston Villa;ENGLAND 1;3;1;2.25;0.76;11.5;50.0;67;33;23;8;10;3;119;62;57;23
2023-02-12;Toulouse;Rennes;FRANCE 1;3;1;1.56;1.88;3.45;13.5;32;68;13;17;7;6;77;155;34;87
2023-02-13;Liverpool;Everton;ENGLAND 1;2;0;1.52;0.64;8.0;24.0;59;41;21;8;7;2;14;19;5;8
2023-02-15;Arsenal;Manchester City;ENGLAND 1;1;3;1.18;1.33;4.1;17.5;64;36;16;12;2;7;89;92;47;27
2023-02-17;Sassuolo;Napoli;ITALY 1;0;2;1.12;1.59;1.69;7.8;40;60;12;16;3;5;87;140;47;56
2023-02-17;Augsburg;Hoffenheim;GERMANY 1;1;0;1.3;0.79;3.4;21.0;46;54;14;9;4;3;107;81;44;35
2023-02-18;Nice;Reims;FRANCE 1;0;0;1.22;0.95;8.6;36.0;53;47;17;11;2;3;114;100;61;30
2023-02-18;Monza;AC Milan;ITALY 1;0;1;1.41;1.78;1.68;8.0;59;41;12;15;6;9;128;118;56;35
2023-02-18;Eintracht Frankfurt;Werder Bremen;GERMANY 1;2;0;1.42;0.47;4.5;18.5;45;55;12;4;7;0;99;133;40;26
2023-02-18;Aston Villa;Arsenal;ENGLAND 1;2;4;1.01;1.99;1.8;10.5;33;67;8;21;6;6;55;135;20;94
2023-02-18;Bochum;Freiburg;GERMANY 1;0;2;1.56;1.52;2.6;12.5;47;53;17;19;7;6;103;109;34;29
2023-02-18;Wolfsburg;RB Leipzig;GERMANY 1;0;3;0.81;1.82;2.4;15.0;43;57;8;17;3;6;101;111;28;62
2023-02-19;Lens;Nantes;FRANCE 1;3;1;2.43;0.9;6.4;19.0;57;43;27;9;9;4;145;104;39;31
2023-02-19;PSG;Lille;FRANCE 1;4;3;1.8;1.77;9.0;34.0;47;53;13;17;11;8;76;98;37;45
2023-02-19;Atalanta;Lecce;ITALY 1;1;2;2.57;0.76;13.0;40.0;70;30;21;5;11;3;140;108;101;29
2023-02-19;Fiorentina;Empoli;ITALY 1;1;1;1.31;0.4;4.8;14.5;61;39;8;2;2;2;128;70;91;16
2023-02-19;Brest;Monaco;FRANCE 1;1;2;0.76;0.74;2.64;13.5;49;51;4;3;2;2;105;125;48;54
2023-02-20;Torino;Cremonese;ITALY 1;2;2;1.8;1.13;4.4;13.5;63;37;17;12;7;3;131;92;57;39
2023-02-24;Lille;Brest;FRANCE 1;2;1;2.28;0.61;6.0;18.0;70;30;22;4;6;2;154;56;82;29
2023-02-25;Everton;Aston Villa;ENGLAND 1;0;2;2.04;1.31;2.38;8.6;47;53;20;10;5;6;119;63;95;36
2023-02-25;Werder Bremen;Bochum;GERMANY 1;3;0;1.51;1.09;3.0;18.5;59;41;13;12;7;2;116;122;34;60
2023-02-25;RB Leipzig;Eintracht Frankfurt;GERMANY 1;2;1;1.45;1.18;3.2;20.0;54;46;12;10;6;5;105;123;45;42
2023-02-25;Crystal Palace;Liverpool;ENGLAND 1;0;0;0.78;1.51;1.56;11.0;36;64;10;14;0;5;100;122;45;46
2023-02-25;Montpellier;Lens;FRANCE 1;1;1;1.15;2.08;1.88;10.5;38;62;10;23;4;7;95;100;32;46
2023-02-25;Lecce;Sassuolo;ITALY 1;0;1;1.67;1.03;2.76;9.2;41;59;23;8;2;4;124;106;54;32
2023-02-25;Empoli;Napoli;ITALY 1;0;2;1.05;2.42;1.72;9.8;46;54;12;26;3;8;66;124;38;75
2023-02-26;AC Milan;Atalanta;ITALY 1;2;0;1.51;0.63;2.72;14.5;48;52;15;9;5;0;127;119;36;40
2023-02-26;Lorient;Auxerre;FRANCE 1;0;1;1.96;0.97;4.1;12.5;61;39;23;14;5;2;117;76;57;27
2023-02-26;Nantes;Rennes;FRANCE 1;0;1;2.46;1.23;2.5;9.8;55;45;25;14;8;4;119;92;81;35
2023-02-26;Freiburg;Bayer Leverkusen;GERMANY 1;1;1;1.27;1.7;1.59;9.4;45;55;11;21;5;5;109;112;38;37
2023-02-26;Reims;Toulouse;FRANCE 1;3;0;2.11;1.72;2.34;10.0;48;52;24;18;7;7;121;106;58;39
2023-02-26;Monaco;Nice;FRANCE 1;0;3;1.99;1.52;4.4;23.0;56;44;21;13;5;8;161;59;85;19
2023-02-28;Juventus;Torino;ITALY 1;4;2;1.53;1.14;7.6;19.5;42;58;14;8;7;4;72;128;31;46
2023-03-01;Arsenal;Everton;ENGLAND 1;4;0;1.92;1.13;20.0;75.0;73;27;20;9;6;6;160;78;65;18
2023-03-03;Nice;Auxerre;FRANCE 1;1;1;1.65;0.58;6.2;24.0;65;35;18;4;6;2;165;70;63;24
2023-03-03;Napoli;Lazio;ITALY 1;0;1;1.11;0.6;4.7;14.5;65;35;15;6;3;3;158;64;60;17
2023-03-04;Lens;Lille;FRANCE 1;1;1;0.97;1.48;3.7;13.5;38;62;11;12;2;7;77;102;45;49
2023-03-04;Atalanta;Udinese;ITALY 1;0;0;2.13;0.7;9.2;34.0;67;33;18;6;6;2;163;75;113;33
2023-03-04;Aston Villa;Crystal Palace;ENGLAND 1;1;0;1.09;0.7;6.0;23.0;58;42;10;6;3;2;96;80;42;32
2023-03-04;Fiorentina;AC Milan;ITALY 1;2;1;2.15;1.24;2.54;11.0;48;52;22;9;9;7;97;79;53;24
2023-03-04;PSG;Nantes;FRANCE 1;4;2;2.58;1.23;16.0;60.0;67;33;20;10;13;6;158;82;72;33
2023-03-04;Monza;Empoli;ITALY 1;2;1;1.31;2.06;1.88;7.2;43;57;16;22;4;5;83;145;28;70
2023-03-04;Augsburg;Werder Bremen;GERMANY 1;2;1;1.25;2.26;4.4;24.0;38;62;11;22;6;7;101;160;26;69
2023-03-05;Wolfsburg;Eintracht Frankfurt;GERMANY 1;2;2;1.46;1.17;2.66;13.5;52;48;13;11;8;3;105;117;35;52
2023-03-05;Strasbourg;Brest;FRANCE 1;0;1;1.39;0.87;3.9;16.5;62;38;18;9;5;2;76;47;21;23
2023-03-06;Torino;Bologna;ITALY 1;1;0;1.49;1.1;2.98;8.2;43;57;17;16;4;2;122;96;52;35
2023-03-06;Brentford;Fulham;ENGLAND 1;3;2;1.8;1.54;3.5;19.0;36;64;15;10;7;6;99;98;50;67
2023-03-06;Sassuolo;Cremonese;ITALY 1;3;2;1.72;1.63;4.3;13.0;54;46;14;14;8;7;97;113;47;43
2023-03-11;Napoli;Atalanta;ITALY 1;2;0;2.05;0.98;3.6;15.0;60;40;22;7;7;4;125;100;58;33
2023-03-11;Everton;Brentford;ENGLAND 1;1;0;1.59;1.55;2.94;12.0;33;67;14;13;7;5;79;125;39;68
2023-03-11;Crystal Palace;Manchester City;ENGLAND 1;0;1;0.19;1.52;1.32;8.2;32;68;4;15;0;5;71;127;24;73
2023-03-11;Bologna;Lazio;ITALY 1;0;0;1.46;0.99;3.45;11.5;54;46;22;9;3;3;114;116;32;45
2023-03-11;Brest;PSG;FRANCE 1;1;2;1.08;2.33;1.5;11.5;39;61;9;21;3;8;86;111;41;88
2023-03-11;Auxerre;Rennes;FRANCE 1;0;0;1.04;1.11;2.18;12.5;32;68;13;8;0;3;99;164;56;68
2023-03-11;Empoli;Udinese;ITALY 1;0;1;1.46;1.34;2.98;8.0;62;38;18;15;4;5;96;75;58;41
2023-03-12;Cremonese;Fiorentina;ITALY 1;0;2;1.7;1.33;1.99;9.0;47;53;19;13;5;6;95;61;47;30
2023-03-12;Nantes;Nice;FRANCE 1;2;2;0.84;1.74;2.66;9.4;45;55;8;16;4;7;85;80;23;33
2023-03-12;Freiburg;Hoffenheim;GERMANY 1;2;1;1.24;1.4;4.0;17.5;60;40;12;19;5;2;103;110;25;51
2023-03-12;Wolfsburg;Union Berlin;GERMANY 1;1;1;1.6;1.12;3.4;12.0;58;42;16;13;7;3;112;112;38;36
2023-03-12;Werder Bremen;Bayer Leverkusen;GERMANY 1;2;3;1.39;1.35;1.55;15.0;54;46;13;14;7;6;163;89;33;23
2023-03-12;Monaco;Reims;FRANCE 1;0;1;1.35;1.84;9.4;40.0;49;51;15;18;4;9;127;108;50;44
2023-03-12;Lecce;Torino;ITALY 1;0;2;1.03;0.94;4.7;13.0;55;45;14;5;2;3;111;124;61;54
2023-03-12;Fulham;Arsenal;ENGLAND 1;0;3;1.32;1.84;1.6;9.8;45;55;15;21;3;8;75;83;40;38
2023-03-13;AC Milan;Salernitana;ITALY 1;1;1;2.35;1.08;16.5;110.0;64;36;33;11;4;5;143;75;68;30
2023-03-15;Southampton;Brentford;ENGLAND 1;0;2;0.87;1.19;2.32;13.5;67;33;8;12;2;6;122;88;55;36
2023-03-17;Atalanta;Empoli;ITALY 1;2;1;3.16;0.72;8.0;27.0;70;30;36;7;5;3;162;78;138;16
2023-03-18;Toulouse;Lille;FRANCE 1;0;2;1.84;1.92;2.62;10.0;47;53;18;22;6;5;71;135;49;50
2023-03-18;Udinese;AC Milan;ITALY 1;3;1;1.42;1.59;2.0;9.8;36;64;15;11;6;7;93;146;32;62
2023-03-18;Chelsea;Everton;ENGLAND 1;2;2;1.67;0.95;4.8;24.0;69;31;21;13;8;4;113;82;57;22
2023-03-18;Stuttgart;Wolfsburg;GERMANY 1;0;1;1.05;1.28;5.2;29.0;57;43;13;10;3;4;116;91;53;59
2023-03-18;Bochum;RB Leipzig;GERMANY 1;1;0;0.77;2.1;2.08;12.0;35;65;9;23;3;9;99;130;23;63
2023-03-19;Nice;Lorient;FRANCE 1;1;1;1.34;0.83;6.6;21.0;54;46;17;10;2;4;129;76;69;22
2023-03-19;Strasbourg;Auxerre;FRANCE 1;2;0;1.62;0.86;4.5;21.0;51;49;14;9;7;2;123;104;41;27
2023-03-19;Fiorentina;Lecce;ITALY 1;1;0;1.57;0.8;5.8;15.0;59;41;19;9;4;3;106;103;56;36
2023-03-19;Torino;Napoli;ITALY 1;0;4;1.26;1.53;1.83;6.8;48;52;13;13;3;7;94;80;40;39
2023-03-19;Union Berlin;Eintracht Frankfurt;GERMANY 1;2;0;1.66;2.08;2.86;12.0;37;63;16;24;5;6;99;124;50;55
2023-03-19;Arsenal;Crystal Palace;ENGLAND 1;4;1;1.67;0.96;10.0;28.0;62;38;16;9;6;5;136;79;76;31
2023-03-19;PSG;Rennes;FRANCE 1;0;2;1.94;1.11;8.4;32.0;60;40;18;11;9;4;110;86;58;35
2023-03-31;Eintracht Frankfurt;Bochum;GERMANY 1;1;1;2.56;0.74;9.0;46.0;73;27;26;7;8;2;137;76;94;20
2023-04-01;Wolfsburg;Augsburg;GERMANY 1;2;2;2.14;0.63;3.85;19.5;68;32;24;6;6;3;136;64;63;22
2023-04-01;Cremonese;Atalanta;ITALY 1;1;3;1.42;1.47;1.61;9.0;42;58;16;13;5;5;118;111;51;67
2023-04-01;Union Berlin;Stuttgart;GERMANY 1;3;0;1.47;1.83;2.58;13.0;38;62;13;18;6;9;102;122;40;33
2023-04-01;Manchester City;Liverpool;ENGLAND 1;4;1;2.3;0.66;2.28;18.5;69;31;21;9;9;2;127;57;73;27
2023-04-01;Sporting CP;Santa Clara;PORTUGAL 1;3;0;1.92;1.24;17.5;60.0;72;28;17;15;7;5;181;58;64;18
2023-04-01;Rennes;Lens;FRANCE 1;0;1;1.51;1.3;3.3;15.5;56;44;16;13;5;4;132;71;45;37
2023-04-01;Chelsea;Aston Villa;ENGLAND 1;0;2;2.77;0.77;4.9;26.0;69;31;28;6;9;3;154;53;86;24
2023-04-02;Bologna;Udinese;ITALY 1;3;0;1.24;1.6;6.6;18.5;52;48;12;16;5;6;112;93;34;41
2023-04-02;Lille;Lorient;FRANCE 1;3;1;2.33;0.57;7.0;21.0;60;40;24;3;8;2;113;68;62;32
2023-04-02;Napoli;AC Milan;ITALY 1;0;4;2.21;1.82;4.4;15.5;61;39;25;19;5;9;128;65;65;25
2023-04-02;Villarreal;Real Sociedad;SPAIN 1;2;0;1.32;1.31;5.1;18.0;52;48;17;17;5;4;63;72;29;46
2023-04-02;Monaco;Strasbourg;FRANCE 1;4;3;1.39;1.49;5.4;32.0;51;49;10;14;8;7;106;139;34;31
2023-04-02;Werder Bremen;Hoffenheim;GERMANY 1;1;2;1.44;0.87;4.1;23.0;57;43;13;9;5;3;139;128;43;45
2023-04-02;Nantes;Reims;FRANCE 1;0;3;1.67;1.89;3.2;12.5;48;52;13;15;7;10;107;100;66;41
2023-04-02;Monza;Lazio;ITALY 1;0;2;1.2;1.07;1.88;8.4;57;43;12;9;4;5;102;90;38;28
2023-04-02;Brest;Toulouse;FRANCE 1;3;1;1.98;0.84;3.4;13.5;41;59;18;9;8;4;101;109;57;31
2023-04-03;Empoli;Lecce;ITALY 1;1;0;1.54;0.58;5.1;13.5;53;47;15;6;8;0;118;118;47;42
2023-04-03;Sassuolo;Torino;ITALY 1;1;1;1.39;1.09;3.45;11.5;47;53;13;17;5;3;98;82;65;43
2023-04-04;Chelsea;Liverpool;ENGLAND 1;0;0;1.37;1.05;3.35;19.5;49;51;13;8;4;5;108;119;53;50
2023-04-05;Gil Vicente;Sporting CP;PORTUGAL 1;0;0;0.87;1.62;1.28;9.0;44;56;9;13;3;8;84;136;28;57
2023-04-07;Lecce;Napoli;ITALY 1;1;2;1.26;1.31;1.57;6.8;31;69;14;15;4;5;98;144;38;34
2023-04-07;AC Milan;Empoli;ITALY 1;0;0;2.18;0.41;11.0;34.0;70;30;24;3;5;2;171;69;103;18
2023-04-07;Lens;Strasbourg;FRANCE 1;2;1;1.7;1.22;4.8;19.0;55;45;14;14;10;4;79;121;33;50
2023-04-08;Bayer Leverkusen;Eintracht Frankfurt;GERMANY 1;3;1;1.74;1.15;7.0;42.0;43;57;15;13;9;3;104;128;21;40
2023-04-08;Southampton;Manchester City;ENGLAND 1;1;4;0.53;1.7;1.24;12.5;27;73;5;14;2;9;59;136;18;50
2023-04-08;Lazio;Juventus;ITALY 1;2;1;1.19;1.25;2.56;8.4;51;49;10;12;5;5;112;101;45;45
2023-04-08;Real Madrid;Villarreal;SPAIN 1;2;3;2.01;2.36;11.5;65.0;49;51;23;21;6;10;80;110;56;55
2023-04-08;Nice;PSG;FRANCE 1;0;2;2.49;1.65;3.0;17.0;46;54;26;20;7;5;115;92;86;49
2023-04-08;Udinese;Monza;ITALY 1;2;2;1.47;1.31;7.4;24.0;40;60;15;13;6;6;101;92;39;26
2023-04-08;Atalanta;Bologna;ITALY 1;0;2;2.01;1.59;3.9;13.5;49;51;16;13;7;7;144;108;69;37
2023-04-09;Reims;Brest;FRANCE 1;1;1;2.61;1.26;4.5;15.5;61;39;24;13;8;6;159;87;82;27
2023-04-09;Montpellier;Toulouse;FRANCE 1;1;2;1.78;1.8;2.3;12.5;51;49;16;16;9;9;130;92;52;31
2023-04-09;Casa Pia;Sporting CP;PORTUGAL 1;3;4;0.69;2.22;1.53;8.0;25;75;9;22;3;8;65;156;13;80
2023-04-09;Nantes;Monaco;FRANCE 1;2;2;0.97;1.94;1.84;9.0;49;51;10;17;3;11;98;110;42;56
2023-04-09;Liverpool;Arsenal;ENGLAND 1;2;2;2.02;1.35;3.1;15.5;59;41;22;10;7;6;103;101;64;57
2023-04-09;Bochum;Stuttgart;GERMANY 1;2;3;1.38;1.78;2.28;16.0;55;45;13;16;6;8;119;105;43;46
2023-04-15;Bologna;AC Milan;ITALY 1;1;1;0.87;2.03;2.82;10.5;51;49;10;19;3;6;77;84;20;67
2023-04-15;RB Leipzig;Augsburg;GERMANY 1;3;2;1.37;1.03;7.4;38.0;58;42;13;13;7;3;131;92;31;42
2023-04-15;Southampton;Crystal Palace;ENGLAND 1;0;2;1.39;1.2;1.63;9.8;58;42;12;13;4;4;96;79;48;30
2023-04-15;Bragantino;Bahia;BRAZIL 1;2;1;1.72;1.14;3.25;12.5;56;44;12;9;8;4;127;87;54;39
2023-04-15;Fortaleza;Internacional;BRAZIL 1;1;1;1.91;1.48;2.98;12.5;47;53;14;12;7;7;126;110;73;30
2023-04-15;PSG;Lens;FRANCE 1;3;1;1.47;1.5;8.2;34.0;62;38;16;15;8;8;111;93;37;33
2023-04-15;Rennes;Reims;FRANCE 1;3;0;2.51;0.79;3.8;14.0;51;49;28;5;10;2;108;96;50;45
2023-04-15;Everton;Fulham;ENGLAND 1;1;3;2.04;2.19;2.78;12.0;46;54;17;20;9;8;115;96;46;52
2023-04-16;Lille;Montpellier;FRANCE 1;2;1;1.95;0.53;9.4;32.0;70;30;18;5;8;2;139;61;86;27
2023-04-16;Wolfsburg;Bayer Leverkusen;GERMANY 1;0;0;1.17;1.4;1.85;12.5;43;57;12;16;4;5;128;105;33;57
2023-04-16;Corinthians;Cruzeiro;BRAZIL 1;2;1;1.58;0.91;9.4;26.0;42;58;12;6;8;3;84;139;36;41
2023-04-16;Werder Bremen;Freiburg;GERMANY 1;1;2;1.56;0.85;2.64;14.5;49;51;14;8;6;4;113;125;52;41
2023-04-16;Brest;Nice;FRANCE 1;1;0;1.24;1.33;2.98;10.5;52;48;15;13;4;7;126;84;52;19
2023-04-16;Auxerre;Nantes;FRANCE 1;2;1;1.51;2.07;2.58;10.5;31;69;14;18;8;8;86;143;26;68
2023-04-16;Sassuolo;Juventus;ITALY 1;1;0;1.42;1.31;1.75;7.8;41;59;12;14;5;4;81;99;52;54
2023-04-16;Monaco;Lorient;FRANCE 1;3;1;1.87;1.15;10.5;38.0;46;54;16;11;7;5;126;95;76;31
2023-04-16;Union Berlin;Bochum;GERMANY 1;1;1;1.08;1.57;4.4;14.0;40;60;11;15;3;7;108;109;31;52
2023-04-17;Fiorentina;Atalanta;ITALY 1;1;1;1.88;0.85;2.18;10.5;63;37;19;7;8;2;139;92;58;36
2023-04-21;Arsenal;Southampton;ENGLAND 1;3;3;2.89;1.23;25.0;95.0;74;26;37;10;7;7;155;52;106;24
2023-04-21;Augsburg;Stuttgart;GERMANY 1;1;1;0.69;0.88;1.85;18.0;38;62;5;8;2;4;88;92;57;38
2023-04-22;Auxerre;Lille;FRANCE 1;1;1;1.07;1.75;1.8;9.6;30;70;9;15;5;7;70;123;29;60
2023-04-22;Lazio;Torino;ITALY 1;0;1;1.38;0.98;5.1;15.0;53;47;11;8;6;4;115;96;53;34
2023-04-22;Real Sociedad;Rayo Vallecano;SPAIN 1;2;1;0.89;0.83;3.85;13.0;61;39;8;8;2;3;123;89;49;31
2023-04-22;Salernitana;Sassuolo;ITALY 1;3;0;1.52;1.17;2.28;11.0;47;53;14;12;6;3;91;107;56;53
2023-04-22;Brentford;Aston Villa;ENGLAND 1;1;1;1.56;1.34;3.1;20.0;42;58;17;15;6;3;72;87;54;33
2023-04-22;Bochum;Wolfsburg;GERMANY 1;1;5;1.91;1.72;2.38;14.5;54;46;25;16;7;8;93;75;66;38
2023-04-22;Crystal Palace;Everton;ENGLAND 1;0;0;1.15;1.37;5.2;14.5;57;43;13;11;3;6;118;100;59;52
2023-04-22;Lens;Monaco;FRANCE 1;3;0;2.14;1.23;2.24;16.0;63;37;22;12;9;5;113;88;42;42
2023-04-23;Juventus;Napoli;ITALY 1;0;1;1.13;1.72;3.6;11.5;35;65;8;18;5;7;76;159;38;72
2023-04-23;Reims;Strasbourg;FRANCE 1;0;2;1.84;1.07;2.2;10.0;73;27;16;10;6;4;166;61;90;30
2023-04-23;Monza;Fiorentina;ITALY 1;3;2;1.3;1.39;1.97;8.0;45;55;14;11;6;6;63;116;26;54
2023-04-23;Lorient;Toulouse;FRANCE 1;0;1;0.87;1.42;2.8;11.5;53;47;10;14;2;5;126;109;72;42
2023-04-23;Bayer Leverkusen;RB Leipzig;GERMANY 1;2;0;0.96;2.13;4.6;27.0;31;69;8;27;5;7;64;139;23;69
2023-04-23;AC Milan;Lecce;ITALY 1;2;0;1.34;1.17;9.6;30.0;68;32;9;10;6;5;139;87;55;33
2023-04-23;Montpellier;Rennes;FRANCE 1;1;0;0.89;1.88;2.18;11.0;30;70;12;17;3;5;65;144;32;88
2023-04-25;Aston Villa;Fulham;ENGLAND 1;1;0;1.05;0.45;4.8;21.0;52;48;15;2;4;0;92;101;35;42
2023-04-26;Chelsea;Brentford;ENGLAND 1;0;2;1.81;0.82;9.4;50.0;73;27;16;8;5;2;135;88;88;32
2023-04-26;Manchester City;Arsenal;ENGLAND 1;4;1;1.77;0.84;4.0;16.5;52;48;15;9;10;3;85;92;34;33
2023-04-28;Lecce;Udinese;ITALY 1;1;0;1.36;1.15;2.56;8.2;38;62;16;11;4;4;93;95;53;31
2023-04-29;Eintracht Frankfurt;Augsburg;GERMANY 1;1;1;0.93;0.95;3.65;17.5;59;41;8;11;2;4;101;120;46;37
2023-04-29;Union Berlin;Bayer Leverkusen;GERMANY 1;0;0;1.12;1.0;1.59;8.8;34;66;13;10;2;2;69;156;49;46
2023-04-29;RB Leipzig;Hoffenheim;GERMANY 1;1;0;1.31;0.75;6.0;29.0;58;42;16;6;3;2;120;120;54;38
2023-04-29;Bragantino;Cruzeiro;BRAZIL 1;0;3;1.45;1.64;4.1;13.5;45;55;11;13;6;6;117;104;44;55
2023-04-29;Palmeiras;Corinthians;BRAZIL 1;2;1;1.85;0.82;7.8;22.0;54;46;14;5;7;3;114;104;66;39
2023-04-29;Coritiba;Sao Paulo;BRAZIL 1;1;1;1.64;1.78;2.62;8.8;33;67;14;16;6;7;82;134;47;37
2023-04-29;Fortaleza;Fluminense;BRAZIL 1;4;2;2.92;1.25;5.3;16.0;30;70;21;7;19;4;70;128;38;71
2023-04-29;Gil Vicente;Benfica;PORTUGAL 1;0;2;1.31;1.99;1.58;8.2;45;55;13;20;6;8;96;117;35;66
2023-04-29;Torino;Atalanta;ITALY 1;1;2;1.09;1.51;2.38;9.4;62;38;5;10;5;6;117;104;56;62
2023-04-30;Bologna;Juventus;ITALY 1;1;1;1.91;1.66;2.98;9.6;54;46;21;18;8;5;103;110;29;50
2023-04-30;Clermont;Reims;FRANCE 1;1;0;0.76;1.23;2.14;10.5;33;67;7;14;3;3;46;146;24;69
2023-04-30;Fulham;Manchester City;ENGLAND 1;1;2;0.52;2.0;1.22;14.0;37;63;5;13;2;10;77;127;25;65
2023-05-02;Toulouse;Lens;FRANCE 1;0;1;1.09;1.58;3.3;15.0;46;54;12;17;3;4;113;130;41;39
2023-05-02;Real Sociedad;Real Madrid;SPAIN 1;2;0;1.32;1.32;3.15;11.0;53;47;12;14;5;6;97;72;46;28
2023-05-02;Arsenal;Chelsea;ENGLAND 1;3;1;2.3;1.12;7.4;32.0;55;45;21;10;11;5;126;79;63;36
2023-05-03;AC Milan;Cremonese;ITALY 1;1;1;2.34;0.8;9.0;28.0;74;26;24;7;7;3;153;80;80;19
2023-05-03;Brest;Nantes;FRANCE 1;2;0;1.34;1.79;6.0;17.5;53;47;14;18;5;7;127;117;39;57
2023-05-03;Lazio;Sassuolo;ITALY 1;2;0;1.63;1.47;9.6;40.0;49;51;17;20;7;3;77;128;26;41
2023-05-03;Liverpool;Fulham;ENGLAND 1;1;0;1.8;1.21;10.0;44.0;58;42;19;13;4;4;149;83;69;41
2023-05-03;Salernitana;Fiorentina;ITALY 1;3;3;0.72;1.46;1.68;9.2;47;53;5;17;4;5;82;118;15;38
2023-05-03;Juventus;Lecce;ITALY 1;2;1;2.0;1.82;13.0;32.0;55;45;21;18;7;7;95;114;43;52
2023-05-04;Empoli;Bologna;ITALY 1;3;1;1.58;2.23;2.1;7.0;28;72;19;29;6;7;58;126;22;40
2023-05-04;Udinese;Napoli;ITALY 1;1;1;1.0;1.3;2.0;10.5;36;64;9;10;4;6;61;133;30;40
2023-05-06;Reims;Lille;FRANCE 1;1;0;1.56;1.64;2.62;11.0;36;64;17;15;5;6;80;117;36;63
2023-05-06;Nice;Rennes;FRANCE 1;2;1;1.47;1.77;3.6;13.0;46;54;17;19;5;5;82;98;42;57
2023-05-06;Cruzeiro;Santos;BRAZIL 1;2;1;1.31;1.49;7.2;22.0;55;45;11;12;4;5;129;93;44;53
2023-05-06;Liverpool;Brentford;ENGLAND 1;1;0;1.75;0.85;13.0;60.0;54;46;20;7;6;2;86;87;44;45
2023-05-06;Santa Clara;Gil Vicente;PORTUGAL 1;3;2;2.27;1.99;4.2;11.0;36;64;20;28;11;6;105;115;41;42
2023-05-06;Hoffenheim;Eintracht Frankfurt;GERMANY 1;3;1;1.15;2.55;2.26;13.5;31;69;10;30;5;8;69;125;32;84
2023-05-06;Augsburg;Union Berlin;GERMANY 1;1;0;1.37;1.62;3.75;14.0;38;62;17;14;4;6;82;100;28;52
2023-05-06;AC Milan;Lazio;ITALY 1;2;0;1.33;0.7;3.85;16.0;52;48;14;12;4;0;102;105;48;24
2023-05-06;Freiburg;RB Leipzig;GERMANY 1;0;1;0.82;1.69;1.72;13.0;41;59;5;18;2;6;103;115;48;43
2023-05-07;Atalanta;Juventus;ITALY 1;0;2;2.4;1.56;3.95;13.5;59;41;36;17;2;7;140;91;87;34
2023-05-07;Napoli;Fiorentina;ITALY 1;1;0;1.48;1.8;7.2;19.5;47;53;14;24;6;4;73;124;33;52
2023-05-07;Sao Paulo;Internacional;BRAZIL 1;2;0;1.1;1.86;3.05;8.6;43;57;8;18;5;5;85;115;33;51
2023-05-07;Nantes;Strasbourg;FRANCE 1;0;2;1.89;1.4;2.64;11.5;54;46;18;11;7;7;136;123;62;27
2023-05-07;Lorient;Brest;FRANCE 1;2;1;0.93;1.74;2.08;8.0;46;54;9;20;4;4;84;144;27;60
2023-05-07;Torino;Monza;ITALY 1;1;1;1.82;1.5;5.2;14.5;53;47;23;12;7;9;115;88;43;23
2023-05-08;Corinthians;Fortaleza;BRAZIL 1;1;1;2.61;1.51;4.4;12.0;49;51;19;10;9;3;131;130;109;91
2023-05-08;Sassuolo;Bologna;ITALY 1;1;1;1.02;1.32;2.98;11.5;42;58;10;16;3;4;103;87;40;30
2023-05-10;Santos;Bahia;BRAZIL 1;3;0;1.85;1.69;3.95;15.0;41;59;15;18;10;4;87;125;27;36
2023-05-10;Cruzeiro;Fluminense;BRAZIL 1;0;2;2.88;1.54;4.8;14.0;48;52;29;12;6;8;114;54;90;31
2023-05-11;Fortaleza;Sao Paulo;BRAZIL 1;0;0;1.72;1.3;2.94;9.6;44;56;17;14;5;2;97;107;41;37
2023-05-12;Lens;Reims;FRANCE 1;2;1;1.17;2.11;7.0;24.0;40;60;10;26;7;6;83;90;14;61
2023-05-12;Lazio;Lecce;ITALY 1;2;2;2.28;1.48;9.2;34.0;67;33;30;16;7;5;124;111;55;33
2023-05-13;Bochum;Augsburg;GERMANY 1;3;2;1.92;1.26;3.05;12.0;55;45;18;15;9;3;99;73;39;40
2023-05-13;Wolfsburg;Hoffenheim;GERMANY 1;2;1;1.18;1.53;2.96;19.0;46;54;13;16;4;4;101;110;36;50
2023-05-13;Union Berlin;Freiburg;GERMANY 1;4;2;1.33;1.62;3.5;14.0;36;64;11;17;5;7;79;137;39;31
2023-05-13;Strasbourg;Nice;FRANCE 1;2;0;1.43;1.28;2.46;9.4;39;61;19;12;4;5;105;124;44;30
2023-05-13;Southampton;Fulham;ENGLAND 1;0;2;0.96;1.57;1.67;10.5;36;64;10;15;3;5;75;125;33;71
2023-05-13;Salernitana;Atalanta;ITALY 1;1;0;1.19;1.33;1.4;10.5;52;48;12;14;5;4;107;102;35;40
2023-05-14;Monaco;Lille;FRANCE 1;0;0;1.3;1.33;3.05;15.0;41;59;14;13;4;5;86;102;53;38
2023-05-14;RB Leipzig;Werder Bremen;GERMANY 1;2;1;2.25;1.02;9.4;55.0;62;38;25;11;8;4;165;71;49;23
2023-05-14;Stuttgart;Bayer Leverkusen;GERMANY 1;1;1;1.04;1.4;2.32;12.0;52;48;13;17;2;3;83;104;36;41
2023-05-14;Toulouse;Nantes;FRANCE 1;0;0;2.09;0.79;5.6;17.0;71;29;18;11;7;2;171;78;89;19
2023-05-14;Corinthians;Sao Paulo;BRAZIL 1;1;1;1.26;1.28;2.62;7.4;34;66;9;10;4;4;75;144;57;48
2023-05-14;Fiorentina;Udinese;ITALY 1;2;0;1.69;0.69;6.4;23.0;45;55;23;7;4;2;85;72;38;23
2023-05-14;Juventus;Cremonese;ITALY 1;2;0;2.63;0.6;14.5;44.0;69;31;33;4;8;3;139;78;69;17
2023-05-14;Everton;Manchester City;ENGLAND 1;0;3;1.14;1.42;2.02;10.5;37;63;9;12;4;5;68;110;49;60
2023-05-14;Montpellier;Lorient;FRANCE 1;1;1;1.65;1.45;4.7;20.0;43;57;18;16;5;4;100;106;49;56
2023-05-14;Monza;Napoli;ITALY 1;2;0;1.35;2.62;1.87;9.8;45;55;14;26;5;9;82;125;33;84
2023-05-14;Brest;Auxerre;FRANCE 1;1;0;2.19;1.12;3.95;14.5;46;54;17;14;11;3;112;122;65;28
2023-05-19;Freiburg;Wolfsburg;GERMANY 1;2;0;2.02;1.16;3.15;14.0;43;57;21;13;9;3;85;100;35;43
2023-05-20;Nantes;Montpellier;FRANCE 1;0;3;1.78;1.71;7.2;22.0;43;57;19;19;5;8;98;106;67;18
2023-05-20;Fulham;Crystal Palace;ENGLAND 1;2;2;1.37;1.34;3.6;17.0;49;51;11;13;5;5;86;85;53;40
2023-05-20;Liverpool;Aston Villa;ENGLAND 1;1;1;1.91;0.87;7.0;34.0;66;34;15;8;7;4;116;50;92;29
2023-05-20;Hoffenheim;Union Berlin;GERMANY 1;4;2;1.31;1.9;3.45;16.0;43;57;14;24;6;4;78;115;26;58
2023-05-21;Nice;Toulouse;FRANCE 1;0;0;2.58;1.18;4.6;15.5;51;49;28;9;9;5;164;82;68;44
2023-05-21;Torino;Fiorentina;ITALY 1;1;1;1.3;1.04;2.36;9.6;57;43;12;12;5;2;77;84;35;45
2023-05-21;Udinese;Lazio;ITALY 1;0;1;1.45;1.69;2.44;8.2;39;61;18;18;4;5;96;120;39;53
2023-05-21;Auxerre;PSG;FRANCE 1;1;2;1.89;1.72;1.34;14.5;37;63;18;23;8;6;88;108;53;39
2023-05-21;Sporting CP;Benfica;PORTUGAL 1;2;2;1.95;2.13;3.55;16.5;52;48;17;26;8;6;108;130;61;70
2023-05-21;Manchester City;Chelsea;ENGLAND 1;1;0;1.56;1.6;3.35;26.0;65;35;22;17;3;7;117;58;46;32
2023-05-21;Lorient;Lens;FRANCE 1;1;3;1.57;1.93;1.89;9.8;47;53;20;22;6;8;93;104;36;50
2023-05-22;Empoli;Juventus;ITALY 1;4;1;1.66;2.1;1.71;6.4;39;61;16;24;8;6;75;125;21;58
2023-05-24;Real Madrid;Rayo Vallecano;SPAIN 1;2;1;1.81;1.89;12.0;40.0;61;39;18;18;6;7;118;101;61;63
2023-05-27;Lille;Nantes;FRANCE 1;2;1;1.55;0.98;6.8;21.0;66;34;15;10;5;4;120;76;60;26
2023-05-27;Toulouse;Auxerre;FRANCE 1;1;1;1.56;1.48;5.5;22.0;61;39;14;22;5;3;111;79;62;36
2023-05-27;Rennes;Monaco;FRANCE 1;2;0;1.73;1.43;2.62;13.0;57;43;16;16;8;4;106;79;39;54
2023-05-27;Montpellier;Nice;FRANCE 1;2;3;1.85;3.13;2.42;12.5;47;53;16;28;9;16;89;112;38;61
2023-05-27;Strasbourg;PSG;FRANCE 1;1;1;1.74;0.89;2.84;21.0;34;66;23;9;6;3;81;117;25;21
2023-05-27;Benfica;Santa Clara;PORTUGAL 1;3;0;1.55;1.26;11.5;38.0;66;34;16;11;5;7;128;84;60;18
2023-05-27;Gil Vicente;Casa Pia;PORTUGAL 1;1;0;1.46;1.91;4.0;11.5;62;38;14;21;6;7;103;80;38;40
2023-05-27;Union Berlin;Werder Bremen;GERMANY 1;1;0;2.08;0.97;2.52;12.5;46;54;20;10;6;4;116;101;90;23
2023-05-27;Bochum;Bayer Leverkusen;GERMANY 1;3;0;1.65;1.31;1.78;14.5;51;49;15;18;6;3;115;84;55;38
2023-05-27;Stuttgart;Hoffenheim;GERMANY 1;1;1;2.21;0.94;9.4;75.0;57;43;32;10;5;3;131;76;57;21
2023-05-27;Eintracht Frankfurt;Freiburg;GERMANY 1;2;1;1.92;1.74;4.2;21.0;61;39;20;18;7;8;119;85;49;32
2023-05-28;Juventus;AC Milan;ITALY 1;0;1;1.78;1.19;4.0;13.5;48;52;24;12;4;4;126;90;58;37
2023-05-28;Corinthians;Fluminense;BRAZIL 1;2;0;1.51;2.65;3.75;11.5;30;70;15;25;5;8;58;155;31;71
2023-05-28;Internacional;Bahia;BRAZIL 1;2;0;0.93;1.34;5.0;15.0;44;56;8;10;3;5;110;124;27;48
2023-05-28;Bologna;Napoli;ITALY 1;2;2;1.98;1.66;2.9;8.4;53;47;25;12;7;9;93;106;32;37
2023-05-28;Monza;Lecce;ITALY 1;0;1;0.97;1.01;2.86;9.6;74;26;10;15;2;2;118;76;42;33
2023-05-28;Brentford;Manchester City;ENGLAND 1;1;0;1.63;2.06;1.67;16.5;34;66;19;27;5;4;89;110;46;81
2023-05-28;Southampton;Liverpool;ENGLAND 1;4;4;1.83;2.82;1.3;12.5;31;69;16;38;11;9;36;101;8;69
2023-05-28;Rayo Vallecano;Villarreal;SPAIN 1;2;1;2.03;1.1;2.5;12.0;31;69;21;10;7;3;76;128;40;51
2023-05-28;Lazio;Cremonese;ITALY 1;3;2;1.9;1.55;6.2;18.0;58;42;17;16;10;7;108;88;34;24
2023-06-02;Sassuolo;Fiorentina;ITALY 1;1;3;0.67;1.64;2.54;9.6;51;49;6;16;3;8;60;70;28;36
2023-06-03;Auxerre;Lens;FRANCE 1;1;3;1.51;1.58;2.0;9.6;51;49;19;16;6;8;100;72;45;36
2023-06-03;Empoli;Lazio;ITALY 1;0;2;0.6;2.23;1.89;9.0;47;53;8;22;2;12;65;138;27;60
2023-06-03;Fortaleza;Bahia;BRAZIL 1;0;0;1.11;0.79;2.94;10.0;54;46;9;6;3;3;130;92;43;26
2023-06-03;Monaco;Toulouse;FRANCE 1;1;2;2.13;2.01;5.1;21.0;57;43;20;23;8;9;156;79;67;34
2023-06-03;PSG;Clermont;FRANCE 1;2;3;1.57;1.41;17.5;60.0;54;46;17;13;7;6;77;94;27;40
2023-06-03;Brest;Rennes;FRANCE 1;1;2;1.47;1.14;2.64;11.0;53;47;15;13;6;4;89;108;57;30
2023-06-03;Reims;Montpellier;FRANCE 1;1;3;1.44;1.71;3.8;17.5;48;52;12;17;6;9;95;98;44;53
2023-06-03;Santos;Internacional;BRAZIL 1;1;1;1.87;0.98;3.3;9.8;56;44;17;7;5;4;160;95;60;34
2023-06-04;Udinese;Juventus;ITALY 1;0;1;0.0;0.0;1.94;7.0;41;59;11;18;4;8;0;0;0;0
2023-06-04;Fluminense;Bragantino;BRAZIL 1;2;1;1.5;1.4;5.0;17.0;51;49;11;12;5;4;95;109;63;49
2023-06-04;Atalanta;Monza;ITALY 1;5;2;2.36;1.14;12.0;44.0;38;62;22;9;11;5;91;98;46;29
2023-06-04;Lecce;Bologna;ITALY 1;2;3;1.95;1.35;1.81;7.0;39;61;22;12;8;8;98;115;61;19
2023-06-10;Bahia;Cruzeiro;BRAZIL 1;2;2;1.4;1.79;4.3;13.0;47;53;10;15;6;9;109;112;47;28
2023-06-11;Sao Paulo;Palmeiras;BRAZIL 1;0;2;2.15;0.92;3.3;9.0;66;34;18;6;7;5;140;63;72;26
2023-06-21;Cruzeiro;Fortaleza;BRAZIL 1;0;1;1.27;0.87;6.8;23.0;68;32;9;7;4;3;172;76;54;29
2023-06-21;Bahia;Palmeiras;BRAZIL 1;1;0;1.26;1.19;2.28;11.0;46;54;9;10;4;4;110;116;56;37
2023-06-21;Santos;Corinthians;BRAZIL 1;0;2;1.36;1.17;4.1;11.0;50;50;10;10;5;5;120;75;51;26
2023-06-24;Fluminense;Bahia;BRAZIL 1;2;1;2.16;1.49;4.0;12.5;48;52;17;13;11;4;120;97;43;53
2023-06-24;Cruzeiro;Sao Paulo;BRAZIL 1;1;0;0.76;1.89;4.9;12.0;30;70;6;12;0;9;78;129;52;68
2023-07-01;Sao Paulo;Fluminense;BRAZIL 1;1;0;1.64;0.61;5.6;15.5;55;45;13;4;5;3;128;91;63;18
2023-07-01;Internacional;Cruzeiro;BRAZIL 1;0;0;1.69;1.14;4.8;12.0;54;46;13;9;5;4;108;109;72;39
2023-07-02;Corinthians;Bragantino;BRAZIL 1;0;1;1.18;1.55;3.9;11.0;41;59;9;11;5;6;99;153;35;57
2023-07-09;Fluminense;Internacional;BRAZIL 1;2;0;1.75;0.74;2.98;8.6;55;45;12;6;9;0;119;79;49;49
2023-07-09;Bragantino;Sao Paulo;BRAZIL 1;0;0;2.04;0.61;3.1;9.0;59;41;19;4;5;2;126;72;68;28
2023-07-16;Sao Paulo;Santos;BRAZIL 1;4;1;1.93;1.03;4.2;11.0;65;35;17;8;8;4;101;85;41;32
2023-07-16;Internacional;Palmeiras;BRAZIL 1;0;0;1.29;1.49;3.35;9.4;47;53;9;11;5;6;91;163;51;48
2023-07-16;Cruzeiro;Coritiba;BRAZIL 1;0;0;1.24;1.67;10.0;25.0;56;44;11;13;3;7;100;105;46;49
2023-07-22;Bahia;Corinthians;BRAZIL 1;0;0;1.87;0.54;6.0;20.0;60;40;14;3;6;2;149;91;77;27
2023-07-22;Palmeiras;Fortaleza;BRAZIL 1;3;1;1.57;1.25;9.6;32.0;65;35;14;10;8;7;41;35;19;18
2023-07-23;Bragantino;Internacional;BRAZIL 1;0;0;1.75;1.17;2.64;9.8;55;45;15;8;5;6;120;102;62;32
2023-07-29;Fluminense;Santos;BRAZIL 1;1;0;2.17;0.39;4.7;12.5;72;28;15;4;10;0;133;45;71;19
2023-07-29;Fortaleza;Bragantino;BRAZIL 1;0;3;0.93;2.18;4.3;14.5;46;54;7;15;3;12;127;115;36;54
2023-07-30;Sao Paulo;Bahia;BRAZIL 1;0;0;2.3;1.08;4.2;12.0;63;37;15;11;12;3;157;98;69;22
2023-08-05;Internacional;Corinthians;BRAZIL 1;2;2;1.44;1.09;4.3;12.5;55;45;11;9;5;4;137;93;52;32
2023-08-05;Fluminense;Palmeiras;BRAZIL 1;2;1;1.13;1.7;2.82;7.4;55;45;9;13;6;6;53;106;19;63
2023-08-11;Nice;Lille;FRANCE 1;1;1;0.93;1.39;3.15;11.5;40;60;9;13;4;6;64;142;28;53
2023-08-12;Everton;Fulham;ENGLAND 1;0;1;2.09;1.05;2.78;12.0;41;59;20;10;10;3;100;95;53;36
2023-08-13;Brest;Lens;FRANCE 1;3;2;1.83;1.08;3.2;13.0;48;52;16;12;9;4;110;119;52;38
2023-08-13;Fortaleza;Santos;BRAZIL 1;4;0;2.43;0.91;3.75;11.0;54;46;20;6;11;4;96;74;56;33
2023-08-13;Montpellier;Le Havre;FRANCE 1;2;2;1.54;1.39;2.94;12.5;58;42;16;13;6;5;113;107;49;38
2023-08-13;Nantes;Toulouse;FRANCE 1;1;2;1.12;1.25;2.64;11.0;43;57;10;10;5;6;68;129;36;42
2023-08-13;Chelsea;Liverpool;ENGLAND 1;1;1;1.54;1.06;3.35;19.5;65;35;12;14;5;2;142;100;84;48
2023-08-14;Palmeiras;Cruzeiro;BRAZIL 1;1;0;1.41;1.33;5.4;17.0;52;48;12;11;5;6;105;115;40;27
2023-08-18;Casa Pia;Sporting CP;PORTUGAL 1;1;2;1.09;1.67;1.53;8.0;44;56;13;18;4;6;82;106;42;41
2023-08-19;Genoa;Fiorentina;ITALY 1;1;4;0.77;1.31;1.74;7.6;32;68;5;10;3;6;85;117;32;51
2023-08-19;Toulouse;PSG;FRANCE 1;1;1;0.87;1.46;1.51;11.5;24;76;9;18;3;4;50;161;30;64
2023-08-19;Internacional;Fortaleza;BRAZIL 1;0;1;1.87;1.03;4.4;12.0;76;24;16;8;6;4;150;69;59;34
2023-08-19;Hoffenheim;Freiburg;GERMANY 1;1;2;1.59;2.19;2.62;14.5;50;50;23;19;5;10;124;98;65;58
2023-08-19;Wolfsburg;Heidenheim;GERMANY 1;2;0;1.89;1.05;5.4;25.0;48;52;19;15;9;2;121;137;33;53
2023-08-19;Fulham;Brentford;ENGLAND 1;0;3;0.92;1.99;3.75;18.5;55;45;11;18;3;9;100;58;35;50
2023-08-19;Stuttgart;Bochum;GERMANY 1;5;0;2.09;0.52;9.8;55.0;60;40;22;5;10;2;122;82;52;16
2023-08-19;Bayer Leverkusen;RB Leipzig;GERMANY 1;3;2;1.6;1.52;4.6;27.0;44;56;12;16;8;8;106;99;47;27
2023-08-19;Cruzeiro;Corinthians;BRAZIL 1;1;1;2.04;0.86;5.4;14.5;46;54;17;5;9;3;100;119;47;44
2023-08-20;Aston Villa;Everton;ENGLAND 1;4;0;1.68;0.93;6.0;22.0;60;40;14;10;8;3;101;81;49;46
2023-08-20;Lorient;Nice;FRANCE 1;1;1;0.74;2.15;3.1;13.0;40;60;10;22;3;9;66;152;20;69
2023-08-20;Le Havre;Brest;FRANCE 1;1;2;1.86;1.27;2.4;8.4;56;44;19;11;8;6;106;110;57;37
2023-08-20;Sassuolo;Atalanta;ITALY 1;0;2;1.0;1.92;2.02;9.8;49;51;12;18;4;7;91;89;28;68
2023-08-20;Monaco;Strasbourg;FRANCE 1;3;0;1.26;0.66;5.4;32.0;57;43;10;5;5;2;137;98;44;35
2023-08-20;Lille;Nantes;FRANCE 1;2;0;1.95;1.22;6.8;21.0;64;36;19;16;9;6;134;64;68;41
2023-08-20;Bahia;Bragantino;BRAZIL 1;4;0;1.21;1.56;4.5;16.5;48;52;9;10;6;8;105;125;28;49
2023-08-20;Lens;Rennes;FRANCE 1;1;1;1.72;1.29;3.9;14.5;50;50;17;11;5;6;122;86;66;32
2023-08-20;Udinese;Juventus;ITALY 1;0;3;1.55;1.09;1.94;7.0;48;52;20;10;6;5;108;84;50;31
2023-08-20;Lecce;Lazio;ITALY 1;2;1;2.13;1.13;1.69;8.2;48;52;24;11;8;5;98;103;79;36
2023-08-21;Torino;Cagliari;ITALY 1;0;0;1.13;0.99;3.95;12.0;57;43;12;9;3;3;125;69;46;38
2023-08-21;Bologna;AC Milan;ITALY 1;0;2;1.53;1.37;2.82;10.5;53;47;18;13;6;7;111;96;39;33
2023-08-21;Crystal Palace;Arsenal;ENGLAND 1;0;1;1.14;1.4;1.54;8.2;47;53;15;15;3;4;80;93;58;58
2023-08-25;RB Leipzig;Stuttgart;GERMANY 1;5;1;2.28;1.06;3.7;36.0;54;46;21;11;12;5;117;66;41;19
2023-08-25;Nantes;Monaco;FRANCE 1;3;3;0.71;2.62;1.84;9.0;41;59;4;28;4;11;79;138;23;63
2023-08-26;Monza;Empoli;ITALY 1;2;0;1.85;1.78;1.88;7.2;54;46;22;19;6;7;121;82;58;48
2023-08-26;Gil Vicente;Benfica;PORTUGAL 1;2;3;1.71;1.68;1.58;8.2;50;50;14;15;8;8;111;114;44;58
2023-08-26;AC Milan;Torino;ITALY 1;4;1;1.8;0.91;7.2;23.0;59;41;18;9;8;2;92;82;32;36
2023-08-26;PSG;Lens;FRANCE 1;3;1;1.84;1.35;8.2;34.0;66;34;18;13;8;5;120;87;53;33
2023-08-26;Heidenheim;Hoffenheim;GERMANY 1;2;3;2.13;1.76;2.86;16.5;37;63;21;17;10;7;72;113;59;61
2023-08-26;Freiburg;Werder Bremen;GERMANY 1;1;0;1.87;1.36;3.85;14.5;49;51;25;16;8;3;110;109;32;45
2023-08-26;Arsenal;Fulham;ENGLAND 1;2;2;2.71;0.88;9.6;24.0;71;29;20;11;12;4;159;49;110;13
2023-08-27;Fiorentina;Lecce;ITALY 1;2;2;1.32;0.74;5.8;15.0;60;40;12;7;5;3;116;82;54;37
2023-08-27;Juventus;Bologna;ITALY 1;1;1;1.51;1.13;6.4;16.0;58;42;15;11;4;5;119;77;73;29
2023-08-27;Napoli;Sassuolo;ITALY 1;2;0;2.15;0.69;8.6;23.0;67;33;26;7;6;2;117;71;82;31
2023-08-27;Lazio;Genoa;ITALY 1;0;1;1.78;0.74;7.4;23.0;70;30;18;6;3;4;193;63;101;19
2023-08-27;Montpellier;Reims;FRANCE 1;1;3;1.62;1.53;1.78;10.5;51;49;21;13;4;7;96;98;64;47
2023-08-27;Rennes;Le Havre;FRANCE 1;2;2;2.33;1.06;8.2;24.0;60;40;23;8;9;4;122;91;78;37
2023-08-27;Strasbourg;Toulouse;FRANCE 1;2;0;1.2;0.74;3.1;11.5;39;61;12;8;4;2;76;113;39;37
2023-08-27;Lorient;Lille;FRANCE 1;4;1;1.33;1.96;2.2;10.5;35;65;10;19;7;8;64;122;29;79
2023-09-02;Bologna;Cagliari;ITALY 1;2;1;1.93;0.85;6.8;20.0;66;34;17;8;8;2;157;58;65;37
2023-09-02;Napoli;Lazio;ITALY 1;1;2;1.82;0.92;4.7;14.5;66;34;24;8;6;4;136;57;70;27
2023-09-02;Atalanta;Monza;ITALY 1;3;0;2.01;0.95;12.0;44.0;44;56;19;10;9;3;98;96;69;31
2023-09-02;Monaco;Lens;FRANCE 1;3;0;1.34;0.96;4.1;21.0;56;44;14;13;7;2;117;103;37;42
2023-09-02;Hoffenheim;Wolfsburg;GERMANY 1;3;1;1.34;1.64;3.05;17.0;46;54;11;14;6;8;82;116;40;43
2023-09-02;Augsburg;Bochum;GERMANY 1;2;2;1.24;1.74;5.0;21.0;42;58;12;22;5;9;78;123;26;38
2023-09-02;Stuttgart;Freiburg;GERMANY 1;5;0;1.69;1.5;5.3;27.0;50;50;15;14;7;8;95;104;44;32
2023-09-02;Manchester City;Fulham;ENGLAND 1;5;1;1.21;0.92;13.5;55.0;68;32;8;7;6;5;129;63;46;25
2023-09-02;Brest;Rennes;FRANCE 1;0;0;1.15;0.88;2.64;11.0;51;49;14;7;3;4;96;112;50;36
2023-09-03;Torino;Genoa;ITALY 1;1;0;1.28;0.75;3.75;9.6;63;37;11;8;4;3;123;82;58;21
2023-09-03;Corinthians;Palmeiras;BRAZIL 1;0;0;0.87;1.62;2.44;9.4;44;56;7;12;3;5;84;131;28;70
2023-09-03;Fluminense;Fortaleza;BRAZIL 1;1;0;1.39;1.53;5.5;16.0;64;36;10;14;6;6;111;98;45;31
2023-09-03;Cruzeiro;Bragantino;BRAZIL 1;0;0;1.48;1.44;4.4;14.0;50;50;12;12;4;6;72;116;62;35
2023-09-03;Union Berlin;RB Leipzig;GERMANY 1;0;3;0.61;1.61;2.36;12.5;36;64;4;15;2;8;91;148;37;37
2023-09-03;Empoli;Juventus;ITALY 1;0;2;0.74;1.66;1.71;6.4;49;51;8;19;0;6;99;92;49;67
2023-09-03;Metz;Reims;FRANCE 1;2;2;1.17;1.31;3.55;13.0;36;64;13;13;5;3;60;135;35;63
2023-09-03;Le Havre;Lorient;FRANCE 1;3;0;1.7;0.84;3.65;11.5;43;57;19;10;7;3;90;100;36;41
2023-09-03;Lille;Montpellier;FRANCE 1;1;0;1.6;1.5;9.4;32.0;60;40;16;11;7;7;87;79;39;43
2023-09-03;Nice;Strasbourg;FRANCE 1;2;0;1.74;0.44;4.9;20.0;62;38;18;5;7;0;122;68;50;24
2023-09-03;Liverpool;Aston Villa;ENGLAND 1;3;0;1.61;1.1;7.0;34.0;64;36;18;10;5;4;105;66;42;26
2023-09-13;Internacional;Sao Paulo;BRAZIL 1;2;1;1.51;1.31;2.92;7.4;43;57;12;11;6;4;114;113;45;45
2023-09-14;Fortaleza;Corinthians;BRAZIL 1;2;1;2.06;0.87;5.2;14.0;52;48;18;6;7;3;134;71;59;38
2023-09-14;Santos;Cruzeiro;BRAZIL 1;0;3;1.27;1.68;10.0;27.0;55;45;9;13;2;8;106;96;77;41
2023-09-15;PSG;Nice;FRANCE 1;2;3;1.4;1.52;5.5;28.0;69;31;13;15;4;9;132;67;66;27
2023-09-16;Genoa;Napoli;ITALY 1;2;2;1.04;1.34;1.71;6.8;34;66;9;13;4;5;81;139;34;65
2023-09-16;Lens;Metz;FRANCE 1;0;1;2.83;0.53;12.5;46.0;75;25;32;3;11;3;182;58;92;17
2023-09-16;Rennes;Lille;FRANCE 1;2;2;1.11;1.3;2.84;10.0;41;59;8;11;5;7;99;104;33;40
2023-09-16;Bochum;Eintracht Frankfurt;GERMANY 1;1;1;2.26;1.15;2.32;13.5;50;50;23;9;8;7;152;102;68;19
2023-09-16;Juventus;Lazio;ITALY 1;3;1;1.86;1.56;4.1;11.5;36;64;18;17;8;6;64;122;33;60
2023-09-16;RB Leipzig;Augsburg;GERMANY 1;3;0;1.19;1.48;7.4;38.0;54;46;10;17;7;6;96;84;25;42
2023-09-16;Wolfsburg;Union Berlin;GERMANY 1;2;1;1.02;2.07;3.4;12.0;43;57;9;20;4;7;91;136;40;60
2023-09-16;Aston Villa;Crystal Palace;ENGLAND 1;3;1;1.76;1.0;6.0;23.0;68;32;18;7;6;4;128;99;79;45
2023-09-17;Fiorentina;Atalanta;ITALY 1;3;2;1.91;1.19;2.18;10.5;58;42;16;12;9;5;142;90;61;37
2023-09-17;Everton;Arsenal;ENGLAND 1;0;1;0.65;1.45;2.02;7.2;26;74;9;14;2;5;63;110;26;81
2023-09-17;Real Madrid;Real Sociedad;SPAIN 1;2;1;1.97;1.42;7.6;40.0;51;49;19;16;9;6;110;87;63;33
2023-09-17;Cagliari;Udinese;ITALY 1;0;0;1.01;1.16;3.85;11.5;44;56;11;12;2;2;95;96;40;44
2023-09-17;Lorient;Monaco;FRANCE 1;2;2;1.07;2.04;1.64;12.0;41;59;11;21;4;8;83;126;38;64
2023-09-17;Strasbourg;Montpellier;FRANCE 1;2;2;1.78;1.41;4.4;19.0;45;55;15;13;8;6;120;103;45;39
2023-09-17;Reims;Brest;FRANCE 1;1;2;1.82;1.74;4.5;15.5;52;48;15;20;8;8;99;110;60;57
2023-09-17;Heidenheim;Werder Bremen;GERMANY 1;4;2;1.59;1.3;2.8;20.0;41;59;20;12;6;5;85;108;39;43
2023-09-17;Monza;Lecce;ITALY 1;1;1;2.38;0.85;2.86;9.6;59;41;26;5;7;4;126;92;96;33
2023-09-18;Bahia;Santos;BRAZIL 1;1;2;1.86;1.63;5.9;18.5;63;37;17;13;6;8;122;78;50;34
2023-09-20;Sao Paulo;Fortaleza;BRAZIL 1;1;2;1.97;1.04;5.6;14.0;73;27;14;9;8;5;166;59;70;16
2023-09-20;Fluminense;Cruzeiro;BRAZIL 1;1;0;1.32;0.95;3.75;9.2;56;44;10;7;5;4;129;78;45;31
2023-09-22;Monaco;Nice;FRANCE 1;0;1;1.03;1.58;4.4;23.0;54;46;10;14;4;8;102;117;41;25
2023-09-22;Lecce;Genoa;ITALY 1;1;0;1.58;0.81;3.05;9.4;56;44;19;9;4;2;102;79;58;31
2023-09-23;Brentford;Everton;ENGLAND 1;1;3;1.04;2.03;3.7;15.5;56;44;14;19;3;7;101;115;35;56
2023-09-23;Sassuolo;Juventus;ITALY 1;4;2;1.83;1.39;1.75;7.8;42;58;19;16;8;3;93;89;44;50
2023-09-23;Nantes;Lorient;FRANCE 1;5;3;2.16;1.57;2.94;12.0;44;56;20;11;10;8;93;103;63;52
2023-09-23;Lazio;Monza;ITALY 1;1;1;1.0;1.55;11.0;36.0;48;52;9;18;2;5;115;109;65;25
2023-09-23;Union Berlin;Hoffenheim;GERMANY 1;0;2;1.98;0.98;3.85;17.5;55;45;23;12;7;4;123;87;66;34
2023-09-23;Crystal Palace;Fulham;ENGLAND 1;0;0;1.03;1.4;2.64;10.5;50;50;8;11;4;6;108;110;50;56
2023-09-24;Montpellier;Rennes;FRANCE 1;0;0;1.25;1.7;2.18;11.0;37;63;14;19;5;7;109;126;44;43
2023-09-24;Eintracht Frankfurt;Freiburg;GERMANY 1;0;0;1.32;0.8;4.2;21.0;57;43;13;8;5;2;107;109;72;46
2023-09-24;Bologna;Napoli;ITALY 1;0;0;0.78;1.5;2.9;8.4;49;51;7;13;3;5;86;103;33;62
2023-09-24;Rayo Vallecano;Villarreal;SPAIN 1;1;1;1.46;1.62;2.5;12.0;41;59;12;15;7;7;81;86;46;43
2023-09-24;Metz;Strasbourg;FRANCE 1;0;1;0.92;0.69;2.22;10.5;52;48;14;5;2;2;116;87;35;39
2023-09-24;Chelsea;Aston Villa;ENGLAND 1;0;1;1.15;1.58;4.9;26.0;53;47;11;16;5;8;102;69;48;46
2023-09-24;Bayer Leverkusen;Heidenheim;GERMANY 1;4;1;2.41;0.66;17.5;65.0;73;27;22;4;11;4;162;56;77;17
2023-09-24;Lens;Toulouse;FRANCE 1;2;1;2.35;0.76;4.3;14.5;61;39;28;8;8;3;155;65;108;23
2023-09-24;Atalanta;Cagliari;ITALY 1;2;0;1.6;1.01;8.0;32.0;56;44;12;12;7;2;106;105;66;40
2023-09-24;Udinese;Fiorentina;ITALY 1;0;2;1.85;0.93;2.18;10.0;49;51;22;7;9;3;104;109;46;45
2023-09-26;Juventus;Lecce;ITALY 1;1;0;1.5;0.39;13.0;32.0;51;49;16;3;6;0;96;108;53;25
2023-09-26;Lille;Reims;FRANCE 1;1;2;1.56;0.8;10.0;32.0;67;33;15;5;4;5;146;49;79;18
2023-09-27;Lazio;Torino;ITALY 1;2;0;0.94;0.85;5.1;15.0;50;50;7;8;4;3;106;100;37;34
2023-09-27;Napoli;Udinese;ITALY 1;4;1;2.44;1.27;8.8;23.0;65;35;24;14;11;4;93;81;57;40
2023-09-27;Cagliari;AC Milan;ITALY 1;1;3;1.5;1.81;1.66;10.0;33;67;18;18;7;7;58;106;44;60
2023-09-28;Monza;Bologna;ITALY 1;0;0;1.2;1.24;2.52;8.2;48;52;13;9;4;6;99;119;47;50
2023-09-29;Strasbourg;Lens;FRANCE 1;0;1;0.91;0.96;2.58;12.0;48;52;9;10;3;3;87;118;26;31
2023-09-30;AC Milan;Lazio;ITALY 1;2;0;1.6;1.17;3.85;16.0;50;50;15;14;8;5;103;95;56;24
2023-09-30;Sao Paulo;Corinthians;BRAZIL 1;2;1;2.08;0.74;3.45;8.8;54;46;17;5;9;3;119;80;52;28
2023-09-30;Heidenheim;Union Berlin;GERMANY 1;1;0;1.3;2.11;2.48;9.6;49;51;11;21;5;9;91;113;34;56
2023-09-30;Lecce;Napoli;ITALY 1;0;4;1.38;1.68;1.57;6.8;44;56;10;16;5;7;92;101;63;59
2023-09-30;Wolfsburg;Eintracht Frankfurt;GERMANY 1;2;0;1.92;1.13;2.66;13.5;53;47;19;9;9;5;120;90;46;28
2023-10-01;Freiburg;Augsburg;GERMANY 1;2;0;0.86;1.32;5.3;21.0;53;47;8;15;4;5;100;121;25;45
2023-10-01;Atalanta;Juventus;ITALY 1;0;0;1.44;0.75;3.95;13.5;52;48;16;6;3;4;112;95;65;27
2023-10-01;Rennes;Nantes;FRANCE 1;3;1;1.85;1.06;5.1;17.0;59;41;17;12;6;5;109;73;58;27
2023-10-01;Bragantino;Palmeiras;BRAZIL 1;2;1;2.21;1.13;1.94;8.6;68;32;17;10;9;4;137;56;69;31
2023-10-01;Bologna;Empoli;ITALY 1;3;0;2.21;1.36;6.0;16.0;50;50;22;13;10;5;89;97;35;61
2023-10-01;Le Havre;Lille;FRANCE 1;0;2;0.51;1.72;1.9;9.0;38;62;6;17;0;7;72;128;25;55
2023-10-01;Udinese;Genoa;ITALY 1;2;2;1.05;1.06;4.4;13.5;51;49;12;9;3;5;115;84;44;27
2023-10-01;Nice;Brest;FRANCE 1;0;0;1.24;0.97;6.8;29.0;55;45;13;8;2;3;103;90;64;52
2023-10-01;Toulouse;Metz;FRANCE 1;3;0;1.9;1.11;7.0;22.0;57;43;16;9;11;4;110;99;33;52
2023-10-02;Gil Vicente;Casa Pia;PORTUGAL 1;2;0;1.97;0.76;4.0;11.5;62;38;15;9;10;2;139;75;51;23
2023-10-02;Fulham;Chelsea;ENGLAND 1;0;2;1.3;1.33;2.48;12.0;56;44;11;12;4;5;97;80;71;39
2023-10-02;Fiorentina;Cagliari;ITALY 1;3;0;1.09;1.1;6.8;27.0;60;40;15;7;3;5;113;88;50;41
2023-10-06;Strasbourg;Nantes;FRANCE 1;1;2;1.19;1.75;4.6;17.0;44;56;12;17;4;8;102;103;46;51
2023-10-06;Empoli;Udinese;ITALY 1;0;0;1.48;1.17;2.98;8.0;59;41;20;13;4;3;108;66;61;46
2023-10-06;Lecce;Sassuolo;ITALY 1;1;1;1.44;1.17;2.76;9.2;42;58;15;15;5;2;90;118;37;54
2023-10-07;Juventus;Torino;ITALY 1;2;0;1.41;1.05;7.6;19.5;50;50;18;11;7;2;84;118;30;45
2023-10-07;Werder Bremen;Hoffenheim;GERMANY 1;2;3;1.3;1.31;4.1;23.0;48;52;14;11;4;5;113;146;43;34
2023-10-07;Metz;Nice;FRANCE 1;0;1;0.9;1.09;2.34;13.0;32;68;11;8;4;5;91;108;31;48
2023-10-07;Reims;Monaco;FRANCE 1;1;3;1.37;1.21;2.12;11.5;54;46;13;12;5;5;125;93;70;39
2023-10-07;Genoa;AC Milan;ITALY 1;0;1;0.68;1.15;1.8;9.2;41;59;8;13;2;4;90;109;38;49
2023-10-07;Burnley;Chelsea;ENGLAND 1;1;4;0.91;1.25;1.53;8.2;37;63;11;10;4;6;47;100;26;43
2023-10-07;RB Leipzig;Bochum;GERMANY 1;0;0;1.67;0.96;12.0;55.0;77;23;18;10;6;3;152;60;75;16
2023-10-07;Stuttgart;Wolfsburg;GERMANY 1;3;1;1.7;1.2;5.2;29.0;57;43;15;13;9;6;111;94;50;27
2023-10-08;Lens;Lille;FRANCE 1;1;1;1.51;0.93;3.7;13.5;44;56;15;9;6;4;93;87;54;27
2023-10-08;Arsenal;Manchester City;ENGLAND 1;1;0;1.22;0.62;4.1;17.5;49;51;13;5;3;2;97;100;61;29
2023-10-08;Napoli;Fiorentina;ITALY 1;1;3;1.44;1.13;7.2;19.5;54;46;17;13;5;4;87;98;54;37
2023-10-08;Rennes;PSG;FRANCE 1;1;3;1.59;1.68;1.76;11.5;42;58;15;18;5;8;119;107;57;58
2023-10-08;Palmeiras;Santos;BRAZIL 1;1;2;2.11;1.83;8.8;25.0;69;31;20;13;7;11;143;68;48;34
2023-10-08;Eintracht Frankfurt;Heidenheim;GERMANY 1;2;0;1.63;0.87;4.9;20.0;50;50;14;8;7;3;116;128;51;36
2023-10-08;Lazio;Atalanta;ITALY 1;3;2;1.08;1.33;2.5;12.5;46;54;14;13;5;5;96;93;21;38
2023-10-08;Brest;Toulouse;FRANCE 1;1;1;1.17;0.89;3.4;13.5;55;45;14;11;3;4;128;92;43;30
2023-10-18;Bahia;Internacional;BRAZIL 1;1;0;1.44;1.02;3.95;12.5;47;53;12;8;5;2;94;115;45;50
2023-10-19;Fluminense;Corinthians;BRAZIL 1;3;3;2.72;0.89;4.2;11.0;76;24;19;8;11;4;170;53;103;14
2023-10-19;Santos;Bragantino;BRAZIL 1;1;3;2.16;1.7;4.1;12.0;38;62;20;11;8;10;106;138;47;39
2023-10-20;Le Havre;Lens;FRANCE 1;0;0;1.56;1.64;1.65;7.6;39;61;16;14;6;8;106;122;43;51
2023-10-21;Chelsea;Arsenal;ENGLAND 1;2;2;1.26;1.26;2.68;13.5;43;57;12;14;6;4;69;129;29;55
2023-10-21;PSG;Strasbourg;FRANCE 1;3;0;1.29;0.79;13.5;65.0;78;22;9;8;5;2;143;64;58;37
2023-10-21;Bahia;Fortaleza;BRAZIL 1;2;0;1.48;1.32;6.6;26.0;49;51;15;10;4;6;95;96;35;36
2023-10-21;Sassuolo;Lazio;ITALY 1;0;2;0.93;1.93;2.14;10.0;51;49;10;19;3;7;116;78;36;52
2023-10-21;Liverpool;Everton;ENGLAND 1;2;0;2.15;0.72;8.0;24.0;78;22;27;7;7;2;161;85;89;26
2023-10-21;Brentford;Burnley;ENGLAND 1;3;0;2.47;0.77;7.6;24.0;50;50;24;7;11;2;99;83;70;33
2023-10-21;Union Berlin;Stuttgart;GERMANY 1;0;3;0.93;1.21;2.58;13.0;42;58;10;11;2;6;118;109;54;38
2023-10-21;Freiburg;Bochum;GERMANY 1;2;1;1.6;1.43;5.3;22.0;59;41;18;15;6;6;118;84;48;43
2023-10-21;Wolfsburg;Bayer Leverkusen;GERMANY 1;1;2;1.69;1.85;1.85;12.5;41;59;19;14;7;8;94;120;25;55
2023-10-21;Hoffenheim;Eintracht Frankfurt;GERMANY 1;1;3;1.51;1.28;2.26;13.5;54;46;16;15;6;6;91;46;46;23
2023-10-22;Monaco;Metz;FRANCE 1;2;1;2.98;1.05;9.8;42.0;76;24;28;9;14;5;177;57;75;26
2023-10-22;Heidenheim;Augsburg;GERMANY 1;2;5;1.56;1.31;2.98;14.0;60;40;16;10;6;7;138;90;50;33
2023-10-22;AC Milan;Juventus;ITALY 1;0;1;0.78;1.47;3.7;12.5;52;48;8;15;2;5;104;103;43;58
2023-10-22;Internacional;Santos;BRAZIL 1;7;1;1.43;1.14;3.9;13.0;51;49;11;10;8;4;87;96;23;30
2023-10-22;Bragantino;Fluminense;BRAZIL 1;1;0;1.54;1.32;3.75;13.0;42;58;15;10;3;6;104;74;53;37
2023-10-22;Atalanta;Genoa;ITALY 1;2;0;1.54;1.46;9.0;29.0;57;43;14;17;9;5;120;119;36;30
2023-10-22;Lorient;Rennes;FRANCE 1;2;1;0.93;1.99;2.74;11.0;31;69;6;21;5;7;51;151;27;102
2023-10-22;Toulouse;Reims;FRANCE 1;1;1;1.44;1.4;3.9;16.0;49;51;12;16;6;5;116;97;52;49
2023-10-22;Lille;Brest;FRANCE 1;1;0;1.04;1.02;6.0;18.0;44;56;7;10;5;2;109;143;41;49
2023-10-22;Nantes;Montpellier;FRANCE 1;2;0;1.64;1.48;7.2;22.0;57;43;15;12;6;7;112;95;54;57
2023-10-23;Fiorentina;Empoli;ITALY 1;0;2;2.33;0.8;4.8;14.5;72;28;20;8;8;4;129;51;115;19
2023-10-23;Udinese;Lecce;ITALY 1;1;1;1.48;1.14;3.45;11.5;44;56;13;13;7;2;105;105;49;50
2023-10-25;Cruzeiro;Bahia;BRAZIL 1;3;0;1.49;0.6;3.35;11.0;40;60;12;4;6;0;85;117;43;45
2023-10-25;Palmeiras;Sao Paulo;BRAZIL 1;5;0;1.57;0.36;5.9;15.0;47;53;11;4;9;0;91;66;33;13
2023-10-28;Lecce;Torino;ITALY 1;0;1;1.41;1.06;4.7;13.0;49;51;12;11;7;3;100;98;48;37
2023-10-28;Benfica;Casa Pia;PORTUGAL 1;1;1;2.23;0.97;16.0;75.0;70;30;17;9;9;4;150;52;107;25
2023-10-28;Palmeiras;Bahia;BRAZIL 1;1;0;2.67;0.77;5.5;18.5;63;37;24;5;10;2;149;79;63;42
2023-10-28;Lens;Nantes;FRANCE 1;4;0;1.62;1.0;6.4;19.0;54;46;13;12;8;2;87;90;42;39
2023-10-28;Sassuolo;Bologna;ITALY 1;1;1;1.86;1.13;2.98;11.5;41;59;18;10;7;6;124;90;57;35
2023-10-28;Werder Bremen;Union Berlin;GERMANY 1;2;0;1.19;0.97;3.95;13.5;56;44;11;8;5;3;106;119;36;51
2023-10-28;Stuttgart;Hoffenheim;GERMANY 1;2;3;2.54;1.03;9.4;75.0;74;26;24;8;11;6;171;93;69;21
2023-10-28;Chelsea;Brentford;ENGLAND 1;0;2;1.93;1.09;9.4;50.0;69;31;19;8;4;6;153;77;123;30
2023-10-28;Augsburg;Wolfsburg;GERMANY 1;3;2;1.28;1.52;2.84;10.0;40;60;9;14;6;7;83;96;40;46
2023-10-29;Rennes;Strasbourg;FRANCE 1;1;1;1.49;1.2;3.9;15.0;60;40;21;12;4;4;91;85;54;48
2023-10-29;Rayo Vallecano;Real Sociedad;SPAIN 1;2;2;1.72;1.38;3.65;9.4;55;45;17;16;8;4;107;79;46;47
2023-10-29;Bayer Leverkusen;Freiburg;GERMANY 1;2;1;1.81;1.11;9.2;34.0;76;24;19;11;5;4;143;77;78;36
2023-10-29;Napoli;AC Milan;ITALY 1;2;2;1.49;1.7;4.4;15.5;48;52;18;21;5;7;86;82;44;45
2023-10-29;Corinthians;Santos;BRAZIL 1;1;1;1.99;1.05;5.1;14.5;61;39;17;7;8;4;111;100;49;43
2023-10-29;Brest;PSG;FRANCE 1;2;3;1.74;1.89;1.5;11.5;44;56;23;18;6;11;120;91;51;32
2023-10-29;Lille;Monaco;FRANCE 1;2;0;0.99;1.93;3.3;17.5;42;58;8;17;6;7;68;122;26;67
2023-10-29;Montpellier;Toulouse;FRANCE 1;3;0;1.8;1.63;2.3;12.5;39;61;20;18;7;6;99;134;32;61
2023-10-29;Monza;Udinese;ITALY 1;1;1;1.2;0.97;3.2;9.6;60;40;11;11;5;4;121;94;63;33
2023-10-29;Metz;Le Havre;FRANCE 1;0;0;1.09;1.08;2.72;11.5;41;59;10;14;4;3;96;112;41;49
2023-10-30;Empoli;Atalanta;ITALY 1;0;3;1.05;1.79;1.55;8.6;48;52;10;19;3;7;99;97;45;48
2023-10-30;Lazio;Fiorentina;ITALY 1;1;0;1.17;1.36;3.85;15.0;46;54;12;10;5;6;75;118;26;41
2023-10-31;Bahia;Fluminense;BRAZIL 1;1;0;1.1;1.85;6.6;18.0;44;56;7;18;6;5;89;124;32;49
2023-11-02;Sao Paulo;Cruzeiro;BRAZIL 1;1;0;1.34;1.47;5.0;12.5;55;45;10;15;6;5;128;107;38;22
2023-11-03;Bologna;Lazio;ITALY 1;1;0;0.75;0.9;3.45;11.5;45;55;7;12;3;2;77;131;30;50
2023-11-03;PSG;Montpellier;FRANCE 1;3;0;2.39;0.78;13.0;65.0;64;36;22;8;11;3;140;56;83;26
2023-11-04;Hoffenheim;Bayer Leverkusen;GERMANY 1;2;3;1.6;1.36;1.54;18.0;48;52;13;10;8;6;88;117;47;50
2023-11-04;Union Berlin;Eintracht Frankfurt;GERMANY 1;0;3;1.59;0.87;2.86;12.0;50;50;12;5;4;4;126;82;85;36
2023-11-04;Burnley;Crystal Palace;ENGLAND 1;0;2;1.89;0.6;1.79;8.0;67;33;18;5;6;4;85;73;65;7
2023-11-04;Lorient;Lens;FRANCE 1;0;0;0.75;1.72;1.89;9.8;43;57;8;15;3;8;83;114;29;55
2023-11-04;AC Milan;Udinese;ITALY 1;0;1;1.69;1.12;9.2;36.0;72;28;16;14;6;3;139;63;61;39
2023-11-05;Monaco;Brest;FRANCE 1;2;0;1.44;1.25;6.8;24.0;46;54;13;17;7;2;95;110;43;47
2023-11-05;Heidenheim;Stuttgart;GERMANY 1;2;0;1.27;1.22;1.86;11.0;31;69;20;18;4;3;83;119;41;50
2023-11-05;Cagliari;Genoa;ITALY 1;2;1;1.28;0.95;3.45;10.5;40;60;13;9;5;3;98;126;31;39
2023-11-05;Real Madrid;Rayo Vallecano;SPAIN 1;0;0;2.16;0.26;12.0;40.0;63;37;23;5;6;0;132;68;84;16
2023-11-05;Nice;Rennes;FRANCE 1;2;0;1.45;1.2;3.6;13.0;47;53;16;12;4;5;88;109;39;55
2023-11-05;Fiorentina;Juventus;ITALY 1;0;1;2.15;0.69;2.46;8.4;68;32;26;5;5;4;144;65;109;21
2023-11-05;Bragantino;Corinthians;BRAZIL 1;1;0;2.06;1.04;3.65;12.0;55;45;16;9;7;3;128;92;77;35
2023-11-05;Cruzeiro;Internacional;BRAZIL 1;1;2;1.96;1.05;3.6;10.5;62;38;16;9;6;4;156;65;71;28
2023-11-05;Toulouse;Le Havre;FRANCE 1;1;2;1.65;1.63;4.7;16.5;52;48;18;17;6;8;116;89;55;34
2023-11-05;Wolfsburg;Werder Bremen;GERMANY 1;2;2;1.26;1.13;3.7;19.5;56;44;15;14;5;5;113;77;54;28
2023-11-05;Nantes;Reims;FRANCE 1;0;1;1.55;1.06;3.2;12.5;50;50;18;8;5;5;123;85;60;36
2023-11-08;Sao Paulo;Bragantino;BRAZIL 1;1;0;1.35;1.14;4.4;12.5;57;43;11;7;6;4;106;125;31;55
2023-11-08;Internacional;Fluminense;BRAZIL 1;0;0;1.98;1.13;7.8;20.0;40;60;18;9;6;5;87;103;60;27
2023-11-10;Montpellier;Nice;FRANCE 1;0;0;0.77;1.56;2.42;12.5;41;59;10;16;2;5;83;107;25;53
2023-11-11;Palmeiras;Internacional;BRAZIL 1;3;0;2.07;1.21;6.0;16.5;38;62;16;8;11;6;90;117;40;37
2023-11-11;Le Havre;Monaco;FRANCE 1;0;0;1.18;1.31;1.45;13.5;37;63;10;12;6;5;90;140;42;42
2023-11-11;Reims;PSG;FRANCE 1;0;3;1.96;1.56;1.47;11.5;38;62;21;15;8;7;86;106;72;42
2023-11-11;Monza;Torino;ITALY 1;1;1;1.32;1.5;2.04;7.4;44;56;14;13;6;6;75;126;28;51
2023-11-11;Juventus;Cagliari;ITALY 1;2;1;1.78;0.99;9.6;26.0;49;51;19;12;5;3;103;78;58;28
2023-11-11;Lecce;AC Milan;ITALY 1;2;2;1.78;1.41;1.95;9.4;45;55;16;11;7;7;103;98;47;39
2023-11-11;Crystal Palace;Everton;ENGLAND 1;2;3;1.36;1.24;5.2;14.5;66;34;14;9;5;5;109;89;69;53
2023-11-11;Augsburg;Hoffenheim;GERMANY 1;1;1;1.65;1.55;3.4;21.0;34;66;12;13;7;7;102;90;55;41
2023-11-12;Fiorentina;Bologna;ITALY 1;2;1;1.01;1.21;2.78;9.4;39;61;13;12;5;5;123;85;27;40
2023-11-12;Liverpool;Brentford;ENGLAND 1;3;0;2.12;1.47;13.0;60.0;59;41;18;17;11;4;132;76;55;52
2023-11-12;Aston Villa;Fulham;ENGLAND 1;3;1;1.46;1.34;4.8;21.0;51;49;13;10;7;6;81;102;29;38
2023-11-12;Lille;Toulouse;FRANCE 1;1;1;1.58;0.57;4.6;17.0;60;40;15;3;7;2;121;85;62;31
2023-11-12;Udinese;Atalanta;ITALY 1;1;1;1.23;0.94;1.68;9.4;34;66;14;9;5;3;108;123;41;37
2023-11-12;Bayer Leverkusen;Union Berlin;GERMANY 1;4;0;2.07;0.61;11.0;40.0;69;31;19;3;11;3;170;72;46;27
2023-11-12;Benfica;Sporting CP;PORTUGAL 1;2;1;1.59;1.21;3.3;14.5;53;47;16;9;5;4;103;91;76;58
2023-11-12;Santos;Sao Paulo;BRAZIL 1;0;0;1.1;1.24;3.45;9.2;30;70;9;10;4;4;87;121;33;43
2023-11-12;Werder Bremen;Eintracht Frankfurt;GERMANY 1;2;2;1.43;1.5;2.56;17.5;50;50;14;15;6;5;101;121;33;62
2023-11-12;Napoli;Empoli;ITALY 1;0;1;2.24;0.99;11.5;30.0;65;35;19;9;8;4;125;89;93;44
2023-11-12;RB Leipzig;Freiburg;GERMANY 1;3;1;1.47;1.02;4.8;21.0;63;37;16;10;7;4;117;104;37;39
2023-11-18;Fortaleza;Cruzeiro;BRAZIL 1;0;1;1.94;0.86;4.9;14.0;53;47;15;7;8;3;89;82;61;28
2023-11-22;Fluminense;Sao Paulo;BRAZIL 1;1;0;2.21;0.46;3.4;8.2;55;45;18;2;9;2;99;59;62;26
2023-11-24;PSG;Monaco;FRANCE 1;5;2;2.14;1.69;6.8;40.0;54;46;17;15;12;8;122;129;57;59
2023-11-24;Corinthians;Bahia;BRAZIL 1;1;5;1.6;1.52;5.6;21.0;65;35;14;12;5;8;151;74;48;27
2023-11-25;Atalanta;Napoli;ITALY 1;1;2;1.49;1.09;3.3;12.0;44;56;17;12;6;5;114;113;59;39
2023-11-25;Brentford;Arsenal;ENGLAND 1;0;1;1.11;1.77;1.69;8.8;35;65;10;16;4;5;94;121;35;92
2023-11-25;AC Milan;Fiorentina;ITALY 1;1;0;1.23;1.67;4.1;17.5;42;58;10;22;7;5;84;133;31;68
2023-11-25;Manchester City;Liverpool;ENGLAND 1;1;1;1.66;0.97;2.28;18.5;60;40;17;9;6;4;114;78;84;33
2023-11-25;Union Berlin;Augsburg;GERMANY 1;1;1;1.62;1.06;4.2;13.5;62;38;16;12;7;3;114;103;41;38
2023-11-25;Werder Bremen;Bayer Leverkusen;GERMANY 1;0;3;0.63;1.37;1.55;15.0;40;60;3;15;2;5;92;113;39;52
2023-11-25;Wolfsburg;RB Leipzig;GERMANY 1;2;1;1.08;2.45;2.4;15.0;36;64;11;26;5;10;90;117;30;85
2023-11-26;Internacional;Bragantino;BRAZIL 1;1;0;0.88;1.65;6.2;21.0;34;66;8;11;3;6;70;144;22;72
2023-11-26;Fortaleza;Palmeiras;BRAZIL 1;2;2;2.0;1.38;2.18;7.6;37;63;18;12;9;6;70;99;33;27
2023-11-26;Rennes;Reims;FRANCE 1;3;1;1.13;1.56;3.8;14.0;37;63;11;17;6;6;76;122;28;60
2023-11-26;Heidenheim;Bochum;GERMANY 1;0;0;1.21;1.24;3.2;13.5;49;51;10;11;4;3;97;112;49;45
2023-11-26;Cagliari;Monza;ITALY 1;1;1;1.65;1.16;6.0;16.5;39;61;18;13;7;5;86;101;38;50
2023-11-26;Nice;Toulouse;FRANCE 1;1;0;0.95;1.45;4.6;15.5;54;46;9;21;4;4;92;100;30;57
2023-11-26;Lorient;Metz;FRANCE 1;2;3;1.56;1.39;4.6;17.0;68;32;13;15;6;6;134;67;60;29
2023-11-26;Montpellier;Brest;FRANCE 1;1;3;1.7;1.69;2.2;11.5;52;48;18;18;6;6;125;122;62;43
2023-11-26;Nantes;Le Havre;FRANCE 1;0;0;1.64;0.6;5.1;14.5;62;38;20;8;4;0;146;69;73;30
2023-11-27;Bologna;Torino;ITALY 1;2;0;1.14;0.91;5.7;15.0;49;51;14;10;3;4;108;95;48;24
2023-11-29;Santos;Fluminense;BRAZIL 1;0;3;2.66;1.14;3.25;9.8;28;72;23;8;10;6;82;89;73;28
2023-11-29;Bahia;Sao Paulo;BRAZIL 1;0;1;1.03;1.47;5.0;13.0;33;67;8;10;4;6;87;123;33;56
2023-11-30;Bragantino;Fortaleza;BRAZIL 1;1;2;1.87;0.82;3.7;12.0;75;25;12;6;7;5;155;58;84;12
2023-12-01;Reims;Strasbourg;FRANCE 1;2;1;1.31;1.39;2.2;10.0;51;49;14;12;5;5;117;97;44;56
2023-12-01;Monza;Juventus;ITALY 1;1;2;1.26;1.67;1.67;6.6;66;34;17;19;2;8;142;71;74;31
2023-12-02;Corinthians;Internacional;BRAZIL 1;1;2;1.0;1.36;3.3;11.0;49;51;7;12;3;5;130;95;45;34
2023-12-02;Nantes;Nice;FRANCE 1;1;0;1.34;1.45;2.66;9.4;38;62;14;14;5;7;84;108;31;35
2023-12-02;Lazio;Cagliari;ITALY 1;1;0;1.46;1.0;7.8;26.0;61;39;11;10;6;3;114;87;55;38
2023-12-02;Stuttgart;Werder Bremen;GERMANY 1;2;0;1.72;1.1;4.9;30.0;59;41;20;13;7;4;141;80;45;34
2023-12-02;Genoa;Empoli;ITALY 1;1;1;1.58;0.91;4.9;14.0;50;50;22;10;2;2;106;88;59;44
2023-12-02;Bochum;Wolfsburg;GERMANY 1;3;1;1.87;1.58;2.38;14.5;44;56;21;17;9;7;107;114;39;45
2023-12-02;RB Leipzig;Heidenheim;GERMANY 1;2;1;2.35;0.9;9.8;44.0;71;29;25;10;9;3;138;90;71;33
2023-12-03;Palmeiras;Fluminense;BRAZIL 1;1;0;1.82;0.84;7.2;25.0;36;64;17;6;6;3;74;67;46;34
2023-12-03;Augsburg;Eintracht Frankfurt;GERMANY 1;2;1;1.06;1.49;2.92;13.0;35;65;11;15;5;7;54;75;28;24
2023-12-03;Lille;Metz;FRANCE 1;2;0;1.81;1.03;10.5;34.0;66;34;17;8;7;5;128;76;50;23
2023-12-03;Lecce;Bologna;ITALY 1;1;1;1.27;1.34;1.81;7.0;42;58;16;12;5;5;93;101;48;48
2023-12-03;Le Havre;PSG;FRANCE 1;0;2;2.31;1.11;1.48;10.5;60;40;23;10;8;6;153;57;102;17
2023-12-03;Liverpool;Fulham;ENGLAND 1;4;3;2.69;1.16;10.0;44.0;61;39;27;10;13;6;139;80;63;40
2023-12-04;Torino;Atalanta;ITALY 1;3;0;1.41;1.07;2.38;9.4;54;46;10;11;6;5;102;99;48;36
2023-12-04;Sporting CP;Gil Vicente;PORTUGAL 1;3;1;1.69;0.71;30.0;95.0;60;40;16;6;5;2;123;64;62;35
2023-12-06;Aston Villa;Manchester City;ENGLAND 1;1;0;1.82;0.75;2.18;15.0;46;54;23;4;8;3;93;84;52;38
2023-12-06;Santos;Fortaleza;BRAZIL 1;1;2;1.71;1.55;5.7;19.0;55;45;11;12;7;8;112;81;72;32
2023-12-06;Cruzeiro;Palmeiras;BRAZIL 1;1;1;1.66;1.05;2.56;7.8;56;44;14;7;7;6;116;60;38;26
2023-12-07;Brest;Strasbourg;FRANCE 1;1;1;1.78;1.32;3.7;14.0;64;36;15;10;5;6;116;88;93;54
2023-12-08;Montpellier;Lens;FRANCE 1;0;0;1.29;1.5;1.88;10.5;34;66;19;14;5;6;79;119;34;61
2023-12-08;Hoffenheim;Bochum;GERMANY 1;3;1;1.8;1.83;4.7;34.0;42;58;18;23;8;6;95;107;31;46
2023-12-08;Juventus;Napoli;ITALY 1;1;0;1.07;1.31;3.6;11.5;34;66;12;14;3;2;79;125;40;65
2023-12-09;Atalanta;AC Milan;ITALY 1;3;2;1.71;1.33;3.55;16.0;42;58;20;16;8;5;77;122;46;37
2023-12-09;Villarreal;Real Sociedad;SPAIN 1;0;3;1.33;1.45;5.1;18.0;50;50;21;17;5;6;114;93;56;37
2023-12-09;Aston Villa;Arsenal;ENGLAND 1;1;0;0.92;1.45;1.8;10.5;39;61;12;13;4;6;63;116;27;54
2023-12-09;PSG;Nantes;FRANCE 1;2;1;1.72;1.01;16.0;60.0;65;35;17;11;7;5;154;67;72;29
2023-12-09;Crystal Palace;Liverpool;ENGLAND 1;1;2;1.13;1.28;1.56;11.0;24;76;9;15;5;3;67;142;46;58
2023-12-09;Wolfsburg;Freiburg;GERMANY 1;0;1;1.04;0.63;2.98;15.0;58;42;11;5;3;2;105;81;34;31
2023-12-09;Rennes;Monaco;FRANCE 1;1;2;1.55;1.45;2.62;13.0;46;54;16;13;6;6;91;102;43;46
2023-12-09;Werder Bremen;Augsburg;GERMANY 1;2;0;1.43;1.17;4.4;17.5;49;51;15;12;6;2;105;117;33;53
2023-12-10;Stuttgart;Bayer Leverkusen;GERMANY 1;1;1;2.44;1.61;2.32;12.0;52;48;23;20;13;6;122;126;36;59
2023-12-10;Monza;Genoa;ITALY 1;1;0;0.83;1.16;2.98;9.2;51;49;7;17;4;2;83;92;31;36
2023-12-10;Metz;Brest;FRANCE 1;0;1;0.92;1.11;2.26;9.4;32;68;8;5;4;4;109;153;34;68
2023-12-10;Strasbourg;Le Havre;FRANCE 1;2;1;1.13;1.36;6.6;32.0;44;56;13;16;4;4;93;125;47;52
2023-12-10;Everton;Chelsea;ENGLAND 1;2;0;1.18;1.6;1.7;11.0;28;72;10;17;6;5;76;126;35;76
2023-12-10;Nice;Reims;FRANCE 1;2;1;1.71;0.88;8.6;36.0;52;48;16;10;6;3;105;85;56;30
2023-12-11;Cagliari;Sassuolo;ITALY 1;2;1;1.99;1.01;3.15;10.5;60;40;19;9;7;5;102;69;59;30
2023-12-11;Empoli;Lecce;ITALY 1;1;1;1.79;1.27;5.1;13.5;55;45;19;15;7;6;101;76;48;21
2023-12-15;Genoa;Juventus;ITALY 1;1;1;1.32;1.25;1.89;6.2;44;56;12;12;4;5;65;110;48;44
2023-12-16;Le Havre;Nice;FRANCE 1;3;1;1.09;1.54;1.71;9.0;38;62;11;14;6;7;63;111;22;48
2023-12-16;Torino;Empoli;ITALY 1;1;0;1.21;0.89;5.2;15.5;53;47;11;8;4;3;97;97;49;31
2023-12-16;Lens;Reims;FRANCE 1;2;0;0.84;1.4;7.0;24.0;46;54;8;16;3;4;98;136;33;48
2023-12-16;Burnley;Everton;ENGLAND 1;0;2;1.01;1.41;2.24;7.8;62;38;15;10;3;7;111;94;56;39
2023-12-16;Napoli;Cagliari;ITALY 1;2;1;2.02;1.09;20.0;60.0;67;33;22;10;6;4;120;67;73;33
2023-12-16;RB Leipzig;Hoffenheim;GERMANY 1;3;1;2.35;1.14;6.0;29.0;57;43;23;10;11;5;117;75;61;39
2023-12-16;Bochum;Union Berlin;GERMANY 1;3;0;2.09;0.88;3.2;15.5;48;52;23;10;8;3;100;88;46;39
2023-12-16;Manchester City;Crystal Palace;ENGLAND 1;2;2;2.39;0.61;6.0;26.0;74;26;21;6;10;3;154;39;93;20
2023-12-17;Brentford;Aston Villa;ENGLAND 1;1;2;0.88;1.76;3.1;20.0;32;68;6;16;4;6;63;124;39;80
2023-12-17;Toulouse;Rennes;FRANCE 1;0;0;1.57;1.12;3.45;13.5;48;52;16;12;7;5;103;120;62;52
2023-12-17;Udinese;Sassuolo;ITALY 1;2;2;1.27;2.24;3.25;11.0;33;67;10;23;8;9;62;130;19;91
2023-12-17;Bayer Leverkusen;Eintracht Frankfurt;GERMANY 1;3;0;1.7;0.61;7.0;42.0;61;39;15;5;6;3;124;91;54;27
2023-12-17;Real Madrid;Villarreal;SPAIN 1;4;1;2.15;0.5;11.5;65.0;60;40;23;4;10;2;113;65;69;22
2023-12-17;Lille;PSG;FRANCE 1;1;1;1.07;0.99;1.93;12.0;41;59;17;11;4;3;63;127;40;62
2023-12-17;AC Milan;Monza;ITALY 1;3;0;1.87;1.84;12.0;60.0;47;53;18;22;10;5;86;104;30;67
2023-12-17;Nantes;Brest;FRANCE 1;0;2;1.6;1.65;3.25;11.5;47;53;16;16;6;9;104;107;58;35
2023-12-19;Werder Bremen;RB Leipzig;GERMANY 1;1;1;1.32;1.78;3.15;22.0;44;56;12;18;3;9;92;111;49;45
2023-12-20;Stuttgart;Augsburg;GERMANY 1;3;0;1.97;0.99;6.0;29.0;66;34;18;7;9;5;119;91;36;25
2023-12-20;Bayer Leverkusen;Bochum;GERMANY 1;4;0;1.88;0.55;13.0;1000.0;69;31;17;7;9;2;122;91;50;28
2023-12-20;Strasbourg;Lille;FRANCE 1;2;1;0.91;0.88;2.48;11.0;32;68;11;10;4;3;73;98;25;38
2023-12-20;Heidenheim;Freiburg;GERMANY 1;3;2;1.23;1.15;2.66;14.0;52;48;16;12;4;5;86;115;44;39
2023-12-20;PSG;Metz;FRANCE 1;3;1;1.73;0.57;20.0;80.0;75;25;14;4;6;2;145;60;93;24
2023-12-20;Nice;Lens;FRANCE 1;2;0;1.4;1.05;3.1;13.5;40;60;15;11;6;4;92;98;38;35
2023-12-20;Reims;Le Havre;FRANCE 1;1;0;2.33;0.68;6.2;19.5;65;35;23;5;8;2;164;76;104;30
2023-12-20;Brest;Lorient;FRANCE 1;4;0;1.56;0.95;3.45;11.5;60;40;13;8;8;4;115;99;40;30
2023-12-20;Toulouse;Monaco;FRANCE 1;1;2;1.92;1.27;2.18;12.0;55;45;21;13;6;5;117;122;77;47
2023-12-22;Monza;Fiorentina;ITALY 1;0;1;0.82;1.51;1.97;8.0;53;47;8;15;3;6;80;122;30;53
2023-12-22;Empoli;Lazio;ITALY 1;0;2;1.78;1.45;1.89;9.0;54;46;22;15;8;8;99;84;46;44
2023-12-22;Sassuolo;Genoa;ITALY 1;1;2;1.31;1.67;3.35;9.6;43;57;13;15;4;6;83;97;46;50
2023-12-23;Liverpool;Arsenal;ENGLAND 1;1;1;1.26;1.1;3.1;15.5;51;49;14;14;4;3;98;100;47;43
2023-12-23;Torino;Udinese;ITALY 1;1;1;1.55;1.17;3.55;10.0;62;38;15;12;5;5;129;68;68;26
2023-12-23;Bologna;Atalanta;ITALY 1;1;0;0.99;1.29;2.56;10.0;60;40;10;13;2;3;121;100;36;52
2023-12-26;Burnley;Liverpool;ENGLAND 1;0;2;0.83;2.23;1.37;11.0;31;69;10;20;0;11;99;120;34;53
2023-12-27;Everton;Manchester City;ENGLAND 1;1;3;1.1;2.32;2.02;10.5;28;72;9;24;3;10;69;125;44;66
2023-12-27;Chelsea;Crystal Palace;ENGLAND 1;2;1;1.14;1.38;5.6;28.0;64;36;10;14;5;6;105;96;38;53
2023-12-29;Napoli;Monza;ITALY 1;0;0;2.42;0.83;11.0;34.0;58;42;26;9;10;4;139;41;63;24
2023-12-29;Fiorentina;Torino;ITALY 1;1;0;1.19;1.16;6.0;16.0;52;48;13;8;4;5;90;70;46;42
2023-12-30;Crystal Palace;Brentford;ENGLAND 1;3;1;1.7;1.34;3.8;17.0;48;52;14;10;7;5;125;97;70;58
2023-12-30;Aston Villa;Burnley;ENGLAND 1;3;2;1.9;1.18;6.2;19.5;66;34;20;10;8;6;93;57;54;26
2023-12-30;AC Milan;Sassuolo;ITALY 1;1;0;1.48;1.39;8.8;26.0;59;41;21;13;3;7;102;95;53;36
2023-12-30;Atalanta;Lecce;ITALY 1;1;0;1.83;1.26;13.0;40.0;57;43;18;16;5;3;120;95;65;31
2023-12-30;Udinese;Bologna;ITALY 1;3;0;1.66;1.55;1.88;6.8;26;74;16;15;8;6;67;135;30;41
2023-12-31;Fulham;Arsenal;ENGLAND 1;2;1;1.26;1.38;1.6;9.8;39;61;16;14;5;4;86;120;38;55
2024-01-05;Bologna;Genoa;ITALY 1;1;1;2.01;0.61;6.0;21.0;71;29;22;4;9;2;145;68;76;29
2024-01-06;Sassuolo;Fiorentina;ITALY 1;1;0;0.84;1.34;2.54;9.6;33;67;9;11;3;4;56;115;17;67
2024-01-06;Lecce;Cagliari;ITALY 1;1;1;1.23;1.16;3.5;11.0;41;59;16;16;3;3;72;114;37;33
2024-01-07;Torino;Napoli;ITALY 1;3;0;1.42;0.99;1.83;6.8;50;50;11;11;7;4;101;73;40;28
2024-01-07;Udinese;Lazio;ITALY 1;1;2;0.99;0.95;2.44;8.2;46;54;14;8;3;3;83;104;28;39
2024-01-07;Empoli;AC Milan;ITALY 1;0;3;0.98;1.58;1.71;8.0;35;65;18;14;3;7;86;87;36;55
2024-01-13;Monaco;Reims;FRANCE 1;1;3;1.42;1.47;9.4;40.0;57;43;10;14;6;6;138;96;49;40
2024-01-13;Rennes;Nice;FRANCE 1;2;0;1.38;0.85;2.02;13.0;43;57;16;10;6;3;90;114;45;33
2024-01-13;Genoa;Torino;ITALY 1;0;0;1.52;0.72;3.35;9.8;42;58;12;7;7;0;83;100;38;45
2024-01-13;Freiburg;Union Berlin;GERMANY 1;0;0;1.51;1.03;4.2;13.5;57;43;16;10;4;5;145;84;54;31
2024-01-13;RB Leipzig;Eintracht Frankfurt;GERMANY 1;0;1;2.65;0.68;3.2;20.0;63;37;32;6;9;2;159;54;104;22
2024-01-13;Augsburg;Bayer Leverkusen;GERMANY 1;0;1;0.5;2.42;1.65;9.2;24;76;6;25;0;7;71;144;24;110
2024-01-13;Chelsea;Fulham;ENGLAND 1;1;0;1.72;1.46;7.0;34.0;56;44;18;15;4;5;121;90;85;57
2024-01-14;Lille;Lorient;FRANCE 1;3;0;2.43;0.23;7.0;21.0;58;42;25;2;11;0;146;49;81;13
2024-01-14;Brest;Montpellier;FRANCE 1;2;0;2.34;1.02;8.6;34.0;65;35;27;10;10;5;161;75;68;31
2024-01-14;Everton;Aston Villa;ENGLAND 1;0;0;1.21;1.71;2.38;8.6;31;69;12;17;4;6;67;106;50;65
2024-01-14;Metz;Toulouse;FRANCE 1;0;1;1.38;0.8;2.02;8.0;49;51;15;6;3;3;109;101;65;35
2024-01-14;Cagliari;Bologna;ITALY 1;2;1;0.66;1.59;2.62;9.2;37;63;6;13;3;5;76;120;25;66
2024-01-14;Bochum;Werder Bremen;GERMANY 1;1;1;1.54;1.08;2.2;13.5;47;53;16;17;5;4;120;92;50;40
2024-01-14;Lazio;Lecce;ITALY 1;1;0;0.86;1.14;9.2;34.0;47;53;9;13;3;4;88;92;27;30
2024-01-14;Fiorentina;Udinese;ITALY 1;2;2;1.31;1.45;6.4;23.0;70;30;11;13;4;7;116;88;54;27
2024-01-14;Lens;PSG;FRANCE 1;0;2;1.38;1.83;1.78;12.5;34;66;18;16;6;8;75;135;37;78
2024-01-20;Udinese;AC Milan;ITALY 1;2;3;1.41;1.59;2.0;9.8;30;70;12;16;7;8;90;136;39;44
2024-01-20;RB Leipzig;Bayer Leverkusen;GERMANY 1;2;3;1.37;1.81;1.87;13.0;40;60;11;19;7;6;88;125;33;69
2024-01-20;Arsenal;Crystal Palace;ENGLAND 1;5;0;1.89;1.35;10.0;28.0;61;39;22;13;7;6;89;110;64;31
2024-01-20;Bochum;Stuttgart;GERMANY 1;1;0;0.76;1.82;2.28;16.0;37;63;7;20;2;6;96;107;32;54
2024-01-20;Freiburg;Hoffenheim;GERMANY 1;3;2;2.08;1.54;4.0;17.5;43;57;19;17;10;5;131;105;41;59
2024-01-20;Heidenheim;Wolfsburg;GERMANY 1;1;1;1.56;1.21;2.62;11.0;52;48;14;14;5;4;116;109;70;39
2024-01-21;Lecce;Juventus;ITALY 1;0;3;1.08;1.85;1.75;5.8;52;48;13;17;4;9;101;87;39;37
2024-01-21;Empoli;Monza;ITALY 1;3;0;1.04;1.71;3.1;11.0;28;72;10;17;6;6;64;144;15;72
2024-01-26;Cagliari;Torino;ITALY 1;1;2;2.42;1.79;3.6;12.5;51;49;26;18;11;8;119;76;53;39
2024-01-27;Juventus;Empoli;ITALY 1;1;1;0.97;1.47;9.8;26.0;39;61;11;17;4;6;80;109;42;39
2024-01-27;AC Milan;Bologna;ITALY 1;2;2;1.56;1.23;3.25;12.5;50;50;16;17;5;5;101;84;35;34
2024-01-27;Atalanta;Udinese;ITALY 1;2;0;2.14;1.48;9.2;34.0;58;42;15;14;12;6;115;99;57;41
2024-01-27;Stuttgart;RB Leipzig;GERMANY 1;5;2;1.98;0.74;4.1;26.0;54;46;19;5;10;3;110;105;54;27
2024-01-27;Werder Bremen;Freiburg;GERMANY 1;3;1;1.14;1.0;2.64;14.5;43;57;15;8;4;5;82;118;31;35
2024-01-27;Hoffenheim;Heidenheim;GERMANY 1;1;1;2.02;1.22;4.5;18.0;67;33;24;15;8;4;160;106;77;32
2024-01-27;Real Sociedad;Rayo Vallecano;SPAIN 1;0;0;1.03;0.53;3.85;13.0;52;48;8;6;4;0;109;100;31;45
2024-01-28;Reims;Nantes;FRANCE 1;0;0;1.2;1.15;3.5;12.5;49;51;12;8;2;6;106;111;49;37
2024-01-28;Montpellier;Lille;FRANCE 1;0;0;1.55;0.79;1.91;11.0;39;61;13;13;8;0;84;116;41;37
2024-01-28;Genoa;Lecce;ITALY 1;2;1;1.92;1.56;4.6;11.5;50;50;20;20;8;6;81;99;49;43
2024-01-28;PSG;Brest;FRANCE 1;2;2;1.26;1.37;11.5;46.0;54;46;11;10;5;7;113;107;54;42
2024-01-28;Lazio;Napoli;ITALY 1;0;0;0.99;0.45;3.0;11.0;38;62;11;6;2;0;98;98;46;34
2024-01-28;Toulouse;Lens;FRANCE 1;0;2;1.37;1.44;3.3;15.0;54;46;14;14;5;6;105;92;61;36
2024-01-29;Sporting CP;Casa Pia;PORTUGAL 1;8;0;2.58;0.5;28.0;90.0;74;26;23;3;12;3;118;48;67;13
2024-01-30;Fulham;Everton;ENGLAND 1;0;0;2.3;1.63;4.6;13.5;70;30;26;23;7;5;113;85;77;37
2024-01-31;Liverpool;Chelsea;ENGLAND 1;4;1;2.72;0.79;5.4;36.0;51;49;29;5;14;4;116;70;67;26
2024-01-31;Manchester City;Burnley;ENGLAND 1;3;1;1.57;0.89;20.0;65.0;74;26;16;9;6;4;130;65;70;22
2024-02-02;Lecce;Fiorentina;ITALY 1;3;2;1.84;1.21;2.42;9.8;50;50;18;11;9;4;81;127;37;39
2024-02-02;Strasbourg;PSG;FRANCE 1;1;2;2.08;1.19;2.84;21.0;37;63;21;10;9;6;105;108;52;34
2024-02-03;Rennes;Montpellier;FRANCE 1;2;1;1.15;1.95;5.7;25.0;49;51;11;18;5;10;89;122;40;58
2024-02-03;Bologna;Sassuolo;ITALY 1;4;2;1.49;1.22;4.5;14.5;70;30;21;13;5;5;135;77;59;41
2024-02-03;Nantes;Lens;FRANCE 1;0;1;0.9;1.41;2.16;9.2;42;58;8;13;3;5;80;104;33;49
2024-02-03;Udinese;Monza;ITALY 1;0;0;1.77;0.63;7.4;24.0;47;53;22;4;7;3;102;94;45;21
2024-02-03;Empoli;Genoa;ITALY 1;0;0;1.32;0.92;3.4;9.0;48;52;16;11;5;3;106;79;54;36
2024-02-03;Freiburg;Stuttgart;GERMANY 1;1;3;1.06;2.05;2.16;12.0;34;66;7;18;5;10;121;113;34;38
2024-02-03;Bochum;Augsburg;GERMANY 1;1;1;1.17;1.4;3.05;12.0;49;51;11;15;5;4;128;122;41;75
2024-02-03;Burnley;Fulham;ENGLAND 1;2;2;1.22;1.67;2.02;8.8;44;56;13;16;5;8;116;102;40;48
2024-02-04;Brest;Nice;FRANCE 1;0;0;1.36;0.75;2.98;10.5;53;47;18;15;3;2;125;100;70;29
2024-02-04;Arsenal;Liverpool;ENGLAND 1;3;1;1.67;0.96;3.0;12.5;42;58;16;11;8;2;95;95;57;34
2024-02-04;Benfica;Gil Vicente;PORTUGAL 1;3;0;1.46;0.96;13.0;36.0;53;47;13;6;7;4;106;94;46;40
2024-02-04;RB Leipzig;Union Berlin;GERMANY 1;2;0;1.68;0.81;7.4;27.0;66;34;18;11;7;3;146;75;57;30
2024-02-04;Atalanta;Lazio;ITALY 1;3;1;1.84;0.69;5.5;21.0;53;47;20;8;6;2;108;87;66;31
2024-02-04;Monaco;Le Havre;FRANCE 1;1;1;1.9;0.48;9.6;36.0;61;39;18;4;6;0;140;98;82;38
2024-02-04;Reims;Toulouse;FRANCE 1;2;3;1.81;1.03;2.34;10.0;62;38;18;11;6;5;121;70;69;32
2024-02-04;Wolfsburg;Hoffenheim;GERMANY 1;2;2;1.69;2.0;2.96;19.0;45;55;15;18;8;8;86;116;43;68
2024-02-05;Brentford;Manchester City;ENGLAND 1;1;3;0.91;3.03;1.67;16.5;28;72;11;26;4;16;58;139;26;98
2024-02-10;Eintracht Frankfurt;Bochum;GERMANY 1;1;1;0.95;1.59;9.0;46.0;53;47;10;16;3;6;96;132;40;46
2024-02-10;Union Berlin;Wolfsburg;GERMANY 1;1;0;0.73;1.49;3.2;13.0;41;59;9;18;2;5;79;126;36;78
2024-02-10;Augsburg;RB Leipzig;GERMANY 1;2;2;1.34;1.52;2.26;11.0;42;58;12;11;5;8;113;97;57;44
2024-02-10;Cagliari;Lazio;ITALY 1;1;3;1.52;1.49;2.0;9.6;46;54;14;13;7;6;107;121;45;41
2024-02-10;Werder Bremen;Heidenheim;GERMANY 1;1;2;1.5;1.02;5.1;24.0;65;35;17;12;4;4;132;98;53;31
2024-02-10;PSG;Lille;FRANCE 1;3;1;1.84;1.05;9.0;34.0;52;48;17;11;9;4;96;82;45;45
2024-02-10;Liverpool;Burnley;ENGLAND 1;3;1;2.32;1.13;15.5;46.0;71;29;26;10;11;5;125;86;65;28
2024-02-10;Lens;Strasbourg;FRANCE 1;3;1;1.33;1.66;4.8;19.0;50;50;11;20;7;6;89;90;37;49
2024-02-10;Sassuolo;Torino;ITALY 1;1;1;1.32;1.2;3.45;11.5;41;59;13;16;5;4;97;101;46;38
2024-02-10;Manchester City;Everton;ENGLAND 1;2;0;1.44;0.59;9.2;38.0;72;28;20;6;4;2;137;54;80;17
2024-02-11;Nice;Monaco;FRANCE 1;2;3;1.59;1.33;2.28;11.5;47;53;17;10;6;6;107;92;47;46
2024-02-11;Genoa;Atalanta;ITALY 1;1;4;1.69;1.69;1.81;9.8;55;45;16;16;7;10;132;82;60;40
2024-02-11;AC Milan;Napoli;ITALY 1;1;0;1.37;1.2;3.0;13.0;40;60;11;13;7;3;96;121;33;56
2024-02-11;Le Havre;Rennes;FRANCE 1;0;1;1.58;1.02;2.22;10.5;49;51;14;12;6;3;117;120;72;39
2024-02-11;Toulouse;Nantes;FRANCE 1;1;2;1.48;0.61;5.6;17.0;74;26;17;6;4;3;144;68;85;10
2024-02-11;Bologna;Lecce;ITALY 1;4;0;1.81;1.3;6.2;17.0;65;35;17;15;7;4;104;103;43;35
2024-02-12;Crystal Palace;Chelsea;ENGLAND 1;1;3;1.15;1.66;2.02;13.5;23;77;14;15;5;6;54;153;32;82
2024-02-12;Juventus;Udinese;ITALY 1;0;1;2.05;0.7;10.0;28.0;71;29;15;9;7;2;146;52;92;25
2024-02-14;Bologna;Fiorentina;ITALY 1;2;0;1.78;1.28;2.76;9.8;58;42;19;13;8;4;84;108;29;50
2024-02-16;Torino;Lecce;ITALY 1;2;0;1.18;0.93;5.4;14.5;60;40;13;9;5;5;127;75;33;18
2024-02-17;Lille;Le Havre;FRANCE 1;3;0;1.82;0.7;14.0;42.0;62;38;18;7;9;3;108;80;33;31
2024-02-17;Atalanta;Sassuolo;ITALY 1;3;0;2.96;1.28;7.6;26.0;56;44;30;13;14;5;106;100;74;40
2024-02-17;Nantes;PSG;FRANCE 1;0;2;1.42;1.6;1.42;12.5;22;78;13;13;8;3;62;179;32;111
2024-02-17;Heidenheim;Bayer Leverkusen;GERMANY 1;1;2;1.09;1.43;1.45;10.0;37;63;7;19;4;4;94;122;58;53
2024-02-17;Manchester City;Chelsea;ENGLAND 1;1;1;2.43;1.21;3.35;26.0;70;30;33;10;6;7;140;54;121;21
2024-02-17;Fulham;Aston Villa;ENGLAND 1;1;2;1.69;1.17;2.86;15.0;52;48;16;13;5;4;92;67;54;35
2024-02-17;Burnley;Arsenal;ENGLAND 1;0;5;0.63;1.73;1.28;7.6;35;65;9;17;0;8;82;98;33;56
2024-02-17;Napoli;Genoa;ITALY 1;1;1;2.52;0.89;13.0;30.0;74;26;26;7;8;5;152;61;87;22
2024-02-17;Hoffenheim;Union Berlin;GERMANY 1;0;1;1.4;1.1;3.45;16.0;67;33;19;11;5;4;139;69;65;25
2024-02-17;Brentford;Liverpool;ENGLAND 1;1;4;1.69;1.95;1.48;16.0;37;63;16;16;7;9;89;128;43;59
2024-02-18;Reims;Lens;FRANCE 1;1;1;0.97;0.75;2.46;11.5;54;46;13;10;3;2;95;84;43;21
2024-02-18;Monza;AC Milan;ITALY 1;4;2;1.26;1.55;1.68;8.0;50;50;13;18;7;7;88;128;27;40
2024-02-18;Lazio;Bologna;ITALY 1;1;2;1.45;1.1;4.9;15.5;44;56;13;12;8;4;114;90;43;34
2024-02-18;Strasbourg;Lorient;FRANCE 1;1;3;1.91;1.37;4.9;17.0;62;38;19;14;5;7;158;69;83;34
2024-02-18;Monaco;Toulouse;FRANCE 1;1;2;1.55;1.58;5.1;21.0;65;35;23;15;6;8;153;76;57;36
2024-02-18;Rayo Vallecano;Real Madrid;SPAIN 1;1;1;0.89;1.49;1.61;8.6;40;60;9;12;4;5;78;114;39;78
2024-02-18;Udinese;Cagliari;ITALY 1;1;1;1.31;0.94;3.7;13.5;52;48;18;6;4;3;110;91;45;47
2024-02-18;Empoli;Fiorentina;ITALY 1;1;1;0.81;1.17;2.26;8.6;39;61;6;10;5;5;65;114;19;42
2024-02-18;Freiburg;Eintracht Frankfurt;GERMANY 1;3;3;1.62;1.34;3.1;16.5;54;46;14;12;9;7;125;93;48;29
2024-02-19;Everton;Crystal Palace;ENGLAND 1;1;1;1.81;1.22;3.05;10.5;62;38;20;11;5;5;141;99;69;49
2024-02-20;Manchester City;Brentford;ENGLAND 1;1;0;3.06;0.78;17.5;70.0;70;30;26;8;12;3;138;64;125;25
2024-02-22;Torino;Lazio;ITALY 1;0;2;1.84;0.86;2.66;9.2;63;37;25;8;5;5;127;78;57;16
2024-02-23;Real Sociedad;Villarreal;SPAIN 1;1;3;2.42;0.96;3.95;14.0;70;30;22;7;9;5;127;57;82;22
2024-02-24;Lorient;Nantes;FRANCE 1;0;1;0.88;1.25;4.5;14.5;64;36;7;8;2;7;146;79;64;35
2024-02-24;Genoa;Udinese;ITALY 1;2;0;1.61;0.55;3.45;9.0;65;35;20;7;5;2;125;75;59;29
2024-02-24;Strasbourg;Brest;FRANCE 1;0;3;0.82;1.74;3.9;16.5;48;52;7;16;3;9;102;93;39;48
2024-02-24;Crystal Palace;Burnley;ENGLAND 1;3;0;1.83;0.53;7.0;23.0;56;44;16;4;7;2;115;88;71;25
2024-02-24;Union Berlin;Heidenheim;GERMANY 1;2;2;1.39;1.12;3.55;13.0;58;42;13;11;4;5;136;117;56;34
2024-02-25;Cagliari;Napoli;ITALY 1;1;1;1.1;1.27;1.86;9.4;29;71;9;10;4;5;88;100;43;39
2024-02-25;Toulouse;Lille;FRANCE 1;3;1;1.1;1.15;2.62;10.0;32;68;15;13;5;3;64;117;33;49
2024-02-25;Le Havre;Reims;FRANCE 1;1;2;1.59;1.36;2.36;9.6;50;50;20;17;6;6;84;68;48;34
2024-02-25;Lens;Monaco;FRANCE 1;2;3;2.51;1.78;2.24;16.0;60;40;22;17;12;10;112;92;65;35
2024-02-25;AC Milan;Atalanta;ITALY 1;1;1;2.0;0.9;2.72;14.5;68;32;21;9;8;4;137;75;67;24
2024-02-25;Eintracht Frankfurt;Wolfsburg;GERMANY 1;2;2;1.5;1.83;3.8;23.0;56;44;13;15;6;9;139;111;51;42
2024-02-25;Augsburg;Freiburg;GERMANY 1;2;1;2.01;0.55;2.88;10.0;63;37;20;6;9;2;102;71;51;20
2024-02-25;PSG;Rennes;FRANCE 1;1;1;1.7;0.55;8.4;32.0;66;34;16;4;4;2;162;84;90;19
2024-02-26;Fiorentina;Lazio;ITALY 1;2;1;2.04;0.57;3.4;12.0;54;46;23;6;8;2;110;83;56;22
2024-02-28;Sassuolo;Napoli;ITALY 1;1;6;0.63;2.16;1.69;7.8;28;72;6;28;3;10;58;110;22;62
2024-03-01;Monaco;PSG;FRANCE 1;0;0;1.44;1.91;1.87;14.0;32;68;15;17;7;8;99;106;43;56
2024-03-01;Lazio;AC Milan;ITALY 1;0;1;1.16;1.45;2.54;12.0;38;62;12;15;4;6;91;102;33;37
2024-03-02;Reims;Lille;FRANCE 1;0;1;1.13;0.98;2.62;11.0;57;43;9;9;4;4;93;63;65;36
2024-03-02;Torino;Fiorentina;ITALY 1;0;0;0.87;1.32;2.36;9.6;35;65;9;15;3;4;69;80;21;48
2024-03-02;Wolfsburg;Stuttgart;GERMANY 1;2;3;1.1;1.01;2.5;15.0;41;59;13;8;3;4;116;93;42;38
2024-03-02;Brentford;Chelsea;ENGLAND 1;2;2;1.49;1.65;2.3;15.5;31;69;16;18;6;7;96;137;34;44
2024-03-02;Heidenheim;Eintracht Frankfurt;GERMANY 1;1;2;1.59;1.21;1.96;11.0;58;42;16;11;4;6;128;92;57;20
2024-03-02;Bochum;RB Leipzig;GERMANY 1;1;4;1.47;1.29;2.08;12.0;44;56;15;13;4;5;147;69;58;25
2024-03-03;Empoli;Cagliari;ITALY 1;0;1;1.38;1.03;3.2;10.5;56;44;18;9;5;5;111;70;54;32
2024-03-03;Nantes;Metz;FRANCE 1;0;2;1.25;1.33;3.95;14.0;48;52;10;14;3;5;105;94;64;39
2024-03-03;Brest;Le Havre;FRANCE 1;1;0;1.1;1.07;5.2;16.0;60;40;10;12;5;3;122;103;22;39
2024-03-03;Toulouse;Nice;FRANCE 1;2;1;1.66;1.25;2.92;12.5;51;49;18;11;7;7;98;96;56;34
2024-03-03;Atalanta;Bologna;ITALY 1;1;2;1.01;1.28;3.9;13.5;55;45;13;13;3;7;130;87;64;30
2024-03-03;Hoffenheim;Werder Bremen;GERMANY 1;2;1;1.61;1.81;2.84;20.0;47;53;16;20;8;8;111;106;39;41
2024-03-03;Napoli;Juventus;ITALY 1;2;1;1.67;1.52;3.65;10.5;71;29;15;19;8;5;116;77;47;31
2024-03-03;Casa Pia;Gil Vicente;PORTUGAL 1;0;0;1.23;1.04;3.9;1000.0;51;49;12;9;5;3;98;92;33;53
2024-03-03;Rennes;Lorient;FRANCE 1;1;2;2.31;1.41;4.9;19.5;55;45;24;13;7;7;119;68;96;31
2024-03-08;Stuttgart;Union Berlin;GERMANY 1;2;0;1.46;1.11;5.1;16.0;70;30;15;10;6;5;160;72;44;35
2024-03-08;Nice;Montpellier;FRANCE 1;1;2;1.72;0.8;9.4;40.0;65;35;20;8;6;3;129;65;65;28
2024-03-08;Napoli;Torino;ITALY 1;1;1;2.18;0.94;10.5;26.0;63;37;23;12;9;3;96;98;58;20
2024-03-09;Arsenal;Brentford;ENGLAND 1;2;1;1.97;0.96;5.6;18.0;72;28;18;10;7;5;114;70;91;22
2024-03-09;Genoa;Monza;ITALY 1;2;3;1.95;1.1;4.0;11.5;62;38;23;10;7;6;111;65;62;14
2024-03-09;Lens;Brest;FRANCE 1;1;0;0.74;1.2;4.8;17.0;40;60;7;11;3;4;71;127;29;55
2024-03-09;Augsburg;Heidenheim;GERMANY 1;1;0;1.29;0.77;4.5;16.5;59;41;8;8;4;2;151;81;84;25
2024-03-10;AC Milan;Empoli;ITALY 1;1;0;1.79;0.67;11.0;34.0;62;38;16;6;6;3;119;61;67;19
2024-03-10;Strasbourg;Monaco;FRANCE 1;0;1;0.92;1.61;2.12;14.0;34;66;9;18;2;7;76;121;37;58
2024-03-10;Bochum;Freiburg;GERMANY 1;1;2;2.08;1.07;2.6;12.5;59;41;25;11;8;6;146;82;78;28
2024-03-10;Le Havre;Toulouse;FRANCE 1;1;0;1.2;0.77;2.16;8.0;50;50;13;7;5;2;94;94;37;41
2024-03-10;Lille;Rennes;FRANCE 1;2;2;1.9;1.06;4.4;16.5;59;41;16;12;9;4;116;86;52;28
2024-03-10;Eintracht Frankfurt;Hoffenheim;GERMANY 1;3;1;1.82;0.74;4.2;26.0;64;36;19;7;8;3;124;89;68;28
2024-03-10;Juventus;Atalanta;ITALY 1;2;2;1.65;1.01;3.0;11.0;51;49;20;8;6;4;117;99;47;38
2024-03-10;Liverpool;Manchester City;ENGLAND 1;1;1;1.9;1.42;3.65;20.0;53;47;21;11;7;7;124;106;55;49
2024-03-10;Bayer Leverkusen;Wolfsburg;GERMANY 1;2;0;2.58;0.44;12.5;48.0;76;24;20;3;9;2;171;39;130;15
2024-03-10;PSG;Reims;FRANCE 1;2;2;1.75;1.07;15.0;60.0;64;36;20;10;7;4;132;73;68;39
2024-03-11;Lazio;Udinese;ITALY 1;1;2;2.06;1.4;5.6;19.0;69;31;19;15;7;6;142;66;67;31
2024-03-15;Empoli;Bologna;ITALY 1;0;1;0.91;1.98;2.1;7.0;29;71;11;21;2;10;80;131;36;53
2024-03-16;Salernitana;Lecce;ITALY 1;0;1;1.67;1.55;2.6;9.4;72;28;16;19;7;5;139;75;48;27
2024-03-16;Hoffenheim;Stuttgart;GERMANY 1;0;3;0.8;2.64;2.04;14.5;44;56;8;26;2;12;89;104;38;58
2024-03-16;Union Berlin;Werder Bremen;GERMANY 1;2;1;1.42;0.81;2.52;12.5;51;49;12;12;7;3;114;98;48;29
2024-03-16;Wolfsburg;Augsburg;GERMANY 1;1;3;1.68;1.57;3.85;19.5;48;52;16;16;5;6;84;84;80;45
2024-03-16;Nantes;Strasbourg;FRANCE 1;1;3;1.27;1.45;2.64;11.5;64;36;12;12;3;7;117;65;67;37
2024-03-16;Lens;Nice;FRANCE 1;1;3;1.66;0.89;7.0;32.0;59;41;21;9;5;4;142;43;83;23
2024-03-16;Frosinone;Lazio;ITALY 1;2;3;1.64;1.89;2.24;10.5;42;58;16;23;6;8;107;103;55;53
2024-03-16;Burnley;Brentford;ENGLAND 1;2;1;1.83;1.14;2.26;12.0;60;40;18;10;7;6;120;81;80;37
2024-03-16;Monza;Cagliari;ITALY 1;1;0;1.23;0.78;3.85;14.5;63;37;16;12;4;0;100;82;43;37
2024-03-16;Udinese;Torino;ITALY 1;0;2;0.94;1.4;2.92;8.6;43;57;13;13;2;6;74;109;32;55
2024-03-17;Juventus;Genoa;ITALY 1;0;0;1.42;0.77;8.8;21.0;66;34;19;6;4;3;130;80;86;23
2024-03-17;Monaco;Lorient;FRANCE 1;2;2;2.48;1.49;10.5;38.0;52;48;24;12;9;7;132;63;82;51
2024-03-17;Clermont;Le Havre;FRANCE 1;2;1;1.14;1.52;2.98;9.8;40;60;11;15;6;6;63;113;20;55
2024-03-17;Brest;Lille;FRANCE 1;1;1;1.41;1.77;3.2;10.0;51;49;17;14;5;9;108;117;49;42
2024-03-17;Freiburg;Bayer Leverkusen;GERMANY 1;2;3;1.14;1.97;1.59;9.4;32;68;12;20;4;8;89;123;30;64
2024-03-17;Reims;Metz;FRANCE 1;2;1;1.9;1.24;7.0;21.0;66;34;18;13;8;5;104;56;63;36
2024-03-17;Casa Pia;Benfica;PORTUGAL 1;0;1;1.1;2.17;1.34;8.0;32;68;7;23;4;7;79;127;52;84
2024-03-17;Montpellier;PSG;FRANCE 1;2;6;1.54;1.84;1.57;12.5;33;67;15;17;8;10;51;122;32;42
2024-03-29;Lille;Lens;FRANCE 1;2;1;1.54;1.08;3.95;13.0;49;51;16;10;7;4;109;105;65;48
2024-03-30;Fiorentina;AC Milan;ITALY 1;1;2;1.46;1.92;2.54;11.0;45;55;18;15;8;11;86;83;37;28
2024-03-30;Torino;Monza;ITALY 1;1;0;1.48;0.7;5.2;14.5;62;38;16;10;7;3;104;49;48;15
2024-03-30;Genoa;Frosinone;ITALY 1;1;1;1.0;1.26;4.4;15.0;48;52;10;16;4;4;81;123;29;38
2024-03-30;Napoli;Atalanta;ITALY 1;0;3;1.81;1.43;3.6;15.0;61;39;21;13;7;7;109;83;51;33
2024-03-30;Lazio;Juventus;ITALY 1;1;0;1.66;0.91;2.56;8.4;64;36;17;10;5;4;119;72;67;25
2024-03-30;Chelsea;Burnley;ENGLAND 1;2;2;3.05;1.79;11.0;42.0;69;31;34;19;14;8;126;64;78;49
2024-03-30;Werder Bremen;Wolfsburg;GERMANY 1;0;2;0.66;1.63;2.58;12.5;49;51;7;17;2;7;90;93;35;44
2024-03-30;Bayer Leverkusen;Hoffenheim;GERMANY 1;2;1;3.09;0.64;13.5;70.0;68;32;35;7;12;3;162;63;129;24
2024-03-30;Eintracht Frankfurt;Union Berlin;GERMANY 1;0;0;1.6;1.03;4.2;14.0;64;36;17;12;5;3;155;87;84;34
2024-03-30;Metz;Monaco;FRANCE 1;2;5;1.5;1.83;1.7;9.6;36;64;14;18;8;8;91;139;33;43
2024-03-31;Strasbourg;Rennes;FRANCE 1;2;0;1.47;1.15;2.32;980.0;40;60;15;14;8;2;57;124;30;59
2024-03-31;Manchester City;Arsenal;ENGLAND 1;0;0;1.52;0.72;4.0;16.5;72;28;14;8;2;3;119;77;103;17
2024-03-31;Stuttgart;Heidenheim;GERMANY 1;3;3;1.9;0.92;11.0;50.0;73;27;21;7;7;4;155;66;53;36
2024-03-31;Lorient;Brest;FRANCE 1;0;1;1.5;0.94;2.08;8.0;54;46;12;11;6;3;133;87;51;29
2024-03-31;Clermont;Toulouse;FRANCE 1;0;3;1.26;1.21;2.4;10.5;56;44;16;12;6;6;110;107;35;29
2024-03-31;Nice;Nantes;FRANCE 1;1;2;1.12;1.28;5.6;15.0;57;43;13;15;4;5;94;82;54;32
2024-03-31;Le Havre;Montpellier;FRANCE 1;0;2;1.39;1.54;2.9;11.0;53;47;15;15;4;6;100;121;65;58
2024-04-01;Sassuolo;Udinese;ITALY 1;1;1;1.62;1.07;2.66;10.5;60;40;15;13;6;4;88;54;52;22
2024-04-01;Bologna;Salernitana;ITALY 1;3;0;1.33;0.82;16.0;42.0;70;30;16;9;4;3;136;73;65;31
2024-04-03;Manchester City;Aston Villa;ENGLAND 1;4;1;2.8;0.83;11.5;50.0;68;32;26;10;12;4;132;55;106;23
2024-04-05;Salernitana;Sassuolo;ITALY 1;2;2;0.8;1.56;2.28;11.0;54;46;6;17;3;6;94;91;36;61
2024-04-05;Eintracht Frankfurt;Werder Bremen;GERMANY 1;1;1;2.36;1.28;4.5;18.5;67;33;26;12;7;8;130;95;75;19
2024-04-06;Lens;Le Havre;FRANCE 1;1;1;2.11;1.22;7.8;23.0;58;42;19;12;9;4;143;96;81;50
2024-04-06;AC Milan;Lecce;ITALY 1;3;0;1.94;1.5;9.6;30.0;65;35;17;13;9;8;124;80;58;25
2024-04-06;PSG;Clermont;FRANCE 1;1;1;2.0;0.79;17.5;60.0;72;28;24;7;8;4;138;52;84;17
2024-04-06;Sporting CP;Benfica;PORTUGAL 1;2;1;1.33;1.39;3.55;16.5;49;51;15;15;4;5;95;96;57;56
2024-04-06;Empoli;Torino;ITALY 1;3;2;0.7;1.87;2.34;7.6;36;64;5;21;4;6;77;114;21;60
2024-04-06;Union Berlin;Bayer Leverkusen;GERMANY 1;0;1;0.73;2.09;1.59;8.8;34;66;10;21;0;9;84;144;39;87
2024-04-06;Freiburg;RB Leipzig;GERMANY 1;1;4;1.15;1.44;1.72;13.0;46;54;14;15;3;7;93;65;50;35
2024-04-06;Crystal Palace;Manchester City;ENGLAND 1;2;4;0.95;2.21;1.32;8.2;24;76;8;19;5;9;47;168;21;86
2024-04-06;Everton;Burnley;ENGLAND 1;1;0;1.29;0.77;5.3;20.0;37;63;13;7;4;2;103;104;51;41
2024-04-06;Aston Villa;Brentford;ENGLAND 1;3;3;1.36;1.06;4.9;27.0;70;30;12;10;4;4;106;74;79;28
2024-04-07;Cagliari;Atalanta;ITALY 1;2;1;1.14;0.99;1.76;10.0;38;62;12;8;4;3;85;106;48;54
2024-04-07;Juventus;Fiorentina;ITALY 1;1;0;0.79;1.24;5.4;15.0;25;75;9;14;3;3;54;112;28;63
2024-04-07;Frosinone;Bologna;ITALY 1;0;0;1.21;1.46;1.88;9.0;34;66;13;14;6;6;102;100;29;38
2024-04-07;Brest;Metz;FRANCE 1;4;3;2.47;1.21;8.4;21.0;66;34;26;9;12;7;123;95;59;28
2024-04-07;Monaco;Rennes;FRANCE 1;1;0;1.55;1.62;4.3;23.0;52;48;17;13;6;8;105;99;50;50
2024-04-07;Monza;Napoli;ITALY 1;2;4;0.81;1.9;1.87;9.8;38;62;8;20;3;9;70;129;20;61
2024-04-07;Toulouse;Strasbourg;FRANCE 1;0;0;1.16;0.77;3.75;15.0;48;52;12;9;3;2;105;89;43;33
2024-04-07;Montpellier;Lorient;FRANCE 1;2;0;1.53;1.77;4.7;20.0;45;55;14;21;6;6;69;111;41;73
2024-04-07;Hoffenheim;Augsburg;GERMANY 1;3;1;1.59;1.68;3.05;22.0;55;45;19;18;7;8;100;124;37;49
2024-04-07;Reims;Nice;FRANCE 1;0;0;1.17;1.24;3.2;12.0;52;48;11;19;4;4;108;81;51;36
2024-04-12;Augsburg;Union Berlin;GERMANY 1;2;0;1.08;1.65;3.75;14.0;47;53;11;18;5;4;86;119;48;76
2024-04-12;Lazio;Salernitana;ITALY 1;4;1;1.56;1.06;11.5;34.0;62;38;18;10;7;6;100;112;34;24
2024-04-12;Gil Vicente;Sporting CP;PORTUGAL 1;0;4;0.83;2.05;1.28;9.0;43;57;8;20;2;8;78;111;33;66
2024-04-12;Metz;Lens;FRANCE 1;2;1;1.2;1.52;1.76;8.6;38;62;12;18;6;3;85;138;28;57
2024-04-13;RB Leipzig;Wolfsburg;GERMANY 1;3;0;1.52;1.25;9.2;40.0;50;50;17;11;7;4;116;100;36;37
2024-04-13;Bochum;Heidenheim;GERMANY 1;1;1;1.95;1.2;3.45;17.5;60;40;24;13;6;5;114;48;63;40
2024-04-13;Lecce;Empoli;ITALY 1;1;0;1.57;0.64;3.8;11.5;54;46;15;5;8;2;79;77;44;33
2024-04-13;Fluminense;Bragantino;BRAZIL 1;2;2;2.62;1.83;5.0;17.0;69;31;21;15;11;8;86;72;75;46
2024-04-13;Bologna;Monza;ITALY 1;0;0;1.93;0.4;7.6;21.0;62;38;18;5;8;0;126;56;66;20
2024-04-13;Sao Paulo;Fortaleza;BRAZIL 1;1;2;1.62;0.67;5.6;14.0;72;28;11;5;6;2;170;66;67;28
2024-04-13;Rennes;Toulouse;FRANCE 1;1;2;1.56;1.05;4.6;17.0;55;45;20;11;5;4;148;76;51;27
2024-04-13;Internacional;Bahia;BRAZIL 1;2;1;2.0;0.96;5.0;15.0;52;48;16;7;9;4;119;83;49;31
2024-04-13;Stuttgart;Eintracht Frankfurt;GERMANY 1;3;0;1.29;1.02;6.4;32.0;55;45;10;11;7;4;75;127;31;38
2024-04-13;Strasbourg;Reims;FRANCE 1;3;1;1.43;0.77;3.1;12.0;48;52;14;9;7;3;98;84;42;23
2024-04-13;Torino;Juventus;ITALY 1;0;0;0.99;0.93;2.26;6.8;48;52;14;9;3;4;99;92;54;27
2024-04-14;Portimonense;Casa Pia;PORTUGAL 1;2;2;1.16;1.32;2.82;9.2;46;54;13;15;4;5;111;93;41;46
2024-04-14;Arsenal;Aston Villa;ENGLAND 1;0;2;1.63;0.92;11.0;40.0;52;48;19;12;5;3;94;68;63;37
2024-04-14;Bayer Leverkusen;Werder Bremen;GERMANY 1;5;0;2.15;0.89;16.5;60.0;56;44;21;9;11;4;114;83;59;31
2024-04-14;Sassuolo;AC Milan;ITALY 1;3;3;1.12;2.14;1.89;11.5;32;68;11;24;6;8;77;109;26;61
2024-04-14;Liverpool;Crystal Palace;ENGLAND 1;0;1;2.12;1.07;16.0;65.0;70;30;22;9;7;6;174;79;75;27
2024-04-14;Napoli;Frosinone;ITALY 1;2;2;2.06;1.47;9.8;40.0;66;34;21;14;10;7;113;87;56;39
2024-04-14;Le Havre;Nantes;FRANCE 1;0;1;1.05;1.22;3.15;9.6;44;56;11;13;2;5;97;96;64;40
2024-04-14;Clermont;Montpellier;FRANCE 1;1;1;0.96;1.59;2.22;12.0;51;49;11;15;3;7;103;98;41;47
2024-04-15;Fiorentina;Genoa;ITALY 1;1;1;1.62;0.94;4.3;13.0;59;41;22;8;4;4;117;62;62;30
2024-04-15;Chelsea;Everton;ENGLAND 1;6;0;1.91;1.25;4.8;24.0;59;41;16;11;11;3;84;125;35;64
2024-04-16;Bahia;Fluminense;BRAZIL 1;2;1;1.42;0.86;6.6;18.0;40;60;10;6;5;3;89;94;60;35
2024-04-17;Fortaleza;Cruzeiro;BRAZIL 1;1;1;1.06;1.51;4.9;14.0;39;61;9;12;3;6;87;97;38;45
2024-04-17;Palmeiras;Internacional;BRAZIL 1;0;1;1.36;0.65;6.0;16.5;68;32;14;5;3;2;77;72;37;26
2024-04-17;Juventude;Corinthians;BRAZIL 1;2;0;1.52;1.3;2.6;7.4;45;55;12;13;8;2;81;127;27;45
2024-04-19;Genoa;Lazio;ITALY 1;0;1;0.96;0.99;2.74;8.6;39;61;9;14;3;2;91;128;24;63
2024-04-19;Cagliari;Juventus;ITALY 1;2;2;1.07;1.24;1.81;7.4;26;74;10;13;5;4;60;137;21;69
2024-04-19;Nice;Lorient;FRANCE 1;3;0;2.32;1.33;6.6;21.0;51;49;21;11;11;5;111;97;39;56
2024-04-19;Eintracht Frankfurt;Augsburg;GERMANY 1;3;1;1.66;0.78;3.65;17.5;62;38;13;7;8;2;112;93;46;43
2024-04-20;Nantes;Rennes;FRANCE 1;0;3;0.9;1.47;2.5;9.8;43;57;7;15;5;6;67;123;23;56
2024-04-20;Empoli;Napoli;ITALY 1;1;0;0.78;0.79;1.72;9.8;27;73;8;10;2;2;63;122;27;61
2024-04-20;Bragantino;Corinthians;BRAZIL 1;1;0;0.9;1.38;3.65;12.0;35;65;8;12;3;4;98;103;24;47
2024-04-20;Lens;Clermont;FRANCE 1;1;0;1.73;0.8;11.0;36.0;48;52;19;9;6;2;107;100;50;37
2024-04-20;Heidenheim;RB Leipzig;GERMANY 1;1;2;1.12;1.33;1.48;13.5;39;61;11;13;5;5;84;123;27;37
2024-04-20;Wolfsburg;Bochum;GERMANY 1;1;0;1.17;1.11;4.7;21.0;46;54;10;15;6;3;91;122;41;53
2024-04-21;Brest;Monaco;FRANCE 1;0;2;1.19;0.96;2.64;13.5;57;43;13;9;3;4;113;102;46;40
2024-04-21;Fulham;Liverpool;ENGLAND 1;1;3;1.33;1.8;1.58;16.0;39;61;13;17;6;8;80;130;29;48
2024-04-21;Salernitana;Fiorentina;ITALY 1;0;2;0.54;1.65;1.68;9.2;27;73;6;13;2;8;68;134;19;62
2024-04-21;Werder Bremen;Stuttgart;GERMANY 1;2;1;0.93;1.68;1.64;13.5;31;69;10;16;3;6;83;141;28;68
2024-04-21;Monza;Atalanta;ITALY 1;1;2;1.24;1.57;1.93;8.8;58;42;18;13;3;7;107;103;36;44
2024-04-21;Le Havre;Metz;FRANCE 1;0;1;1.7;0.92;3.85;11.5;64;36;17;10;5;3;120;82;63;27
2024-04-21;Torino;Frosinone;ITALY 1;0;0;1.25;1.3;5.7;18.0;53;47;15;13;3;4;106;89;38;54
2024-04-21;Lille;Strasbourg;FRANCE 1;1;0;0.92;0.94;6.4;22.0;52;48;7;9;3;3;117;75;43;30
2024-04-21;Reims;Montpellier;FRANCE 1;1;2;1.85;1.3;3.8;17.5;52;48;23;13;5;6;96;71;69;34
2024-04-21;Sassuolo;Lecce;ITALY 1;0;3;1.28;1.65;3.4;13.0;56;44;11;16;4;9;145;74;57;27
2024-04-23;Arsenal;Chelsea;ENGLAND 1;5;0;2.37;0.81;7.4;32.0;44;56;28;8;11;2;81;67;66;39
2024-04-24;Lorient;PSG;FRANCE 1;1;4;1.56;1.71;1.42;12.0;40;60;12;16;7;8;109;119;51;44
2024-04-24;Monaco;Lille;FRANCE 1;1;0;1.79;1.41;3.05;15.0;43;57;20;14;8;5;100;87;48;42
2024-04-24;Everton;Liverpool;ENGLAND 1;2;0;1.51;2.02;1.46;10.5;23;77;17;24;7;8;71;139;27;87
2024-04-26;Bochum;Hoffenheim;GERMANY 1;3;2;3.03;1.06;3.15;22.0;45;55;37;11;14;5;113;87;67;35
2024-04-26;Real Sociedad;Real Madrid;SPAIN 1;0;1;1.35;0.69;3.15;11.0;56;44;11;6;4;4;130;63;76;20
2024-04-26;Montpellier;Nantes;FRANCE 1;1;1;0.89;1.39;4.0;14.5;54;46;9;16;2;6;109;109;40;46
2024-04-26;Frosinone;Salernitana;ITALY 1;3;0;1.28;1.24;8.2;34.0;43;57;12;19;5;3;81;102;50;36
2024-04-27;Aston Villa;Chelsea;ENGLAND 1;2;2;1.16;1.92;3.35;23.0;28;72;10;23;5;6;43;145;26;57
2024-04-27;PSG;Le Havre;FRANCE 1;3;3;1.92;0.87;10.0;38.0;77;23;18;7;5;5;176;60;101;18
2024-04-27;Everton;Brentford;ENGLAND 1;1;0;1.24;1.2;2.94;12.0;48;52;19;11;2;5;91;95;56;55
2024-04-27;Bayer Leverkusen;Stuttgart;GERMANY 1;2;2;1.86;1.18;4.7;23.0;49;51;15;12;7;5;102;106;68;26
2024-04-27;Juventus;AC Milan;ITALY 1;0;0;2.07;0.73;4.0;13.5;51;49;19;10;8;0;108;89;69;48
2024-04-27;Lecce;Monza;ITALY 1;1;1;1.25;0.77;4.2;13.5;46;54;13;10;5;2;112;111;35;32
2024-04-27;Freiburg;Wolfsburg;GERMANY 1;1;2;1.47;1.26;3.15;14.0;51;49;16;13;4;5;101;76;51;38
2024-04-27;Augsburg;Werder Bremen;GERMANY 1;0;3;1.0;1.57;4.4;24.0;54;46;14;16;2;7;119;76;56;45
2024-04-27;Fulham;Crystal Palace;ENGLAND 1;1;1;0.98;1.58;3.6;17.0;54;46;10;15;3;5;81;123;27;55
2024-04-28;Rennes;Brest;FRANCE 1;4;5;1.64;1.38;3.6;12.5;47;53;22;11;8;6;90;91;53;45
2024-04-28;Atalanta;Empoli;ITALY 1;2;0;1.6;1.03;8.0;27.0;59;41;18;12;6;3;125;88;57;33
2024-04-28;Fiorentina;Sassuolo;ITALY 1;5;1;2.47;0.81;6.4;24.0;67;33;23;9;11;3;120;85;61;20
2024-04-28;Corinthians;Fluminense;BRAZIL 1;3;0;1.36;0.95;3.75;11.5;31;69;11;7;7;2;79;93;23;50
2024-04-28;Fortaleza;Bragantino;BRAZIL 1;1;1;1.67;1.07;4.3;14.5;44;56;15;8;5;4;84;134;52;36
2024-04-28;Villarreal;Rayo Vallecano;SPAIN 1;3;0;1.53;1.65;4.8;18.5;45;55;16;21;8;5;89;99;37;48
2024-04-28;Strasbourg;Nice;FRANCE 1;1;3;1.53;1.08;2.46;9.4;47;53;14;9;6;5;93;87;48;29
2024-04-28;Bologna;Udinese;ITALY 1;1;1;1.32;1.19;6.6;18.5;65;35;16;12;5;5;123;91;54;36
2024-04-28;Lorient;Toulouse;FRANCE 1;1;2;1.58;1.45;2.8;11.5;51;49;16;15;6;6;95;89;56;28
2024-04-28;Clermont;Reims;FRANCE 1;4;1;1.39;1.32;2.14;10.5;50;50;14;11;7;4;79;101;45;56
2024-04-28;Metz;Lille;FRANCE 1;1;2;0.72;1.45;1.79;8.8;29;71;6;15;3;5;69;140;25;54
2024-04-29;Genoa;Cagliari;ITALY 1;3;0;1.51;1.16;3.5;10.5;56;44;13;13;6;2;108;95;45;44
2024-04-29;Sao Paulo;Palmeiras;BRAZIL 1;0;0;0.86;0.82;3.3;9.0;53;47;9;6;1;3;93;102;29;29
2024-05-03;Hoffenheim;RB Leipzig;GERMANY 1;1;1;2.3;1.08;1.56;22.0;56;44;21;10;9;5;136;87;74;29
2024-05-03;Lens;Lorient;FRANCE 1;2;0;1.99;1.35;7.4;30.0;57;43;20;13;7;6;120;89;58;50
2024-05-03;Torino;Bologna;ITALY 1;0;0;0.71;0.7;2.98;8.2;47;53;9;7;2;2;89;93;34;32
2024-05-03;Toulouse;Montpellier;FRANCE 1;1;2;1.82;0.79;3.55;19.5;63;37;16;6;6;4;128;86;97;25
2024-05-04;Monza;Lazio;ITALY 1;2;2;1.75;1.23;1.88;8.4;59;41;18;10;8;6;109;84;42;33
2024-05-04;Sporting CP;Portimonense;PORTUGAL 1;3;0;2.42;0.23;32.0;1000.0;67;33;21;3;12;0;128;56;69;13
2024-05-04;Metz;Rennes;FRANCE 1;2;3;0.98;2.1;2.1;9.2;35;65;8;22;5;10;98;117;15;62
2024-05-04;Monaco;Clermont;FRANCE 1;4;1;1.85;0.87;9.4;60.0;62;38;24;11;9;2;109;92;45;21
2024-05-04;Corinthians;Fortaleza;BRAZIL 1;0;0;2.16;1.0;4.4;12.0;65;35;15;6;9;2;127;104;80;65
2024-05-04;Brest;Nantes;FRANCE 1;0;0;1.1;0.85;6.0;17.5;72;28;10;10;3;2;160;75;49;28
2024-05-04;Le Havre;Strasbourg;FRANCE 1;3;1;1.61;1.02;3.25;11.0;39;61;16;6;8;4;99;133;39;47
2024-05-04;Brentford;Fulham;ENGLAND 1;0;0;1.19;1.28;3.5;19.0;55;45;8;16;4;4;129;91;71;51
2024-05-05;Cagliari;Lecce;ITALY 1;1;1;0.96;1.57;3.9;12.5;34;66;10;18;4;4;69;95;41;56
2024-05-05;Empoli;Frosinone;ITALY 1;0;0;0.66;1.5;3.15;13.0;47;53;8;18;2;6;79;77;36;27
2024-05-05;Eintracht Frankfurt;Bayer Leverkusen;GERMANY 1;1;5;1.66;1.3;2.24;11.5;55;45;18;10;6;8;100;63;58;32
2024-05-05;AC Milan;Genoa;ITALY 1;3;3;2.16;0.68;7.0;27.0;60;40;27;7;8;3;118;76;46;19
2024-05-05;Union Berlin;Bochum;GERMANY 1;3;4;1.37;1.49;4.4;14.0;48;52;13;19;6;6;112;113;42;42
2024-05-06;Salernitana;Atalanta;ITALY 1;1;2;0.79;1.85;1.4;10.5;31;69;10;18;3;5;83;155;18;92
2024-05-06;Udinese;Napoli;ITALY 1;1;1;0.95;1.09;2.0;10.5;32;68;11;13;3;5;64;124;23;47
2024-05-10;Brest;Reims;FRANCE 1;1;1;1.79;0.89;5.5;22.0;60;40;17;9;6;3;122;90;67;40
2024-05-10;Nice;Le Havre;FRANCE 1;1;0;1.73;1.28;7.0;22.0;58;42;14;12;7;3;136;124;65;59
2024-05-10;Augsburg;Stuttgart;GERMANY 1;0;1;0.92;1.89;1.85;18.0;23;77;10;20;2;8;80;131;46;60
2024-05-11;Granada CF;Real Madrid;SPAIN 1;0;4;1.01;1.46;1.61;10.5;42;58;13;14;2;8;100;91;58;45
2024-05-11;Napoli;Bologna;ITALY 1;0;2;1.77;1.18;4.0;15.0;60;40;17;12;7;5;123;72;54;27
2024-05-11;AC Milan;Cagliari;ITALY 1;5;1;2.02;1.28;6.0;26.0;66;34;18;14;11;8;130;62;40;21
2024-05-11;Fulham;Manchester City;ENGLAND 1;0;4;0.49;2.05;1.22;14.0;35;65;2;17;2;10;53;130;30;63
2024-05-11;Freiburg;Heidenheim;GERMANY 1;1;1;1.76;1.06;4.8;22.0;56;44;21;9;5;4;108;90;55;28
2024-05-11;RB Leipzig;Werder Bremen;GERMANY 1;1;1;1.48;0.89;9.4;55.0;44;56;14;11;6;2;112;79;41;33
2024-05-12;Genoa;Sassuolo;ITALY 1;2;1;0.84;1.41;3.45;13.5;57;43;9;13;3;5;128;77;32;60
2024-05-12;Lazio;Empoli;ITALY 1;2;0;1.17;1.38;6.2;18.5;60;40;12;17;6;4;104;81;41;39
2024-05-12;Bochum;Bayer Leverkusen;GERMANY 1;0;5;0.4;2.74;1.78;14.5;32;68;4;30;0;11;76;114;27;73
2024-05-12;Bahia;Bragantino;BRAZIL 1;1;0;0.91;1.33;4.5;16.5;50;50;6;11;3;5;76;110;44;38
2024-05-12;PSG;Toulouse;FRANCE 1;1;3;1.36;1.88;7.8;40.0;64;36;16;19;4;6;111;78;43;54
2024-05-12;Strasbourg;Metz;FRANCE 1;2;1;1.06;1.08;3.55;14.0;72;28;12;13;3;3;137;59;45;25
2024-05-12;Rennes;Lens;FRANCE 1;1;1;1.68;1.07;3.3;15.5;57;43;17;9;7;5;126;76;49;37
2024-05-12;Montpellier;Monaco;FRANCE 1;0;2;1.41;1.92;1.82;24.0;45;55;15;20;4;10;104;133;51;36
2024-05-12;Nantes;Lille;FRANCE 1;1;2;1.29;1.22;2.0;8.4;29;71;10;13;6;4;74;119;41;41
2024-05-12;Juventus;Salernitana;ITALY 1;1;1;2.27;1.22;21.0;65.0;67;33;26;14;7;5;132;78;80;33
2024-05-13;Lecce;Udinese;ITALY 1;0;2;0.92;1.42;2.56;8.2;65;35;10;17;3;4;114;104;44;34
2024-05-13;Fiorentina;Monza;ITALY 1;2;1;1.79;0.79;6.4;25.0;50;50;16;7;9;3;126;55;63;27
2024-05-13;Aston Villa;Liverpool;ENGLAND 1;3;3;1.62;1.62;1.8;19.5;41;59;20;15;6;8;61;97;54;41
2024-05-13;Sao Paulo;Fluminense;BRAZIL 1;2;1;1.69;0.84;5.6;15.5;50;50;12;6;8;2;81;104;51;43
2024-05-15;Nice;PSG;FRANCE 1;1;2;1.33;1.07;3.0;17.0;37;63;13;12;5;5;81;95;39;19
2024-05-15;Rayo Vallecano;Granada CF;SPAIN 1;2;1;1.94;0.88;7.2;19.5;31;69;19;11;10;2;69;93;42;48
2024-05-17;Fiorentina;Napoli;ITALY 1;2;2;1.82;1.56;3.3;14.5;63;37;19;17;7;4;111;57;44;39
2024-05-18;Lecce;Atalanta;ITALY 1;0;2;1.31;2.3;1.85;9.2;44;56;13;23;4;10;96;118;37;47
2024-05-18;Torino;AC Milan;ITALY 1;3;1;1.34;1.74;2.98;10.5;40;60;13;22;6;5;82;83;21;44
2024-05-18;Bayer Leverkusen;Augsburg;GERMANY 1;2;1;2.57;1.14;10.5;75.0;66;34;26;14;9;3;150;66;84;32
2024-05-18;Eintracht Frankfurt;RB Leipzig;GERMANY 1;2;2;2.29;1.26;2.64;18.5;47;53;31;11;7;6;107;86;49;28
2024-05-18;Werder Bremen;Bochum;GERMANY 1;4;1;2.94;2.55;3.0;18.5;47;53;31;35;13;7;73;138;48;49
2024-05-18;Union Berlin;Freiburg;GERMANY 1;2;1;1.65;1.55;3.5;14.0;37;63;19;20;6;5;71;104;48;43
2024-05-19;Reims;Rennes;FRANCE 1;2;1;0.96;2.01;2.54;16.5;35;65;8;24;5;6;64;143;22;80
2024-05-19;Arsenal;Everton;ENGLAND 1;2;1;2.91;0.72;20.0;75.0;69;31;37;7;6;3;151;50;110;18
2024-05-19;Villarreal;Real Madrid;SPAIN 1;4;4;2.45;1.78;2.14;19.0;42;58;29;16;8;8;105;99;70;46
2024-05-19;Lorient;Clermont;FRANCE 1;5;0;3.3;1.22;5.3;30.0;45;55;37;12;11;5;132;92;64;32
2024-05-19;Monaco;Nantes;FRANCE 1;4;0;1.48;1.02;8.4;48.0;62;38;12;9;7;4;127;79;30;40
2024-05-19;Lille;Nice;FRANCE 1;2;2;1.44;1.43;7.2;27.0;55;45;14;14;4;6;119;70;46;35
2024-05-19;Lens;Montpellier;FRANCE 1;2;2;3.3;1.23;9.6;50.0;54;46;35;19;14;4;118;80;61;26
2024-05-19;Metz;PSG;FRANCE 1;0;2;1.15;2.37;1.67;15.0;24;76;13;24;3;9;74;128;34;57
2024-05-19;Toulouse;Brest;FRANCE 1;0;3;1.18;1.59;2.12;13.0;52;48;14;14;4;7;93;126;36;36
2024-05-19;Udinese;Empoli;ITALY 1;1;1;1.12;0.68;4.6;13.5;47;53;10;6;3;2;112;93;45;29
2024-05-19;Monza;Frosinone;ITALY 1;0;1;1.53;1.84;2.4;13.0;71;29;20;22;3;6;111;81;51;49
2024-05-19;Sassuolo;Cagliari;ITALY 1;0;2;0.78;1.78;3.15;14.5;50;50;11;21;0;4;94;98;37;68
2024-05-19;Crystal Palace;Aston Villa;ENGLAND 1;5;0;2.1;0.9;3.9;29.0;54;46;19;9;10;3;105;41;54;17
2024-05-20;Bologna;Juventus;ITALY 1;3;3;1.33;1.35;2.98;9.6;62;38;15;17;6;5;91;90;29;33
2024-05-23;Cagliari;Fiorentina;ITALY 1;2;3;1.75;1.49;1.8;11.0;37;63;15;15;7;6;62;97;44;43
2024-05-24;Genoa;Bologna;ITALY 1;2;0;1.44;1.25;2.32;8.8;27;73;17;17;4;2;74;85;29;49
2024-05-25;AC Milan;Salernitana;ITALY 1;3;3;2.84;1.59;16.5;110.0;66;34;29;20;12;7;107;53;69;22
2024-05-25;Juventus;Monza;ITALY 1;2;0;1.32;1.73;10.0;34.0;42;58;16;22;5;5;61;121;21;59
2024-05-26;Napoli;Lecce;ITALY 1;0;0;2.51;0.84;7.6;34.0;67;33;33;17;6;0;159;78;71;19
2024-05-26;Atalanta;Torino;ITALY 1;3;0;2.06;1.0;2.18;11.0;39;61;22;11;8;2;77;98;42;39
2024-05-26;Lazio;Sassuolo;ITALY 1;1;1;1.47;1.07;9.6;40.0;67;33;11;10;7;4;148;69;54;30
2024-05-26;Frosinone;Udinese;ITALY 1;0;1;2.09;1.37;3.15;13.0;58;42;31;12;6;6;108;81;39;35
2024-06-01;Fluminense;Juventude;BRAZIL 1;1;1;1.53;0.95;6.4;22.0;62;38;13;8;4;3;105;66;59;32
2024-06-02;Atalanta;Fiorentina;ITALY 1;2;3;1.38;1.0;6.6;28.0;54;46;13;9;4;5;123;88;45;27
2024-06-02;Sao Paulo;Cruzeiro;BRAZIL 1;2;0;1.24;0.89;5.0;12.5;55;45;10;8;4;3;97;99;45;22
2024-06-13;Bahia;Fortaleza;BRAZIL 1;1;0;1.32;1.69;6.6;26.0;54;46;9;14;3;6;101;88;75;54
2024-06-13;Internacional;Sao Paulo;BRAZIL 1;0;0;0.83;0.87;2.92;7.4;49;51;6;7;0;4;110;67;60;19
2024-06-15;Bragantino;Juventude;BRAZIL 1;2;1;0.63;1.45;6.4;18.5;36;64;3;11;2;6;88;91;39;46
2024-06-16;Corinthians;Sao Paulo;BRAZIL 1;2;2;1.62;1.34;2.62;7.4;68;32;12;9;8;7;85;99;41;37
2024-06-19;Internacional;Corinthians;BRAZIL 1;1;0;1.01;1.06;4.3;12.5;47;53;7;7;5;3;92;114;29;54
2024-06-19;Cruzeiro;Fluminense;BRAZIL 1;2;0;1.39;1.2;4.8;14.0;34;66;12;8;5;4;80;104;39;56
2024-06-23;Palmeiras;Juventude;BRAZIL 1;3;1;2.61;1.7;10.0;28.0;56;44;22;14;10;8;125;92;73;35
2024-06-23;Bahia;Cruzeiro;BRAZIL 1;4;1;1.45;0.63;4.3;13.0;64;36;9;6;6;1;149;77;61;23
2024-06-26;Fortaleza;Palmeiras;BRAZIL 1;3;0;1.08;1.66;2.18;7.6;32;68;8;13;6;7;72;143;21;46
2024-06-30;Sao Paulo;Bahia;BRAZIL 1;3;1;1.25;1.5;4.2;12.0;40;60;11;13;5;6;79;104;28;34
2024-06-30;Fortaleza;Juventude;BRAZIL 1;2;1;1.7;1.15;6.2;17.0;38;62;14;10;7;3;83;99;45;42
2024-07-01;Palmeiras;Corinthians;BRAZIL 1;2;0;1.84;1.35;7.8;22.0;58;42;13;13;10;4;110;89;43;34
2024-07-04;Bahia;Juventude;BRAZIL 1;2;0;1.96;0.83;7.4;21.0;56;44;17;7;9;2;90;93;36;32
2024-07-04;Fluminense;Internacional;BRAZIL 1;1;1;1.04;0.97;2.98;8.6;55;45;7;7;3;4;115;96;52;32
2024-07-06;Sao Paulo;Bragantino;BRAZIL 1;2;0;1.02;0.97;4.4;12.5;59;41;7;8;4;3;125;75;39;35
2024-07-07;Palmeiras;Bahia;BRAZIL 1;2;0;1.21;1.0;5.5;18.5;44;56;10;9;4;3;104;84;40;30
2024-07-07;Cruzeiro;Corinthians;BRAZIL 1;3;0;1.32;1.1;5.4;14.5;47;53;10;10;6;2;87;84;36;45
2024-07-07;Fortaleza;Fluminense;BRAZIL 1;1;0;1.73;1.19;5.3;16.0;42;58;15;10;6;3;107;100;49;47
2024-07-13;Cruzeiro;Bragantino;BRAZIL 1;2;1;1.18;1.34;4.4;14.0;53;47;9;11;4;5;79;123;46;39
2024-07-20;Palmeiras;Cruzeiro;BRAZIL 1;2;0;1.38;0.83;5.4;17.0;42;58;10;6;5;2;95;87;54;41
2024-07-21;Juventude;Sao Paulo;BRAZIL 1;0;0;0.93;0.94;2.06;7.8;37;63;9;8;1;2;78;112;40;39
2024-07-21;Bahia;Corinthians;BRAZIL 1;0;1;1.74;0.76;6.0;20.0;65;35;12;6;7;2;132;79;66;32
2024-07-24;Cruzeiro;Juventude;BRAZIL 1;2;0;1.25;0.62;8.0;23.0;56;44;8;5;5;2;96;68;54;21
2024-07-24;Fluminense;Palmeiras;BRAZIL 1;1;0;0.98;0.56;2.82;7.4;50;50;9;3;2;1;91;107;37;39
2024-07-27;Fortaleza;Sao Paulo;BRAZIL 1;1;0;0.99;0.67;2.94;9.6;37;63;8;5;3;1;83;89;37;38
2024-07-27;Bahia;Internacional;BRAZIL 1;1;1;0.79;0.82;3.95;12.5;51;49;6;8;3;2;54;64;28;23
2024-07-28;Bragantino;Fluminense;BRAZIL 1;0;1;1.2;0.77;3.75;13.0;59;41;11;4;2;3;111;81;49;41
2024-08-04;Internacional;Palmeiras;BRAZIL 1;1;1;1.49;1.55;3.35;9.4;41;59;10;11;7;5;93;130;51;68
2024-08-04;Corinthians;Juventude;BRAZIL 1;1;1;2.76;0.55;5.8;16.0;64;36;24;4;10;3;152;50;75;11
2024-08-04;Fluminense;Bahia;BRAZIL 1;1;0;1.5;1.01;4.0;12.5;49;51;11;9;6;3;104;100;52;30
2024-08-05;Cruzeiro;Fortaleza;BRAZIL 1;1;2;1.7;0.9;6.8;23.0;69;31;12;7;7;4;137;75;61;24
2024-08-10;Corinthians;Bragantino;BRAZIL 1;1;1;1.82;1.2;3.9;11.0;63;37;14;9;5;6;124;78;80;28
2024-08-14;Internacional;Juventude;BRAZIL 1;2;1;2.17;0.78;6.2;18.0;48;52;17;7;10;3;110;82;54;16
2024-08-16;Gil Vicente;AVS;PORTUGAL 1;4;2;1.64;1.08;3.5;12.5;62;38;14;7;6;5;103;89;46;38
2024-08-16;Le Havre;PSG;FRANCE 1;1;4;0.6;2.06;1.48;10.5;24;76;4;14;3;11;66;140;18;54
2024-08-17;Parma;Fiorentina;ITALY 1;1;1;1.32;1.47;2.1;10.5;39;61;10;10;6;7;72;85;37;48
2024-08-17;Reims;Lille;FRANCE 1;0;2;0.26;1.88;2.62;11.0;31;69;1;13;0;6;73;119;25;89
2024-08-17;Bragantino;Fortaleza;BRAZIL 1;1;2;1.87;1.34;3.7;12.0;61;39;11;9;9;7;108;100;75;37
2024-08-17;Fluminense;Corinthians;BRAZIL 1;0;0;1.29;0.92;4.2;11.0;56;44;10;7;4;3;103;78;51;36
2024-08-17;Benfica;Casa Pia;PORTUGAL 1;3;0;2.49;0.49;16.0;75.0;63;37;21;4;8;1;149;59;83;22
2024-08-17;AC Milan;Torino;ITALY 1;2;2;2.09;0.72;7.2;23.0;56;44;16;6;6;3;107;46;92;18
2024-08-17;Empoli;Monza;ITALY 1;0;0;0.82;0.46;3.1;11.0;39;61;5;3;2;1;100;74;49;26
2024-08-18;Bologna;Udinese;ITALY 1;1;1;1.91;0.54;6.6;18.5;74;26;15;3;7;2;121;64;65;28
2024-08-18;Real Sociedad;Rayo Vallecano;SPAIN 1;1;2;1.23;1.19;3.85;13.0;66;34;9;9;4;5;86;80;52;37
2024-08-18;Palmeiras;Sao Paulo;BRAZIL 1;2;1;2.03;0.97;5.9;15.0;53;47;18;8;8;4;98;70;46;24
2024-08-18;Lazio;Venezia;ITALY 1;3;1;1.54;0.81;9.4;27.0;67;33;11;8;6;2;136;64;57;22
2024-08-18;Toulouse;Nantes;FRANCE 1;0;0;1.39;0.98;5.6;17.0;54;46;9;7;6;2;105;102;54;54
2024-08-19;Juventus;Como;ITALY 1;3;0;1.53;0.26;8.6;26.0;58;42;13;1;7;0;92;72;29;25
2024-08-19;Lecce;Atalanta;ITALY 1;0;4;1.61;1.29;1.85;9.2;47;53;17;10;4;6;96;107;35;31
2024-08-23;PSG;Montpellier;FRANCE 1;6;0;2.68;0.72;13.0;65.0;69;31;23;6;11;3;147;55;63;18
2024-08-24;Parma;AC Milan;ITALY 1;2;1;1.05;1.68;1.72;10.5;39;61;8;14;5;5;68;121;26;61
2024-08-24;Aston Villa;Arsenal;ENGLAND 1;0;2;0.79;1.25;1.8;10.5;39;61;6;8;3;4;53;101;27;63
2024-08-24;Udinese;Lazio;ITALY 1;2;1;0.82;1.77;2.44;8.2;35;65;7;16;3;5;80;110;21;57
2024-08-24;Monza;Genoa;ITALY 1;0;1;1.05;0.79;2.98;9.2;70;30;8;8;2;1;115;81;54;29
2024-08-24;Hoffenheim;Holstein Kiel;GERMANY 1;3;2;2.13;1.47;5.3;26.0;55;45;17;13;8;6;99;78;69;32
2024-08-24;Freiburg;Stuttgart;GERMANY 1;3;1;1.37;0.9;2.16;12.0;33;67;11;7;6;2;91;103;34;42
2024-08-24;Augsburg;Werder Bremen;GERMANY 1;2;2;1.09;1.19;4.4;24.0;45;55;9;9;3;5;77;93;43;36
2024-08-24;RB Leipzig;Bochum;GERMANY 1;1;0;1.03;0.73;12.0;55.0;63;37;8;4;3;4;83;106;43;25
2024-08-24;Casa Pia;Santa Clara;PORTUGAL 1;0;2;0.84;0.91;2.62;1000.0;58;42;7;6;2;4;109;78;33;33
2024-08-25;St. Pauli;Heidenheim;GERMANY 1;0;2;1.14;0.74;3.8;16.5;61;39;10;5;3;3;133;88;39;27
2024-08-25;Liverpool;Brentford;ENGLAND 1;2;0;1.8;0.73;13.0;60.0;63;37;12;5;8;2;125;67;65;37
2024-08-25;Fiorentina;Venezia;ITALY 1;0;0;1.61;0.86;8.8;26.0;55;45;12;6;8;4;80;80;40;26
2024-08-25;Torino;Atalanta;ITALY 1;2;1;1.32;2.35;2.38;9.4;42;58;11;21;7;9;62;86;19;56
2024-08-25;Internacional;Cruzeiro;BRAZIL 1;1;0;2.1;0.73;4.8;12.0;44;56;17;5;9;3;126;84;54;26
2024-08-25;Fortaleza;Corinthians;BRAZIL 1;1;0;1.1;0.92;5.2;14.0;45;55;8;6;5;4;89;84;32;34
2024-08-25;Strasbourg;Rennes;FRANCE 1;3;1;1.12;1.35;2.32;980.0;60;40;9;11;6;5;67;117;17;41
2024-08-25;Nantes;Auxerre;FRANCE 1;2;0;1.26;1.03;3.35;12.0;35;65;8;7;5;3;76;132;56;50
2024-08-25;Nice;Toulouse;FRANCE 1;1;1;1.03;1.04;4.6;15.5;57;43;8;10;3;3;100;98;42;26
2024-08-25;Lens;Brest;FRANCE 1;2;0;1.9;1.07;4.8;17.0;52;48;14;11;9;2;123;117;52;31
2024-08-25;Napoli;Bologna;ITALY 1;3;0;1.15;0.78;4.0;15.0;39;61;9;6;5;2;68;134;32;33
2024-08-26;Cagliari;Como;ITALY 1;1;1;1.18;1.14;3.45;12.5;47;53;9;8;5;4;77;89;36;48
2024-08-28;Cruzeiro;Internacional;BRAZIL 1;0;0;1.85;0.27;3.6;10.5;69;31;16;1;4;0;109;70;78;26
2024-08-30;Union Berlin;St. Pauli;GERMANY 1;1;0;1.23;0.67;4.4;15.0;39;61;10;5;5;1;90;137;33;36
2024-08-30;Venezia;Torino;ITALY 1;0;1;1.24;1.47;2.16;8.8;42;58;10;10;4;6;68;115;45;57
2024-08-31;Montpellier;Nantes;FRANCE 1;1;3;1.46;1.05;4.0;14.5;69;31;9;8;5;4;142;48;73;37
2024-08-31;Lecce;Cagliari;ITALY 1;1;0;1.21;1.22;3.5;11.0;35;65;12;9;4;2;81;114;23;69
2024-08-31;Bayer Leverkusen;RB Leipzig;GERMANY 1;2;3;2.45;0.93;4.6;27.0;63;37;19;7;10;4;114;68;77;28
2024-08-31;Bologna;Empoli;ITALY 1;1;1;1.39;0.5;6.0;16.0;68;32;12;3;3;2;115;78;58;21
2024-08-31;Lazio;AC Milan;ITALY 1;2;2;0.9;0.94;2.54;12.0;42;58;5;8;5;4;89;68;31;20
2024-08-31;Napoli;Parma;ITALY 1;2;1;2.27;0.87;7.8;30.0;54;46;17;8;7;2;119;70;99;30
2024-08-31;Eintracht Frankfurt;Hoffenheim;GERMANY 1;3;1;1.73;0.95;4.2;26.0;50;50;15;7;7;3;102;94;40;39
2024-08-31;Holstein Kiel;Wolfsburg;GERMANY 1;0;2;1.27;1.33;2.24;12.5;54;46;11;9;5;5;63;113;31;55
2024-08-31;Brentford;Southampton;ENGLAND 1;3;1;1.76;1.63;4.8;20.0;37;63;14;13;7;6;75;91;54;54
2024-08-31;Santa Clara;AVS;PORTUGAL 1;2;1;1.5;0.96;4.9;15.5;52;48;12;8;5;2;91;82;54;43
2024-09-01;Le Havre;Auxerre;FRANCE 1;3;1;1.96;0.7;2.7;10.0;49;51;17;4;8;3;87;80;45;31
2024-09-01;Reims;Rennes;FRANCE 1;2;1;1.38;1.17;2.54;16.5;53;47;10;8;7;5;81;91;35;43
2024-09-01;Fiorentina;Monza;ITALY 1;2;2;1.51;0.51;6.4;25.0;69;31;11;3;6;3;127;52;53;14
2024-09-01;Udinese;Como;ITALY 1;1;0;1.02;1.67;3.7;11.5;44;56;8;14;3;4;89;109;41;70
2024-09-01;Lille;PSG;FRANCE 1;1;3;1.29;1.31;1.93;12.0;42;58;8;9;4;7;90;92;69;34
2024-09-01;Bragantino;Bahia;BRAZIL 1;2;1;1.63;1.77;3.25;12.5;30;70;14;13;6;6;86;97;45;74
2024-09-01;Fluminense;Sao Paulo;BRAZIL 1;2;0;1.11;1.11;3.4;8.2;44;56;8;10;5;3;84;96;34;36
2024-09-01;Juventude;Internacional;BRAZIL 1;1;3;1.39;1.98;2.36;8.6;37;63;12;16;5;8;84;108;38;56
2024-09-01;Chelsea;Crystal Palace;ENGLAND 1;1;1;1.56;0.69;5.6;28.0;63;37;12;5;7;3;131;69;41;21
2024-09-01;Monaco;Lens;FRANCE 1;1;1;1.09;1.21;4.1;21.0;61;39;9;10;3;4;105;65;41;41
2024-09-01;Heidenheim;Augsburg;GERMANY 1;4;0;1.56;1.36;2.98;14.0;36;64;13;12;8;1;82;133;24;72
2024-09-11;Internacional;Fortaleza;BRAZIL 1;2;1;1.58;0.84;4.4;12.0;61;39;11;9;7;1;122;88;53;27
2024-09-14;Aston Villa;Everton;ENGLAND 1;3;2;1.84;0.7;6.0;22.0;73;27;14;5;8;2;130;70;53;32
2024-09-14;Auxerre;Monaco;FRANCE 1;0;3;1.23;1.78;1.88;14.5;42;58;8;13;3;9;103;104;70;44
2024-09-14;Empoli;Juventus;ITALY 1;0;0;0.74;1.21;1.71;6.4;34;66;6;10;3;3;69;133;19;48
2024-09-14;AC Milan;Venezia;ITALY 1;4;0;1.49;0.71;11.0;48.0;62;38;10;6;8;2;84;56;40;26
2024-09-14;Real Sociedad;Real Madrid;SPAIN 1;0;2;0.92;1.31;3.15;11.0;48;52;7;8;2;6;97;80;45;53
2024-09-14;PSG;Brest;FRANCE 1;3;1;2.18;0.57;11.5;46.0;67;33;16;3;9;3;133;80;74;22
2024-09-14;Benfica;Santa Clara;PORTUGAL 1;4;1;1.83;0.63;11.5;38.0;60;40;13;5;8;2;141;62;60;23
2024-09-14;Como;Bologna;ITALY 1;2;2;1.16;1.25;2.6;9.2;44;56;10;9;4;4;75;98;34;54
2024-09-14;Wolfsburg;Eintracht Frankfurt;GERMANY 1;1;2;1.41;1.3;2.66;13.5;60;40;10;10;4;6;122;70;67;34
2024-09-14;Hoffenheim;Bayer Leverkusen;GERMANY 1;1;4;1.26;2.0;1.54;18.0;40;60;9;14;5;8;74;125;47;77
2024-09-14;Freiburg;Bochum;GERMANY 1;2;1;2.01;1.05;5.3;22.0;54;46;17;9;9;3;92;116;43;36
2024-09-14;RB Leipzig;Union Berlin;GERMANY 1;0;0;0.99;0.85;7.4;27.0;68;32;8;7;3;3;172;77;33;26
2024-09-14;Manchester City;Brentford;ENGLAND 1;2;1;1.99;1.03;17.5;70.0;54;46;13;7;7;5;117;64;94;33
2024-09-15;Torino;Lecce;ITALY 1;0;0;0.52;1.87;5.4;14.5;53;47;4;18;0;6;89;83;35;44
2024-09-15;Atalanta;Fiorentina;ITALY 1;3;2;1.55;1.24;6.6;28.0;51;49;12;10;7;5;100;95;41;34
2024-09-15;Rennes;Montpellier;FRANCE 1;3;0;1.54;1.08;5.7;25.0;51;49;11;8;6;4;99;110;59;38
2024-09-15;Augsburg;St. Pauli;GERMANY 1;3;1;2.04;1.0;3.8;16.0;43;57;16;7;9;3;72;107;56;46
2024-09-15;Nantes;Reims;FRANCE 1;1;2;1.48;1.22;3.2;12.5;45;55;11;9;6;4;82;95;50;51
2024-09-15;Toulouse;Le Havre;FRANCE 1;2;0;1.5;0.71;4.7;16.5;54;46;11;4;7;3;120;77;42;33
2024-09-15;Cagliari;Napoli;ITALY 1;0;4;1.59;1.29;1.86;9.4;51;49;15;9;5;5;96;90;40;50
2024-09-15;Juventude;Fluminense;BRAZIL 1;2;1;1.43;0.69;2.9;9.0;53;47;9;6;5;1;117;102;70;31
2024-09-15;Cruzeiro;Sao Paulo;BRAZIL 1;0;1;1.17;1.1;4.9;12.0;61;39;10;9;1;4;113;74;64;34
2024-09-16;Parma;Udinese;ITALY 1;2;3;0.93;1.67;3.4;12.5;47;53;8;15;3;6;80;86;28;42
2024-09-21;Rennes;Lens;FRANCE 1;1;1;1.21;0.85;3.3;15.5;40;60;9;5;6;2;104;117;29;52
2024-09-21;Reims;PSG;FRANCE 1;1;1;0.46;1.44;1.47;11.5;22;78;4;9;1;4;36;169;19;79
2024-09-21;Fortaleza;Bahia;BRAZIL 1;4;1;1.3;0.93;2.94;10.0;36;64;9;6;7;4;98;116;32;35
2024-09-21;Lecce;Parma;ITALY 1;2;2;1.02;2.13;3.5;14.0;38;62;9;13;3;10;78;136;32;84
2024-09-21;Lille;Strasbourg;FRANCE 1;3;3;1.77;1.4;6.4;22.0;64;36;13;10;7;9;123;48;63;19
2024-09-21;Juventus;Napoli;ITALY 1;0;0;0.7;0.49;3.6;11.5;65;35;5;3;1;1;130;66;40;30
2024-09-21;Union Berlin;Hoffenheim;GERMANY 1;2;1;0.82;0.91;3.85;17.5;51;49;6;5;2;3;99;105;40;51
2024-09-21;Heidenheim;Freiburg;GERMANY 1;0;3;0.67;1.44;2.66;14.0;42;58;6;11;1;5;74;113;30;54
2024-09-21;Venezia;Genoa;ITALY 1;2;0;1.12;0.4;2.52;9.0;49;51;9;3;4;0;99;95;36;27
2024-09-21;Bochum;Holstein Kiel;GERMANY 1;2;2;1.05;1.34;4.1;21.0;44;56;10;12;3;4;97;79;27;42
2024-09-22;Manchester City;Arsenal;ENGLAND 1;2;2;2.98;0.65;4.0;16.5;77;23;20;5;11;3;142;47;132;16
2024-09-22;Brest;Toulouse;FRANCE 1;2;0;0.97;1.07;3.4;13.5;43;57;6;10;5;1;112;88;30;50
2024-09-22;Gil Vicente;Casa Pia;PORTUGAL 1;1;1;1.2;1.04;4.0;11.5;57;43;9;8;3;5;103;79;58;24
2024-09-22;Montpellier;Auxerre;FRANCE 1;3;2;1.38;1.24;3.0;15.5;54;46;10;9;5;6;108;102;54;33
2024-09-22;Sporting CP;AVS;PORTUGAL 1;3;0;2.33;0.48;48.0;220.0;64;36;18;4;9;1;119;82;78;20
2024-09-22;Sao Paulo;Internacional;BRAZIL 1;1;3;0.77;1.44;3.05;8.6;61;39;6;10;3;6;75;91;23;53
2024-09-22;St. Pauli;RB Leipzig;GERMANY 1;0;0;1.63;1.2;1.63;10.5;31;69;15;9;5;5;110;126;45;37
2024-09-22;Fiorentina;Lazio;ITALY 1;2;1;1.51;1.67;3.4;12.0;46;54;14;13;5;6;64;104;39;59
2024-09-22;Monza;Bologna;ITALY 1;1;2;0.8;1.51;2.52;8.2;42;58;6;11;3;8;88;111;27;34
2024-09-22;Monaco;Le Havre;FRANCE 1;3;1;1.14;0.74;9.6;36.0;62;38;8;5;4;2;115;65;47;38
2024-09-22;Bayer Leverkusen;Wolfsburg;GERMANY 1;4;3;2.13;0.98;12.5;48.0;79;21;14;9;7;4;159;46;104;18
2024-09-24;Atalanta;Como;ITALY 1;2;3;1.48;1.36;6.8;27.0;59;41;8;11;5;7;144;75;84;24
2024-09-25;Bragantino;Internacional;BRAZIL 1;2;2;1.02;2.44;2.64;9.8;44;56;7;20;4;11;98;106;40;57
2024-09-27;PSG;Rennes;FRANCE 1;3;1;1.89;1.23;8.4;32.0;62;38;17;8;8;5;98;93;35;51
2024-09-27;AC Milan;Lecce;ITALY 1;3;0;1.7;1.59;9.6;30.0;57;43;13;13;6;7;99;54;64;40
2024-09-27;Auxerre;Brest;FRANCE 1;3;0;1.26;1.05;2.66;12.0;38;62;10;8;4;4;98;103;47;35
2024-09-28;Genoa;Juventus;ITALY 1;0;3;0.57;1.23;1.89;6.2;34;66;3;10;2;3;66;113;32;52
2024-09-28;Lens;Nice;FRANCE 1;0;0;2.16;0.99;7.0;32.0;55;45;17;7;7;4;100;93;83;36
2024-09-28;Benfica;Gil Vicente;PORTUGAL 1;5;1;1.74;0.76;13.0;36.0;50;50;14;7;6;2;117;62;60;24
2024-09-28;Le Havre;Lille;FRANCE 1;0;3;1.0;1.88;1.9;9.0;38;62;7;13;4;10;109;122;36;48
2024-09-28;Bologna;Atalanta;ITALY 1;1;1;0.36;1.96;2.56;10.0;36;64;2;16;1;5;75;112;20;84
2024-09-28;Everton;Crystal Palace;ENGLAND 1;2;1;1.01;1.39;3.05;10.5;41;59;6;10;2;5;104;102;67;55
2024-09-28;RB Leipzig;Augsburg;GERMANY 1;4;0;1.59;0.5;7.4;38.0;59;41;12;4;7;1;105;76;46;23
2024-09-28;Wolfsburg;Stuttgart;GERMANY 1;2;2;0.62;1.3;2.5;15.0;30;70;4;10;2;4;83;113;29;52
2024-09-28;Freiburg;St. Pauli;GERMANY 1;0;3;1.35;0.96;5.0;15.5;73;27;9;8;3;4;152;70;77;23
2024-09-29;Empoli;Fiorentina;ITALY 1;0;0;0.58;0.74;2.26;8.6;37;63;5;6;1;0;89;125;25;47
2024-09-29;Hoffenheim;Werder Bremen;GERMANY 1;3;4;1.26;2.17;2.84;20.0;35;65;10;14;6;10;66;108;29;81
2024-09-29;Sao Paulo;Corinthians;BRAZIL 1;3;1;1.73;1.06;3.45;8.8;53;47;14;9;8;3;81;88;39;38
2024-09-29;Napoli;Monza;ITALY 1;2;0;0.97;0.48;11.0;34.0;49;51;8;3;2;1;122;78;43;28
2024-09-29;Torino;Lazio;ITALY 1;2;3;1.52;1.51;2.66;9.2;58;42;11;12;7;7;105;90;45;36
2024-09-29;Holstein Kiel;Eintracht Frankfurt;GERMANY 1;2;4;1.07;1.87;1.76;13.5;47;53;7;13;5;10;74;102;37;47
2024-09-29;Juventude;Bragantino;BRAZIL 1;1;1;1.38;1.48;3.45;13.0;52;48;11;12;6;6;76;89;37;41
2024-09-30;Parma;Cagliari;ITALY 1;2;3;1.49;1.12;3.7;16.0;61;39;14;11;4;4;100;78;45;19
2024-10-03;Fluminense;Cruzeiro;BRAZIL 1;1;0;1.51;1.32;3.75;9.2;47;53;11;11;5;5;115;88;64;37
2024-10-04;Napoli;Como;ITALY 1;3;1;1.03;1.13;8.6;30.0;41;59;6;10;6;2;92;100;30;48
2024-10-05;Atalanta;Genoa;ITALY 1;5;1;1.81;0.51;9.0;29.0;60;40;14;3;5;2;0;0;0;0
2024-10-05;Lille;Toulouse;FRANCE 1;2;1;0.93;1.16;4.6;17.0;58;42;7;9;3;4;90;102;37;41
2024-10-05;Corinthians;Internacional;BRAZIL 1;2;2;1.49;0.82;3.3;11.0;53;47;12;5;6;3;87;99;43;38
2024-10-05;Bragantino;Palmeiras;BRAZIL 1;0;0;1.29;1.33;1.94;8.6;41;59;10;11;5;5;98;111;42;38
2024-10-05;Sporting CP;Casa Pia;PORTUGAL 1;2;0;1.8;0.66;28.0;90.0;80;20;13;5;4;3;0;0;0;0
2024-10-05;Rennes;Monaco;FRANCE 1;1;2;1.22;0.63;2.62;13.0;58;42;8;4;3;2;118;96;68;30
2024-10-05;Real Madrid;Villarreal;SPAIN 1;2;0;1.11;0.97;11.5;65.0;55;45;7;9;2;1;91;75;72;46
2024-10-05;Werder Bremen;Freiburg;GERMANY 1;0;1;1.11;1.14;2.64;14.5;58;42;8;9;3;3;109;106;53;49
2024-10-05;Bayer Leverkusen;Holstein Kiel;GERMANY 1;2;2;2.34;0.77;36.0;970.0;74;26;13;6;7;4;176;58;141;14
2024-10-05;Bochum;Wolfsburg;GERMANY 1;1;3;1.4;1.21;2.38;14.5;58;42;10;10;5;5;111;74;56;31
2024-10-05;Udinese;Lecce;ITALY 1;1;0;1.2;0.94;3.45;11.5;56;44;9;8;4;3;101;98;48;29
2024-10-05;Crystal Palace;Liverpool;ENGLAND 1;0;1;1.12;1.41;1.56;11.0;32;68;9;11;5;4;65;125;27;58
2024-10-05;Manchester City;Fulham;ENGLAND 1;3;2;1.89;1.04;13.5;55.0;58;42;12;7;7;4;119;72;88;44
2024-10-05;Arsenal;Southampton;ENGLAND 1;3;1;2.51;0.58;25.0;95.0;59;41;20;4;7;3;127;46;106;16
2024-10-06;Reims;Montpellier;FRANCE 1;4;2;1.49;0.96;3.8;17.5;48;52;13;7;5;3;64;80;45;41
2024-10-06;Brest;Le Havre;FRANCE 1;2;0;0.79;0.93;5.2;16.0;53;47;5;9;3;0;70;81;36;50
2024-10-06;Strasbourg;Lens;FRANCE 1;2;2;1.11;1.23;2.58;12.0;37;63;9;8;5;5;61;75;26;51
2024-10-06;Stuttgart;Hoffenheim;GERMANY 1;1;1;1.88;1.08;9.4;75.0;68;32;13;7;6;5;144;60;87;40
2024-10-06;Fiorentina;AC Milan;ITALY 1;2;1;1.09;1.66;2.54;11.0;39;61;10;13;4;7;0;0;0;0
2024-10-06;Nice;PSG;FRANCE 1;1;1;0.8;2.12;3.0;17.0;29;71;6;14;3;9;58;133;28;83
2024-10-06;Juventus;Cagliari;ITALY 1;1;1;2.06;0.79;9.6;26.0;73;27;16;6;9;2;121;52;58;37
2024-10-06;Bologna;Parma;ITALY 1;0;0;1.51;1.07;4.5;16.5;62;38;12;9;4;4;0;0;0;0
2024-10-06;Lazio;Empoli;ITALY 1;2;1;1.53;0.57;6.2;18.5;55;45;12;4;5;1;0;0;0;0
2024-10-06;Heidenheim;RB Leipzig;GERMANY 1;0;1;1.28;1.09;1.48;13.5;45;55;10;8;4;2;114;115;49;60
2024-10-18;Monaco;Lille;FRANCE 1;0;0;1.49;0.54;3.05;15.0;54;46;11;3;5;1;0;0;0;0
2024-10-18;Cruzeiro;Bahia;BRAZIL 1;1;1;1.33;1.2;3.35;11.0;49;51;11;10;4;4;75;88;49;39
2024-10-19;Fulham;Aston Villa;ENGLAND 1;1;3;1.09;1.26;2.86;15.0;52;48;9;10;4;5;56;71;33;38
2024-10-19;AC Milan;Udinese;ITALY 1;1;0;1.02;1.48;9.2;36.0;44;56;7;14;5;3;63;87;31;54
2024-10-19;Freiburg;Augsburg;GERMANY 1;3;1;1.3;1.06;5.3;21.0;57;43;10;9;6;3;110;113;33;37
2024-10-19;Bayer Leverkusen;Eintracht Frankfurt;GERMANY 1;2;1;2.19;0.78;7.0;42.0;54;46;19;6;9;2;68;70;52;35
2024-10-19;Hoffenheim;Bochum;GERMANY 1;3;1;1.52;1.26;4.7;34.0;50;50;11;10;7;5;73;113;47;36
2024-10-19;Juventus;Lazio;ITALY 1;1;0;1.58;0.3;4.1;11.5;69;31;13;1;3;1;110;66;76;21
2024-10-19;PSG;Strasbourg;FRANCE 1;4;2;1.87;1.47;13.5;65.0;55;45;15;9;10;8;87;108;30;45
2024-10-19;Como;Parma;ITALY 1;1;1;0.98;1.02;4.0;18.5;61;39;7;9;3;3;78;68;44;33
2024-10-19;Brest;Rennes;FRANCE 1;1;1;0.98;0.85;2.64;11.0;56;44;9;6;2;4;113;79;35;25
2024-10-19;Genoa;Bologna;ITALY 1;2;2;0.89;1.36;2.32;8.8;38;62;6;9;4;8;63;91;31;31
2024-10-20;Wolfsburg;Werder Bremen;GERMANY 1;2;4;1.1;0.79;3.7;19.5;52;48;9;6;3;2;0;0;0;0
2024-10-20;Cagliari;Torino;ITALY 1;3;2;0.85;1.33;3.6;12.5;38;62;7;10;2;4;0;0;0;0
2024-10-20;Liverpool;Chelsea;ENGLAND 1;2;1;1.06;1.39;5.4;36.0;43;57;8;12;5;2;0;0;0;0
2024-10-20;Juventude;Palmeiras;BRAZIL 1;3;5;1.97;1.24;1.79;8.0;53;47;19;9;6;7;110;71;49;24
2024-10-20;Lecce;Fiorentina;ITALY 1;0;6;0.63;2.01;2.42;9.8;39;61;4;15;2;11;69;107;31;40
2024-10-20;Empoli;Napoli;ITALY 1;0;1;0.95;0.59;1.72;9.8;50;50;6;5;4;1;89;77;39;27
2024-10-20;Venezia;Atalanta;ITALY 1;0;2;1.23;1.78;1.64;10.0;42;58;11;15;4;7;92;102;35;47
2024-10-20;Auxerre;Reims;FRANCE 1;2;1;0.84;0.82;2.36;12.5;40;60;5;4;3;2;0;0;0;0
2024-10-20;Nantes;Nice;FRANCE 1;1;1;1.25;1.71;2.66;9.4;40;60;8;12;6;7;0;0;0;0
2024-10-20;Holstein Kiel;Union Berlin;GERMANY 1;0;2;1.28;0.97;2.24;9.6;48;52;10;6;5;3;0;0;0;0
2024-10-25;Udinese;Cagliari;ITALY 1;2;0;1.27;0.32;3.7;13.5;64;36;11;3;4;0;121;61;39;17
2024-10-25;Rennes;Le Havre;FRANCE 1;1;0;1.63;0.45;8.2;24.0;61;39;13;2;4;1;0;0;0;0
2024-10-25;Torino;Como;ITALY 1;1;0;0.75;1.56;3.1;10.0;31;69;6;12;2;6;88;115;30;51
2024-10-25;Santa Clara;Gil Vicente;PORTUGAL 1;2;1;1.17;0.85;4.2;11.0;33;67;12;6;3;1;66;103;28;54
2024-10-26;Palmeiras;Fortaleza;BRAZIL 1;2;2;1.45;0.96;9.6;32.0;60;40;11;9;6;3;125;72;44;24
2024-10-26;Lens;Lille;FRANCE 1;0;2;1.04;0.76;3.7;13.5;58;42;6;4;4;3;114;82;50;39
2024-10-26;Werder Bremen;Bayer Leverkusen;GERMANY 1;2;2;1.69;1.56;1.55;15.0;43;57;13;12;8;5;98;118;42;61
2024-10-26;Everton;Fulham;ENGLAND 1;1;1;1.13;1.34;2.78;12.0;40;60;8;12;5;3;87;125;37;50
2024-10-26;Reims;Brest;FRANCE 1;1;2;1.28;1.06;4.5;15.5;53;47;9;8;3;4;111;85;69;37
2024-10-26;Manchester City;Southampton;ENGLAND 1;1;0;2.33;0.54;26.0;110.0;58;42;15;4;8;2;140;51;114;19
2024-10-26;Stuttgart;Holstein Kiel;GERMANY 1;2;1;1.8;0.85;12.5;70.0;59;41;15;6;6;3;131;60;58;35
2024-10-26;RB Leipzig;Freiburg;GERMANY 1;3;1;1.62;1.48;4.8;21.0;43;57;12;13;9;5;85;135;32;40
2024-10-26;Napoli;Lecce;ITALY 1;1;0;1.96;0.7;7.6;34.0;65;35;15;6;8;2;100;78;63;24
2024-10-26;St. Pauli;Wolfsburg;GERMANY 1;0;0;1.28;1.15;2.78;13.0;54;46;9;10;5;4;112;98;48;32
2024-10-27;Nice;Monaco;FRANCE 1;2;1;2.09;1.09;2.28;11.5;40;60;15;6;9;5;80;125;72;47
2024-10-27;Montpellier;Toulouse;FRANCE 1;0;3;0.91;1.42;2.3;12.5;52;48;7;11;2;6;104;87;43;42
2024-10-27;Strasbourg;Nantes;FRANCE 1;3;1;0.97;1.14;4.6;17.0;51;49;6;7;5;6;80;99;32;36
2024-10-27;Lazio;Genoa;ITALY 1;3;0;1.63;0.77;7.4;23.0;61;39;14;6;4;2;113;82;64;33
2024-10-27;Monza;Venezia;ITALY 1;2;2;1.17;0.63;4.0;12.5;46;54;10;4;2;2;88;105;55;30
2024-10-27;Heidenheim;Hoffenheim;GERMANY 1;0;0;1.48;1.03;2.86;16.5;47;53;15;7;3;4;100;123;44;40
2024-10-27;Union Berlin;Eintracht Frankfurt;GERMANY 1;1;1;1.4;1.22;2.86;12.0;49;51;12;11;5;5;126;97;38;22
2024-10-27;Arsenal;Liverpool;ENGLAND 1;2;2;1.1;1.12;3.0;12.5;45;55;7;7;3;4;85;83;61;55
2024-10-27;Parma;Empoli;ITALY 1;1;1;1.37;0.62;3.55;13.5;60;40;12;5;4;1;114;69;45;32
2024-10-29;AC Milan;Napoli;ITALY 1;0;2;1.49;0.97;3.0;13.0;61;39;11;8;5;4;114;57;60;25
2024-10-29;Cagliari;Bologna;ITALY 1;0;2;0.95;1.03;2.62;9.2;42;58;9;8;2;4;68;115;33;32
2024-10-30;Juventus;Parma;ITALY 1;2;2;1.9;1.11;8.8;28.0;61;39;16;8;6;5;132;74;64;35
2024-10-30;Atalanta;Monza;ITALY 1;2;0;1.58;0.62;12.0;44.0;54;46;9;4;6;3;147;81;79;20
2024-10-30;Venezia;Udinese;ITALY 1;3;2;1.65;1.43;2.82;9.8;57;43;12;13;7;5;110;88;55;36
2024-10-31;Como;Lazio;ITALY 1;1;5;1.0;1.5;2.6;9.8;51;49;9;11;2;7;102;87;39;43
2024-10-31;Genoa;Fiorentina;ITALY 1;0;1;1.21;0.98;1.74;7.6;43;57;10;5;4;4;0;0;0;0
2024-11-01;Bayer Leverkusen;Stuttgart;GERMANY 1;0;0;1.74;0.47;4.7;23.0;52;48;14;3;5;1;104;78;70;27
2024-11-02;PSG;Lens;FRANCE 1;1;0;1.95;0.99;8.2;34.0;68;32;14;8;8;2;119;97;70;47
2024-11-02;Udinese;Juventus;ITALY 1;0;2;0.74;1.08;1.94;7.0;38;62;5;8;2;5;89;90;37;30
2024-11-02;Monza;AC Milan;ITALY 1;0;1;0.95;1.58;1.68;8.0;44;56;9;13;2;7;68;94;33;36
2024-11-02;Juventude;Fortaleza;BRAZIL 1;0;3;1.6;0.89;3.0;11.0;60;40;13;7;6;4;116;66;49;23
2024-11-02;Brest;Nice;FRANCE 1;0;1;1.75;1.12;2.98;10.5;63;37;15;11;6;3;134;78;51;29
2024-11-02;Holstein Kiel;Heidenheim;GERMANY 1;1;0;1.33;1.61;2.64;13.0;46;54;10;14;6;5;97;107;37;51
2024-11-02;Southampton;Everton;ENGLAND 1;1;0;0.89;1.57;2.74;12.5;65;35;7;14;2;6;95;102;41;36
2024-11-02;Wolfsburg;Augsburg;GERMANY 1;1;1;1.56;0.44;3.85;19.5;70;30;11;3;6;1;124;60;60;24
2024-11-02;Eintracht Frankfurt;Bochum;GERMANY 1;7;2;1.97;1.81;9.0;46.0;65;35;12;11;9;8;122;74;80;78
2024-11-02;Hoffenheim;St. Pauli;GERMANY 1;0;2;1.58;0.74;4.3;21.0;68;32;10;5;6;3;168;91;70;27
2024-11-02;Bologna;Lecce;ITALY 1;1;0;1.75;0.55;6.2;17.0;72;28;14;5;4;1;131;68;81;22
2024-11-03;Torino;Fiorentina;ITALY 1;0;1;0.87;0.86;2.36;9.6;53;47;8;6;1;3;106;98;39;36
2024-11-03;Toulouse;Reims;FRANCE 1;1;0;1.51;0.87;3.9;16.0;50;50;11;6;6;2;90;94;55;47
2024-11-03;Auxerre;Rennes;FRANCE 1;4;0;1.74;0.97;2.18;12.5;39;61;15;5;8;4;85;117;32;49
2024-11-03;Le Havre;Montpellier;FRANCE 1;1;0;1.09;0.99;2.9;11.0;48;52;8;9;4;1;104;113;41;47
2024-11-03;Napoli;Atalanta;ITALY 1;0;3;1.04;1.19;3.6;15.0;50;50;8;10;3;3;94;101;43;47
2024-11-04;Lazio;Cagliari;ITALY 1;2;1;1.6;0.4;7.8;26.0;54;46;15;2;5;1;115;80;41;26
2024-11-04;Fulham;Brentford;ENGLAND 1;2;1;2.55;0.57;3.75;18.5;68;32;16;3;12;2;138;78;96;31
2024-11-04;Corinthians;Palmeiras;BRAZIL 1;2;0;0.78;1.57;2.44;9.4;42;58;6;11;4;4;64;149;16;80
2024-11-04;Empoli;Como;ITALY 1;1;0;1.05;0.99;2.98;9.8;41;59;8;8;4;2;59;90;36;47
2024-11-04;Parma;Genoa;ITALY 1;0;1;0.85;1.66;4.7;17.5;55;45;9;14;0;7;97;105;38;39
2024-11-05;Bahia;Sao Paulo;BRAZIL 1;0;3;1.87;0.8;5.0;13.0;52;48;15;6;6;4;116;81;70;17
2024-11-07;Genoa;Como;ITALY 1;1;1;1.07;1.68;2.68;9.0;42;58;8;13;4;8;87;94;38;41
2024-11-08;Internacional;Fluminense;BRAZIL 1;2;0;1.71;0.96;7.8;20.0;51;49;12;7;7;2;120;95;63;51
2024-11-08;Lecce;Empoli;ITALY 1;1;1;1.79;1.11;3.8;11.5;59;41;17;8;4;6;111;95;60;23
2024-11-08;Union Berlin;Freiburg;GERMANY 1;0;0;1.42;1.23;3.5;14.0;40;60;9;11;6;4;108;100;59;34
2024-11-09;Juventude;Bahia;BRAZIL 1;2;1;2.01;0.95;2.64;11.5;39;61;18;6;8;3;95;93;44;48
2024-11-09;Liverpool;Aston Villa;ENGLAND 1;2;0;1.43;1.07;7.0;34.0;63;37;11;10;5;2;115;48;52;42
2024-11-09;Crystal Palace;Fulham;ENGLAND 1;0;2;1.3;1.87;2.64;10.5;35;65;11;14;5;8;93;123;34;58
2024-11-09;Strasbourg;Monaco;FRANCE 1;1;3;0.67;1.81;2.12;14.0;42;58;5;15;2;8;76;104;28;41
2024-11-09;Cagliari;AC Milan;ITALY 1;3;3;1.54;1.37;1.66;10.0;45;55;12;11;7;6;75;84;41;34
2024-11-09;Juventus;Torino;ITALY 1;2;0;0.97;0.49;7.6;19.5;55;45;7;3;4;1;68;110;33;29
2024-11-09;Lens;Nantes;FRANCE 1;3;2;1.18;0.9;6.4;19.0;67;33;10;8;3;3;133;78;44;25
2024-11-09;Bochum;Bayer Leverkusen;GERMANY 1;1;1;0.97;1.12;1.78;14.5;29;71;9;7;3;3;84;133;25;63
2024-11-09;Werder Bremen;Holstein Kiel;GERMANY 1;2;1;1.51;0.98;5.4;27.0;61;39;12;8;5;5;137;67;53;16
2024-11-09;Venezia;Parma;ITALY 1;1;2;1.5;0.84;3.0;15.0;67;33;10;7;6;3;96;79;61;25
2024-11-10;Montpellier;Brest;FRANCE 1;3;1;1.56;1.92;2.2;11.5;33;67;11;18;8;6;76;116;42;50
2024-11-10;Le Havre;Reims;FRANCE 1;0;3;1.05;1.57;2.36;9.6;55;45;8;13;3;7;82;73;46;36
2024-11-10;Rennes;Toulouse;FRANCE 1;0;2;0.71;0.93;4.6;17.0;67;33;3;8;1;2;123;73;60;39
2024-11-10;Heidenheim;Wolfsburg;GERMANY 1;1;3;1.45;1.25;2.62;11.0;65;35;11;9;4;6;139;76;64;36
2024-11-10;Chelsea;Arsenal;ENGLAND 1;1;1;1.1;0.97;2.68;13.5;49;51;9;7;3;3;74;88;44;43
2024-11-10;Stuttgart;Eintracht Frankfurt;GERMANY 1;2;3;2.28;1.09;6.4;32.0;60;40;17;8;12;5;127;70;49;32
2024-11-10;Monza;Lazio;ITALY 1;0;1;1.07;1.51;1.88;8.4;51;49;9;13;2;6;111;73;48;38
2024-11-10;Atalanta;Udinese;ITALY 1;2;1;1.03;1.38;9.2;34.0;54;46;7;9;3;6;90;81;51;54
2024-11-10;Nice;Lille;FRANCE 1;2;2;1.35;1.48;3.15;11.5;43;57;11;11;5;6;79;109;42;50
2024-11-10;Augsburg;Hoffenheim;GERMANY 1;0;0;1.19;0.91;3.4;21.0;44;56;9;6;4;2;104;127;46;51
2024-11-20;Bragantino;Sao Paulo;BRAZIL 1;1;1;1.82;0.82;3.1;9.0;43;57;16;6;5;2;93;86;64;41
2024-11-20;Corinthians;Cruzeiro;BRAZIL 1;2;1;1.67;0.84;9.4;26.0;45;55;13;8;9;2;74;83;30;25
2024-11-20;Bahia;Palmeiras;BRAZIL 1;1;2;1.69;0.85;2.28;11.0;58;42;15;5;6;2;97;99;45;53
2024-11-22;Fluminense;Fortaleza;BRAZIL 1;2;2;1.37;1.16;5.5;16.0;74;26;8;10;5;5;140;60;69;24
2024-11-22;PSG;Toulouse;FRANCE 1;3;0;2.1;1.17;7.8;40.0;73;27;17;11;8;2;0;0;0;0
2024-11-22;Monaco;Brest;FRANCE 1;3;2;1.11;1.66;6.8;24.0;52;48;9;13;4;5;0;0;0;0
2024-11-23;Parma;Atalanta;ITALY 1;1;3;0.82;1.49;1.64;13.0;45;55;6;11;3;6;130;113;28;51
2024-11-23;AC Milan;Juventus;ITALY 1;0;0;0.75;0.65;3.7;12.5;44;56;5;4;1;2;83;97;49;33
2024-11-23;Eintracht Frankfurt;Werder Bremen;GERMANY 1;1;0;1.23;0.7;4.5;18.5;50;50;8;5;5;1;86;109;51;41
2024-11-23;Everton;Brentford;ENGLAND 1;0;0;2.05;0.73;2.94;12.0;59;41;17;6;5;2;127;64;87;28
2024-11-23;Aston Villa;Crystal Palace;ENGLAND 1;2;2;1.45;1.41;6.0;23.0;70;30;11;12;5;6;119;63;54;33
2024-11-23;Hoffenheim;RB Leipzig;GERMANY 1;4;3;2.07;1.59;1.56;22.0;61;39;20;14;7;6;0;0;0;0
2024-11-23;Wolfsburg;Union Berlin;GERMANY 1;1;0;1.36;1.31;3.4;12.0;55;45;10;11;5;4;0;0;0;0
2024-11-23;Stuttgart;Bochum;GERMANY 1;2;0;1.54;0.87;9.8;55.0;58;42;13;8;5;2;119;87;50;30
2024-11-23;Bayer Leverkusen;Heidenheim;GERMANY 1;5;2;2.22;0.74;17.5;65.0;79;21;15;6;10;3;197;48;76;21
2024-11-24;Genoa;Cagliari;ITALY 1;2;2;1.59;1.62;3.5;10.5;52;48;14;14;6;6;82;92;40;43
2024-11-24;Lille;Rennes;FRANCE 1;1;0;0.87;0.53;4.4;16.5;56;44;6;4;3;1;0;0;0;0
2024-11-24;Torino;Monza;ITALY 1;1;1;1.12;1.19;5.2;14.5;55;45;7;9;5;6;117;88;43;27
2024-11-24;Southampton;Liverpool;ENGLAND 1;2;3;0.98;2.56;1.3;12.5;38;62;7;18;5;11;42;118;26;91
2024-11-24;Como;Fiorentina;ITALY 1;0;2;1.26;0.99;2.36;9.0;57;43;10;8;4;4;0;0;0;0
2024-11-24;Nantes;Le Havre;FRANCE 1;0;2;2.03;0.77;5.1;14.5;71;29;18;6;4;3;0;0;0;0
2024-11-24;Internacional;Bragantino;BRAZIL 1;4;1;1.52;0.63;6.2;21.0;55;45;11;4;7;1;96;88;45;41
2024-11-24;Nice;Strasbourg;FRANCE 1;2;1;1.8;1.03;4.9;20.0;54;46;15;10;6;3;0;0;0;0
2024-11-24;Lazio;Bologna;ITALY 1;3;0;1.31;0.42;4.9;15.5;70;30;9;3;4;1;125;50;62;21
2024-11-25;Empoli;Udinese;ITALY 1;1;1;0.5;1.73;2.98;8.0;30;70;4;17;2;3;0;0;0;0
2024-11-25;Venezia;Lecce;ITALY 1;0;1;1.77;0.69;3.55;12.5;61;39;14;6;6;2;128;77;63;22
2024-11-29;Reims;Lens;FRANCE 1;0;2;1.23;1.26;2.46;11.5;52;48;11;10;3;6;118;72;43;28
2024-11-29;St. Pauli;Holstein Kiel;GERMANY 1;3;1;1.03;0.9;4.7;17.0;48;52;7;8;4;3;91;104;41;23
2024-11-30;AC Milan;Empoli;ITALY 1;3;0;1.2;0.51;11.0;34.0;56;44;9;5;4;0;102;70;47;26
2024-11-30;Bologna;Venezia;ITALY 1;3;0;1.96;0.45;4.8;14.5;61;39;14;3;9;1;118;69;61;25
2024-11-30;Sporting CP;Santa Clara;PORTUGAL 1;0;1;1.87;0.6;17.5;60.0;74;26;13;4;4;3;154;59;105;18
2024-11-30;PSG;Nantes;FRANCE 1;1;1;2.83;0.5;16.0;60.0;84;16;18;4;10;2;222;47;136;14
2024-11-30;Brest;Strasbourg;FRANCE 1;3;1;1.37;1.14;3.7;14.0;38;62;9;9;8;4;83;107;32;38
2024-11-30;RB Leipzig;Wolfsburg;GERMANY 1;1;5;1.06;1.4;9.2;40.0;62;38;7;11;4;8;138;60;43;20
2024-11-30;Augsburg;Bochum;GERMANY 1;1;0;1.36;0.7;5.0;21.0;53;47;11;6;4;1;102;113;53;32
2024-11-30;Werder Bremen;Stuttgart;GERMANY 1;2;2;1.8;1.11;1.64;13.5;43;57;16;8;6;4;82;101;52;43
2024-11-30;Como;Monza;ITALY 1;1;1;1.11;1.02;4.1;12.5;54;46;10;9;3;3;89;78;36;33
2024-11-30;Union Berlin;Bayer Leverkusen;GERMANY 1;1;2;0.73;1.04;1.59;8.8;38;62;6;7;2;3;80;117;27;52
2024-12-01;Parma;Lazio;ITALY 1;3;1;1.13;2.17;1.85;11.5;28;72;10;17;4;8;77;134;29;73
2024-12-01;Torino;Napoli;ITALY 1;0;1;0.53;1.46;1.83;6.8;48;52;3;12;1;6;119;69;34;40
2024-12-01;Montpellier;Lille;FRANCE 1;2;2;1.24;1.28;1.91;11.0;42;58;10;11;5;4;82;101;35;41
2024-12-01;Chelsea;Aston Villa;ENGLAND 1;3;0;1.85;1.02;4.9;26.0;64;36;14;7;8;4;90;53;57;41
2024-12-01;Udinese;Genoa;ITALY 1;0;2;0.55;1.23;4.4;13.5;46;54;2;9;2;4;83;101;37;52
2024-12-01;Heidenheim;Eintracht Frankfurt;GERMANY 1;0;4;0.76;1.69;1.96;11.0;46;54;6;13;1;8;109;128;41;41
2024-12-01;Bragantino;Cruzeiro;BRAZIL 1;1;1;0.76;1.38;4.1;13.5;33;67;6;11;2;2;76;133;32;74
2024-12-01;Lecce;Juventus;ITALY 1;1;1;1.21;0.84;1.75;5.8;38;62;8;5;6;3;65;99;39;42
2024-12-01;Liverpool;Manchester City;ENGLAND 1;2;0;1.87;0.84;3.65;20.0;44;56;14;5;7;2;97;92;69;52
2024-12-01;Toulouse;Auxerre;FRANCE 1;2;0;1.34;0.3;5.5;22.0;51;49;9;1;7;0;78;107;39;29
2024-12-03;Corinthians;Bahia;BRAZIL 1;3;0;1.64;0.96;5.6;21.0;52;48;14;9;7;2;101;92;36;33
2024-12-04;Cruzeiro;Palmeiras;BRAZIL 1;1;2;1.0;2.72;2.56;7.8;46;54;8;22;3;12;81;124;38;68
2024-12-04;Aston Villa;Brentford;ENGLAND 1;3;1;2.03;0.72;4.9;27.0;49;51;16;5;10;1;77;115;45;44
2024-12-04;Sao Paulo;Juventude;BRAZIL 1;1;2;1.08;1.31;4.8;16.0;69;31;7;11;2;7;148;54;66;17
2024-12-04;Southampton;Chelsea;ENGLAND 1;1;5;0.82;2.58;1.34;15.5;45;55;4;20;4;13;55;92;39;57
2024-12-06;Lille;Brest;FRANCE 1;3;1;1.23;0.85;6.0;18.0;62;38;8;7;6;3;104;85;41;26
2024-12-06;Atalanta;AC Milan;ITALY 1;2;1;1.77;0.65;3.55;16.0;52;48;12;5;8;2;101;74;62;25
2024-12-06;Stuttgart;Union Berlin;GERMANY 1;3;2;1.11;1.11;5.1;16.0;64;36;7;10;5;3;128;72;41;37
2024-12-06;Auxerre;PSG;FRANCE 1;0;0;0.56;2.64;1.34;14.5;27;73;3;20;2;11;66;151;30;84
2024-12-07;Nice;Le Havre;FRANCE 1;2;1;1.33;0.96;7.0;22.0;51;49;11;7;5;2;106;90;38;51
2024-12-07;Juventus;Bologna;ITALY 1;2;2;0.82;1.05;6.4;16.0;54;46;6;8;3;4;81;107;30;34
2024-12-07;Monaco;Toulouse;FRANCE 1;2;0;1.61;0.76;5.1;21.0;58;42;16;5;5;3;117;123;33;29
2024-12-07;Crystal Palace;Manchester City;ENGLAND 1;2;2;0.71;1.37;1.32;8.2;32;68;5;8;3;4;64;132;25;79
2024-12-07;Aston Villa;Southampton;ENGLAND 1;1;0;1.38;0.43;9.2;42.0;47;53;10;0;5;0;76;96;55;57
2024-12-07;Bayer Leverkusen;St. Pauli;GERMANY 1;2;1;0.9;1.25;15.0;55.0;63;37;5;10;3;4;113;77;50;47
2024-12-07;Eintracht Frankfurt;Augsburg;GERMANY 1;2;2;1.39;0.83;3.65;17.5;67;33;10;7;4;3;124;76;64;24
2024-12-07;Bochum;Werder Bremen;GERMANY 1;0;1;1.1;0.56;2.2;13.5;52;48;9;5;2;1;111;70;53;23
2024-12-07;Holstein Kiel;RB Leipzig;GERMANY 1;0;2;1.39;0.93;1.59;13.0;56;44;11;6;5;5;100;78;47;26
2024-12-07;Genoa;Torino;ITALY 1;0;0;0.63;1.06;3.35;9.8;52;48;5;7;1;3;71;118;33;54
2024-12-08;Napoli;Lazio;ITALY 1;0;1;1.2;0.76;4.7;14.5;57;43;12;7;1;3;0;0;0;0
2024-12-08;Casa Pia;AVS;PORTUGAL 1;1;1;1.19;0.86;5.2;16.0;46;54;8;6;5;3;106;96;45;35
2024-12-08;Juventude;Cruzeiro;BRAZIL 1;0;1;1.84;0.61;3.2;11.5;50;50;14;6;7;1;91;45;65;22
2024-12-08;Fortaleza;Internacional;BRAZIL 1;3;0;1.03;0.8;2.98;12.5;37;63;7;7;5;1;86;116;31;37
2024-12-08;Palmeiras;Fluminense;BRAZIL 1;0;1;1.2;1.04;7.2;25.0;58;42;10;7;3;5;118;104;48;32
2024-12-08;Fiorentina;Cagliari;ITALY 1;1;0;0.96;0.61;6.8;27.0;49;51;7;4;3;1;93;84;41;38
2024-12-08;Fulham;Arsenal;ENGLAND 1;1;1;0.36;1.72;1.6;9.8;34;66;2;13;2;5;48;139;11;74
2024-12-08;Lens;Montpellier;FRANCE 1;2;0;1.55;1.02;9.6;50.0;55;45;12;8;4;4;100;66;71;32
2024-12-08;Hoffenheim;Freiburg;GERMANY 1;1;1;1.58;1.27;2.62;14.5;50;50;15;11;5;4;0;0;0;0
2024-12-08;Venezia;Como;ITALY 1;2;2;0.93;1.21;2.78;10.5;34;66;6;8;5;4;62;120;27;57
2024-12-08;Strasbourg;Reims;FRANCE 1;0;0;1.0;0.98;3.1;12.0;48;52;6;7;3;3;101;80;56;45
2024-12-08;Nantes;Rennes;FRANCE 1;1;0;0.97;0.84;2.5;9.8;46;54;7;6;2;4;105;75;52;24
2024-12-09;Monza;Udinese;ITALY 1;1;2;2.03;0.86;3.2;9.6;67;33;16;8;5;3;138;62;93;19
2024-12-13;Freiburg;Wolfsburg;GERMANY 1;3;2;1.91;1.64;3.15;14.0;53;47;14;15;10;5;119;92;44;48
2024-12-13;Empoli;Torino;ITALY 1;0;1;1.02;1.25;2.34;7.6;59;41;7;12;4;4;117;72;38;29
2024-12-14;Arsenal;Everton;ENGLAND 1;0;0;1.57;0.16;20.0;75.0;77;23;8;0;5;0;131;53;98;20
2024-12-14;Liverpool;Fulham;ENGLAND 1;2;2;1.45;0.92;10.0;44.0;61;39;11;8;4;3;97;68;66;27
2024-12-14;Juventus;Venezia;ITALY 1;2;2;1.33;0.58;11.5;34.0;69;31;10;4;4;2;114;71;57;24
2024-12-14;Reims;Monaco;FRANCE 1;0;0;0.67;1.27;2.12;11.5;37;63;6;10;0;3;90;142;38;57
2024-12-14;Rayo Vallecano;Real Madrid;SPAIN 1;3;3;1.32;1.57;1.61;8.6;34;66;10;11;5;6;84;125;47;62
2024-12-14;Auxerre;Lens;FRANCE 1;2;2;0.97;1.33;2.0;9.6;39;61;7;10;3;5;101;115;42;46
2024-12-14;Udinese;Napoli;ITALY 1;1;3;0.77;1.87;2.0;10.5;30;70;7;17;3;4;0;0;0;0
2024-12-14;St. Pauli;Werder Bremen;GERMANY 1;0;2;1.24;0.87;2.78;11.5;57;43;9;6;4;4;113;94;52;27
2024-12-14;Cagliari;Atalanta;ITALY 1;0;1;1.64;1.28;1.76;10.0;44;56;12;12;7;2;0;0;0;0
2024-12-14;Union Berlin;Bochum;GERMANY 1;1;1;2.13;0.87;4.4;14.0;70;30;18;7;4;3;136;68;99;30
2024-12-14;Augsburg;Bayer Leverkusen;GERMANY 1;0;2;1.0;1.1;1.65;9.2;34;66;7;9;4;3;78;131;37;42
2024-12-15;AC Milan;Genoa;ITALY 1;0;0;1.66;0.55;7.0;27.0;57;43;13;4;4;1;139;84;76;29
2024-12-15;Chelsea;Brentford;ENGLAND 1;2;1;2.33;0.95;9.4;50.0;62;38;18;7;8;4;116;78;88;30
2024-12-15;AVS;Benfica;PORTUGAL 1;1;1;1.81;1.37;1.19;10.5;41;59;16;10;7;4;100;134;42;62
2024-12-15;RB Leipzig;Eintracht Frankfurt;GERMANY 1;2;1;1.74;1.16;3.2;20.0;43;57;14;11;9;3;79;85;31;35
2024-12-15;Lecce;Monza;ITALY 1;2;1;1.07;0.81;4.2;13.5;45;55;9;7;4;0;87;95;30;50
2024-12-15;Heidenheim;Stuttgart;GERMANY 1;1;3;0.8;1.6;1.86;11.0;34;66;5;11;2;7;87;112;46;56
2024-12-15;Bologna;Fiorentina;ITALY 1;1;0;1.43;0.87;2.76;9.8;51;49;12;6;6;4;109;92;33;27
2024-12-15;Montpellier;Nice;FRANCE 1;2;2;1.87;1.52;2.42;12.5;52;48;14;13;8;6;97;94;59;38
2024-12-15;Le Havre;Strasbourg;FRANCE 1;0;3;1.12;1.02;3.25;11.0;56;44;10;8;1;5;107;79;57;21
2024-12-15;Brest;Nantes;FRANCE 1;4;1;1.46;1.5;6.0;17.5;52;48;11;10;8;7;89;101;28;51
2024-12-18;Villarreal;Rayo Vallecano;SPAIN 1;1;1;1.45;1.4;4.8;18.5;45;55;10;11;5;3;93;107;64;68
2024-12-18;Monaco;PSG;FRANCE 1;2;4;1.32;2.17;1.87;14.0;40;60;10;15;5;12;103;108;46;52
2024-12-21;Genoa;Napoli;ITALY 1;1;2;1.12;1.07;1.71;6.8;39;61;9;9;3;2;84;108;46;49
2024-12-21;Crystal Palace;Arsenal;ENGLAND 1;1;5;1.39;1.37;1.54;8.2;42;58;12;9;6;6;68;106;29;51
2024-12-21;Bayer Leverkusen;Freiburg;GERMANY 1;5;1;2.31;0.68;9.2;34.0;67;33;16;6;12;2;136;67;62;21
2024-12-21;Lecce;Lazio;ITALY 1;1;2;0.76;1.66;1.69;8.2;40;60;6;10;2;7;96;114;32;74
2024-12-21;Aston Villa;Manchester City;ENGLAND 1;2;1;1.16;1.55;2.18;15.0;44;56;9;11;6;6;69;106;23;59
2024-12-21;Torino;Bologna;ITALY 1;0;2;0.45;1.05;2.98;8.2;42;58;2;7;0;5;86;101;43;34
2024-12-21;Stuttgart;St. Pauli;GERMANY 1;0;1;1.73;1.16;7.8;29.0;73;27;12;10;5;5;133;62;85;25
2024-12-21;Holstein Kiel;Augsburg;GERMANY 1;5;1;1.05;1.3;2.4;11.0;38;62;7;10;6;4;91;107;24;53
2024-12-21;Werder Bremen;Union Berlin;GERMANY 1;4;1;1.22;1.22;3.95;13.5;54;46;9;8;5;4;109;121;40;58
2024-12-22;Gil Vicente;Sporting CP;PORTUGAL 1;0;0;0.5;1.73;1.28;9.0;36;64;3;11;1;7;73;132;32;74
2024-12-22;Monza;Juventus;ITALY 1;1;2;1.47;1.84;1.67;6.6;45;55;12;13;5;9;98;109;50;53
2024-12-22;Atalanta;Empoli;ITALY 1;3;2;1.79;0.68;8.0;27.0;65;35;13;5;7;3;121;83;65;19
2024-12-22;Bochum;Heidenheim;GERMANY 1;2;0;1.21;0.75;3.45;17.5;51;49;9;5;4;2;152;98;46;38
2024-12-22;Venezia;Cagliari;ITALY 1;2;1;1.26;1.77;3.05;13.0;32;68;10;13;6;7;70;131;28;62
2024-12-22;Everton;Chelsea;ENGLAND 1;0;0;0.7;1.34;1.7;11.0;25;75;4;8;4;5;51;114;23;65
2024-12-22;Fulham;Southampton;ENGLAND 1;0;0;1.54;0.36;8.0;32.0;57;43;11;2;5;1;119;77;67;21
2024-12-23;Fiorentina;Udinese;ITALY 1;1;2;1.2;1.18;6.4;23.0;51;49;10;10;3;4;90;91;49;36
2024-12-26;Manchester City;Everton;ENGLAND 1;1;1;1.78;0.78;9.2;38.0;66;34;14;6;5;3;134;60;74;26
2024-12-26;Chelsea;Fulham;ENGLAND 1;1;2;1.38;1.68;7.0;34.0;47;53;9;14;8;7;110;86;32;42
2024-12-28;Lazio;Atalanta;ITALY 1;1;1;1.2;1.5;2.5;12.5;40;60;10;13;5;4;93;100;29;55
2024-12-28;Parma;Monza;ITALY 1;2;1;0.72;1.22;3.25;15.0;44;56;4;10;3;4;79;65;34;43
2024-12-28;Empoli;Genoa;ITALY 1;1;2;1.56;1.23;3.4;9.0;59;41;11;10;8;5;96;110;41;33
2024-12-29;Crystal Palace;Southampton;ENGLAND 1;2;1;1.93;0.85;6.0;22.0;46;54;13;6;10;3;100;102;56;34
2024-12-29;Napoli;Venezia;ITALY 1;1;0;2.28;0.54;15.0;44.0;67;33;19;3;8;2;142;90;71;26
2024-12-29;Sporting CP;Benfica;PORTUGAL 1;1;0;1.31;1.42;3.55;16.5;45;55;9;12;6;3;86;101;44;62
2024-12-29;Udinese;Torino;ITALY 1;2;2;0.95;1.39;2.92;8.6;44;56;8;11;3;6;80;90;32;37
2024-12-29;Juventus;Fiorentina;ITALY 1;2;2;1.52;0.98;5.4;15.0;62;38;12;7;5;4;118;83;56;34
2024-12-30;Como;Lecce;ITALY 1;2;0;1.68;0.97;5.5;16.5;57;43;11;9;8;2;108;76;58;36
2025-01-01;Brentford;Arsenal;ENGLAND 1;1;3;0.66;1.51;1.69;8.8;51;49;4;9;2;5;82;99;35;82
2025-01-03;Nice;Rennes;FRANCE 1;3;2;1.09;1.21;3.6;13.0;46;54;7;8;6;5;83;104;30;48
2025-01-04;Southampton;Brentford;ENGLAND 1;0;5;0.77;2.22;2.32;13.5;51;49;6;18;1;11;110;87;42;44
2025-01-04;Lille;Nantes;FRANCE 1;1;1;1.26;0.57;6.8;21.0;71;29;7;5;3;2;140;59;82;15
2025-01-04;Fiorentina;Napoli;ITALY 1;0;3;0.96;1.14;3.3;14.5;48;52;8;10;2;4;89;108;42;30
2025-01-04;Crystal Palace;Chelsea;ENGLAND 1;1;1;1.18;1.17;2.02;13.5;38;62;8;11;6;1;69;121;35;54
2025-01-04;Venezia;Empoli;ITALY 1;1;1;0.77;1.55;3.5;11.5;50;50;5;11;3;6;100;127;32;59
2025-01-05;Lens;Toulouse;FRANCE 1;0;1;1.1;0.79;4.3;14.5;66;34;7;5;1;4;112;64;81;26
2025-01-05;Lecce;Genoa;ITALY 1;0;0;1.13;0.45;3.05;9.4;63;37;7;3;3;1;134;61;63;25
2025-01-05;Torino;Parma;ITALY 1;0;0;1.22;1.01;4.9;16.5;62;38;7;9;4;3;111;85;68;31
2025-01-05;Monza;Cagliari;ITALY 1;1;2;0.85;1.16;3.85;14.5;53;47;6;9;2;4;89;96;45;42
2025-01-05;Strasbourg;Auxerre;FRANCE 1;3;1;0.99;1.5;4.5;21.0;60;40;7;13;4;7;111;79;34;26
2025-01-10;Lazio;Como;ITALY 1;1;1;1.04;1.65;4.5;14.5;36;64;7;16;4;4;77;99;43;50
2025-01-10;Auxerre;Lille;FRANCE 1;0;0;0.95;1.24;1.8;9.6;29;71;8;6;3;5;81;133;31;69
2025-01-10;Nantes;Monaco;FRANCE 1;2;2;0.92;1.66;1.84;9.0;31;69;7;12;4;7;63;135;27;55
2025-01-11;AC Milan;Cagliari;ITALY 1;1;1;2.71;0.54;6.0;26.0;68;32;21;4;11;2;134;54;85;19
2025-01-11;Torino;Juventus;ITALY 1;1;1;0.94;1.57;2.26;6.8;42;58;8;11;2;9;75;106;40;32
2025-01-11;Reims;Nice;FRANCE 1;2;4;1.22;1.81;3.2;12.0;55;45;11;13;3;10;97;94;43;40
2025-01-11;Freiburg;Holstein Kiel;GERMANY 1;3;2;1.22;1.37;8.2;32.0;51;49;9;10;5;7;103;94;40;33
2025-01-11;St. Pauli;Eintracht Frankfurt;GERMANY 1;0;1;1.55;1.45;2.24;11.5;43;57;13;12;4;6;98;119;62;36
2025-01-11;Hoffenheim;Wolfsburg;GERMANY 1;0;1;0.89;1.14;3.05;17.0;54;46;6;9;2;3;90;117;50;48
2025-01-11;Heidenheim;Union Berlin;GERMANY 1;2;0;1.98;1.11;2.48;9.6;58;42;14;8;9;6;129;86;64;24
2025-01-11;Empoli;Lecce;ITALY 1;1;3;1.5;1.34;5.1;13.5;50;50;11;11;5;6;145;89;60;30
2025-01-11;Udinese;Atalanta;ITALY 1;0;0;0.94;0.71;1.68;9.4;46;54;7;3;3;2;110;108;38;50
2025-01-12;Toulouse;Strasbourg;FRANCE 1;1;2;2.02;0.87;3.75;15.0;53;47;19;8;6;3;111;65;55;20
2025-01-12;Augsburg;Stuttgart;GERMANY 1;0;1;0.96;1.63;1.85;18.0;42;58;8;13;2;5;130;79;40;64
2025-01-12;Genoa;Parma;ITALY 1;1;0;1.19;0.9;4.2;16.5;61;39;9;6;4;3;118;92;45;42
2025-01-12;Le Havre;Lens;FRANCE 1;1;2;0.82;2.19;1.65;7.6;30;70;5;17;4;7;76;131;30;86
2025-01-12;RB Leipzig;Werder Bremen;GERMANY 1;4;2;0.0;0.0;9.4;55.0;49;51;13;3;7;2;0;0;0;0
2025-01-13;Real Sociedad;Villarreal;SPAIN 1;1;0;0.98;1.69;3.95;14.0;57;43;6;15;3;5;101;88;53;55
2025-01-13;Monza;Fiorentina;ITALY 1;2;1;1.02;1.34;1.97;8.0;34;66;10;11;3;2;69;122;24;69
2025-01-14;Como;AC Milan;ITALY 1;1;2;1.27;1.24;2.02;10.5;51;49;10;9;4;6;90;91;49;33
2025-01-14;Atalanta;Juventus;ITALY 1;1;1;1.65;1.71;3.95;13.5;60;40;13;13;6;9;107;79;56;36
2025-01-14;Brentford;Manchester City;ENGLAND 1;2;2;1.8;2.36;1.67;16.5;45;55;18;21;6;8;78;85;35;67
2025-01-14;Eintracht Frankfurt;Freiburg;GERMANY 1;4;1;2.41;1.0;4.2;21.0;65;35;23;7;8;5;94;78;56;28
2025-01-15;Stuttgart;RB Leipzig;GERMANY 1;2;1;1.72;0.84;4.1;26.0;58;42;14;6;6;3;150;98;55;32
2025-01-15;Union Berlin;Augsburg;GERMANY 1;0;2;1.34;1.48;4.2;13.5;55;45;13;11;2;5;95;123;52;59
2025-01-15;Everton;Aston Villa;ENGLAND 1;0;1;1.14;1.13;2.38;8.6;50;50;10;11;3;3;104;81;40;30
2025-01-15;Werder Bremen;Heidenheim;GERMANY 1;3;3;1.49;1.55;5.1;24.0;52;48;12;14;5;5;107;117;52;43
2025-01-15;Bochum;St. Pauli;GERMANY 1;1;0;0.88;1.31;2.96;10.5;51;49;9;13;1;2;94;104;32;48
2025-01-17;Lille;Nice;FRANCE 1;2;1;1.36;1.19;7.2;27.0;55;45;11;11;4;3;125;104;52;38
2025-01-17;Montpellier;Monaco;FRANCE 1;2;1;1.31;2.89;1.82;24.0;33;67;12;28;5;10;81;142;27;59
2025-01-18;Lens;PSG;FRANCE 1;1;2;1.27;1.55;1.78;12.5;33;67;10;9;5;7;74;133;40;66
2025-01-18;Juventus;AC Milan;ITALY 1;2;0;1.75;1.23;4.0;13.5;60;40;15;13;6;3;110;63;53;28
2025-01-18;Atalanta;Napoli;ITALY 1;2;3;1.83;0.85;3.3;12.0;57;43;15;6;6;3;127;91;63;35
2025-01-18;Rennes;Brest;FRANCE 1;1;2;2.65;0.98;3.6;12.5;68;32;22;9;10;3;155;82;77;27
2025-01-18;Arsenal;Aston Villa;ENGLAND 1;2;2;2.09;0.89;11.0;40.0;66;34;17;8;5;4;121;56;93;14
2025-01-18;Bologna;Monza;ITALY 1;3;1;1.98;0.45;7.6;21.0;59;41;18;3;7;1;131;96;48;24
2025-01-18;Brentford;Liverpool;ENGLAND 1;0;2;1.26;3.6;1.48;16.0;39;61;11;37;6;8;52;109;21;102
2025-01-18;Holstein Kiel;Hoffenheim;GERMANY 1;1;3;1.26;1.5;2.44;14.0;54;46;12;11;3;6;98;118;40;52
2025-01-18;Stuttgart;Freiburg;GERMANY 1;4;0;1.46;0.48;5.3;27.0;57;43;12;4;7;0;99;83;28;30
2025-01-18;Heidenheim;St. Pauli;GERMANY 1;0;2;1.05;0.91;3.1;12.5;60;40;9;6;2;3;126;108;45;42
2025-01-18;Bochum;RB Leipzig;GERMANY 1;3;3;1.19;1.2;2.08;12.0;45;55;9;10;3;3;109;109;56;48
2025-01-19;Reims;Le Havre;FRANCE 1;1;1;1.27;0.65;6.2;19.5;55;45;9;5;3;2;113;76;67;26
2025-01-19;Werder Bremen;Augsburg;GERMANY 1;0;2;1.82;1.04;4.4;17.5;71;29;18;9;2;4;144;76;74;26
2025-01-19;Fiorentina;Torino;ITALY 1;1;1;2.14;0.79;6.0;16.0;54;46;20;6;6;3;91;78;64;27
2025-01-19;Parma;Venezia;ITALY 1;1;1;2.04;0.62;3.3;15.5;60;40;16;4;8;2;123;74;64;30
2025-01-19;Cagliari;Lecce;ITALY 1;4;1;2.05;0.81;3.9;12.5;50;50;19;7;7;2;93;97;51;29
2025-01-20;Como;Udinese;ITALY 1;4;1;1.48;0.83;3.85;13.0;51;49;11;6;8;2;71;117;31;40
2025-01-24;Torino;Cagliari;ITALY 1;2;0;1.93;0.8;3.95;12.0;50;50;18;6;6;1;109;78;52;48
2025-01-24;Wolfsburg;Holstein Kiel;GERMANY 1;2;2;2.3;0.59;7.6;34.0;70;30;22;5;5;2;151;45;77;18
2025-01-25;Monaco;Rennes;FRANCE 1;3;2;2.22;1.45;4.3;23.0;52;48;20;12;9;5;123;98;45;46
2025-01-25;Strasbourg;Lille;FRANCE 1;2;1;1.67;1.74;2.48;11.0;42;58;13;14;9;6;48;100;31;60
2025-01-25;Casa Pia;Benfica;PORTUGAL 1;3;1;0.8;1.72;1.34;8.0;39;61;7;15;3;5;65;102;19;59
2025-01-25;PSG;Reims;FRANCE 1;1;1;2.33;0.78;15.0;60.0;78;22;18;6;7;3;159;58;96;26
2025-01-25;Empoli;Bologna;ITALY 1;1;1;0.39;1.53;2.1;7.0;36;64;2;10;1;8;75;90;25;46
2025-01-25;Napoli;Juventus;ITALY 1;2;1;1.02;0.65;3.65;10.5;49;51;8;5;3;2;83;80;42;25
2025-01-25;Manchester City;Chelsea;ENGLAND 1;3;1;1.45;0.96;3.35;26.0;57;43;12;7;6;4;101;82;37;32
2025-01-25;Como;Atalanta;ITALY 1;1;2;1.74;0.83;1.98;11.0;54;46;16;5;5;3;94;91;53;40
2025-01-25;RB Leipzig;Bayer Leverkusen;GERMANY 1;2;2;1.06;1.42;1.87;13.0;66;34;5;11;3;7;137;74;71;32
2025-01-25;Augsburg;Heidenheim;GERMANY 1;2;1;1.38;1.39;4.5;16.5;60;40;10;11;6;6;138;84;43;38
2025-01-26;Lazio;Fiorentina;ITALY 1;1;2;2.21;0.81;3.85;15.0;70;30;22;7;3;3;138;54;85;22
2025-01-26;St. Pauli;Union Berlin;GERMANY 1;3;0;1.61;1.32;3.4;11.0;44;56;16;14;5;2;65;108;35;40
2025-01-26;Toulouse;Montpellier;FRANCE 1;1;2;1.72;0.8;3.55;19.5;67;33;14;6;5;4;130;70;66;18
2025-01-26;AC Milan;Parma;ITALY 1;3;2;1.75;1.34;11.0;46.0;61;39;14;12;5;5;109;81;71;32
2025-01-26;Hoffenheim;Eintracht Frankfurt;GERMANY 1;2;2;2.58;1.49;2.26;13.5;50;50;24;12;8;7;123;84;71;33
2025-01-26;Le Havre;Brest;FRANCE 1;0;1;0.97;2.08;2.4;8.4;44;56;10;18;0;7;100;110;45;63
2025-01-26;Crystal Palace;Brentford;ENGLAND 1;1;2;1.63;1.57;3.8;17.0;47;53;16;13;5;6;94;101;37;45
2025-01-27;AVS;Gil Vicente;PORTUGAL 1;1;0;0.75;0.98;2.56;8.4;31;69;8;9;1;0;80;123;23;55
2025-01-27;Genoa;Monza;ITALY 1;2;0;1.97;0.62;4.0;11.5;50;50;18;5;6;1;95;78;58;31
2025-01-31;Parma;Lecce;ITALY 1;1;3;2.05;0.83;3.65;15.0;47;53;19;7;7;3;114;85;49;23
2025-01-31;Montpellier;Lens;FRANCE 1;0;2;1.48;1.9;1.88;10.5;50;50;15;18;3;6;118;116;43;47
2025-02-01;St. Pauli;Augsburg;GERMANY 1;1;1;0.84;0.35;3.4;11.5;45;55;6;1;2;0;78;112;44;36
2025-02-01;Bochum;Freiburg;GERMANY 1;0;1;2.09;1.59;2.6;12.5;58;42;22;13;4;5;122;109;59;58
2025-02-01;Udinese;Venezia;ITALY 1;3;2;1.45;1.36;4.9;16.0;52;48;13;14;5;3;94;72;38;37
2025-02-01;Atalanta;Torino;ITALY 1;1;1;2.59;0.64;2.18;11.0;65;35;21;5;10;3;134;77;78;14
2025-02-01;Union Berlin;RB Leipzig;GERMANY 1;0;0;1.68;0.69;2.36;12.5;47;53;12;4;6;2;119;111;68;39
2025-02-01;Monaco;Auxerre;FRANCE 1;4;2;1.56;1.54;8.8;55.0;57;43;11;13;7;7;133;69;50;32
2025-02-01;Bologna;Como;ITALY 1;2;0;1.58;0.84;4.9;15.5;51;49;15;9;4;1;102;65;48;28
2025-02-01;Santa Clara;Casa Pia;PORTUGAL 1;2;1;1.64;0.62;4.2;13.5;54;46;16;5;5;1;106;61;38;32
2025-02-01;Brest;PSG;FRANCE 1;2;5;1.64;1.73;1.5;11.5;34;66;14;14;7;7;79;136;37;47
2025-02-02;Reims;Nantes;FRANCE 1;1;2;1.59;1.42;3.5;12.5;54;46;15;11;2;7;108;71;69;32
2025-02-02;Rennes;Strasbourg;FRANCE 1;1;0;1.18;0.86;3.9;15.0;45;55;10;6;3;3;77;94;47;35
2025-02-02;Bayer Leverkusen;Hoffenheim;GERMANY 1;3;1;1.21;1.74;13.5;70.0;49;51;9;16;5;7;104;115;39;32
2025-02-02;Arsenal;Manchester City;ENGLAND 1;5;1;1.57;1.12;4.1;17.5;46;54;12;7;7;4;86;88;45;54
2025-02-02;Juventus;Empoli;ITALY 1;4;1;2.43;0.95;9.8;26.0;56;44;24;10;8;3;95;87;51;14
2025-02-02;Eintracht Frankfurt;Wolfsburg;GERMANY 1;1;1;1.82;1.04;3.8;23.0;62;38;16;11;4;2;116;106;73;27
2025-02-02;Fiorentina;Genoa;ITALY 1;2;1;0.99;1.65;4.3;13.0;40;60;7;17;5;3;72;103;26;51
2025-02-02;Toulouse;Nice;FRANCE 1;1;1;1.5;1.42;2.92;12.5;53;47;14;14;4;4;137;65;44;36
2025-02-03;Cagliari;Lazio;ITALY 1;1;2;1.59;1.42;2.0;9.6;39;61;15;11;4;6;85;99;51;41
2025-02-07;Nantes;Brest;FRANCE 1;0;2;1.58;1.39;3.25;11.5;59;41;14;11;3;6;115;90;67;37
2025-02-07;Como;Juventus;ITALY 1;1;2;1.5;0.93;2.12;8.8;52;48;11;6;6;3;87;88;53;46
2025-02-07;PSG;Monaco;FRANCE 1;4;1;2.06;1.12;6.8;40.0;64;36;16;9;7;3;118;67;77;47
2025-02-08;Nice;Lens;FRANCE 1;2;0;2.01;1.12;3.1;13.5;61;39;16;11;9;3;138;72;50;30
2025-02-08;AVS;Santa Clara;PORTUGAL 1;1;2;1.19;0.94;2.02;6.2;64;36;9;7;3;4;129;83;55;29
2025-02-08;Empoli;AC Milan;ITALY 1;0;2;0.71;1.8;1.71;8.0;38;62;8;16;0;5;73;112;28;61
2025-02-08;Torino;Genoa;ITALY 1;1;1;1.21;0.76;3.75;9.6;57;43;10;6;3;2;107;83;49;32
2025-02-08;Lille;Le Havre;FRANCE 1;1;2;1.96;1.52;14.0;42.0;67;33;16;13;6;8;140;33;72;21
2025-02-08;Hoffenheim;Union Berlin;GERMANY 1;0;4;1.77;2.13;3.45;16.0;65;35;16;22;4;7;143;92;65;36
2025-02-08;Freiburg;Heidenheim;GERMANY 1;1;0;1.1;1.37;4.8;22.0;53;47;9;11;3;5;113;110;42;43
2025-02-08;Wolfsburg;Bayer Leverkusen;GERMANY 1;0;0;1.6;1.52;1.85;12.5;41;59;13;15;8;1;67;114;30;70
2025-02-09;Cagliari;Parma;ITALY 1;2;1;1.48;0.96;4.4;19.0;39;61;14;9;3;1;73;90;55;43
2025-02-09;Napoli;Udinese;ITALY 1;1;1;1.82;1.0;8.8;23.0;62;38;18;8;4;4;94;79;57;28
2025-02-09;Lazio;Monza;ITALY 1;5;1;2.72;0.38;11.0;36.0;61;39;26;3;9;1;106;52;64;15
2025-02-09;Holstein Kiel;Bochum;GERMANY 1;2;2;1.1;2.05;3.2;17.5;49;51;10;20;3;5;76;127;36;60
2025-02-09;Lecce;Bologna;ITALY 1;0;0;0.72;0.92;1.81;7.0;41;59;6;8;1;2;92;122;36;36
2025-02-09;Strasbourg;Montpellier;FRANCE 1;2;0;2.19;1.29;4.4;19.0;59;41;22;13;5;3;133;86;63;36
2025-02-09;Auxerre;Toulouse;FRANCE 1;2;2;1.08;0.95;2.52;10.5;54;46;9;7;3;3;101;88;40;40
2025-02-09;RB Leipzig;St. Pauli;GERMANY 1;2;0;1.36;1.06;5.9;23.0;56;44;11;7;6;4;119;94;32;45
2025-02-12;Everton;Liverpool;ENGLAND 1;2;2;1.17;0.98;1.46;10.5;37;63;10;6;3;4;88;99;45;43
2025-02-14;Augsburg;RB Leipzig;GERMANY 1;0;0;1.28;1.44;2.26;11.0;38;62;11;14;2;4;87;103;62;37
2025-02-14;Bologna;Torino;ITALY 1;3;2;2.27;0.93;5.7;15.0;66;34;22;7;6;4;97;65;65;28
2025-02-14;Brest;Auxerre;FRANCE 1;2;2;2.21;1.27;3.95;14.5;64;36;19;11;9;5;142;81;51;31
2025-02-15;Toulouse;PSG;FRANCE 1;0;1;1.35;2.26;1.51;11.5;23;77;14;20;4;6;62;151;26;79
2025-02-15;Lazio;Napoli;ITALY 1;2;2;1.43;0.72;3.0;11.0;53;47;12;5;5;2;104;73;44;36
2025-02-15;Crystal Palace;Everton;ENGLAND 1;1;2;1.92;1.45;5.2;14.5;58;42;17;11;6;6;115;108;59;45
2025-02-15;Monaco;Nantes;FRANCE 1;7;1;2.88;0.7;8.4;48.0;65;35;24;6;12;2;127;82;73;24
2025-02-15;Santa Clara;Benfica;PORTUGAL 1;0;1;0.96;2.21;1.67;6.2;44;56;9;18;3;7;65;143;24;80
2025-02-15;Atalanta;Cagliari;ITALY 1;0;0;1.31;0.36;8.0;32.0;59;41;9;3;2;0;130;77;82;22
2025-02-15;St. Pauli;Freiburg;GERMANY 1;0;1;0.65;0.79;3.2;11.0;54;46;5;5;1;3;109;111;34;34
2025-02-15;Stuttgart;Wolfsburg;GERMANY 1;1;2;1.41;0.89;5.2;29.0;58;42;10;7;4;3;108;86;68;32
2025-02-16;Werder Bremen;Hoffenheim;GERMANY 1;1;3;1.33;1.73;4.1;23.0;62;38;13;16;1;7;118;85;60;32
2025-02-16;Rennes;Lille;FRANCE 1;0;2;0.55;1.98;2.84;10.0;37;63;4;18;2;6;61;115;20;59
2025-02-16;Le Havre;Nice;FRANCE 1;1;3;1.53;1.19;1.71;9.0;49;51;15;9;4;5;75;120;43;35
2025-02-16;Lens;Strasbourg;FRANCE 1;0;2;0.87;1.33;4.8;19.0;56;44;7;13;0;4;104;88;58;31
2025-02-16;Eintracht Frankfurt;Holstein Kiel;GERMANY 1;3;1;2.2;1.14;9.4;46.0;51;49;20;10;9;4;111;92;42;31
2025-02-16;Fiorentina;Como;ITALY 1;0;2;0.74;0.94;3.75;14.0;50;50;5;8;3;4;84;91;28;20
2025-02-16;Udinese;Empoli;ITALY 1;3;0;1.97;1.57;4.6;13.5;57;43;17;16;9;4;95;79;37;39
2025-02-16;Monza;Lecce;ITALY 1;0;0;1.06;1.85;2.86;9.6;56;44;8;19;3;5;104;111;46;41
2025-02-17;Genoa;Venezia;ITALY 1;2;0;1.54;0.93;5.1;15.0;50;50;14;7;5;3;104;97;42;36
2025-02-19;Aston Villa;Liverpool;ENGLAND 1;2;2;1.27;1.69;1.8;19.5;52;48;9;17;4;3;102;76;58;58
2025-02-21;Rennes;Reims;FRANCE 1;1;0;2.73;0.37;3.8;14.0;59;41;26;3;5;0;103;80;106;23
2025-02-21;Lecce;Udinese;ITALY 1;0;1;1.08;1.6;2.56;8.2;45;55;10;12;1;5;96;115;51;67
2025-02-21;Freiburg;Werder Bremen;GERMANY 1;5;0;1.54;1.2;3.85;14.5;36;64;13;10;8;3;56;125;23;47
2025-02-22;Fulham;Crystal Palace;ENGLAND 1;0;2;1.04;1.2;3.6;17.0;62;38;10;10;0;5;119;83;55;29
2025-02-22;Venezia;Lazio;ITALY 1;0;0;1.01;1.09;1.71;9.2;37;63;9;9;2;3;90;96;41;42
2025-02-22;Parma;Bologna;ITALY 1;2;0;0.59;1.56;1.96;9.6;26;74;4;16;3;1;54;128;16;66
2025-02-22;Holstein Kiel;Bayer Leverkusen;GERMANY 1;0;2;0.58;2.33;1.28;12.5;38;62;4;18;3;8;74;141;14;87
2025-02-22;Wolfsburg;Bochum;GERMANY 1;1;1;1.57;1.37;4.7;21.0;55;45;13;11;6;5;107;78;45;45
2025-02-22;Aston Villa;Chelsea;ENGLAND 1;2;1;1.56;1.71;3.35;23.0;52;48;12;15;6;7;104;74;52;38
2025-02-22;Torino;AC Milan;ITALY 1;2;1;1.0;2.7;2.98;10.5;35;65;9;26;3;8;66;119;30;71
2025-02-22;Lille;Monaco;FRANCE 1;2;1;1.13;1.35;3.3;17.5;43;57;8;11;5;3;77;112;37;60
2025-02-22;Casa Pia;Gil Vicente;PORTUGAL 1;1;0;1.12;0.72;3.9;1000.0;39;61;11;5;2;1;72;110;40;44
2025-02-22;Rayo Vallecano;Villarreal;SPAIN 1;0;1;1.37;1.24;2.5;12.0;51;49;10;10;5;5;120;82;52;35
2025-02-23;Le Havre;Toulouse;FRANCE 1;1;4;1.24;1.43;2.16;8.0;54;46;11;12;3;6;109;104;45;33
2025-02-23;Strasbourg;Brest;FRANCE 1;0;0;0.92;1.26;3.9;16.5;57;43;6;12;3;2;92;102;45;49
2025-02-23;Hoffenheim;Stuttgart;GERMANY 1;1;1;0.95;1.87;2.04;14.5;45;55;9;14;2;7;101;135;31;67
2025-02-23;Cagliari;Juventus;ITALY 1;0;1;1.03;1.83;1.81;7.4;39;61;8;14;2;7;93;119;52;63
2025-02-23;AVS;Sporting CP;PORTUGAL 1;2;2;1.16;1.14;1.44;8.0;43;57;10;9;4;3;89;95;34;49
2025-02-23;Manchester City;Liverpool;ENGLAND 1;0;2;2.13;0.98;2.28;18.5;66;34;16;8;5;4;151;40;106;28
2025-02-23;Empoli;Atalanta;ITALY 1;0;5;1.04;1.02;1.55;8.6;46;54;11;8;2;2;113;97;26;51
2025-02-23;Nice;Montpellier;FRANCE 1;2;0;1.79;1.39;9.4;40.0;57;43;16;14;6;3;97;130;50;39
2025-02-23;RB Leipzig;Heidenheim;GERMANY 1;2;2;1.96;0.59;9.8;44.0;74;26;17;4;6;2;143;61;63;26
2025-02-23;Como;Napoli;ITALY 1;2;1;0.96;1.46;2.32;8.4;43;57;8;13;3;4;90;89;33;49
2025-02-23;Nantes;Lens;FRANCE 1;3;1;1.56;1.49;2.16;9.2;35;65;14;14;6;4;84;127;35;43
2025-02-25;Crystal Palace;Aston Villa;ENGLAND 1;4;1;1.84;0.89;3.9;29.0;36;64;19;6;6;2;65;89;32;50
2025-02-26;Brentford;Everton;ENGLAND 1;1;1;1.4;1.43;3.7;15.5;52;48;12;14;3;4;106;77;59;37
2025-02-27;Bologna;AC Milan;ITALY 1;2;1;1.56;1.05;2.82;10.5;57;43;15;8;4;4;108;79;45;36
2025-02-28;Fiorentina;Lecce;ITALY 1;1;0;1.12;1.01;5.8;15.0;47;53;10;8;3;3;111;98;36;39
2025-02-28;Monaco;Reims;FRANCE 1;3;0;2.57;1.41;9.4;40.0;56;44;23;10;9;7;127;78;68;40
2025-03-01;Udinese;Parma;ITALY 1;1;0;2.07;1.09;4.9;17.5;43;57;21;9;6;4;97;77;46;32
2025-03-01;PSG;Lille;FRANCE 1;4;1;2.87;0.74;9.0;34.0;58;42;26;6;11;2;123;91;64;28
2025-03-01;Eintracht Frankfurt;Bayer Leverkusen;GERMANY 1;1;4;0.9;2.24;2.24;11.5;40;60;7;19;3;9;73;121;33;57
2025-03-01;Lens;Le Havre;FRANCE 1;3;4;2.38;0.95;7.8;23.0;69;31;20;8;8;4;140;71;77;22
2025-03-01;Werder Bremen;Wolfsburg;GERMANY 1;1;2;1.86;1.07;2.58;12.5;56;44;15;9;7;3;137;83;57;39
2025-03-01;Bochum;Hoffenheim;GERMANY 1;0;1;1.42;1.07;3.15;22.0;58;42;13;10;3;2;125;103;53;40
2025-03-01;Atalanta;Venezia;ITALY 1;0;0;1.9;0.86;21.0;65.0;59;41;18;8;3;2;126;103;77;27
2025-03-02;AC Milan;Lazio;ITALY 1;1;2;1.74;2.13;3.85;16.0;61;39;15;21;4;8;126;64;71;35
2025-03-02;Monza;Torino;ITALY 1;0;2;0.95;1.65;2.04;7.4;53;47;9;13;2;7;85;102;32;46
2025-03-02;Union Berlin;Holstein Kiel;GERMANY 1;0;1;1.71;1.11;5.8;23.0;51;49;14;10;3;3;99;70;86;37
2025-03-02;Genoa;Empoli;ITALY 1;1;1;0.63;0.77;4.9;14.0;61;39;4;5;1;1;97;89;40;52
2025-03-02;Bologna;Cagliari;ITALY 1;2;1;1.69;0.34;6.8;20.0;63;37;15;2;5;1;114;69;53;18
2025-03-02;Augsburg;Freiburg;GERMANY 1;0;0;1.52;0.93;2.88;10.0;51;49;13;7;5;3;107;79;48;37
2025-03-02;Montpellier;Rennes;FRANCE 1;0;4;2.11;1.53;2.18;11.0;45;55;19;12;7;7;111;73;58;39
2025-03-02;Auxerre;Strasbourg;FRANCE 1;0;1;1.76;0.74;2.7;12.0;45;55;14;5;5;2;110;77;73;38
2025-03-07;Cagliari;Genoa;ITALY 1;1;1;0.9;0.95;3.45;10.5;47;53;9;8;1;2;101;104;34;41
2025-03-07;Toulouse;Monaco;FRANCE 1;1;1;1.12;1.38;2.18;12.0;50;50;9;13;3;4;119;97;45;38
2025-03-08;Lecce;AC Milan;ITALY 1;2;3;1.09;2.07;1.95;9.4;30;70;11;16;3;9;68;125;26;58
2025-03-08;Brentford;Aston Villa;ENGLAND 1;0;1;1.6;1.33;3.1;20.0;60;40;13;12;3;4;101;72;79;40
2025-03-08;Rennes;PSG;FRANCE 1;1;4;1.28;2.19;1.76;11.5;32;68;12;19;3;9;61;115;44;50
2025-03-08;Lille;Montpellier;FRANCE 1;1;0;2.2;0.89;9.4;32.0;77;23;18;9;7;2;159;54;78;25
2025-03-08;Freiburg;RB Leipzig;GERMANY 1;0;0;1.01;1.65;1.72;13.0;53;47;10;18;2;3;116;102;31;42
2025-03-08;Holstein Kiel;Stuttgart;GERMANY 1;2;2;1.8;0.63;1.58;12.5;53;47;17;5;5;2;98;94;53;21
2025-03-08;Liverpool;Southampton;ENGLAND 1;3;1;2.89;0.83;25.0;90.0;71;29;28;6;7;4;151;49;89;23
2025-03-08;Wolfsburg;St. Pauli;GERMANY 1;1;1;1.74;1.5;5.4;17.5;58;42;16;14;4;4;100;69;63;48
2025-03-08;Parma;Torino;ITALY 1;2;2;1.4;0.71;2.56;9.4;52;48;13;6;4;2;92;66;41;25
2025-03-08;Como;Venezia;ITALY 1;1;1;1.62;1.05;7.2;21.0;56;44;13;9;7;4;87;89;42;27
2025-03-08;Bayer Leverkusen;Werder Bremen;GERMANY 1;0;2;1.83;1.36;16.5;60.0;73;27;17;11;4;7;108;42;66;25
2025-03-09;Napoli;Fiorentina;ITALY 1;2;1;2.37;0.83;7.2;19.5;49;51;19;7;11;2;111;92;55;32
2025-03-09;Hoffenheim;Heidenheim;GERMANY 1;1;1;1.66;2.25;4.5;18.0;55;45;16;23;3;5;118;92;61;64
2025-03-09;Juventus;Atalanta;ITALY 1;0;4;1.01;2.18;3.0;11.0;63;37;9;19;2;9;119;73;40;50
2025-03-09;Casa Pia;Sporting CP;PORTUGAL 1;1;3;1.09;1.82;1.53;8.0;52;48;10;17;4;6;111;90;23;46
2025-03-09;Real Madrid;Rayo Vallecano;SPAIN 1;2;1;1.27;1.93;12.0;40.0;46;54;10;20;5;6;85;92;39;34
2025-03-09;Eintracht Frankfurt;Union Berlin;GERMANY 1;1;2;1.4;1.21;4.2;14.0;67;33;14;11;3;3;98;90;42;42
2025-03-09;Nantes;Strasbourg;FRANCE 1;0;1;1.11;1.13;2.64;11.5;39;61;11;9;2;2;84;113;38;57
2025-03-09;Reims;Auxerre;FRANCE 1;0;2;1.69;1.62;3.35;13.0;57;43;17;12;4;8;108;86;46;41
2025-03-10;Lazio;Udinese;ITALY 1;1;1;1.34;1.48;5.6;19.0;49;51;10;15;5;4;78;80;49;35
2025-03-14;St. Pauli;Hoffenheim;GERMANY 1;1;0;1.29;0.56;3.4;12.0;44;56;10;4;5;0;96;103;42;40
2025-03-14;Nice;Auxerre;FRANCE 1;1;1;2.0;1.23;6.2;24.0;51;49;20;10;5;5;88;88;55;34
2025-03-14;Genoa;Lecce;ITALY 1;2;1;0.96;1.35;4.6;11.5;44;56;8;15;2;2;107;106;42;36
2025-03-15;AC Milan;Como;ITALY 1;2;1;0.9;1.62;4.9;19.5;42;58;7;9;3;6;70;98;34;87
2025-03-15;Nantes;Lille;FRANCE 1;1;0;0.99;1.32;2.0;8.4;32;68;8;8;2;3;79;131;47;82
2025-03-15;Gil Vicente;Santa Clara;PORTUGAL 1;0;1;1.02;0.59;2.78;7.6;68;32;10;4;1;3;80;47;44;17
2025-03-15;Lens;Rennes;FRANCE 1;1;0;1.6;2.06;3.9;14.5;45;55;9;12;5;5;129;188;93;130
2025-03-15;Villarreal;Real Madrid;SPAIN 1;1;2;2.67;1.23;2.14;19.0;46;54;23;9;10;5;69;59;75;43
2025-03-15;Torino;Empoli;ITALY 1;1;0;1.36;1.67;5.2;15.5;51;49;13;16;3;2;74;80;46;73
2025-03-15;Monza;Parma;ITALY 1;1;1;1.35;1.63;2.66;10.0;45;55;12;14;4;6;76;76;44;45
2025-03-15;Augsburg;Wolfsburg;GERMANY 1;1;0;1.0;0.98;2.84;10.0;42;58;7;8;2;2;117;98;56;45
2025-03-16;Strasbourg;Toulouse;FRANCE 1;2;1;1.3;1.35;3.1;11.5;57;43;11;9;4;6;68;84;46;50
2025-03-16;Brest;Reims;FRANCE 1;0;0;0.94;1.03;5.5;22.0;72;28;7;10;0;2;91;55;69;36
2025-03-16;Heidenheim;Holstein Kiel;GERMANY 1;3;1;1.58;1.64;3.85;16.0;38;62;14;16;5;4;68;86;49;49
2025-03-16;Bochum;Eintracht Frankfurt;GERMANY 1;1;3;2.11;2.06;2.32;13.5;51;49;17;18;7;7;105;99;76;61
2025-03-16;Fiorentina;Juventus;ITALY 1;3;0;1.02;1.31;2.46;8.4;37;63;9;11;3;2;61;81;34;66
2025-03-16;Rayo Vallecano;Real Sociedad;SPAIN 1;2;2;1.19;0.94;3.65;9.4;55;45;8;5;5;4;87;83;46;46
2025-03-16;Stuttgart;Bayer Leverkusen;GERMANY 1;3;4;1.35;1.58;2.32;12.0;43;57;11;14;6;4;76;83;32;58
2025-03-16;Arsenal;Chelsea;ENGLAND 1;1;0;1.37;0.94;7.4;32.0;41;59;12;8;4;2;89;91;46;39
2025-03-16;Venezia;Napoli;ITALY 1;0;0;1.53;1.94;1.56;6.8;43;57;13;15;4;7;70;68;60;71
2025-03-16;Bologna;Lazio;ITALY 1;5;0;1.69;0.77;3.45;11.5;52;48;13;7;7;2;86;68;53;25
2025-03-28;Bayer Leverkusen;Bochum;GERMANY 1;3;1;1.69;0.96;13.0;1000.0;66;34;14;8;5;3;137;93;61;32
2025-03-28;Gil Vicente;Benfica;PORTUGAL 1;0;3;0.8;2.1;1.58;8.2;43;57;7;18;2;7;68;139;29;64
2025-03-29;Juventus;Genoa;ITALY 1;1;0;1.41;1.04;8.8;21.0;49;51;10;9;6;3;108;100;48;35
2025-03-29;Monaco;Nice;FRANCE 1;2;1;1.91;1.1;4.4;23.0;57;43;17;9;7;4;117;81;47;34
2025-03-29;Fortaleza;Fluminense;BRAZIL 1;2;0;0.67;1.44;5.3;16.0;30;70;5;15;3;1;59;121;19;57
2025-03-29;Cruzeiro;Mirassol;BRAZIL 1;2;1;0.83;1.71;7.4;1000.0;45;55;8;16;2;6;74;105;25;38
2025-03-29;Hoffenheim;Augsburg;GERMANY 1;1;1;1.54;1.27;3.05;22.0;57;43;13;11;4;4;100;107;60;40
2025-03-29;Wolfsburg;Heidenheim;GERMANY 1;0;1;1.09;1.4;5.4;25.0;61;39;9;11;2;4;126;92;51;59
2025-03-30;Napoli;AC Milan;ITALY 1;2;1;0.99;1.73;4.4;15.5;52;48;8;17;3;4;71;102;37;52
2025-03-30;Lille;Lens;FRANCE 1;1;0;1.27;0.66;3.95;13.0;45;55;11;5;5;1;106;97;30;36
2025-03-30;Bahia;Corinthians;BRAZIL 1;1;1;1.59;1.21;6.0;20.0;42;58;14;9;5;4;84;133;49;47
2025-03-30;Le Havre;Nantes;FRANCE 1;3;2;1.47;0.75;3.15;9.6;52;48;14;7;4;2;80;92;43;21
2025-03-30;Auxerre;Montpellier;FRANCE 1;1;0;2.14;1.2;4.9;19.5;53;47;21;12;6;1;94;94;56;51
2025-03-30;Cagliari;Monza;ITALY 1;3;0;1.35;1.35;6.0;16.5;42;58;11;12;4;3;90;91;51;52
2025-03-30;Fiorentina;Atalanta;ITALY 1;1;0;1.19;0.86;2.18;10.5;45;55;12;9;4;0;78;88;20;39
2025-03-30;Toulouse;Brest;FRANCE 1;2;4;1.67;0.92;2.12;13.0;53;47;15;7;5;5;106;55;51;17
2025-03-30;Freiburg;Union Berlin;GERMANY 1;1;2;1.16;1.2;4.2;13.5;72;28;9;10;3;6;134;65;50;20
2025-03-31;Lazio;Torino;ITALY 1;1;1;1.68;0.75;5.1;15.0;59;41;15;7;6;2;115;81;42;21
2025-04-01;Arsenal;Fulham;ENGLAND 1;2;1;1.8;1.04;9.6;24.0;51;49;17;9;4;3;97;82;62;36
2025-04-02;Southampton;Crystal Palace;ENGLAND 1;1;1;0.94;1.09;1.63;9.8;43;57;8;9;2;3;100;89;39;42
2025-04-02;Liverpool;Everton;ENGLAND 1;1;0;1.95;0.58;8.0;24.0;74;26;17;5;3;0;156;56;91;36
2025-04-04;Genoa;Udinese;ITALY 1;1;0;1.68;0.72;3.45;9.0;53;47;13;5;7;2;108;92;50;35
2025-04-04;Nice;Nantes;FRANCE 1;1;2;2.65;0.8;5.6;15.0;76;24;22;7;8;4;161;67;97;9
2025-04-05;Werder Bremen;Eintracht Frankfurt;GERMANY 1;2;0;1.27;0.89;2.56;17.5;37;63;12;9;4;0;87;112;31;43
2025-04-05;AC Milan;Fiorentina;ITALY 1;2;2;1.91;1.74;4.1;17.5;52;48;19;15;6;8;86;72;41;33
2025-04-05;Brest;Monaco;FRANCE 1;2;1;1.44;1.17;2.64;13.5;41;59;14;10;5;3;99;123;28;44
2025-04-05;Monza;Como;ITALY 1;1;3;0.76;1.56;1.74;8.0;42;58;5;13;4;7;66;117;22;33
2025-04-05;Everton;Arsenal;ENGLAND 1;1;1;0.75;1.66;2.02;7.2;29;71;5;14;2;5;55;82;41;59
2025-04-05;RB Leipzig;Hoffenheim;GERMANY 1;3;1;1.77;1.05;6.0;29.0;67;33;17;9;5;5;96;46;48;18
2025-04-05;Heidenheim;Bayer Leverkusen;GERMANY 1;0;1;1.06;0.82;1.45;10.0;49;51;11;6;2;2;105;104;30;40
2025-04-05;Bochum;Stuttgart;GERMANY 1;0;4;0.74;1.32;2.28;16.0;54;46;10;14;1;6;23;6;6;5
2025-04-06;Rennes;Auxerre;FRANCE 1;0;1;1.99;1.45;4.9;17.0;63;37;19;14;6;5;120;76;51;30
2025-04-06;Montpellier;Le Havre;FRANCE 1;0;2;1.72;1.28;2.94;12.5;54;46;12;13;6;3;122;77;74;35
2025-04-06;Union Berlin;Wolfsburg;GERMANY 1;1;0;1.35;1.32;3.2;13.0;45;55;13;12;3;3;77;114;45;47
2025-04-06;Reims;Strasbourg;FRANCE 1;0;1;1.64;1.4;2.2;10.0;48;52;15;12;5;5;87;85;47;40
2025-04-06;Atalanta;Lazio;ITALY 1;0;1;1.36;0.97;5.5;21.0;58;42;10;8;2;3;120;64;81;35
2025-04-06;Fluminense;Bragantino;BRAZIL 1;2;1;1.6;1.76;5.0;17.0;45;55;15;17;5;5;77;106;42;46
2025-04-06;Mirassol;Fortaleza;BRAZIL 1;1;1;2.18;0.83;3.15;12.0;70;30;20;7;5;3;147;73;78;24
2025-04-06;Internacional;Cruzeiro;BRAZIL 1;3;0;2.89;0.61;4.8;12.0;68;32;24;6;11;1;134;56;84;21
2025-04-06;Santos;Bahia;BRAZIL 1;2;2;2.26;1.16;3.95;15.0;55;45;21;10;6;3;126;73;72;44
2025-04-06;Lecce;Venezia;ITALY 1;1;1;2.22;1.56;3.7;11.5;50;50;23;13;4;3;89;102;69;73
2025-04-06;Empoli;Cagliari;ITALY 1;0;0;0.71;0.65;3.2;10.5;45;55;5;7;1;1;122;68;42;18
2025-04-06;Brentford;Chelsea;ENGLAND 1;0;0;1.05;2.05;2.3;15.5;41;59;9;21;2;5;64;99;47;52
2025-04-06;Fulham;Liverpool;ENGLAND 1;3;2;1.43;1.73;1.58;16.0;38;62;12;14;6;6;89;123;34;58
2025-04-07;Bologna;Napoli;ITALY 1;1;1;1.51;0.67;2.9;8.4;61;39;12;6;4;2;118;60;65;20
2025-04-11;Wolfsburg;RB Leipzig;GERMANY 1;2;3;1.9;1.75;2.4;15.0;47;53;17;16;6;5;97;92;57;54
2025-04-11;Lens;Reims;FRANCE 1;0;2;3.88;0.99;7.0;24.0;70;30;34;11;13;2;153;55;116;21
2025-04-11;Udinese;AC Milan;ITALY 1;0;4;1.53;1.66;2.0;9.8;53;47;14;15;5;7;88;69;41;32
2025-04-12;Arsenal;Brentford;ENGLAND 1;1;1;1.54;0.71;5.6;18.0;64;36;7;4;3;2;122;54;123;43
2025-04-12;Strasbourg;Nice;FRANCE 1;2;2;1.21;2.41;2.46;9.4;47;53;11;23;4;6;77;122;32;76
2025-04-12;Palmeiras;Corinthians;BRAZIL 1;2;0;1.44;0.92;7.8;22.0;34;66;13;8;5;1;75;94;37;46
2025-04-12;Santa Clara;Sporting CP;PORTUGAL 1;0;1;1.08;1.08;1.6;0.0;37;63;11;8;2;5;81;103;33;29
2025-04-12;Toulouse;Lille;FRANCE 1;1;2;1.24;0.81;2.62;10.0;43;57;10;6;5;3;94;103;35;28
2025-04-12;Juventus;Lecce;ITALY 1;2;1;2.39;1.3;13.0;32.0;66;34;22;14;7;3;130;94;71;28
2025-04-12;Venezia;Monza;ITALY 1;1;0;1.16;1.16;5.3;17.0;44;56;9;10;4;3;93;85;42;43
2025-04-12;Manchester City;Crystal Palace;ENGLAND 1;5;2;2.1;0.86;6.0;26.0;68;32;16;7;9;3;89;43;65;29
2025-04-12;Southampton;Aston Villa;ENGLAND 1;0;3;0.84;2.9;1.6;11.0;40;60;7;25;2;10;70;73;35;90
2025-04-12;Holstein Kiel;St. Pauli;GERMANY 1;1;2;0.69;1.58;2.4;10.0;52;48;6;14;2;6;70;87;23;38
2025-04-12;Bochum;Augsburg;GERMANY 1;1;2;2.32;1.21;3.05;12.0;52;48;20;8;9;5;103;111;60;47
2025-04-12;Bayer Leverkusen;Union Berlin;GERMANY 1;0;0;2.06;0.84;11.0;40.0;75;25;17;7;4;3;166;60;97;26
2025-04-13;Fiorentina;Parma;ITALY 1;0;0;1.09;0.94;5.4;18.5;57;43;9;7;3;3;97;94;42;38
2025-04-13;Stuttgart;Werder Bremen;GERMANY 1;1;2;1.28;1.49;4.9;30.0;48;52;12;14;4;5;119;105;32;35
2025-04-13;Eintracht Frankfurt;Heidenheim;GERMANY 1;3;0;2.05;1.38;4.9;20.0;44;56;19;14;8;3;99;107;41;39
2025-04-13;Como;Torino;ITALY 1;1;0;1.82;1.19;4.6;15.0;58;42;16;10;7;4;104;87;44;38
2025-04-13;Le Havre;Rennes;FRANCE 1;1;5;1.21;1.17;2.22;10.5;56;44;10;9;2;6;110;69;59;24
2025-04-13;Bahia;Mirassol;BRAZIL 1;1;1;1.23;0.7;7.0;21.0;57;43;9;5;2;3;108;74;72;22
2025-04-13;Fluminense;Santos;BRAZIL 1;1;0;1.47;0.48;4.7;12.5;59;41;13;4;4;1;121;60;49;21
2025-04-13;Fortaleza;Internacional;BRAZIL 1;0;0;1.05;0.8;2.98;12.5;54;46;11;8;2;0;91;88;28;40
2025-04-13;Sao Paulo;Cruzeiro;BRAZIL 1;1;1;1.1;1.26;5.0;12.5;57;43;11;14;2;2;103;96;35;32
2025-04-13;Atalanta;Bologna;ITALY 1;2;0;0.64;1.47;3.9;13.5;40;60;4;12;2;5;81;101;32;50
2025-04-14;Napoli;Empoli;ITALY 1;3;0;1.73;1.11;11.5;30.0;63;37;17;12;6;1;74;87;33;39
2025-04-16;Corinthians;Fluminense;BRAZIL 1;0;2;1.18;1.01;3.75;11.5;59;41;10;8;2;4;122;88;55;30
2025-04-16;Internacional;Palmeiras;BRAZIL 1;0;1;1.26;1.25;3.35;9.4;67;33;11;12;2;4;154;67;56;29
2025-04-17;Cruzeiro;Bahia;BRAZIL 1;3;0;1.73;0.79;3.35;11.0;39;61;14;7;7;1;79;91;50;37
2025-04-18;Rennes;Nantes;FRANCE 1;2;1;2.25;0.47;5.1;17.0;66;34;20;4;6;1;124;57;79;19
2025-04-19;Union Berlin;Stuttgart;GERMANY 1;4;4;1.37;1.73;2.58;13.0;22;78;13;13;5;6;48;152;28;65
2025-04-19;Monaco;Strasbourg;FRANCE 1;0;0;1.21;0.63;5.4;32.0;47;53;8;5;4;2;101;91;58;22
2025-04-19;Monza;Napoli;ITALY 1;0;1;0.66;1.78;1.87;9.8;41;59;8;16;0;5;82;126;20;57
2025-04-19;Lecce;Como;ITALY 1;0;3;1.71;1.26;2.18;8.8;44;56;14;10;7;5;87;91;46;38
2025-04-19;PSG;Le Havre;FRANCE 1;2;1;2.43;0.89;10.0;38.0;70;30;18;9;11;1;138;73;72;34
2025-04-19;RB Leipzig;Holstein Kiel;GERMANY 1;1;1;1.3;1.29;9.6;44.0;61;39;10;13;4;3;139;80;51;35
2025-04-19;Werder Bremen;Bochum;GERMANY 1;1;0;1.37;1.34;3.0;18.5;48;52;14;13;4;1;75;141;28;60
2025-04-19;Freiburg;Hoffenheim;GERMANY 1;3;2;1.4;1.97;4.0;17.5;39;61;12;19;6;6;81;105;30;49
2025-04-19;Everton;Manchester City;ENGLAND 1;0;2;0.91;1.72;2.02;10.5;33;67;8;12;2;7;73;135;36;63
2025-04-20;Brest;Lens;FRANCE 1;1;3;1.15;2.13;3.2;13.0;44;56;10;18;4;9;76;105;33;51
2025-04-20;Reims;Toulouse;FRANCE 1;1;0;0.91;1.82;2.34;10.0;52;48;8;18;2;4;83;96;35;56
2025-04-20;Villarreal;Real Sociedad;SPAIN 1;2;2;2.05;0.79;5.1;18.0;58;42;20;4;4;4;93;73;72;34
2025-04-20;Bragantino;Cruzeiro;BRAZIL 1;1;0;2.04;1.44;4.1;13.5;42;58;19;12;6;4;102;93;59;56
2025-04-20;Juventude;Mirassol;BRAZIL 1;2;2;2.34;2.33;3.9;15.0;45;55;23;25;8;6;88;106;47;47
2025-04-20;Fortaleza;Palmeiras;BRAZIL 1;1;2;1.6;0.86;2.18;7.6;52;48;12;6;5;4;112;102;68;26
2025-04-20;Sao Paulo;Santos;BRAZIL 1;2;1;0.89;1.55;4.2;11.0;42;58;6;15;3;3;86;94;41;55
2025-04-20;St. Pauli;Bayer Leverkusen;GERMANY 1;1;1;1.25;1.07;1.71;7.4;43;57;8;6;5;4;97;103;53;55
2025-04-20;AC Milan;Atalanta;ITALY 1;0;1;1.13;1.2;2.72;14.5;48;52;12;11;1;2;99;126;41;49
2025-04-20;Empoli;Venezia;ITALY 1;2;2;1.32;1.47;3.85;11.5;46;54;11;13;4;7;87;79;48;22
2025-04-20;Fulham;Chelsea;ENGLAND 1;1;2;0.69;1.8;2.48;12.0;41;59;6;13;1;8;57;109;33;58
2025-04-20;Augsburg;Eintracht Frankfurt;GERMANY 1;0;0;1.23;1.17;2.92;13.0;45;55;13;8;2;5;91;83;36;43
2025-04-20;Lille;Auxerre;FRANCE 1;3;1;1.8;0.88;8.0;24.0;57;43;15;6;9;3;88;73;30;40
2025-04-22;Nantes;PSG;FRANCE 1;1;1;0.93;1.64;1.42;12.5;25;75;8;10;2;5;67;171;39;88
2025-04-22;Manchester City;Aston Villa;ENGLAND 1;2;1;1.74;0.86;11.5;50.0;62;38;14;7;6;3;115;42;59;29
2025-04-23;Genoa;Lazio;ITALY 1;0;2;1.01;1.75;2.74;8.6;38;62;8;15;4;6;70;115;30;52
2025-04-23;Parma;Juventus;ITALY 1;1;0;0.78;1.73;1.8;8.2;34;66;6;16;3;2;76;109;25;81
2025-04-23;Torino;Udinese;ITALY 1;2;0;1.12;1.38;3.55;10.0;44;56;10;10;4;6;92;81;27;45
2025-04-23;Cagliari;Fiorentina;ITALY 1;1;2;0.97;0.99;1.8;11.0;48;52;8;8;2;4;96;90;44;27
2025-04-23;Arsenal;Crystal Palace;ENGLAND 1;2;2;1.54;1.48;10.0;28.0;68;32;12;15;6;4;119;60;49;36
2025-04-25;Stuttgart;Heidenheim;GERMANY 1;0;1;1.9;0.72;11.0;50.0;70;30;19;6;3;2;178;60;66;27
2025-04-25;PSG;Nice;FRANCE 1;1;3;3.66;0.74;5.5;28.0;76;24;31;7;12;3;160;39;121;12
2025-04-26;Eintracht Frankfurt;RB Leipzig;GERMANY 1;4;0;1.37;0.96;2.64;18.5;46;54;9;7;6;3;78;112;53;40
2025-04-26;Le Havre;Monaco;FRANCE 1;1;1;0.99;2.22;1.45;13.5;39;61;9;20;3;5;94;127;27;84
2025-04-26;Internacional;Juventude;BRAZIL 1;3;1;1.58;0.46;6.2;18.0;53;47;13;4;7;1;109;70;36;17
2025-04-26;Chelsea;Everton;ENGLAND 1;1;0;1.65;0.97;4.8;24.0;55;45;10;6;7;3;111;85;72;52
2025-04-26;Wolfsburg;Freiburg;GERMANY 1;0;1;1.05;1.51;2.98;15.0;43;57;9;14;1;2;92;109;56;67
2025-04-26;Bayer Leverkusen;Augsburg;GERMANY 1;2;0;1.64;1.19;10.5;75.0;53;47;14;11;5;2;88;94;56;49
2025-04-26;Southampton;Fulham;ENGLAND 1;1;2;0.92;2.68;1.67;10.5;35;65;7;26;3;5;81;105;36;98
2025-04-27;Nantes;Toulouse;FRANCE 1;0;0;1.37;0.8;2.64;11.0;59;41;11;6;3;2;109;85;64;38
2025-04-27;Lens;Auxerre;FRANCE 1;0;4;1.49;1.37;6.2;26.0;66;34;13;11;4;7;123;69;53;26
2025-04-27;Werder Bremen;St. Pauli;GERMANY 1;0;0;1.13;1.24;4.3;15.5;51;49;11;10;2;4;110;105;39;44
2025-04-27;Juventus;Monza;ITALY 1;2;0;1.22;1.5;10.0;34.0;35;65;10;12;5;3;74;108;32;73
2025-04-27;Montpellier;Reims;FRANCE 1;0;0;1.23;0.98;1.78;10.5;54;46;12;8;2;3;96;105;46;34
2025-04-27;Atalanta;Lecce;ITALY 1;1;1;2.64;1.03;13.0;40.0;74;26;22;10;6;3;147;70;116;25
2025-04-27;Palmeiras;Bahia;BRAZIL 1;0;1;1.88;1.34;5.5;18.5;50;50;21;11;2;5;123;80;58;40
2025-04-27;Santos;Bragantino;BRAZIL 1;1;2;1.72;1.68;4.1;12.0;54;46;19;16;3;6;96;82;43;35
2025-04-27;Napoli;Torino;ITALY 1;2;0;0.97;0.83;10.5;26.0;58;42;8;9;2;0;103;89;44;35
2025-04-27;Fiorentina;Empoli;ITALY 1;2;1;0.77;1.17;4.8;14.5;53;47;6;8;3;5;70;107;24;41
2025-04-27;Bochum;Union Berlin;GERMANY 1;1;1;1.29;0.62;3.2;15.5;66;34;10;5;4;1;148;81;50;31
2025-04-27;Venezia;AC Milan;ITALY 1;0;2;1.51;1.15;1.74;9.8;50;50;15;12;2;2;114;75;58;35
2025-04-27;Como;Genoa;ITALY 1;1;0;1.48;0.71;5.0;14.5;53;47;14;5;3;2;115;84;53;33
2025-04-28;Udinese;Bologna;ITALY 1;0;0;1.3;1.05;1.88;6.8;35;65;13;12;4;1;82;78;27;30
2025-04-28;Lazio;Parma;ITALY 1;2;2;2.0;0.91;9.2;28.0;70;30;15;7;7;5;144;54;76;15
2025-05-02;Nice;Reims;FRANCE 1;1;0;0.94;1.56;8.6;36.0;55;45;8;17;2;3;107;100;39;38
2025-05-02;Heidenheim;Bochum;GERMANY 1;0;0;1.21;1.5;3.2;13.5;46;54;11;13;3;3;95;136;41;64
2025-05-02;Sao Paulo;Fortaleza;BRAZIL 1;0;0;1.44;1.45;5.6;14.0;55;45;14;17;4;1;103;76;38;43
2025-05-02;Torino;Venezia;ITALY 1;1;1;1.82;0.89;3.8;11.5;55;45;19;7;4;3;105;107;47;31
2025-05-03;St. Pauli;Stuttgart;GERMANY 1;0;1;0.66;2.24;2.76;13.0;30;70;6;21;1;8;44;134;29;48
2025-05-03;Union Berlin;Werder Bremen;GERMANY 1;2;2;1.88;1.59;2.52;12.5;41;59;17;13;7;6;84;129;45;47
2025-05-03;Parma;Como;ITALY 1;0;1;1.26;1.57;2.4;11.0;39;61;13;14;3;4;66;83;32;57
2025-05-03;Cagliari;Udinese;ITALY 1;1;2;0.79;1.34;3.85;11.5;45;55;8;11;2;3;80;107;18;60
2025-05-03;Corinthians;Internacional;BRAZIL 1;4;2;2.43;0.98;3.3;11.0;65;35;23;8;9;4;119;73;48;26
2025-05-03;Aston Villa;Fulham;ENGLAND 1;1;0;1.17;1.31;4.8;21.0;52;48;10;11;3;3;98;83;44;56
2025-05-03;Toulouse;Rennes;FRANCE 1;2;1;1.16;1.78;3.45;13.5;38;62;10;16;4;6;84;102;34;48
2025-05-03;Strasbourg;PSG;FRANCE 1;2;1;0.94;1.98;2.84;21.0;36;64;9;20;2;4;73;104;31;61
2025-05-03;Lecce;Napoli;ITALY 1;0;1;0.94;0.91;1.57;6.8;45;55;9;8;1;2;74;100;41;35
2025-05-04;Auxerre;Le Havre;FRANCE 1;1;2;0.47;1.56;3.55;15.0;47;53;3;13;1;7;90;96;27;34
2025-05-04;Brest;Montpellier;FRANCE 1;1;0;1.86;0.66;8.6;34.0;64;36;15;5;6;1;148;58;66;37
2025-05-04;Freiburg;Bayer Leverkusen;GERMANY 1;2;2;0.91;0.74;1.59;9.4;32;68;7;5;3;2;79;116;35;36
2025-05-04;Chelsea;Liverpool;ENGLAND 1;3;1;1.82;1.23;3.35;19.5;35;65;17;11;7;2;69;107;37;54
2025-05-04;Augsburg;Holstein Kiel;GERMANY 1;1;3;3.08;0.9;4.5;17.0;72;28;27;7;10;5;171;44;93;15
2025-05-04;Sporting CP;Gil Vicente;PORTUGAL 1;2;1;1.65;0.66;30.0;95.0;71;29;15;2;3;1;121;71;67;64
2025-05-04;Bologna;Juventus;ITALY 1;1;1;1.12;0.73;2.98;9.6;65;35;9;6;2;3;93;55;56;19
2025-05-04;Monza;Atalanta;ITALY 1;0;4;1.62;1.71;1.93;8.8;52;48;14;15;7;5;83;93;34;58
2025-05-04;Empoli;Lazio;ITALY 1;0;1;0.92;0.96;1.89;9.0;37;63;8;8;2;2;92;110;36;42
2025-05-05;Bragantino;Mirassol;BRAZIL 1;1;0;1.63;1.38;4.9;16.5;53;47;15;12;4;3;97;104;56;56
2025-05-05;Genoa;AC Milan;ITALY 1;1;2;1.27;1.25;1.8;9.2;40;60;11;10;4;5;96;86;40;36
2025-05-09;Wolfsburg;Hoffenheim;GERMANY 1;2;2;1.64;1.93;2.96;19.0;55;45;14;17;5;7;89;106;57;51
2025-05-09;AC Milan;Bologna;ITALY 1;3;1;1.18;1.27;3.25;12.5;47;53;10;10;5;4;58;118;28;48
2025-05-10;Benfica;Sporting CP;PORTUGAL 1;1;1;1.5;0.96;3.3;14.5;61;39;14;7;1;4;133;100;74;31
2025-05-10;Lazio;Juventus;ITALY 1;1;1;2.05;1.03;2.56;8.4;58;42;19;8;6;3;102;81;60;43
2025-05-10;Empoli;Parma;ITALY 1;2;1;1.44;0.47;3.75;11.5;46;54;15;3;4;1;82;108;30;26
2025-05-10;Mirassol;Corinthians;BRAZIL 1;2;1;1.35;1.11;2.66;9.6;37;63;13;10;5;3;82;81;24;37
2025-05-10;Fortaleza;Juventude;BRAZIL 1;5;0;2.29;0.56;6.2;17.0;48;52;20;4;13;1;73;64;17;32
2025-05-10;Toulouse;Lens;FRANCE 1;1;1;1.13;1.04;3.3;15.0;40;60;8;11;5;2;90;84;37;28
2025-05-10;Montpellier;PSG;FRANCE 1;1;4;1.03;1.5;1.57;12.5;31;69;9;10;4;8;45;111;26;41
2025-05-10;Rennes;Nice;FRANCE 1;2;0;1.36;1.33;2.02;13.0;51;49;11;10;5;5;68;95;44;47
2025-05-10;Auxerre;Nantes;FRANCE 1;1;1;1.13;0.81;2.58;10.5;62;38;9;7;3;3;105;84;47;20
2025-05-10;Brest;Lille;FRANCE 1;2;0;1.11;1.39;3.2;10.0;39;61;10;16;4;0;84;122;26;52
2025-05-10;Como;Cagliari;ITALY 1;3;1;1.86;0.99;5.0;18.0;62;38;19;9;5;3;121;78;42;28
2025-05-10;Fulham;Everton;ENGLAND 1;1;3;1.95;1.48;4.6;13.5;64;36;18;11;6;7;106;67;55;41
2025-05-10;Holstein Kiel;Freiburg;GERMANY 1;1;2;1.22;1.21;2.04;13.5;60;40;11;7;3;4;74;101;44;67
2025-05-10;Werder Bremen;RB Leipzig;GERMANY 1;0;0;1.51;1.17;3.15;22.0;55;45;11;10;6;4;109;96;53;35
2025-05-10;Union Berlin;Heidenheim;GERMANY 1;0;3;1.07;0.71;3.55;13.0;50;50;11;6;2;2;108;78;31;25
2025-05-10;Southampton;Manchester City;ENGLAND 1;0;0;0.21;3.07;1.24;12.5;28;72;2;26;0;5;43;157;10;152
2025-05-11;Palmeiras;Sao Paulo;BRAZIL 1;1;0;1.83;0.6;5.9;15.0;57;43;17;4;4;2;151;76;64;27
2025-05-11;Udinese;Monza;ITALY 1;1;2;2.08;0.51;7.4;24.0;60;40;21;5;5;2;124;41;56;7
2025-05-11;Eintracht Frankfurt;St. Pauli;GERMANY 1;2;2;1.59;0.58;5.8;24.0;73;27;13;5;5;2;138;41;56;17
2025-05-11;Stuttgart;Augsburg;GERMANY 1;4;0;3.06;0.57;6.0;29.0;71;29;29;7;11;0;96;69;66;17
2025-05-11;Napoli;Genoa;ITALY 1;2;2;2.41;0.84;13.0;30.0;59;41;22;8;11;2;89;81;36;26
2025-05-11;Liverpool;Arsenal;ENGLAND 1;2;2;1.5;1.92;3.1;15.5;44;56;14;15;5;7;60;100;38;67
2025-05-12;Venezia;Fiorentina;ITALY 1;2;1;1.03;1.82;2.64;8.8;34;66;9;17;4;5;58;116;25;55
2025-05-17;Augsburg;Union Berlin;GERMANY 1;1;2;1.92;0.69;3.75;14.0;63;37;19;5;4;3;141;74;60;21
2025-05-17;Heidenheim;Werder Bremen;GERMANY 1;1;4;2.25;1.53;2.8;20.0;51;49;21;13;8;7;90;94;52;30
2025-05-17;RB Leipzig;Stuttgart;GERMANY 1;2;3;1.23;1.58;3.7;36.0;49;51;8;14;5;6;83;74;51;39
2025-05-17;Freiburg;Eintracht Frankfurt;GERMANY 1;1;3;0.94;1.31;3.1;16.5;60;40;8;11;1;6;123;72;48;26
2025-05-17;St. Pauli;Bochum;GERMANY 1;0;2;1.18;1.18;5.5;25.0;58;42;10;9;2;6;99;78;56;25
2025-05-17;Genoa;Atalanta;ITALY 1;2;3;1.48;1.46;1.81;9.8;56;44;13;13;5;6;74;68;43;31
2025-05-17;Nice;Brest;FRANCE 1;6;0;1.91;0.93;6.8;29.0;42;58;18;10;7;1;91;90;39;30
2025-05-17;Lille;Reims;FRANCE 1;2;1;2.26;0.52;10.0;32.0;78;22;20;4;5;2;130;57;90;17
2025-05-17;Lens;Monaco;FRANCE 1;4;0;1.96;0.69;2.24;16.0;46;54;20;5;6;2;86;112;39;29
2025-05-17;Strasbourg;Le Havre;FRANCE 1;2;3;0.98;1.33;6.6;32.0;50;50;6;11;4;6;82;93;44;29
2025-05-17;PSG;Auxerre;FRANCE 1;3;1;2.48;0.76;21.0;100.0;67;33;21;7;9;2;125;49;73;24
2025-05-17;Nantes;Montpellier;FRANCE 1;3;0;1.85;0.96;7.2;22.0;44;56;18;10;7;0;88;115;31;43
2025-05-18;Brentford;Fulham;ENGLAND 1;2;3;1.49;1.75;3.5;19.0;50;50;11;16;6;7;98;70;51;35
2025-05-18;Everton;Southampton;ENGLAND 1;2;0;1.52;0.8;9.2;26.0;50;50;13;6;5;2;100;98;48;37
2025-05-18;Lecce;Torino;ITALY 1;1;0;1.2;1.18;4.7;13.0;42;58;10;10;4;4;97;95;39;36
2025-05-18;Monza;Empoli;ITALY 1;1;3;1.3;1.15;1.88;7.2;68;32;11;9;4;4;107;92;44;41
2025-05-18;Fiorentina;Bologna;ITALY 1;3;2;0.85;1.45;2.78;9.4;40;60;6;15;5;3;63;93;15;41
2025-05-18;Juventus;Udinese;ITALY 1;2;0;2.49;0.82;10.0;28.0;64;36;24;7;7;2;87;74;69;32
2025-05-18;Cagliari;Venezia;ITALY 1;3;0;1.77;1.0;3.2;10.5;43;57;19;10;5;1;75;122;31;39
2025-05-18;Parma;Napoli;ITALY 1;0;0;0.85;0.94;1.57;8.0;28;72;6;7;4;2;65;114;26;47
2025-05-18;Juventude;Fluminense;BRAZIL 1;1;1;0.88;1.84;2.9;9.0;33;67;9;17;1;7;70;111;33;38
2025-05-18;Corinthians;Santos;BRAZIL 1;1;0;1.13;0.67;5.1;14.5;62;38;11;6;2;1;114;69;39;29
2025-05-18;Internacional;Mirassol;BRAZIL 1;1;1;2.59;0.82;7.0;21.0;66;34;25;8;12;2;145;68;23;23
2025-05-18;Bragantino;Palmeiras;BRAZIL 1;1;2;1.02;1.64;1.94;8.6;49;51;9;15;2;5;79;98;42;47
2025-05-23;Napoli;Cagliari;ITALY 1;2;0;1.44;0.29;20.0;60.0;67;33;10;1;6;1;88;73;54;19
2025-05-24;AC Milan;Monza;ITALY 1;2;0;1.94;0.61;12.0;60.0;55;45;19;4;6;2;106;50;44;30
2025-05-24;Bologna;Genoa;ITALY 1;1;3;1.48;0.7;6.0;21.0;60;40;10;5;5;3;112;53;68;23
2025-05-24;Sao Paulo;Mirassol;BRAZIL 1;0;2;1.27;0.7;6.0;15.0;51;49;13;6;3;2;133;81;31;23
2025-05-24;Real Madrid;Real Sociedad;SPAIN 1;2;0;2.03;0.55;7.6;40.0;62;38;13;5;8;1;122;56;90;22
2025-05-25;Fortaleza;Cruzeiro;BRAZIL 1;0;2;0.75;1.81;4.9;14.0;49;51;10;17;1;8;101;86;4;25
2025-05-25;Atalanta;Parma;ITALY 1;2;3;1.14;1.87;5.5;25.0;53;47;8;13;5;10;92;107;38;48
2025-05-25;Lazio;Lecce;ITALY 1;0;1;2.42;0.93;9.2;34.0;72;28;19;8;7;3;112;62;103;29
2025-05-25;Venezia;Juventus;ITALY 1;2;3;1.23;1.38;1.61;10.5;43;57;8;10;5;5;91;78;51;55
2025-05-25;Udinese;Fiorentina;ITALY 1;2;3;0.78;2.07;2.18;10.0;35;65;5;14;3;11;76;96;34;58
2025-05-25;Southampton;Arsenal;ENGLAND 1;1;2;0.65;2.11;1.27;13.0;38;62;4;13;2;8;76;118;34;101
2025-05-25;Fulham;Manchester City;ENGLAND 1;0;2;1.02;1.58;1.22;14.0;47;53;9;12;3;5;58;117;34;65
2025-05-25;Liverpool;Crystal Palace;ENGLAND 1;1;1;1.49;0.96;16.0;65.0;69;31;10;7;3;5;156;52;87;23
2025-05-26;Bragantino;Juventude;BRAZIL 1;1;0;1.25;0.62;6.4;18.5;49;51;12;7;5;2;87;72;19;3
2025-05-31;Bahia;Sao Paulo;BRAZIL 1;2;1;1.65;1.34;5.0;13.0;59;41;13;14;7;4;92;88;46;24
2025-06-01;Internacional;Fluminense;BRAZIL 1;0;2;1.3;0.76;7.8;20.0;50;50;15;8;4;3;142;74;7;5
2025-06-01;Cruzeiro;Palmeiras;BRAZIL 1;2;1;1.28;1.81;2.56;7.8;36;64;14;18;3;5;58;124;27;44
2025-06-12;Bragantino;Bahia;BRAZIL 1;0;3;0.98;1.79;3.25;12.5;33;67;9;14;2;5;70;125;37;76
2025-06-12;Fortaleza;Santos;BRAZIL 1;2;3;3.12;0.8;3.75;11.0;57;43;32;8;10;3;99;52;58;11
2025-07-13;Corinthians;Bragantino;BRAZIL 1;1;2;1.87;1.17;3.9;11.0;62;38;13;9;8;5;112;72;67;34
2025-07-16;Bragantino;Sao Paulo;BRAZIL 1;2;2;1.66;1.61;3.1;9.0;48;52;17;14;3;5;100;96;52;52
2025-07-16;Palmeiras;Mirassol;BRAZIL 1;1;1;1.59;0.57;10.5;25.0;52;48;16;4;3;1;103;68;51;33
2025-07-17;Fluminense;Cruzeiro;BRAZIL 1;0;2;2.89;0.99;3.75;9.2;69;31;28;8;6;5;126;64;99;18
2025-07-19;Fortaleza;Bahia;BRAZIL 1;1;1;1.36;1.69;2.94;10.0;36;64;15;17;2;4;87;84;37;47
2025-07-19;Mirassol;Santos;BRAZIL 1;3;0;2.19;0.85;3.2;9.8;44;56;19;8;11;0;106;99;30;47
2025-07-19;Sao Paulo;Corinthians;BRAZIL 1;2;0;1.46;1.02;3.45;8.8;49;51;16;9;3;3;82;110;34;31
2025-07-20;Cruzeiro;Juventude;BRAZIL 1;4;0;1.79;0.63;8.0;23.0;48;52;16;6;7;1;88;74;40;23
2025-07-23;Corinthians;Cruzeiro;BRAZIL 1;0;0;1.04;1.44;9.4;26.0;47;53;7;14;4;4;83;111;43;37
2025-07-23;Santos;Internacional;BRAZIL 1;1;2;2.29;1.26;3.3;9.8;64;36;21;11;7;4;133;69;65;39
2025-07-23;Fluminense;Palmeiras;BRAZIL 1;1;2;1.5;1.15;2.82;7.4;54;46;17;9;1;5;101;79;50;31
2025-07-24;Juventude;Sao Paulo;BRAZIL 1;0;1;0.69;1.61;2.06;7.8;37;63;8;16;0;3;83;123;24;53
2025-07-26;Fortaleza;Bragantino;BRAZIL 1;3;1;2.19;1.14;4.3;14.5;42;58;21;10;9;4;108;113;32;29
2025-07-27;Bahia;Juventude;BRAZIL 1;3;0;2.02;0.33;7.4;21.0;66;34;17;3;8;0;104;70;53;18
2025-07-27;Sao Paulo;Fluminense;BRAZIL 1;3;1;1.74;0.83;5.6;15.5;47;53;15;7;9;1;96;123;22;41
2025-08-03;Internacional;Sao Paulo;BRAZIL 1;1;2;1.22;1.13;2.92;7.4;52;48;11;9;4;4;117;74;32;39
2025-08-03;Corinthians;Fortaleza;BRAZIL 1;1;1;2.05;0.87;4.4;12.0;68;32;18;8;5;3;160;78;77;20
2025-08-04;Santos;Juventude;BRAZIL 1;3;1;2.05;2.23;9.8;29.0;50;50;19;20;8;10;83;68;41;38
2025-08-08;Casa Pia;Sporting CP;PORTUGAL 1;0;2;0.86;2.95;1.53;8.0;33;67;7;27;2;12;53;112;39;58
2025-08-09;Bahia;Fluminense;BRAZIL 1;3;3;1.98;0.98;6.6;18.0;60;40;17;8;6;5;114;60;68;17
2025-08-09;Bragantino;Internacional;BRAZIL 1;1;3;1.96;1.66;2.64;9.8;50;50;17;14;8;6;110;113;45;48
2025-08-10;Cruzeiro;Santos;BRAZIL 1;1;2;2.02;0.86;7.2;22.0;57;43;19;9;4;2;104;61;76;21
2025-08-11;Juventude;Corinthians;BRAZIL 1;2;1;1.12;1.02;2.6;7.4;37;63;12;11;4;3;31;61;13;16
2025-08-16;Nice;Toulouse;FRANCE 1;0;1;1.36;1.08;4.6;15.5;57;43;13;10;2;2;82;82;56;42
2025-08-16;Fluminense;Fortaleza;BRAZIL 1;2;1;1.08;1.39;5.5;16.0;43;57;10;12;3;5;67;124;33;37
2025-08-16;Corinthians;Bahia;BRAZIL 1;1;2;2.75;0.88;5.6;21.0;66;34;24;7;8;5;130;66;95;11
2025-08-16;Monaco;Le Havre;FRANCE 1;3;1;1.56;1.0;9.6;36.0;74;26;13;9;3;4;149;65;71;20
2025-08-17;Metz;Strasbourg;FRANCE 1;0;1;0.35;1.24;2.22;10.5;38;62;2;9;0;4;62;164;30;50
2025-08-17;Auxerre;Lorient;FRANCE 1;1;0;0.83;1.38;3.1;12.5;44;56;7;14;3;3;91;116;22;38
2025-08-17;Nantes;PSG;FRANCE 1;0;1;0.47;2.31;1.42;12.5;29;71;5;18;0;4;48;170;21;123
2025-08-17;Chelsea;Crystal Palace;ENGLAND 1;0;0;1.89;1.13;5.6;28.0;72;28;19;11;3;4;116;57;67;21
2025-08-17;Brest;Lille;FRANCE 1;3;3;1.74;1.37;3.2;10.0;46;54;18;10;5;6;94;99;35;43
2025-08-18;Mirassol;Cruzeiro;BRAZIL 1;1;1;1.74;0.89;2.54;9.0;47;53;21;8;3;3;59;40;30;25
2025-08-23;Nice;Auxerre;FRANCE 1;3;1;1.77;1.58;6.2;24.0;55;45;16;12;6;8;76;95;48;35
2025-08-23;Sassuolo;Napoli;ITALY 1;0;2;0.77;1.32;1.69;7.8;38;62;7;13;2;4;85;103;25;29
2025-08-23;Genoa;Lecce;ITALY 1;0;0;0.7;0.76;4.6;11.5;59;41;5;7;2;0;89;95;32;42
2025-08-23;Cruzeiro;Internacional;BRAZIL 1;2;1;1.81;0.77;3.6;10.5;45;55;15;4;7;3;81;91;52;40
2025-08-23;AC Milan;Cremonese;ITALY 1;1;2;2.48;0.68;9.0;28.0;64;36;24;4;6;3;141;55;76;29
2025-08-23;Bragantino;Fluminense;BRAZIL 1;4;2;1.02;2.3;3.75;13.0;36;64;8;21;5;7;56;118;23;67
2025-08-23;Freiburg;Augsburg;GERMANY 1;1;3;1.66;1.54;5.3;21.0;60;40;16;14;4;5;118;80;50;42
2025-08-23;Eintracht Frankfurt;Werder Bremen;GERMANY 1;4;1;1.95;1.21;4.5;18.5;53;47;18;10;5;5;104;90;65;30
2025-08-23;Union Berlin;Stuttgart;GERMANY 1;2;1;0.85;2.2;2.58;13.0;25;75;8;21;2;6;74;138;28;63
2025-08-23;Heidenheim;Wolfsburg;GERMANY 1;1;3;0.82;1.62;2.62;11.0;49;51;7;15;2;5;89;85;31;45
2025-08-23;Bayer Leverkusen;Hoffenheim;GERMANY 1;1;2;0.96;1.23;13.5;70.0;60;40;7;10;2;5;130;81;49;34
2025-08-23;Brentford;Aston Villa;ENGLAND 1;1;0;0.97;1.81;3.1;20.0;24;76;9;17;2;2;52;110;37;83
2025-08-23;Burnley;Sunderland;ENGLAND 1;2;0;0.89;1.08;3.55;10.5;42;58;7;9;2;1;98;127;41;59
2025-08-24;Cagliari;Fiorentina;ITALY 1;1;1;1.57;0.56;1.8;11.0;45;55;14;4;6;1;89;96;36;31
2025-08-24;Fortaleza;Mirassol;BRAZIL 1;0;1;1.83;0.96;3.2;11.0;49;51;14;7;6;4;115;90;72;31
2025-08-24;Lille;Monaco;FRANCE 1;1;0;1.6;0.78;3.3;17.5;50;50;18;6;1;1;109;86;54;44
2025-08-24;Juventus;Parma;ITALY 1;2;0;2.6;0.87;8.8;28.0;64;36;25;8;8;2;108;72;65;30
2025-08-24;Atalanta;Pisa;ITALY 1;1;1;2.26;1.05;8.2;26.0;66;34;21;11;6;2;129;90;71;28
2025-08-24;Bahia;Santos;BRAZIL 1;2;0;1.42;1.06;5.9;18.5;54;46;12;8;4;3;103;72;52;47
2025-08-24;Como;Lazio;ITALY 1;2;0;2.05;0.56;2.6;9.8;63;37;19;5;6;1;120;54;60;23
2025-08-24;Lorient;Rennes;FRANCE 1;4;0;2.44;0.5;2.74;11.0;51;49;22;4;7;1;118;77;79;22
2025-08-24;Toulouse;Brest;FRANCE 1;2;0;0.87;1.51;2.12;13.0;47;53;6;16;3;2;85;103;38;50
2025-08-24;Strasbourg;Nantes;FRANCE 1;1;0;1.65;0.94;4.6;17.0;49;51;15;9;4;2;105;76;59;31
2025-08-24;Le Havre;Lens;FRANCE 1;1;2;2.04;0.78;1.65;7.6;57;43;18;6;6;3;120;68;67;25
2025-08-29;Lecce;AC Milan;ITALY 1;0;2;0.87;1.63;1.95;9.4;45;55;7;14;2;6;104;73;38;46
2025-08-29;Cremonese;Sassuolo;ITALY 1;3;2;1.4;1.23;2.98;11.0;42;58;11;9;6;6;80;106;39;31
2025-08-29;Lens;Brest;FRANCE 1;3;1;2.87;0.86;4.8;17.0;68;32;30;9;10;2;61;65;41;21
2025-08-29;Hamburger SV;St. Pauli;GERMANY 1;0;2;0.71;1.96;3.15;11.5;48;52;5;17;2;6;107;95;32;66
2025-08-30;Parma;Atalanta;ITALY 1;1;1;0.97;1.1;1.64;13.0;46;54;7;11;3;3;93;65;42;27
2025-08-30;Bologna;Como;ITALY 1;1;0;1.38;1.28;4.9;15.5;36;64;15;13;2;2;60;83;41;44
2025-08-30;Nantes;Auxerre;FRANCE 1;1;0;0.62;1.55;3.35;12.0;43;57;4;14;3;4;74;113;20;52
2025-08-30;Cruzeiro;Sao Paulo;BRAZIL 1;1;0;1.52;1.55;4.9;12.0;40;60;12;14;7;5;83;92;37;43
2025-08-30;Lorient;Lille;FRANCE 1;1;7;0.73;2.43;2.2;10.5;41;59;6;20;2;11;76;117;28;55
2025-08-30;Napoli;Cagliari;ITALY 1;1;0;2.21;0.83;20.0;60.0;67;33;20;10;6;1;138;56;72;17
2025-08-30;Toulouse;PSG;FRANCE 1;3;6;1.55;1.84;1.51;11.5;24;76;14;13;6;8;72;118;34;63
2025-08-30;Chelsea;Fulham;ENGLAND 1;2;0;1.62;1.17;7.0;34.0;54;46;13;11;6;3;97;92;52;36
2025-08-30;Sunderland;Brentford;ENGLAND 1;2;1;1.29;0.92;2.6;9.8;54;46;12;7;3;4;98;64;44;26
2025-08-30;Hoffenheim;Eintracht Frankfurt;GERMANY 1;1;3;1.91;1.2;2.26;13.5;58;42;17;9;5;6;130;64;66;29
2025-08-30;Werder Bremen;Bayer Leverkusen;GERMANY 1;3;3;1.42;1.29;1.55;15.0;45;55;12;10;5;4;89;92;43;52
2025-08-30;RB Leipzig;Heidenheim;GERMANY 1;2;0;2.0;0.7;9.8;44.0;66;34;19;5;5;3;132;64;62;23
2025-08-31;Mirassol;Bahia;BRAZIL 1;5;1;1.88;1.76;3.6;12.5;39;61;15;15;9;6;74;88;43;55
2025-08-31;Corinthians;Palmeiras;BRAZIL 1;1;1;0.74;2.17;2.44;9.4;42;58;9;19;1;7;85;95;12;68
2025-08-31;Internacional;Fortaleza;BRAZIL 1;2;1;1.41;0.86;4.4;12.0;52;48;14;10;6;3;43;20;16;3
2025-08-31;Torino;Fiorentina;ITALY 1;0;0;1.01;1.51;2.36;9.6;45;55;7;16;4;4;87;86;38;30
2025-08-31;Le Havre;Nice;FRANCE 1;3;1;1.61;0.99;1.71;9.0;41;59;12;7;8;3;74;107;41;45
2025-08-31;Monaco;Strasbourg;FRANCE 1;3;2;1.29;1.5;5.4;32.0;43;57;12;12;4;4;86;103;34;63
2025-08-31;Liverpool;Arsenal;ENGLAND 1;1;0;0.95;1.09;3.1;15.5;53;47;9;11;3;1;82;84;23;44
2025-08-31;Genoa;Juventus;ITALY 1;0;1;0.96;1.33;1.89;6.2;44;56;10;13;1;3;92;97;34;41
2025-08-31;Santos;Fluminense;BRAZIL 1;0;0;0.97;0.57;3.25;9.8;50;50;9;5;2;0;101;93;35;33
2025-08-31;Alverca;Benfica;PORTUGAL 1;1;2;1.43;0.96;1.23;9.0;47;53;11;6;7;2;52;107;35;60
2025-08-31;Aston Villa;Crystal Palace;ENGLAND 1;0;3;1.56;0.85;6.0;23.0;58;42;13;6;4;4;120;67;63;26
2025-09-12;Bayer Leverkusen;Eintracht Frankfurt;GERMANY 1;3;1;1.9;1.54;7.0;42.0;39;61;18;13;8;2;72;132;29;79
2025-09-12;Benfica;Santa Clara;PORTUGAL 1;1;1;2.53;1.04;11.5;38.0;78;22;19;9;7;5;182;48;115;17
2025-09-13;Auxerre;Monaco;FRANCE 1;1;2;0.94;1.54;1.88;14.5;33;67;9;13;2;3;92;116;30;70
2025-09-13;Brentford;Chelsea;ENGLAND 1;2;2;0.99;1.84;2.3;15.5;34;66;7;16;4;6;87;124;36;56
2025-09-13;Fiorentina;Napoli;ITALY 1;1;3;1.75;1.74;3.3;14.5;53;47;19;14;3;9;100;90;48;31
2025-09-13;Cagliari;Parma;ITALY 1;2;0;1.31;1.85;4.4;19.0;51;49;12;17;5;5;53;98;28;60
2025-09-13;Palmeiras;Internacional;BRAZIL 1;4;1;2.25;0.77;6.0;16.5;61;39;20;7;8;3;144;83;58;15
2025-09-13;Fluminense;Corinthians;BRAZIL 1;0;1;1.59;0.35;4.2;11.0;62;38;16;2;4;1;130;84;40;18
2025-09-13;Everton;Aston Villa;ENGLAND 1;0;0;1.88;0.76;2.38;8.6;48;52;20;7;2;1;95;87;68;33
2025-09-13;Crystal Palace;Sunderland;ENGLAND 1;0;0;1.64;0.67;5.9;15.5;56;44;14;6;6;0;95;111;46;38
2025-09-13;Union Berlin;Hoffenheim;GERMANY 1;2;4;2.13;1.47;3.85;17.5;42;58;20;9;7;8;96;136;53;45
2025-09-13;Freiburg;Stuttgart;GERMANY 1;3;1;1.83;0.94;2.16;12.0;46;54;14;7;6;2;96;84;73;49
2025-09-13;Nice;Nantes;FRANCE 1;1;0;2.06;1.35;5.6;15.0;59;41;19;14;8;3;116;81;41;36
2025-09-13;Real Sociedad;Real Madrid;SPAIN 1;1;2;2.23;1.68;3.15;11.0;64;36;23;16;4;6;117;87;70;34
2025-09-14;Burnley;Liverpool;ENGLAND 1;0;1;0.31;2.74;1.37;11.0;19;81;3;27;0;4;68;147;15;106
2025-09-14;Atalanta;Lecce;ITALY 1;4;1;2.2;1.37;13.0;40.0;57;43;19;12;8;3;80;95;62;56
2025-09-14;Lille;Toulouse;FRANCE 1;2;1;1.97;1.04;4.6;17.0;70;30;20;9;5;4;102;60;50;26
2025-09-14;St. Pauli;Augsburg;GERMANY 1;2;1;1.63;1.19;3.4;11.5;57;43;13;10;7;5;122;92;43;28
2025-09-14;Sassuolo;Lazio;ITALY 1;1;0;1.13;1.44;2.14;10.0;41;59;10;13;3;3;83;110;39;56
2025-09-14;Strasbourg;Le Havre;FRANCE 1;1;0;1.41;1.08;6.6;32.0;49;51;9;10;7;1;85;101;48;52
2025-09-14;PSG;Lens;FRANCE 1;2;0;1.7;1.16;8.2;34.0;68;32;14;11;6;3;139;51;53;36
2025-09-14;AC Milan;Bologna;ITALY 1;1;0;1.32;0.56;3.25;12.5;39;61;14;5;3;0;79;85;31;32
2025-09-14;Pisa;Udinese;ITALY 1;0;1;1.2;1.34;2.86;9.2;51;49;12;13;2;3;100;89;41;42
2025-09-15;Bahia;Cruzeiro;BRAZIL 1;1;2;1.55;0.94;4.3;13.0;62;38;13;10;5;3;62;49;53;14
2025-09-15;Como;Genoa;ITALY 1;1;1;1.34;1.44;5.0;14.5;53;47;13;12;4;6;84;105;32;35
2025-09-19;Lecce;Cagliari;ITALY 1;1;2;1.37;1.67;3.5;11.0;52;48;11;15;5;6;91;80;44;42
2025-09-19;Stuttgart;St. Pauli;GERMANY 1;2;0;1.94;0.94;7.8;29.0;54;46;17;9;8;2;116;93;41;31
2025-09-20;AVS;Benfica;PORTUGAL 1;0;3;0.84;2.02;1.19;10.5;37;63;8;19;1;6;81;118;36;55
2025-09-20;Santa Clara;Alverca;PORTUGAL 1;2;1;1.6;0.61;6.0;15.0;55;45;14;3;6;3;93;70;40;27
2025-09-20;Nantes;Rennes;FRANCE 1;2;2;1.52;1.06;2.5;9.8;43;57;16;8;4;4;77;86;32;37
2025-09-20;Brest;Nice;FRANCE 1;4;1;1.19;2.12;2.98;10.5;38;62;11;21;5;4;76;148;20;70
2025-09-20;Lens;Lille;FRANCE 1;3;0;1.61;1.67;3.7;13.5;38;62;15;17;6;3;75;109;34;54
2025-09-20;Palmeiras;Fortaleza;BRAZIL 1;4;1;2.49;1.01;9.6;32.0;66;34;23;8;10;5;108;61;48;21
2025-09-20;Fulham;Brentford;ENGLAND 1;3;1;1.34;1.04;3.75;18.5;53;47;14;8;3;3;95;81;33;44
2025-09-20;Udinese;AC Milan;ITALY 1;0;3;1.25;1.55;2.0;9.8;40;60;10;13;4;6;81;93;47;42
2025-09-20;Liverpool;Everton;ENGLAND 1;2;1;1.26;1.14;8.0;24.0;57;43;11;9;3;2;95;100;49;59
2025-09-20;Bologna;Genoa;ITALY 1;2;1;1.64;0.85;6.0;21.0;59;41;14;7;6;4;133;68;45;16
2025-09-20;Hamburger SV;Heidenheim;GERMANY 1;2;1;2.31;2.21;4.4;19.5;49;51;22;20;9;8;91;95;41;55
2025-09-20;Werder Bremen;Freiburg;GERMANY 1;0;3;1.49;1.16;2.64;14.5;62;38;12;10;5;5;122;74;52;24
2025-09-21;Cremonese;Parma;ITALY 1;0;0;0.44;1.48;2.88;11.0;52;48;3;15;1;3;66;93;23;44
2025-09-21;Torino;Atalanta;ITALY 1;0;3;1.34;1.19;2.38;9.4;39;61;11;9;5;5;86;109;40;35
2025-09-21;Sunderland;Aston Villa;ENGLAND 1;1;1;1.32;1.41;2.28;8.4;29;71;14;12;4;2;62;106;22;70
2025-09-21;Eintracht Frankfurt;Union Berlin;GERMANY 1;3;4;2.39;1.16;4.2;14.0;78;22;19;11;10;5;127;69;68;16
2025-09-21;Le Havre;Lorient;FRANCE 1;1;1;1.32;1.07;3.65;11.5;60;40;13;8;2;4;124;88;48;38
2025-09-21;Monaco;Metz;FRANCE 1;5;2;1.85;0.91;9.8;42.0;43;57;16;8;6;3;98;86;59;25
2025-09-21;Auxerre;Toulouse;FRANCE 1;1;0;0.67;1.41;2.52;10.5;40;60;6;13;1;3;80;101;29;52
2025-09-21;Arsenal;Manchester City;ENGLAND 1;1;1;1.45;0.86;4.1;17.5;67;33;12;5;3;3;106;63;66;46
2025-09-21;Fiorentina;Como;ITALY 1;1;2;0.78;2.04;3.75;14.0;39;61;8;19;1;7;79;109;27;48
2025-09-21;Cruzeiro;Bragantino;BRAZIL 1;2;1;1.16;0.97;4.4;14.0;60;40;13;8;3;6;32;23;19;7
2025-09-21;Santos;Sao Paulo;BRAZIL 1;1;0;1.55;0.34;3.45;9.2;44;56;19;4;4;1;37;19;11;2
2025-09-21;Mirassol;Juventude;BRAZIL 1;2;0;1.6;1.34;7.8;24.0;52;48;16;12;4;3;120;87;41;52
2025-09-22;Napoli;Pisa;ITALY 1;3;2;1.89;1.53;14.5;36.0;64;36;18;15;6;6;118;80;45;22
2025-09-26;Benfica;Gil Vicente;PORTUGAL 1;2;1;1.19;1.81;13.0;36.0;47;53;10;16;4;7;85;138;38;41
2025-09-27;Manchester City;Burnley;ENGLAND 1;5;1;2.43;0.89;20.0;65.0;69;31;21;9;8;2;110;65;77;25
2025-09-27;Crystal Palace;Liverpool;ENGLAND 1;2;1;1.69;1.99;1.56;11.0;28;72;16;20;7;4;82;149;26;61
2025-09-27;PSG;Auxerre;FRANCE 1;2;0;1.85;1.2;21.0;100.0;66;34;15;12;8;3;106;88;47;32
2025-09-27;Juventude;Internacional;BRAZIL 1;1;1;1.53;0.6;2.36;8.6;56;44;14;5;3;2;119;72;60;18
2025-09-27;Toulouse;Nantes;FRANCE 1;2;2;2.13;1.05;5.6;17.0;46;54;20;12;7;2;109;76;53;20
2025-09-27;Heidenheim;Augsburg;GERMANY 1;2;1;1.34;0.92;2.98;14.0;48;52;11;8;5;2;85;115;41;36
2025-09-27;Lorient;Monaco;FRANCE 1;3;1;2.11;0.82;1.64;12.0;47;53;19;5;8;2;86;139;50;47
2025-09-27;Juventus;Atalanta;ITALY 1;1;1;2.86;1.05;3.0;11.0;67;33;24;12;10;2;131;59;90;21
2025-09-27;Wolfsburg;RB Leipzig;GERMANY 1;0;1;1.9;2.17;2.4;15.0;51;49;22;20;4;6;94;97;32;68
2025-09-27;St. Pauli;Bayer Leverkusen;GERMANY 1;1;2;1.69;0.75;1.71;7.4;49;51;13;5;6;4;102;75;62;20
2025-09-27;Como;Cremonese;ITALY 1;1;1;1.49;0.91;8.6;25.0;58;42;14;9;6;2;105;86;24;27
2025-09-28;Lecce;Bologna;ITALY 1;2;2;1.24;1.54;1.81;7.0;33;67;12;14;4;5;62;111;28;41
2025-09-28;Metz;Le Havre;FRANCE 1;0;0;0.8;1.23;2.72;11.5;53;47;7;10;0;2;93;88;48;63
2025-09-28;Rennes;Lens;FRANCE 1;0;0;1.53;1.28;3.3;15.5;67;33;14;13;2;2;145;56;69;45
2025-09-28;AC Milan;Napoli;ITALY 1;2;1;0.69;2.23;3.0;13.0;37;63;6;19;3;7;66;107;13;75
2025-09-28;Bahia;Palmeiras;BRAZIL 1;1;0;1.41;1.43;2.28;11.0;53;47;12;11;5;4;103;104;41;62
2025-09-28;Union Berlin;Hamburger SV;GERMANY 1;0;0;1.18;1.73;4.0;17.0;34;66;11;16;2;6;80;126;47;40
2025-09-28;Sassuolo;Udinese;ITALY 1;3;1;1.31;1.39;2.66;10.5;44;56;11;12;5;5;85;93;36;38
2025-09-28;Freiburg;Hoffenheim;GERMANY 1;1;1;0.67;1.63;4.0;17.5;43;57;6;15;1;4;95;86;29;56
2025-09-28;Aston Villa;Fulham;ENGLAND 1;3;1;1.11;1.39;4.8;21.0;48;52;9;11;4;4;88;81;35;57
2025-09-28;Pisa;Fiorentina;ITALY 1;0;0;1.06;1.25;2.26;8.2;39;61;11;14;1;2;62;87;41;31
2025-09-29;Genoa;Lazio;ITALY 1;0;3;1.69;1.34;2.74;8.6;65;35;17;9;5;6;113;72;36;49
2025-09-29;Parma;Torino;ITALY 1;2;1;1.2;1.65;2.56;9.4;37;63;13;15;2;4;80;97;33;59
2025-10-01;Internacional;Corinthians;BRAZIL 1;1;1;1.23;0.56;4.3;12.5;56;44;10;5;4;2;87;54;43;14
2025-10-02;Fortaleza;Sao Paulo;BRAZIL 1;0;2;2.23;0.82;2.94;9.6;75;25;24;8;5;3;95;45;52;14
2025-10-04;Chelsea;Liverpool;ENGLAND 1;2;1;1.59;1.25;3.35;19.5;53;47;12;12;6;2;101;100;57;48
2025-10-04;Auxerre;Lens;FRANCE 1;1;2;1.75;0.9;2.0;9.6;57;43;18;7;2;4;120;76;65;23
2025-10-04;Corinthians;Mirassol;BRAZIL 1;3;0;1.0;1.58;4.3;11.5;36;64;10;20;3;0;53;118;22;44
2025-10-04;Real Madrid;Villarreal;SPAIN 1;3;1;2.81;0.91;11.5;65.0;70;30;26;9;7;2;133;69;96;28
2025-10-04;Brest;Nantes;FRANCE 1;0;0;1.77;0.61;6.0;17.5;51;49;17;6;5;0;93;92;49;30
2025-10-04;Atalanta;Como;ITALY 1;1;1;1.65;1.3;6.8;27.0;51;49;16;12;4;4;97;96;50;35
2025-10-04;Parma;Lecce;ITALY 1;0;1;1.09;0.92;3.65;15.0;63;37;10;7;2;3;97;89;43;36
2025-10-04;Lazio;Torino;ITALY 1;3;3;1.16;1.76;5.1;15.0;49;51;9;16;4;8;85;95;43;26
2025-10-04;Werder Bremen;St. Pauli;GERMANY 1;1;0;1.57;1.46;4.3;15.5;41;59;15;13;5;3;93;162;37;57
2025-10-04;Augsburg;Wolfsburg;GERMANY 1;3;1;1.41;1.44;2.84;10.0;47;53;10;14;5;4;120;70;57;39
2025-10-04;Bayer Leverkusen;Union Berlin;GERMANY 1;2;0;1.85;1.01;11.0;40.0;74;26;20;10;3;3;134;78;52;23
2025-10-05;Bologna;Pisa;ITALY 1;4;0;2.4;0.28;6.0;16.0;71;29;24;2;7;0;121;67;55;19
2025-10-05;Everton;Crystal Palace;ENGLAND 1;2;1;1.74;1.84;3.05;10.5;50;50;14;15;7;8;123;94;50;46
2025-10-05;Aston Villa;Burnley;ENGLAND 1;2;1;1.66;0.7;6.2;19.5;55;45;15;5;7;2;89;82;30;32
2025-10-05;Udinese;Cagliari;ITALY 1;1;1;2.18;0.74;3.7;13.5;60;40;23;8;4;2;124;47;62;13
2025-10-05;Lille;PSG;FRANCE 1;1;1;1.09;1.72;1.93;12.0;38;62;9;17;3;5;77;107;43;41
2025-10-05;Juventus;AC Milan;ITALY 1;0;0;1.38;1.29;4.0;13.5;51;49;12;13;3;4;97;75;56;26
2025-10-05;Sao Paulo;Palmeiras;BRAZIL 1;2;3;1.32;1.61;3.3;9.0;51;49;12;14;5;7;85;86;29;33
2025-10-05;Juventude;Fortaleza;BRAZIL 1;1;2;1.79;0.9;3.0;11.0;49;51;16;8;7;3;79;70;40;24
2025-10-05;Stuttgart;Heidenheim;GERMANY 1;1;0;1.96;0.64;11.0;50.0;64;36;18;5;6;1;143;72;54;34
2025-10-05;Monaco;Nice;FRANCE 1;2;2;2.22;0.93;4.4;23.0;66;34;20;9;6;2;130;58;74;31
2025-10-05;Le Havre;Rennes;FRANCE 1;2;2;1.1;1.13;2.22;10.5;43;57;10;9;2;3;67;101;46;48
2025-10-05;Brentford;Manchester City;ENGLAND 1;0;1;0.72;1.25;1.67;16.5;30;70;6;10;1;4;71;140;37;44
2025-10-05;Real Sociedad;Rayo Vallecano;SPAIN 1;0;1;1.11;0.75;3.85;13.0;51;49;10;7;3;2;101;90;36;21
2025-10-05;Napoli;Genoa;ITALY 1;2;1;1.52;0.65;13.0;30.0;69;31;12;6;5;1;99;79;57;26
2025-10-11;Palmeiras;Juventude;BRAZIL 1;4;1;2.37;0.69;10.0;28.0;67;33;19;8;10;1;137;73;64;14
2025-10-15;Santos;Corinthians;BRAZIL 1;3;1;1.93;0.53;4.1;11.0;38;62;19;5;5;1;96;90;54;18
2025-10-15;Mirassol;Internacional;BRAZIL 1;3;1;1.55;0.65;3.7;0.0;56;44;17;6;5;3;51;30;19;8
2025-10-16;Fluminense;Juventude;BRAZIL 1;1;0;1.33;0.85;6.4;22.0;67;33;13;9;1;1;110;76;60;28
2025-10-17;PSG;Strasbourg;FRANCE 1;3;3;2.41;1.45;13.5;65.0;71;29;21;12;9;7;131;69;62;28
2025-10-18;Torino;Napoli;ITALY 1;1;0;1.18;2.26;1.83;6.8;31;69;12;22;2;5;60;87;40;74
2025-10-18;Fulham;Arsenal;ENGLAND 1;0;1;0.82;1.9;1.6;9.8;37;63;9;16;0;5;43;79;35;77
2025-10-18;Manchester City;Everton;ENGLAND 1;2;0;2.21;0.58;9.2;38.0;71;29;19;5;7;1;118;54;72;26
2025-10-18;Cruzeiro;Fortaleza;BRAZIL 1;1;0;1.28;1.87;6.8;23.0;55;45;10;18;4;4;116;105;50;63
2025-10-18;Lecce;Sassuolo;ITALY 1;0;0;1.19;0.93;2.76;9.2;52;48;11;9;2;2;85;62;49;30
2025-10-18;Heidenheim;Werder Bremen;GERMANY 1;2;2;3.31;1.21;2.8;20.0;55;45;31;11;11;4;128;93;83;32
2025-10-18;RB Leipzig;Hamburger SV;GERMANY 1;2;1;0.98;1.28;7.2;42.0;47;53;10;15;4;3;71;100;9;16
2025-10-18;Wolfsburg;Stuttgart;GERMANY 1;0;3;1.89;2.95;2.5;15.0;41;59;11;15;3;7;196;280;134;207
2025-10-19;Rennes;Auxerre;FRANCE 1;2;2;2.08;0.9;4.9;17.0;52;48;19;7;7;4;98;82;54;23
2025-10-19;Toulouse;Metz;FRANCE 1;4;0;1.88;0.43;7.0;22.0;36;64;16;2;7;2;79;77;54;20
2025-10-19;St. Pauli;Hoffenheim;GERMANY 1;0;3;1.13;1.44;3.4;12.0;49;51;10;14;2;5;89;93;49;28
2025-10-19;Lorient;Brest;FRANCE 1;3;3;1.52;1.01;2.08;8.0;50;50;12;8;7;4;74;102;38;29
2025-10-19;AC Milan;Fiorentina;ITALY 1;2;1;1.51;0.7;4.1;17.5;56;44;14;5;4;1;114;105;47;41
2025-10-19;Nantes;Lille;FRANCE 1;0;2;0.99;2.2;2.0;8.4;37;63;8;23;3;5;70;111;38;56
2025-10-19;Mirassol;Sao Paulo;BRAZIL 1;3;0;1.55;1.4;3.5;10.5;40;60;12;10;9;3;51;104;23;77
2025-10-19;Atalanta;Lazio;ITALY 1;0;0;1.91;0.52;5.5;21.0;58;42;16;4;6;1;116;82;66;26
2025-10-19;Como;Juventus;ITALY 1;2;0;1.41;1.54;2.12;8.8;45;55;12;15;6;3;73;77;32;54
2025-10-19;Genoa;Parma;ITALY 1;0;0;2.32;0.19;4.2;16.5;69;31;23;1;7;0;107;46;53;17
2025-10-19;Cagliari;Bologna;ITALY 1;0;2;0.59;1.29;2.62;9.2;42;58;4;10;3;7;61;54;16;23
2025-10-19;Freiburg;Eintracht Frankfurt;GERMANY 1;2;2;1.51;0.86;3.1;16.5;51;49;12;8;5;3;99;83;55;19
2025-10-20;Juventude;Bragantino;BRAZIL 1;1;0;1.65;0.83;3.45;13.0;43;57;19;9;3;1;93;92;33;25
2025-10-20;Cremonese;Udinese;ITALY 1;1;1;1.2;0.92;2.52;8.6;52;48;11;8;4;1;86;102;30;46
2025-10-22;Bahia;Internacional;BRAZIL 1;1;0;2.11;0.94;3.95;12.5;56;44;18;9;7;2;119;98;67;30
2025-10-24;Werder Bremen;Union Berlin;GERMANY 1;1;0;1.51;1.27;3.95;13.5;58;42;16;12;3;2;115;92;39;51
2025-10-24;Alverca;Gil Vicente;PORTUGAL 1;0;4;0.84;1.4;2.54;8.2;56;44;6;12;2;5;85;72;43;41
2025-10-24;AC Milan;Pisa;ITALY 1;2;2;2.37;0.82;12.5;34.0;68;32;20;8;7;2;146;70;85;23
2025-10-25;Brest;PSG;FRANCE 1;0;3;0.79;2.19;1.5;11.5;25;75;8;18;2;8;81;134;18;68
2025-10-25;Brentford;Liverpool;ENGLAND 1;3;2;2.03;1.96;1.48;16.0;34;66;17;18;8;5;94;111;55;66
2025-10-25;Fluminense;Internacional;BRAZIL 1;1;0;2.3;0.73;2.98;8.6;58;42;21;8;7;0;117;78;67;30
2025-10-25;Sao Paulo;Bahia;BRAZIL 1;2;0;1.65;0.99;4.2;12.0;58;42;14;9;5;3;93;71;58;28
2025-10-25;Cremonese;Atalanta;ITALY 1;1;1;1.15;2.15;1.61;9.0;35;65;9;20;5;6;83;125;31;65
2025-10-25;Santa Clara;AVS;PORTUGAL 1;2;0;1.95;0.96;4.9;15.5;60;40;20;7;5;2;113;77;47;52
2025-10-25;Monaco;Toulouse;FRANCE 1;1;0;1.38;1.2;5.1;21.0;54;46;14;10;5;2;86;128;19;58
2025-10-25;Parma;Como;ITALY 1;0;0;1.08;0.89;2.4;11.0;29;71;10;6;3;2;61;104;33;49
2025-10-25;Udinese;Lecce;ITALY 1;3;2;1.07;1.39;3.45;11.5;44;56;8;13;4;3;86;118;38;48
2025-10-25;Hamburger SV;Wolfsburg;GERMANY 1;0;1;2.67;0.68;3.1;16.5;61;39;27;6;6;2;112;78;78;20
2025-10-25;Augsburg;RB Leipzig;GERMANY 1;0;6;1.41;1.74;2.26;11.0;50;50;15;15;2;8;146;78;43;33
2025-10-25;Eintracht Frankfurt;St. Pauli;GERMANY 1;2;0;1.25;1.03;5.8;24.0;51;49;10;9;6;1;94;105;26;53
2025-10-25;Hoffenheim;Heidenheim;GERMANY 1;3;1;1.74;1.26;4.5;18.0;60;40;14;12;7;3;115;96;50;39
2025-10-25;Chelsea;Sunderland;ENGLAND 1;1;2;2.09;1.07;9.4;28.0;68;32;16;10;7;4;123;76;82;21
2025-10-26;Auxerre;Le Havre;FRANCE 1;0;1;1.48;1.13;3.55;15.0;51;49;14;9;3;4;66;76;55;38
2025-10-26;Rennes;Nice;FRANCE 1;1;2;2.25;0.87;2.02;13.0;58;42;19;8;7;3;116;64;78;21
2025-10-26;Lazio;Juventus;ITALY 1;1;0;1.25;1.66;2.56;8.4;40;60;13;14;3;5;67;115;30;58
2025-10-26;Palmeiras;Cruzeiro;BRAZIL 1;0;0;1.4;1.27;5.4;17.0;52;48;13;10;4;4;80;96;41;49
2025-10-26;Fiorentina;Bologna;ITALY 1;2;2;1.89;0.76;2.78;9.4;50;50;19;6;7;3;71;77;29;22
2025-10-26;Torino;Genoa;ITALY 1;2;1;1.64;1.18;3.75;9.6;59;41;13;11;6;3;128;80;53;37
2025-10-26;Arsenal;Crystal Palace;ENGLAND 1;1;0;1.22;0.82;10.0;28.0;60;40;10;7;3;1;109;91;51;41
2025-10-26;Aston Villa;Manchester City;ENGLAND 1;1;0;1.0;1.91;2.18;15.0;47;53;9;18;3;4;81;110;29;69
2025-10-26;Lille;Metz;FRANCE 1;6;1;2.71;1.16;10.5;34.0;62;38;23;10;12;4;110;79;59;34
2025-10-26;Bayer Leverkusen;Freiburg;GERMANY 1;2;0;1.92;1.1;9.2;34.0;69;31;19;10;4;3;114;72;61;36
2025-10-28;Atalanta;AC Milan;ITALY 1;1;1;1.67;0.68;3.55;16.0;56;44;17;6;3;1;122;83;53;30
2025-10-28;Lecce;Napoli;ITALY 1;0;1;0.84;1.53;1.57;6.8;41;59;7;14;2;3;86;103;35;60
2025-10-29;Bologna;Torino;ITALY 1;0;0;1.27;0.86;5.7;15.0;71;29;11;8;2;2;147;53;57;30
2025-10-29;Nantes;Monaco;FRANCE 1;3;5;1.72;2.07;1.84;9.0;48;52;18;19;5;9;103;94;32;33
2025-10-29;Toulouse;Rennes;FRANCE 1;2;2;1.64;1.22;3.45;13.5;55;45;15;11;4;5;89;63;57;24
2025-10-29;Strasbourg;Auxerre;FRANCE 1;3;0;2.04;0.73;4.5;21.0;64;36;18;6;9;1;125;66;36;38
2025-10-29;Genoa;Cremonese;ITALY 1;0;2;1.48;1.16;5.3;13.5;54;46;16;11;1;4;98;101;55;24
2025-10-29;Juventus;Udinese;ITALY 1;3;1;2.75;0.85;10.0;28.0;57;43;25;8;11;2;80;73;58;28
2025-10-29;Metz;Lens;FRANCE 1;2;0;1.8;1.07;1.76;8.6;46;54;16;10;7;2;67;120;43;39
2025-10-29;Nice;Lille;FRANCE 1;2;0;0.9;2.33;3.15;11.5;32;68;8;21;4;4;51;144;16;100
2025-10-29;Lorient;PSG;FRANCE 1;1;1;0.65;2.48;1.42;12.0;22;78;5;15;2;8;44;163;27;134
2025-10-29;Le Havre;Brest;FRANCE 1;1;0;1.36;0.95;2.4;8.4;46;54;13;8;3;2;95;102;45;41
2025-10-30;Pisa;Lazio;ITALY 1;0;0;0.98;1.28;2.24;8.0;39;61;10;11;2;6;66;97;29;21
2025-10-30;Cagliari;Sassuolo;ITALY 1;1;2;0.83;1.43;3.15;10.5;46;54;8;12;1;4;76;113;35;53
2025-11-01;Heidenheim;Eintracht Frankfurt;GERMANY 1;1;1;1.1;1.89;1.96;11.0;28;72;9;16;4;3;79;138;34;92
2025-11-01;RB Leipzig;Stuttgart;GERMANY 1;3;1;1.88;1.58;3.7;36.0;42;58;16;14;9;4;76;106;33;57
2025-11-01;Udinese;Atalanta;ITALY 1;1;0;1.34;0.6;1.68;9.4;40;60;11;5;5;0;81;82;40;38
2025-11-01;Union Berlin;Freiburg;GERMANY 1;0;0;1.08;1.35;3.5;14.0;37;63;11;13;2;4;87;90;33;34
2025-11-01;Burnley;Arsenal;ENGLAND 1;0;2;0.48;1.59;1.28;7.6;46;54;3;12;0;8;100;79;38;38
2025-11-01;Crystal Palace;Brentford;ENGLAND 1;2;0;1.16;0.89;3.8;17.0;36;64;10;6;3;2;79;85;44;50
2025-11-01;Villarreal;Rayo Vallecano;SPAIN 1;4;0;1.81;1.33;4.8;18.5;47;53;16;13;7;3;78;106;43;40
2025-11-01;Santos;Fortaleza;BRAZIL 1;1;1;1.6;1.58;5.7;19.0;68;32;15;13;4;8;121;69;51;28
2025-11-01;Liverpool;Aston Villa;ENGLAND 1;2;0;1.62;1.13;7.0;34.0;53;47;16;10;4;3;92;77;46;39
2025-11-01;Cremonese;Juventus;ITALY 1;1;2;0.89;1.69;1.55;8.2;51;49;9;15;2;5;89;103;23;54
2025-11-01;PSG;Nice;FRANCE 1;1;0;3.33;0.52;5.5;28.0;77;23;28;5;8;2;188;32;140;8
2025-11-01;Napoli;Como;ITALY 1;0;0;1.65;1.28;8.6;30.0;45;55;13;13;8;2;102;95;36;44
2025-11-02;Bahia;Bragantino;BRAZIL 1;2;1;1.9;0.87;4.5;16.5;69;31;17;7;6;3;105;71;57;29
2025-11-02;Parma;Bologna;ITALY 1;1;3;0.67;2.28;1.96;9.6;35;65;7;22;1;6;78;101;21;66
2025-11-02;Lens;Lorient;FRANCE 1;3;0;1.33;1.44;7.4;30.0;58;42;9;12;6;3;110;90;45;65
2025-11-02;Nantes;Metz;FRANCE 1;0;2;1.62;1.58;3.95;14.0;52;48;16;14;4;7;95;56;46;29
2025-11-02;Wolfsburg;Hoffenheim;GERMANY 1;2;3;1.45;1.29;2.96;19.0;48;52;12;10;6;4;99;98;36;52
2025-11-02;Toulouse;Le Havre;FRANCE 1;0;0;1.78;0.97;4.7;16.5;46;54;18;9;2;3;106;80;71;26
2025-11-02;Juventude;Palmeiras;BRAZIL 1;0;2;1.83;1.43;1.79;8.0;51;49;12;14;10;5;100;92;51;26
2025-11-02;Torino;Pisa;ITALY 1;2;2;1.5;1.11;4.7;13.0;64;36;15;11;3;3;139;85;45;27
2025-11-02;Rennes;Strasbourg;FRANCE 1;4;1;1.51;1.77;3.9;15.0;41;59;13;20;6;2;80;126;37;51
2025-11-02;Fiorentina;Lecce;ITALY 1;0;1;1.55;1.17;5.8;15.0;63;37;15;11;4;4;104;95;44;25
2025-11-03;Sassuolo;Genoa;ITALY 1;1;2;1.39;1.64;3.35;9.6;61;39;13;16;4;5;102;84;39;39
2025-11-03;Sunderland;Everton;ENGLAND 1;1;1;1.74;0.85;2.74;8.6;61;39;17;8;3;2;133;67;62;28
2025-11-03;Lazio;Cagliari;ITALY 1;2;0;0.98;1.62;7.8;26.0;51;49;8;17;3;5;106;79;34;28
2025-11-03;Gil Vicente;Santa Clara;PORTUGAL 1;1;0;0.96;1.64;2.78;7.6;37;63;9;15;3;4;68;121;24;56
2025-11-05;Bragantino;Corinthians;BRAZIL 1;2;1;1.92;0.97;3.65;12.0;58;42;19;8;6;4;99;67;42;25
2025-11-06;Fluminense;Mirassol;BRAZIL 1;1;0;1.61;1.02;4.6;14.5;43;57;16;10;4;2;79;87;45;34
2025-11-06;Palmeiras;Santos;BRAZIL 1;2;0;3.34;1.05;8.8;25.0;54;46;31;9;14;3;93;111;58;35
2025-11-07;Werder Bremen;Wolfsburg;GERMANY 1;2;1;2.39;1.0;2.58;12.5;60;40;20;7;7;4;128;85;89;37
2025-11-07;Pisa;Cremonese;ITALY 1;1;0;1.59;1.46;3.7;11.0;38;62;13;13;6;3;83;116;49;58
2025-11-08;Juventus;Torino;ITALY 1;0;0;2.39;0.9;7.6;19.5;72;28;22;8;6;3;165;64;79;25
2025-11-08;Everton;Fulham;ENGLAND 1;2;0;1.66;1.11;2.78;12.0;50;50;14;8;5;4;81;72;60;44
2025-11-08;Internacional;Bahia;BRAZIL 1;2;2;1.74;1.55;5.0;15.0;37;63;16;16;6;4;77;83;43;36
2025-11-08;Parma;AC Milan;ITALY 1;2;2;1.43;1.3;1.72;10.5;43;57;14;9;4;5;98;100;36;52
2025-11-08;Monaco;Lens;FRANCE 1;1;4;1.81;2.39;4.1;21.0;50;50;16;20;6;12;101;87;52;41
2025-11-08;Santa Clara;Sporting CP;PORTUGAL 1;1;2;0.64;2.48;1.6;0.0;26;74;5;21;2;7;60;139;24;93
2025-11-08;Sao Paulo;Bragantino;BRAZIL 1;0;1;1.36;0.98;4.4;12.5;65;35;12;9;3;2;129;73;53;37
2025-11-08;Sunderland;Arsenal;ENGLAND 1;2;2;0.74;2.2;1.47;6.2;35;65;6;17;2;7;75;119;29;88
2025-11-08;Le Havre;Nantes;FRANCE 1;1;1;1.93;0.57;3.15;9.6;65;35;17;5;4;2;112;62;81;14
2025-11-08;Bayer Leverkusen;Heidenheim;GERMANY 1;6;0;2.72;0.15;17.5;65.0;74;26;25;1;10;0;154;44;60;10
2025-11-08;Hoffenheim;RB Leipzig;GERMANY 1;3;1;1.35;1.81;1.56;22.0;49;51;12;17;4;5;114;108;41;54
2025-11-08;Como;Cagliari;ITALY 1;0;0;1.45;0.48;5.0;18.0;75;25;10;4;6;2;141;46;52;11
2025-11-09;Genoa;Fiorentina;ITALY 1;2;2;1.38;0.84;1.74;7.6;41;59;10;7;6;3;74;85;45;25
2025-11-09;Atalanta;Sassuolo;ITALY 1;0;3;1.48;0.93;7.6;26.0;68;32;14;8;2;4;138;62;62;20
2025-11-09;Rayo Vallecano;Real Madrid;SPAIN 1;0;0;1.32;2.1;1.61;8.6;46;54;13;21;2;5;70;108;50;60
2025-11-09;AVS;Gil Vicente;PORTUGAL 1;1;1;1.88;1.45;2.56;8.4;45;55;16;12;8;5;61;87;44;47
2025-11-09;Lorient;Toulouse;FRANCE 1;1;1;1.19;0.75;2.8;11.5;50;50;10;6;2;2;79;107;58;30
2025-11-09;Bologna;Napoli;ITALY 1;2;0;1.21;0.66;2.9;8.4;41;59;11;4;4;1;90;100;32;45
2025-11-09;Freiburg;St. Pauli;GERMANY 1;2;1;1.03;0.84;5.0;15.5;60;40;8;7;4;2;112;91;31;34
2025-11-09;Cruzeiro;Fluminense;BRAZIL 1;0;0;1.62;0.9;4.8;14.0;47;53;15;8;5;3;92;73;45;25
2025-11-09;Strasbourg;Lille;FRANCE 1;2;0;0.61;1.17;2.48;11.0;42;58;5;6;2;4;61;107;20;69
2025-11-09;Metz;Nice;FRANCE 1;2;1;0.94;1.2;2.34;13.0;49;51;9;11;2;4;82;71;31;31
2025-11-09;Manchester City;Liverpool;ENGLAND 1;3;0;1.7;0.82;2.28;18.5;49;51;14;7;6;1;75;80;56;41
2025-11-09;Stuttgart;Augsburg;GERMANY 1;3;2;1.81;1.71;6.0;29.0;62;38;17;17;6;6;125;88;42;30
2025-11-09;Benfica;Casa Pia;PORTUGAL 1;2;2;2.19;0.86;16.0;75.0;66;34;19;7;6;4;144;55;79;19
2025-11-09;Mirassol;Palmeiras;BRAZIL 1;2;1;1.98;1.67;2.14;8.6;56;44;17;15;8;6;98;111;48;41
2025-11-19;Santos;Mirassol;BRAZIL 1;1;1;1.85;1.43;4.6;15.0;49;51;17;16;6;2;58;53;51;41
2025-11-20;Juventude;Cruzeiro;BRAZIL 1;3;3;1.5;1.97;3.2;11.5;36;64;12;17;7;7;69;89;35;57
2025-11-20;Bahia;Fortaleza;BRAZIL 1;2;3;2.22;1.11;6.6;26.0;71;29;24;11;8;5;22;26;23;10
2025-11-20;Corinthians;Sao Paulo;BRAZIL 1;3;1;0.0;0.0;2.62;7.4;46;54;13;6;4;2;0;0;0;0
2025-11-22;Cagliari;Genoa;ITALY 1;3;3;1.28;1.62;3.45;10.5;50;50;11;13;5;8;39;41;34;35
2025-11-22;Augsburg;Hamburger SV;GERMANY 1;1;0;1.59;1.64;3.2;15.0;48;52;13;15;6;6;77;72;49;39
2025-11-22;PSG;Le Havre;FRANCE 1;3;0;3.12;1.28;10.0;38.0;65;35;31;12;11;4;127;73;56;34
2025-11-22;Palmeiras;Fluminense;BRAZIL 1;0;0;1.52;1.65;7.2;25.0;54;46;14;18;2;4;118;73;68;33
2025-11-22;Udinese;Bologna;ITALY 1;0;3;1.3;1.23;1.88;6.8;47;53;12;10;3;5;79;69;46;34
2025-11-22;Fiorentina;Juventus;ITALY 1;1;1;1.12;1.69;2.46;8.4;41;59;11;17;2;4;58;77;40;47
2025-11-22;Rennes;Monaco;FRANCE 1;4;1;2.15;1.49;2.62;13.0;50;50;17;13;9;3;109;107;62;63
2025-11-22;Napoli;Atalanta;ITALY 1;3;1;1.37;1.45;3.6;15.0;45;55;11;14;6;3;93;111;34;49
2025-11-22;Wolfsburg;Bayer Leverkusen;GERMANY 1;1;3;2.49;1.04;1.85;12.5;38;62;21;7;10;3;58;93;67;52
2025-11-22;Fulham;Sunderland;ENGLAND 1;1;0;2.41;0.69;3.9;13.0;57;43;24;4;6;2;73;79;68;40
2025-11-22;Burnley;Chelsea;ENGLAND 1;0;2;0.87;1.61;1.53;8.2;44;56;8;15;2;5;59;61;31;45
2025-11-22;Lens;Strasbourg;FRANCE 1;1;0;1.53;0.8;4.8;19.0;55;45;13;7;5;1;67;69;50;40
2025-11-23;Brest;Metz;FRANCE 1;3;2;2.11;0.81;8.4;21.0;56;44;20;7;7;3;144;53;48;21
2025-11-23;Nantes;Lorient;FRANCE 1;1;1;1.03;0.76;2.94;12.0;56;44;9;7;1;1;115;101;53;32
2025-11-23;Sao Paulo;Juventude;BRAZIL 1;2;1;1.06;1.65;4.8;16.0;51;49;8;14;5;5;81;120;27;56
2025-11-23;Cruzeiro;Corinthians;BRAZIL 1;3;0;1.72;0.59;5.4;14.5;47;53;16;4;6;0;79;111;40;44
2025-11-23;St. Pauli;Union Berlin;GERMANY 1;0;1;1.44;0.89;3.4;11.0;59;41;12;7;3;3;134;108;63;31
2025-11-23;Lazio;Lecce;ITALY 1;2;0;2.31;0.64;9.2;34.0;67;33;19;5;9;1;121;95;67;33
2025-11-23;RB Leipzig;Werder Bremen;GERMANY 1;2;0;2.7;1.67;9.4;55.0;52;48;22;15;13;6;127;78;55;42
2025-11-24;Sassuolo;Pisa;ITALY 1;2;2;2.39;1.05;4.2;12.5;63;37;22;10;7;3;122;64;71;29
2025-11-24;Internacional;Santos;BRAZIL 1;1;1;2.17;0.91;3.9;13.0;54;46;24;4;4;2;108;96;53;70
2025-11-24;Torino;Como;ITALY 1;1;5;1.03;1.82;3.1;10.0;35;65;10;15;2;7;94;87;34;53
2025-11-26;Bragantino;Fortaleza;BRAZIL 1;0;1;1.79;0.87;3.7;12.0;66;34;18;8;3;2;111;78;62;30
2025-11-27;Fluminense;Sao Paulo;BRAZIL 1;6;0;2.06;0.71;3.4;8.2;56;44;16;5;11;1;95;98;39;43
2025-11-28;Juventude;Bahia;BRAZIL 1;1;1;1.97;1.52;2.64;11.5;45;55;18;15;8;5;80;85;39;31
2025-11-28;Como;Sassuolo;ITALY 1;2;0;2.36;1.31;6.2;19.0;63;37;18;12;13;5;118;82;42;28
2025-11-28;Metz;Rennes;FRANCE 1;0;1;1.7;0.98;2.1;9.2;52;48;16;9;5;2;85;86;47;37
2025-11-29;Parma;Udinese;ITALY 1;0;2;1.57;1.47;3.4;12.5;51;49;17;14;2;5;102;96;50;32
2025-11-29;AC Milan;Lazio;ITALY 1;1;0;1.57;1.13;3.85;16.0;46;54;16;9;4;4;104;98;38;38
2025-11-29;Juventus;Cagliari;ITALY 1;2;1;1.74;0.71;9.6;26.0;57;43;14;5;6;3;141;64;58;24
2025-11-29;Brentford;Burnley;ENGLAND 1;3;1;1.54;0.81;7.6;24.0;52;48;14;6;4;2;113;95;51;38
2025-11-29;Hoffenheim;Augsburg;GERMANY 1;3;0;1.74;1.39;3.05;22.0;60;40;17;14;3;4;112;94;63;30
2025-11-29;Union Berlin;Heidenheim;GERMANY 1;1;2;1.03;1.03;3.55;13.0;43;57;9;10;2;2;88;103;44;34
2025-11-29;Casa Pia;Alverca;PORTUGAL 1;0;2;0.6;1.28;3.1;9.6;52;48;5;10;0;5;88;110;38;39
2025-11-29;Monaco;PSG;FRANCE 1;1;0;1.26;1.63;1.87;14.0;43;57;10;17;5;4;100;99;37;38
2025-11-30;Lorient;Nice;FRANCE 1;3;1;1.92;1.06;3.1;13.0;43;57;18;9;7;2;100;121;40;47
2025-11-30;Hamburger SV;Stuttgart;GERMANY 1;2;1;0.86;1.56;2.18;15.0;34;66;9;14;2;3;61;119;20;64
2025-11-30;Eintracht Frankfurt;Wolfsburg;GERMANY 1;1;1;1.7;1.08;3.8;23.0;54;46;15;10;3;3;105;83;75;32
2025-11-30;Chelsea;Arsenal;ENGLAND 1;1;1;1.26;1.19;2.68;13.5;38;62;11;8;4;4;84;93;39;55
2025-11-30;Le Havre;Lille;FRANCE 1;0;1;1.79;0.99;1.9;9.0;43;57;14;8;7;2;97;95;58;46
2025-11-30;Atalanta;Fiorentina;ITALY 1;2;0;2.3;1.37;6.6;28.0;48;52;21;15;9;3;90;97;48;29
2025-11-30;Lecce;Torino;ITALY 1;2;1;0.98;1.62;4.7;13.0;48;52;10;15;2;6;92;93;27;35
2025-11-30;Strasbourg;Brest;FRANCE 1;1;2;1.6;0.96;3.9;16.5;57;43;14;7;6;4;100;100;40;31
2025-11-30;Real Sociedad;Villarreal;SPAIN 1;2;3;2.03;1.28;3.95;14.0;60;40;18;10;7;5;142;70;54;41
2025-12-01;Bologna;Cremonese;ITALY 1;1;3;2.86;1.13;7.2;22.0;65;35;29;10;7;5;139;63;76;20
2025-12-02;Fulham;Manchester City;ENGLAND 1;4;5;1.59;1.25;1.22;14.0;57;43;12;11;6;4;118;85;56;38
2025-12-03;Liverpool;Sunderland;ENGLAND 1;1;1;2.37;1.25;9.0;32.0;68;32;23;9;4;6;137;75;89;36
2025-12-03;Sao Paulo;Internacional;BRAZIL 1;3;0;1.51;1.7;3.05;8.6;56;44;12;15;7;4;91;107;35;66
2025-12-03;Fortaleza;Corinthians;BRAZIL 1;2;1;0.99;2.23;5.2;14.0;30;70;10;20;3;7;78;137;20;65
2025-12-03;Arsenal;Brentford;ENGLAND 1;2;0;1.88;0.64;5.6;18.0;62;38;15;6;7;1;122;66;61;26
2025-12-03;Juventude;Santos;BRAZIL 1;0;3;1.25;1.21;1.76;8.2;51;49;12;10;3;6;83;91;39;21
2025-12-03;Burnley;Crystal Palace;ENGLAND 1;0;1;1.4;0.67;1.79;8.0;58;42;11;3;4;3;117;87;57;35
2025-12-05;Benfica;Sporting CP;PORTUGAL 1;1;1;1.21;0.71;3.3;14.5;41;59;10;5;4;2;85;88;40;33
2025-12-05;Brest;Monaco;FRANCE 1;1;0;1.24;1.09;2.64;13.5;40;60;12;10;4;2;99;110;27;42
2025-12-06;Nantes;Lens;FRANCE 1;1;2;1.13;2.15;2.16;9.2;34;66;10;20;4;6;86;104;29;65
2025-12-06;Santa Clara;Casa Pia;PORTUGAL 1;1;0;1.25;0.63;4.2;13.5;43;57;11;5;3;2;83;73;47;23
2025-12-06;PSG;Rennes;FRANCE 1;5;0;2.35;0.73;8.4;32.0;66;34;20;6;9;2;120;65;64;29
2025-12-06;RB Leipzig;Eintracht Frankfurt;GERMANY 1;6;0;1.82;0.92;3.2;20.0;52;48;16;8;7;2;106;95;44;37
2025-12-06;Toulouse;Strasbourg;FRANCE 1;1;0;0.73;0.52;3.75;15.0;28;72;6;3;3;0;68;124;18;42
2025-12-06;Aston Villa;Arsenal;ENGLAND 1;2;1;1.64;1.98;1.8;10.5;47;53;15;15;6;9;74;80;38;57
2025-12-06;Manchester City;Sunderland;ENGLAND 1;3;0;2.1;0.77;11.5;46.0;64;36;18;8;6;1;121;68;76;26
2025-12-06;Wolfsburg;Union Berlin;GERMANY 1;3;1;0.58;2.3;3.4;12.0;43;57;4;21;3;6;79;116;14;78
2025-12-06;Sassuolo;Fiorentina;ITALY 1;3;1;1.44;0.94;2.54;9.6;40;60;13;9;5;1;71;99;37;40
2025-12-06;Heidenheim;Freiburg;GERMANY 1;2;1;1.49;1.63;2.66;14.0;39;61;16;16;3;2;81;108;37;66
2025-12-06;Augsburg;Bayer Leverkusen;GERMANY 1;2;0;1.42;1.88;1.65;9.2;32;68;13;20;6;2;70;143;25;65
2025-12-07;Auxerre;Metz;FRANCE 1;3;1;1.71;0.78;4.1;14.0;39;61;14;5;7;3;84;80;47;34
2025-12-07;Fulham;Crystal Palace;ENGLAND 1;1;2;1.46;1.35;3.6;17.0;63;37;12;11;4;5;91;69;59;43
2025-12-07;Internacional;Bragantino;BRAZIL 1;3;1;1.45;0.83;6.2;21.0;43;57;15;6;4;3;93;91;30;32
2025-12-07;Lazio;Bologna;ITALY 1;1;1;1.92;1.49;4.9;15.5;47;53;16;13;9;6;90;100;38;33
2025-12-07;Fluminense;Bahia;BRAZIL 1;2;0;1.32;1.56;4.0;12.5;53;47;12;14;5;5;92;90;29;45
2025-12-07;Napoli;Juventus;ITALY 1;2;1;1.2;0.63;3.65;10.5;50;50;9;5;4;2;120;69;47;23
2025-12-07;Corinthians;Juventude;BRAZIL 1;1;1;1.41;1.46;5.8;16.0;57;43;14;16;4;4;75;104;34;22
2025-12-07;Santos;Cruzeiro;BRAZIL 1;3;0;2.09;1.0;10.0;27.0;54;46;19;8;7;4;116;77;55;28
2025-12-07;Cremonese;Lecce;ITALY 1;2;0;1.3;1.09;3.65;10.5;49;51;11;9;4;1;85;106;45;62
2025-12-07;Hamburger SV;Werder Bremen;GERMANY 1;3;2;1.58;1.13;3.1;14.5;54;46;12;10;6;3;96;106;56;39
2025-12-08;Udinese;Genoa;ITALY 1;1;2;2.22;1.34;4.4;13.5;58;42;23;12;6;6;93;76;50;22
2025-12-08;Torino;AC Milan;ITALY 1;2;3;1.0;1.9;2.98;10.5;36;64;8;17;4;6;77;121;29;56
2025-12-08;Pisa;Parma;ITALY 1;0;1;1.49;0.84;3.4;9.8;60;40;14;9;2;2;120;76;63;17
2025-12-12;Union Berlin;RB Leipzig;GERMANY 1;3;1;1.4;1.02;2.36;12.5;37;63;12;9;6;3;53;58;32;34
2025-12-12;Lecce;Pisa;ITALY 1;1;0;1.83;0.59;3.65;9.4;51;49;21;5;3;0;75;72;42;37
2025-12-13;Hoffenheim;Hamburger SV;GERMANY 1;4;1;1.44;1.39;4.6;25.0;59;41;10;14;6;5;127;70;51;22
2025-12-13;Eintracht Frankfurt;Augsburg;GERMANY 1;1;0;1.33;1.17;3.65;17.5;51;49;11;12;4;1;109;84;48;47
2025-12-13;St. Pauli;Heidenheim;GERMANY 1;2;1;1.1;2.28;3.8;16.5;36;64;8;20;5;7;94;115;32;74
2025-12-13;Chelsea;Everton;ENGLAND 1;2;0;1.67;1.14;4.8;24.0;58;42;17;11;5;2;99;95;34;41
2025-12-13;Torino;Cremonese;ITALY 1;1;0;1.93;1.24;4.4;13.5;46;54;18;10;6;3;115;89;52;55
2025-12-13;Metz;PSG;FRANCE 1;2;3;1.2;1.82;1.67;15.0;41;59;9;14;5;9;77;125;38;41
2025-12-13;Burnley;Fulham;ENGLAND 1;2;3;2.04;0.86;2.02;8.8;53;47;16;6;8;4;133;74;64;26
2025-12-13;Sporting CP;AVS;PORTUGAL 1;6;0;2.97;0.86;48.0;220.0;67;33;24;7;14;3;122;74;67;28
2025-12-13;Atalanta;Cagliari;ITALY 1;2;1;1.99;0.83;8.0;32.0;59;41;17;8;8;1;121;85;49;34
2025-12-13;Casa Pia;Gil Vicente;PORTUGAL 1;1;1;0.34;1.37;3.9;1000.0;33;67;3;11;1;2;58;116;9;73
2025-12-13;Parma;Lazio;ITALY 1;0;1;1.89;1.48;1.85;11.5;47;53;19;15;5;5;93;85;48;25
2025-12-13;Rennes;Brest;FRANCE 1;3;1;1.13;1.75;3.6;12.5;61;39;9;14;5;7;86;112;28;51
2025-12-14;AC Milan;Sassuolo;ITALY 1;2;2;1.58;1.01;8.8;26.0;59;41;13;8;5;3;103;69;56;41
2025-12-14;Bologna;Juventus;ITALY 1;0;1;1.25;1.34;2.98;9.6;51;49;11;13;4;3;84;107;38;42
2025-12-14;Udinese;Napoli;ITALY 1;1;0;1.74;0.8;2.0;10.5;38;62;18;7;5;0;86;94;36;48
2025-12-14;Crystal Palace;Manchester City;ENGLAND 1;0;3;1.6;1.1;1.32;8.2;39;61;16;7;4;6;82;114;44;30
2025-12-14;Werder Bremen;Stuttgart;GERMANY 1;0;4;1.17;2.84;1.64;13.5;38;62;11;24;4;12;83;125;26;68
2025-12-14;Lens;Nice;FRANCE 1;2;0;1.52;1.11;7.0;32.0;46;54;15;8;5;4;92;101;31;44
2025-12-14;Strasbourg;Lorient;FRANCE 1;0;0;1.38;0.87;4.9;17.0;63;37;12;9;2;2;141;64;65;22
2025-12-14;Auxerre;Lille;FRANCE 1;3;4;2.18;1.17;1.8;9.6;45;55;18;8;8;5;80;103;69;42
2025-12-20;Lazio;Cremonese;ITALY 1;0;0;0.91;0.82;6.2;18.0;57;43;8;9;2;2;110;68;34;14
2025-12-20;Everton;Arsenal;ENGLAND 1;0;1;0.64;1.33;2.02;7.2;35;65;5;13;1;2;86;119;34;50
2025-12-20;Wolfsburg;Freiburg;GERMANY 1;3;4;1.53;1.72;2.98;15.0;56;44;13;15;6;8;93;79;40;30
2025-12-20;RB Leipzig;Bayer Leverkusen;GERMANY 1;1;3;2.12;1.79;1.87;13.0;44;56;19;15;7;8;110;81;60;40
2025-12-20;Stuttgart;Hoffenheim;GERMANY 1;0;0;1.06;0.57;9.4;75.0;47;53;10;4;3;1;82;105;29;32
2025-12-20;Hamburger SV;Eintracht Frankfurt;GERMANY 1;1;1;1.0;1.14;2.78;14.5;40;60;9;9;3;3;82;132;30;47
2025-12-20;Augsburg;Werder Bremen;GERMANY 1;0;0;1.66;0.87;4.4;24.0;53;47;14;9;6;0;101;69;49;41
2025-12-21;Sassuolo;Torino;ITALY 1;0;1;0.77;1.19;3.45;11.5;53;47;7;10;1;5;107;103;33;27
2025-12-21;Fiorentina;Udinese;ITALY 1;5;1;2.06;1.18;6.4;23.0;63;37;20;11;7;4;88;77;44;28
2025-12-21;Genoa;Atalanta;ITALY 1;0;1;0.82;1.96;1.81;9.8;29;71;6;16;3;4;70;121;31;93
2025-12-21;Cagliari;Pisa;ITALY 1;2;2;1.49;1.44;4.0;11.5;59;41;14;15;5;3;92;84;35;39
2025-12-27;Lecce;Como;ITALY 1;0;3;1.4;1.44;2.18;8.8;38;62;11;12;5;6;82;89;49;36
2025-12-27;Burnley;Everton;ENGLAND 1;0;0;1.44;1.68;2.24;7.8;54;46;16;15;0;6;119;109;59;43
2025-12-27;Torino;Cagliari;ITALY 1;1;2;2.32;0.99;3.95;12.0;56;44;19;9;10;4;125;72;58;18
2025-12-27;Udinese;Lazio;ITALY 1;1;1;1.63;1.11;2.44;8.2;46;54;15;14;4;1;80;75;56;22
2025-12-27;Chelsea;Aston Villa;ENGLAND 1;1;2;1.67;1.44;4.9;26.0;63;37;14;11;3;8;116;33;79;27
2025-12-27;Parma;Fiorentina;ITALY 1;1;0;1.3;2.31;2.1;10.5;42;58;13;23;2;4;68;107;48;82
2025-12-27;Pisa;Juventus;ITALY 1;0;2;0.98;1.94;1.52;7.0;41;59;8;15;0;7;101;97;65;70
2025-12-28;Bologna;Sassuolo;ITALY 1;1;1;1.77;1.03;4.5;14.5;58;42;16;8;6;5;131;60;46;23
2025-12-28;Cremonese;Napoli;ITALY 1;0;2;0.8;2.33;1.61;6.8;47;53;6;22;2;8;88;94;37;54
2025-12-30;Arsenal;Aston Villa;ENGLAND 1;4;1;2.28;1.22;11.0;40.0;46;54;22;11;7;3;79;83;58;43
2026-01-01;Crystal Palace;Fulham;ENGLAND 1;1;1;1.22;1.78;2.64;10.5;40;60;11;17;2;5;82;120;54;49
2026-01-01;Sunderland;Manchester City;ENGLAND 1;0;0;1.27;1.67;1.45;8.8;32;68;10;14;4;4;85;106;49;70
2026-01-02;Cagliari;AC Milan;ITALY 1;0;1;0.69;1.4;1.66;10.0;46;54;6;11;1;4;76;122;32;57
2026-01-02;Toulouse;Lens;FRANCE 1;0;3;0.87;1.89;3.3;15.0;32;68;8;16;2;7;66;109;30;54
2026-01-02;Gil Vicente;Sporting CP;PORTUGAL 1;1;1;2.14;1.47;1.28;9.0;36;64;19;14;9;4;70;98;44;42
2026-01-03;Nice;Strasbourg;FRANCE 1;1;1;1.84;1.2;4.9;20.0;45;55;19;8;6;5;83;86;31;47
2026-01-03;Genoa;Pisa;ITALY 1;1;1;1.4;1.16;4.9;12.0;62;38;12;10;4;2;99;91;49;53
2026-01-03;Sassuolo;Parma;ITALY 1;1;1;1.4;1.67;4.6;14.0;53;47;11;16;3;5;117;106;67;43
2026-01-03;Lille;Rennes;FRANCE 1;0;2;1.31;1.96;4.4;16.5;39;61;13;18;3;4;88;108;38;76
2026-01-03;Como;Udinese;ITALY 1;1;0;1.57;0.36;3.85;13.0;62;38;15;3;3;0;90;76;58;21
2026-01-03;Juventus;Lecce;ITALY 1;1;1;2.78;0.58;13.0;32.0;72;28;25;6;5;1;155;65;119;17
2026-01-04;Lorient;Metz;FRANCE 1;1;1;1.58;0.89;4.6;17.0;43;57;16;8;5;2;103;92;30;33
2026-01-04;Brest;Auxerre;FRANCE 1;2;0;1.33;0.99;3.95;14.5;50;50;11;10;4;1;103;108;48;38
2026-01-04;Fulham;Liverpool;ENGLAND 1;2;2;0.92;1.21;1.58;16.0;42;58;8;10;2;2;69;141;37;58
2026-01-04;Manchester City;Chelsea;ENGLAND 1;1;1;1.6;0.96;3.35;26.0;57;43;14;8;3;3;135;65;69;34
2026-01-04;Lazio;Napoli;ITALY 1;0;2;0.47;1.51;3.0;11.0;35;65;5;14;0;3;55;94;21;58
2026-01-04;Everton;Brentford;ENGLAND 1;2;4;1.75;1.46;2.94;12.0;45;55;14;11;6;7;112;96;61;37
2026-01-04;Fiorentina;Cremonese;ITALY 1;1;0;2.49;0.64;4.9;17.0;65;35;22;6;8;2;116;64;76;16
2026-01-06;Sassuolo;Juventus;ITALY 1;0;3;0.78;2.37;1.75;7.8;44;56;6;17;2;10;72;141;35;82
2026-01-06;Pisa;Como;ITALY 1;0;3;1.16;1.92;1.82;7.2;27;73;10;15;4;7;72;130;34;66
2026-01-07;Torino;Udinese;ITALY 1;1;2;1.31;1.14;3.55;10.0;54;46;10;9;4;4;112;84;54;39
2026-01-07;Lazio;Fiorentina;ITALY 1;2;2;2.06;1.09;3.85;15.0;49;51;17;8;9;5;96;86;49;31
2026-01-07;Crystal Palace;Aston Villa;ENGLAND 1;0;0;1.29;1.5;3.9;29.0;41;59;11;15;5;3;82;95;33;48
2026-01-07;Fulham;Chelsea;ENGLAND 1;2;1;1.91;1.58;2.48;12.0;55;45;16;14;5;6;101;94;77;38
2026-01-07;Bologna;Atalanta;ITALY 1;0;2;1.21;1.37;2.56;10.0;53;47;11;11;2;5;94;107;52;44
2026-01-07;Brentford;Sunderland;ENGLAND 1;3;0;1.96;1.16;4.9;14.0;51;49;18;11;6;3;72;89;57;35
2026-01-08;Arsenal;Liverpool;ENGLAND 1;0;0;1.27;0.77;3.0;12.5;48;52;9;8;4;0;107;98;57;35
2026-01-08;Cremonese;Cagliari;ITALY 1;2;2;1.34;2.1;3.3;9.0;44;56;12;21;5;5;84;109;31;59
2026-01-08;AC Milan;Genoa;ITALY 1;1;1;3.36;0.7;7.0;27.0;61;39;32;7;8;2;145;77;110;15
2026-01-10;Atalanta;Torino;ITALY 1;2;0;1.88;1.11;2.18;11.0;56;44;18;10;5;3;115;99;54;36
2026-01-10;Bayer Leverkusen;Stuttgart;GERMANY 1;1;4;1.63;1.46;4.7;23.0;57;43;16;10;4;7;102;111;47;45
2026-01-10;Como;Bologna;ITALY 1;1;1;1.28;0.75;2.6;9.2;59;41;12;7;3;2;100;61;42;22
2026-01-10;Udinese;Pisa;ITALY 1;2;2;1.13;1.68;5.0;14.0;54;46;11;14;2;7;86;104;41;41
2026-01-10;Freiburg;Hamburger SV;GERMANY 1;2;1;2.04;1.19;5.3;18.0;60;40;20;10;7;5;110;67;40;28
2026-01-11;Fiorentina;AC Milan;ITALY 1;1;1;2.14;1.29;2.54;11.0;52;48;20;13;7;3;105;85;54;35
2026-01-11;Lecce;Parma;ITALY 1;1;2;0.92;1.28;3.5;14.0;41;59;10;12;1;2;85;107;29;52
2026-01-12;Genoa;Cagliari;ITALY 1;3;0;1.4;1.45;3.5;10.5;44;56;11;15;7;3;92;102;29;40
2026-01-12;Juventus;Cremonese;ITALY 1;5;0;2.33;0.98;14.5;44.0;58;42;18;9;11;2;134;66;57;37
2026-01-13;Stuttgart;Eintracht Frankfurt;GERMANY 1;3;2;2.41;1.25;6.4;32.0;58;42;20;12;11;5;100;83;53;19
2026-01-14;Napoli;Parma;ITALY 1;0;0;1.96;0.42;7.8;30.0;69;31;16;4;4;1;146;46;92;12
2026-01-14;Wolfsburg;St. Pauli;GERMANY 1;2;1;1.58;1.07;5.4;17.5;61;39;13;9;5;4;165;76;53;30
2026-01-14;RB Leipzig;Freiburg;GERMANY 1;2;0;2.2;0.51;4.8;21.0;64;36;21;3;7;1;112;84;53;32
2026-01-15;Augsburg;Union Berlin;GERMANY 1;1;1;1.16;1.51;3.75;14.0;48;52;9;16;5;3;107;98;32;40
2026-01-15;Como;AC Milan;ITALY 1;1;3;2.18;0.86;2.02;10.5;68;32;18;7;8;4;137;57;66;18
2026-01-16;Pisa;Atalanta;ITALY 1;1;1;1.84;1.17;1.57;7.8;43;57;14;9;6;4;98;108;74;43
2026-01-16;PSG;Lille;FRANCE 1;3;0;1.77;0.96;9.0;34.0;61;39;13;7;7;4;138;67;62;32
2026-01-16;Sporting CP;Casa Pia;PORTUGAL 1;3;0;1.69;0.66;28.0;90.0;61;39;16;6;4;1;100;74;55;28
2026-01-16;Werder Bremen;Eintracht Frankfurt;GERMANY 1;3;3;1.55;1.09;2.56;17.5;60;40;13;8;4;4;125;87;61;41
2026-01-16;Monaco;Lorient;FRANCE 1;1;3;1.89;1.46;10.5;38.0;62;38;14;14;7;4;110;67;71;41
2026-01-17;Wolfsburg;Heidenheim;GERMANY 1;1;1;1.56;1.28;5.4;25.0;70;30;13;13;4;3;143;73;61;35
2026-01-17;Hoffenheim;Bayer Leverkusen;GERMANY 1;1;0;2.04;1.05;1.54;18.0;38;62;19;8;8;2;110;116;39;54
2026-01-17;Toulouse;Nice;FRANCE 1;5;1;2.33;1.77;2.92;12.5;43;57;22;15;10;6;84;108;34;56
2026-01-17;Chelsea;Brentford;ENGLAND 1;2;0;0.81;1.66;9.4;50.0;46;54;6;15;2;5;79;107;39;49
2026-01-17;Cagliari;Juventus;ITALY 1;1;0;0.35;2.52;1.81;7.4;22;78;3;21;1;5;36;168;12;117
2026-01-17;Sunderland;Crystal Palace;ENGLAND 1;2;1;1.78;0.8;3.3;10.5;57;43;13;6;7;2;106;83;65;38
2026-01-17;Liverpool;Burnley;ENGLAND 1;1;1;3.7;0.73;15.5;46.0;73;27;32;7;11;1;152;77;129;29
2026-01-17;Lens;Auxerre;FRANCE 1;1;0;2.04;0.63;6.2;26.0;48;52;19;5;7;0;94;134;49;40
2026-01-17;Napoli;Sassuolo;ITALY 1;1;0;1.16;1.86;8.6;23.0;53;47;11;21;4;4;76;98;25;35
2026-01-18;Stuttgart;Union Berlin;GERMANY 1;1;1;1.33;1.88;5.1;16.0;57;43;12;20;4;3;99;112;39;56
2026-01-18;AC Milan;Lecce;ITALY 1;1;0;2.18;0.38;9.6;30.0;69;31;20;3;6;0;131;89;68;24
2026-01-18;Augsburg;Freiburg;GERMANY 1;2;2;1.41;1.44;2.88;10.0;45;55;13;13;5;5;79;94;33;36
2026-01-18;Aston Villa;Everton;ENGLAND 1;0;1;1.88;1.01;6.0;22.0;63;37;18;9;5;3;107;68;55;31
2026-01-18;Rennes;Le Havre;FRANCE 1;1;1;2.21;0.9;8.2;24.0;54;46;19;7;7;4;118;90;73;23
2026-01-18;Parma;Genoa;ITALY 1;0;0;1.32;1.17;4.7;17.5;51;49;14;11;2;3;96;85;40;36
2026-01-18;Bologna;Fiorentina;ITALY 1;1;2;1.85;1.14;2.76;9.8;61;39;18;11;3;4;122;62;69;23
2026-01-18;Strasbourg;Metz;FRANCE 1;2;1;1.79;0.98;3.55;14.0;47;53;14;9;6;2;109;69;67;37
2026-01-19;Lazio;Como;ITALY 1;0;3;1.0;1.3;4.5;14.5;34;66;8;11;4;6;77;84;29;24
2026-01-23;Auxerre;PSG;FRANCE 1;0;1;0.87;1.93;1.34;14.5;31;69;8;16;0;8;80;129;50;48
2026-01-23;Casa Pia;AVS;PORTUGAL 1;3;3;1.11;2.71;5.2;16.0;43;57;9;28;4;7;65;110;36;65
2026-01-23;St. Pauli;Hamburger SV;GERMANY 1;0;0;0.95;0.77;2.84;8.0;43;57;8;5;3;2;113;100;30;41
2026-01-24;Rennes;Lorient;FRANCE 1;0;2;2.88;0.96;4.9;19.5;69;31;22;6;5;4;111;23;162;43
2026-01-24;Fiorentina;Cagliari;ITALY 1;1;2;1.65;1.16;6.8;27.0;70;30;15;10;3;6;140;48;67;15
2026-01-24;Lecce;Lazio;ITALY 1;0;0;1.44;0.76;1.69;8.2;39;61;15;6;2;1;105;98;49;41
2026-01-24;Villarreal;Real Madrid;SPAIN 1;0;2;0.83;1.72;2.14;19.0;42;58;8;14;1;4;63;122;35;76
2026-01-24;Le Havre;Monaco;FRANCE 1;0;0;0.73;1.21;1.45;13.5;47;53;7;10;1;2;87;112;29;59
2026-01-24;Como;Torino;ITALY 1;6;0;1.83;0.73;4.6;15.0;59;41;17;7;7;1;87;87;37;28
2026-01-24;Heidenheim;RB Leipzig;GERMANY 1;0;3;1.0;1.72;1.48;13.5;26;74;7;11;2;8;58;143;58;62
2026-01-24;Bayer Leverkusen;Werder Bremen;GERMANY 1;1;0;1.35;1.68;16.5;60.0;50;50;13;17;4;3;93;104;34;55
2026-01-24;Eintracht Frankfurt;Hoffenheim;GERMANY 1;1;3;0.99;1.34;4.2;26.0;47;53;9;10;3;5;76;125;29;48
2026-01-25;Brest;Toulouse;FRANCE 1;0;2;1.42;1.05;3.4;13.5;55;45;13;8;5;5;121;99;32;25
2026-01-25;Lille;Strasbourg;FRANCE 1;1;4;2.18;1.52;6.4;22.0;47;53;20;15;6;6;100;69;70;21
2026-01-25;Juventus;Napoli;ITALY 1;3;0;1.5;0.88;3.6;11.5;42;58;12;9;6;1;109;86;43;33
2026-01-25;Sassuolo;Cremonese;ITALY 1;1;0;1.6;1.25;4.3;13.0;45;55;13;10;7;4;82;104;40;45
2026-01-25;Crystal Palace;Chelsea;ENGLAND 1;1;3;1.67;1.32;2.02;13.5;43;57;13;10;7;6;109;76;49;37
2026-01-25;Genoa;Bologna;ITALY 1;3;2;1.27;1.26;2.32;8.8;49;51;8;13;6;3;90;83;47;31
2026-01-25;Nantes;Nice;FRANCE 1;1;4;2.17;0.95;2.66;9.4;56;44;20;7;5;4;138;85;77;30
2026-01-25;Atalanta;Parma;ITALY 1;4;0;2.29;1.42;5.5;25.0;48;52;21;15;9;2;83;96;47;46
2026-01-27;St. Pauli;RB Leipzig;GERMANY 1;1;1;0.87;1.53;1.63;10.5;46;54;7;12;2;5;113;138;37;56
2026-01-27;Werder Bremen;Hoffenheim;GERMANY 1;0;2;2.29;1.3;4.1;23.0;59;41;26;12;3;3;99;96;63;45
2026-01-28;Corinthians;Bahia;BRAZIL 1;1;2;1.5;1.26;5.6;21.0;59;41;17;11;5;6;100;87;9;19
2026-01-30;Lens;Le Havre;FRANCE 1;1;0;1.63;0.88;7.8;23.0;54;46;15;8;3;2;103;77;65;32
2026-01-30;Lazio;Genoa;ITALY 1;3;2;1.46;1.45;7.4;23.0;55;45;14;16;4;4;73;63;41;23
2026-01-31;Napoli;Fiorentina;ITALY 1;2;1;1.99;1.49;7.2;19.5;53;47;19;15;6;5;100;85;51;27
2026-01-31;Monaco;Rennes;FRANCE 1;4;0;1.54;1.03;4.3;23.0;46;54;14;8;6;4;87;95;32;32
2026-01-31;Lorient;Nantes;FRANCE 1;2;1;0.97;0.93;4.5;14.5;57;43;5;10;4;2;111;78;50;21
2026-01-31;Pisa;Sassuolo;ITALY 1;1;3;1.62;2.03;2.66;9.0;54;46;15;21;6;5;108;105;34;50
2026-01-31;Hoffenheim;Union Berlin;GERMANY 1;3;1;1.04;1.66;3.45;16.0;59;41;9;16;4;3;98;90;24;62
2026-01-31;Augsburg;St. Pauli;GERMANY 1;2;1;1.43;1.75;3.8;16.0;44;56;12;17;6;5;94;118;34;45
2026-01-31;Eintracht Frankfurt;Bayer Leverkusen;GERMANY 1;1;3;1.39;1.21;2.24;11.5;42;58;11;11;4;4;118;116;56;31
2026-02-01;Nice;Brest;FRANCE 1;2;2;1.58;1.0;6.8;29.0;60;40;15;12;7;2;49;30;21;15
2026-02-01;Toulouse;Auxerre;FRANCE 1;0;0;1.28;0.87;5.5;22.0;50;50;12;8;4;2;28;21;36;33
2026-02-01;Stuttgart;Freiburg;GERMANY 1;1;0;1.98;1.15;5.3;27.0;69;31;18;11;7;2;54;43;51;45
2026-02-01;Parma;Juventus;ITALY 1;1;4;1.24;1.83;1.8;8.2;39;61;10;15;4;8;91;93;44;44
2026-02-01;Strasbourg;PSG;FRANCE 1;1;2;1.13;1.53;2.84;21.0;32;68;9;13;4;4;82;105;38;59
2026-02-01;Torino;Lecce;ITALY 1;1;0;1.66;1.46;5.4;14.5;42;58;17;14;5;2;67;103;34;60
2026-02-01;Como;Atalanta;ITALY 1;0;0;2.98;0.75;1.98;11.0;79;21;28;6;9;2;115;37;83;32
2026-02-01;Aston Villa;Brentford;ENGLAND 1;0;1;3.41;0.86;4.9;27.0;72;28;27;6;5;2;61;50;195;48
2026-02-01;Real Madrid;Rayo Vallecano;SPAIN 1;2;1;2.06;1.25;12.0;40.0;57;43;16;11;6;4;121;68;87;38
2026-02-02;Sunderland;Burnley;ENGLAND 1;3;0;1.49;0.65;5.2;14.5;44;56;14;5;5;0;99;102;35;44
2026-02-03;Bologna;AC Milan;ITALY 1;0;3;1.35;1.29;2.82;10.5;54;46;13;10;2;7;147;67;52;23
2026-02-04;Remo;Mirassol;BRAZIL 1;2;2;1.72;1.01;2.8;9.8;37;63;18;8;7;5;89;95;13;19
2026-02-04;Santos;Sao Paulo;BRAZIL 1;1;1;1.11;0.82;3.45;9.2;50;50;12;8;3;3;115;78;18;13
2026-02-05;Bahia;Fluminense;BRAZIL 1;1;1;1.84;1.46;6.6;18.0;42;58;19;13;5;4;110;96;40;49
2026-02-05;Cruzeiro;Coritiba;BRAZIL 1;1;2;1.97;1.02;10.0;25.0;68;32;19;10;4;2;149;58;67;34
2026-02-06;Union Berlin;Eintracht Frankfurt;GERMANY 1;1;1;1.17;0.57;2.86;12.0;27;73;11;3;3;1;63;127;37;39
2026-02-06;Metz;Lille;FRANCE 1;0;0;0.74;1.54;1.79;8.8;42;58;6;16;2;2;96;100;29;54
2026-02-07;Lens;Rennes;FRANCE 1;3;1;1.12;1.28;3.9;14.5;51;49;9;14;3;1;113;78;45;45
2026-02-07;Fiorentina;Torino;ITALY 1;2;2;1.98;1.3;6.0;16.0;55;45;21;12;5;4;125;77;42;36
2026-02-07;Brest;Lorient;FRANCE 1;2;0;1.38;1.35;3.45;11.5;42;58;12;13;5;2;101;105;37;53
2026-02-07;Genoa;Napoli;ITALY 1;2;3;1.32;1.4;1.71;6.8;40;60;12;14;3;5;108;82;47;22
2026-02-07;Fulham;Everton;ENGLAND 1;1;2;1.44;1.65;4.6;13.5;55;45;13;16;3;3;71;73;58;61
2026-02-07;Arsenal;Sunderland;ENGLAND 1;3;0;1.97;0.94;13.0;32.0;49;51;16;5;5;3;86;71;86;57
2026-02-07;Heidenheim;Hamburger SV;GERMANY 1;0;2;1.71;1.48;2.58;11.5;48;52;20;14;4;5;55;43;25;35
2026-02-07;St. Pauli;Stuttgart;GERMANY 1;2;1;1.82;1.14;2.76;13.0;32;68;15;7;7;3;36;78;56;68
2026-02-07;Freiburg;Werder Bremen;GERMANY 1;1;0;0.86;1.82;3.85;14.5;33;67;7;17;2;5;28;85;40;56
2026-02-08;Lecce;Udinese;ITALY 1;2;1;1.74;0.67;2.56;8.2;54;46;16;6;5;1;101;95;53;28
2026-02-08;Nice;Monaco;FRANCE 1;0;0;1.37;1.01;2.28;11.5;44;56;13;10;4;2;95;97;37;31
2026-02-08;Le Havre;Strasbourg;FRANCE 1;2;1;1.78;1.16;3.25;11.0;51;49;15;10;7;3;88;84;48;43
2026-02-08;Liverpool;Manchester City;ENGLAND 1;1;2;1.63;1.87;3.65;20.0;47;53;15;17;4;7;100;99;55;42
2026-02-08;Benfica;Alverca;PORTUGAL 1;2;1;3.12;0.69;22.0;1000.0;63;37;29;6;10;2;124;66;84;22
2026-02-08;Juventus;Lazio;ITALY 1;2;2;3.27;0.85;4.1;11.5;63;37;34;9;8;2;131;62;80;19
2026-02-08;Bologna;Parma;ITALY 1;0;1;1.61;0.69;4.5;16.5;52;48;16;5;2;1;102;77;64;41
2026-02-09;Atalanta;Cremonese;ITALY 1;2;1;2.84;1.25;10.0;32.0;56;44;29;12;9;2;102;98;54;48
2026-02-11;Manchester City;Fulham;ENGLAND 1;3;0;1.41;1.34;13.5;55.0;56;44;13;14;5;3;120;75;31;34
2026-02-11;Crystal Palace;Burnley;ENGLAND 1;2;3;1.96;0.93;7.0;23.0;65;35;21;8;3;3;133;92;59;28
2026-02-11;Mirassol;Cruzeiro;BRAZIL 1;2;2;2.5;1.06;2.54;9.0;56;44;20;9;11;4;89;73;66;29
2026-02-11;Sunderland;Liverpool;ENGLAND 1;0;1;1.16;2.12;1.86;9.6;43;57;11;23;2;3;89;108;45;64
2026-02-12;Brentford;Arsenal;ENGLAND 1;1;1;1.27;1.08;1.69;8.8;41;59;12;7;3;2;67;97;42;68
2026-02-12;Internacional;Palmeiras;BRAZIL 1;1;3;2.36;1.26;3.35;9.4;62;38;26;11;4;7;123;61;62;10
2026-02-12;Corinthians;Bragantino;BRAZIL 1;2;0;1.27;0.94;3.9;11.0;60;40;13;9;5;4;68;86;13;11
2026-02-13;Monaco;Nantes;FRANCE 1;3;1;1.49;1.4;8.4;48.0;47;53;12;13;6;2;105;117;42;60
2026-02-13;Pisa;AC Milan;ITALY 1;1;2;0.86;0.94;1.61;6.8;34;66;7;7;2;2;75;135;38;46
2026-02-13;Santa Clara;Benfica;PORTUGAL 1;1;2;0.97;1.27;1.67;6.2;53;47;9;11;2;3;103;107;35;49
2026-02-13;Rennes;PSG;FRANCE 1;3;1;1.29;2.4;1.76;11.5;33;67;13;22;4;7;77;109;26;74
2026-02-14;Lazio;Atalanta;ITALY 1;0;2;1.85;1.3;2.5;12.5;50;50;18;12;5;5;92;67;51;27
2026-02-14;Real Madrid;Real Sociedad;SPAIN 1;4;1;1.35;1.37;7.6;40.0;52;48;11;13;5;3;82;97;42;46
2026-02-14;Lille;Brest;FRANCE 1;1;1;2.22;1.25;6.0;18.0;69;31;20;11;5;4;151;65;83;38
2026-02-14;Como;Fiorentina;ITALY 1;1;2;1.66;0.79;2.36;9.0;67;33;16;7;3;3;118;63;61;18
2026-02-14;Bayer Leverkusen;St. Pauli;GERMANY 1;4;0;1.68;1.0;15.0;55.0;68;32;12;11;7;1;141;69;57;32
2026-02-14;Hoffenheim;Freiburg;GERMANY 1;3;0;2.55;1.18;2.62;14.5;61;39;25;13;7;3;95;66;69;21
2026-02-14;Hamburger SV;Union Berlin;GERMANY 1;3;2;1.42;1.39;3.25;11.0;56;44;13;12;4;5;97;87;44;38
2026-02-15;Metz;Auxerre;FRANCE 1;1;3;1.43;1.37;2.64;9.4;62;38;13;14;4;3;130;81;44;38
2026-02-15;Augsburg;Heidenheim;GERMANY 1;1;0;1.39;1.48;4.5;16.5;49;51;12;16;4;2;91;111;49;45
2026-02-15;RB Leipzig;Wolfsburg;GERMANY 1;2;2;2.78;1.01;9.2;40.0;68;32;20;10;10;3;173;61;113;23
2026-02-15;Torino;Bologna;ITALY 1;1;2;0.77;1.76;2.98;8.2;47;53;7;15;2;7;63;92;25;44
2026-02-15;Le Havre;Toulouse;FRANCE 1;2;1;0.55;2.9;2.16;8.0;33;67;5;25;2;9;53;143;12;97
2026-02-15;Udinese;Sassuolo;ITALY 1;1;2;0.95;1.1;3.25;11.0;51;49;8;10;2;3;109;68;40;36
2026-02-15;Cremonese;Genoa;ITALY 1;0;0;2.12;2.06;2.6;7.8;35;65;19;19;8;6;95;92;51;62
2026-02-16;Cagliari;Lecce;ITALY 1;0;2;1.0;1.4;3.9;12.5;59;41;11;13;0;4;88;101;41;41
2026-02-18;AC Milan;Como;ITALY 1;1;1;0.98;1.16;4.9;19.5;54;46;6;10;4;4;104;75;43;34
2026-02-21;Lens;Monaco;FRANCE 1;2;3;2.01;1.27;2.24;16.0;52;48;18;10;7;5;96;72;53;40
2026-02-21;Alverca;Santa Clara;PORTUGAL 1;1;1;0.78;1.46;2.78;9.6;45;55;7;16;1;3;81;86;36;33
2026-02-21;PSG;Metz;FRANCE 1;3;0;2.03;0.4;20.0;80.0;67;33;17;3;7;0;141;69;63;27
2026-02-21;Cagliari;Lazio;ITALY 1;0;0;0.98;1.23;2.0;9.6;42;58;11;10;2;3;65;129;20;51
2026-02-21;Chelsea;Burnley;ENGLAND 1;1;1;1.33;1.46;11.0;42.0;67;33;12;12;2;4;111;63;59;59
2026-02-21;Juventus;Como;ITALY 1;0;2;1.28;1.03;8.6;26.0;52;48;11;11;3;2;87;81;51;26
2026-02-21;Wolfsburg;Augsburg;GERMANY 1;2;3;1.12;1.88;3.85;19.5;50;50;10;15;4;6;99;108;27;71
2026-02-21;Union Berlin;Bayer Leverkusen;GERMANY 1;1;0;1.03;1.65;1.59;8.8;35;65;8;16;4;1;89;123;32;79
2026-02-22;Sunderland;Fulham;ENGLAND 1;1;3;1.18;1.2;2.86;9.8;53;47;12;12;2;4;86;82;39;22
2026-02-22;Auxerre;Rennes;FRANCE 1;0;3;1.17;1.49;2.18;12.5;43;57;11;12;2;7;103;88;46;33
2026-02-22;Genoa;Torino;ITALY 1;3;0;1.62;0.86;3.35;9.8;62;38;16;7;5;3;113;79;35;27
2026-02-22;Atalanta;Napoli;ITALY 1;2;1;1.66;1.22;3.3;12.0;57;43;10;10;7;4;104;88;74;42
2026-02-22;AC Milan;Parma;ITALY 1;0;1;2.72;0.95;11.0;46.0;67;33;25;9;6;3;158;57;100;24
2026-02-22;Heidenheim;Stuttgart;GERMANY 1;3;3;1.26;1.78;1.86;11.0;34;66;10;12;6;8;70;130;28;62
2026-02-22;Nantes;Le Havre;FRANCE 1;2;0;0.98;0.9;5.1;14.5;29;71;9;6;2;1;83;126;37;60
2026-02-22;Nice;Lorient;FRANCE 1;3;3;1.02;1.94;6.6;21.0;39;61;8;17;4;5;95;113;31;72
2026-02-22;St. Pauli;Werder Bremen;GERMANY 1;2;1;0.83;1.58;2.78;11.5;42;58;4;13;4;4;91;123;39;66
2026-02-23;Fiorentina;Pisa;ITALY 1;1;0;1.7;0.83;6.2;21.0;56;44;15;7;5;1;113;72;55;43
2026-02-23;Bologna;Udinese;ITALY 1;1;0;1.29;1.19;6.6;18.5;46;54;11;10;6;3;83;96;24;48
2026-02-25;Remo;Internacional;BRAZIL 1;1;1;1.38;1.78;2.26;10.5;41;59;11;18;7;4;79;106;27;51
2026-02-25;Coritiba;Sao Paulo;BRAZIL 1;0;1;1.37;1.13;2.62;8.8;42;58;18;9;2;5;89;98;13;28
2026-02-25;Cruzeiro;Corinthians;BRAZIL 1;1;1;1.01;0.5;5.4;14.5;48;52;11;4;3;2;79;90;13;12
2026-02-25;Palmeiras;Fluminense;BRAZIL 1;2;1;1.63;2.01;7.2;25.0;35;65;14;18;6;7;72;103;46;54
2026-02-27;Strasbourg;Lens;FRANCE 1;1;1;1.05;2.31;2.58;12.0;55;45;8;25;5;5;80;84;26;55
2026-02-27;Parma;Cagliari;ITALY 1;1;1;1.72;1.26;3.7;16.0;56;44;18;11;4;5;120;75;41;29
2026-02-28;Rennes;Toulouse;FRANCE 1;1;0;1.09;1.01;4.6;17.0;65;35;10;9;2;2;135;96;42;40
2026-02-28;Burnley;Brentford;ENGLAND 1;3;4;1.26;1.91;2.26;12.0;41;59;12;16;3;7;94;91;39;57
2026-02-28;Le Havre;PSG;FRANCE 1;0;1;1.06;2.48;1.48;10.5;32;68;10;22;2;9;81;141;39;64
2026-02-28;Como;Lecce;ITALY 1;3;1;1.6;0.67;5.5;16.5;69;31;12;5;7;2;97;78;48;28
2026-02-28;Hoffenheim;St. Pauli;GERMANY 1;0;1;2.68;1.11;4.3;21.0;65;35;20;11;11;3;153;61;89;29
2026-02-28;Werder Bremen;Heidenheim;GERMANY 1;2;0;1.82;0.78;5.1;24.0;49;51;17;9;6;0;108;79;45;29
2026-03-01;Torino;Lazio;ITALY 1;2;0;1.47;1.27;2.66;9.2;45;55;13;12;5;3;71;108;42;40
2026-03-01;Eintracht Frankfurt;Freiburg;GERMANY 1;2;0;1.7;0.62;4.2;21.0;63;37;15;4;7;2;91;64;36;30
2026-03-01;Lille;Nantes;FRANCE 1;1;0;1.13;0.42;6.8;21.0;73;27;9;3;3;1;91;54;48;21
2026-03-01;Lorient;Auxerre;FRANCE 1;2;2;1.51;1.12;4.1;12.5;50;50;15;10;5;3;79;113;30;37
2026-03-01;Metz;Brest;FRANCE 1;0;1;2.53;0.6;2.26;9.4;66;34;24;6;6;1;129;64;83;20
2026-03-01;Arsenal;Chelsea;ENGLAND 1;2;1;1.59;1.18;7.4;32.0;41;59;12;9;5;3;97;87;66;55
2026-03-01;Hamburger SV;RB Leipzig;GERMANY 1;1;2;0.88;1.57;2.0;13.5;42;58;7;13;3;5;71;111;30;54
2026-03-01;Cremonese;AC Milan;ITALY 1;0;2;1.5;2.2;1.52;7.8;47;53;15;20;3;6;91;104;47;72
2026-03-01;Stuttgart;Wolfsburg;GERMANY 1;4;0;2.76;1.12;5.2;29.0;63;37;24;10;11;3;111;93;67;37
2026-03-01;Sassuolo;Atalanta;ITALY 1;2;1;0.93;3.12;2.02;9.8;24;76;7;26;5;7;50;143;19;139
2026-03-02;Udinese;Fiorentina;ITALY 1;3;0;1.32;0.94;2.18;10.0;35;65;10;10;7;0;83;102;27;42
2026-03-02;Gil Vicente;Benfica;PORTUGAL 1;1;2;1.46;1.18;1.58;8.2;49;51;13;10;5;3;82;94;40;46
2026-03-02;Pisa;Bologna;ITALY 1;0;1;0.87;0.87;2.04;7.8;41;59;6;8;3;1;106;124;36;38
2026-03-03;Everton;Burnley;ENGLAND 1;2;0;1.6;0.68;5.3;20.0;55;45;14;5;5;2;36;34;53;32
2026-03-04;Aston Villa;Chelsea;ENGLAND 1;1;4;1.11;1.77;3.35;23.0;43;57;9;15;4;8;61;83;36;37
2026-03-04;Hamburger SV;Bayer Leverkusen;GERMANY 1;0;1;1.08;1.69;2.24;12.0;37;63;10;14;3;4;83;144;32;71
2026-03-06;Napoli;Torino;ITALY 1;2;1;1.93;0.87;10.5;26.0;64;36;14;7;9;4;116;65;57;19
2026-03-06;PSG;Monaco;FRANCE 1;1;3;2.39;1.36;6.8;40.0;72;28;20;11;6;6;139;72;98;34
2026-03-07;Atalanta;Udinese;ITALY 1;2;2;2.11;0.85;9.2;34.0;68;32;22;8;4;2;123;72;61;27
2026-03-07;Auxerre;Strasbourg;FRANCE 1;0;0;1.08;1.37;2.7;12.0;28;72;10;13;4;5;67;117;23;25
2026-03-07;Juventus;Pisa;ITALY 1;4;0;2.55;0.95;18.0;48.0;60;40;25;7;7;2;102;84;69;50
2026-03-07;Cagliari;Como;ITALY 1;1;2;1.01;0.89;3.45;12.5;43;57;8;8;3;2;89;98;40;32
2026-03-07;Wolfsburg;Hamburger SV;GERMANY 1;1;2;1.57;1.39;2.9;14.0;52;48;14;10;4;7;113;104;55;35
2026-03-07;Freiburg;Bayer Leverkusen;GERMANY 1;3;3;2.4;1.86;1.59;9.4;47;53;21;17;9;5;94;98;63;61
2026-03-07;Heidenheim;Hoffenheim;GERMANY 1;2;4;0.93;1.81;2.86;16.5;46;54;8;16;2;7;92;105;38;42
2026-03-07;RB Leipzig;Augsburg;GERMANY 1;2;1;2.19;1.62;7.4;38.0;61;39;17;16;8;5;132;56;76;38
2026-03-08;Brest;Le Havre;FRANCE 1;2;0;1.07;1.3;5.2;16.0;41;59;11;14;2;0;97;113;31;57
2026-03-08;Nice;Rennes;FRANCE 1;0;4;1.39;1.48;3.6;13.0;40;60;14;12;2;6;100;105;50;40
2026-03-08;Lille;Lorient;FRANCE 1;1;1;1.48;1.1;7.0;21.0;58;42;12;9;2;5;136;52;80;25
2026-03-08;St. Pauli;Eintracht Frankfurt;GERMANY 1;0;0;1.1;0.99;2.24;11.5;28;72;11;8;2;2;76;124;37;45
2026-03-08;Lens;Metz;FRANCE 1;3;0;2.39;0.59;12.5;46.0;52;48;24;5;7;0;106;87;54;36
2026-03-08;Union Berlin;Werder Bremen;GERMANY 1;1;4;0.94;1.68;2.52;12.5;26;74;9;15;2;5;88;129;31;51
2026-03-08;Lecce;Cremonese;ITALY 1;2;1;1.0;1.35;3.85;11.0;41;59;9;10;3;5;97;112;29;49
2026-03-08;Fiorentina;Parma;ITALY 1;0;0;1.25;0.77;5.4;18.5;56;44;12;8;1;0;103;84;58;36
2026-03-09;Lazio;Sassuolo;ITALY 1;2;1;1.58;1.03;9.6;40.0;50;50;13;7;5;4;100;111;56;41
2026-03-10;Mirassol;Santos;BRAZIL 1;0;0;0.0;0.0;3.2;9.8;-1;-1;-1;-1;-1;-1;0;0;0;0
2026-03-13;Torino;Parma;ITALY 1;4;1;1.58;0.88;4.9;16.5;50;50;15;6;6;3;87;96;29;39
2026-03-14;Arsenal;Everton;ENGLAND 1;2;0;2.67;1.0;20.0;75.0;65;35;25;9;7;3;132;68;84;30
2026-03-14;Napoli;Lecce;ITALY 1;2;1;1.41;1.17;7.6;34.0;70;30;12;12;4;2;99;82;51;37
2026-03-14;Monaco;Brest;FRANCE 1;2;0;1.3;1.21;6.8;24.0;56;44;10;12;4;1;115;108;52;52
2026-03-14;Udinese;Juventus;ITALY 1;0;1;0.99;2.37;1.94;7.0;44;56;10;22;2;8;62;101;30;59
2026-03-14;PSG;Nantes;FRANCE 1;0;0;0.0;0.0;16.0;60.0;-1;-1;-1;-1;-1;-1;0;0;0;0
2026-03-14;Eintracht Frankfurt;Heidenheim;GERMANY 1;1;0;1.35;0.59;4.9;20.0;66;34;12;4;4;1;139;76;41;36
2026-03-14;Hoffenheim;Wolfsburg;GERMANY 1;1;1;2.36;0.63;3.05;17.0;69;31;20;4;6;2;115;86;95;31
2026-03-14;Lorient;Lens;FRANCE 1;2;1;0.78;2.4;1.89;9.8;34;66;6;20;3;6;60;145;26;100
2026-03-15;PSG;Nantes;FRANCE 1;0;0;0.0;0.0;16.0;60.0;-1;-1;-1;-1;-1;-1;0;0;0;0
2026-03-15;Metz;Toulouse;FRANCE 1;3;4;1.9;1.88;2.02;8.0;50;50;17;19;8;6;86;76;37;37
2026-03-15;AVS;Santa Clara;PORTUGAL 1;0;1;0.97;1.23;2.02;6.2;45;55;10;12;2;3;75;93;27;35
2026-03-15;Freiburg;Union Berlin;GERMANY 1;0;1;1.89;1.08;4.2;13.5;73;27;19;9;6;4;115;69;37;32
2026-03-15;Internacional;Bahia;BRAZIL 1;0;1;1.51;0.65;5.0;15.0;53;47;14;7;2;1;117;64;66;18
2026-03-15;Lazio;AC Milan;ITALY 1;1;0;0.82;1.79;2.54;12.0;41;59;7;17;2;3;89;119;32;70
2026-03-15;Rennes;Lille;FRANCE 1;1;2;1.43;0.96;2.84;10.0;59;41;12;8;4;3;124;67;53;34
2026-03-15;Palmeiras;Mirassol;BRAZIL 1;0;0;0.0;0.0;10.5;25.0;-1;-1;-1;-1;-1;-1;0;0;0;0
2026-03-15;Coritiba;Remo;BRAZIL 1;0;0;0.0;0.0;3.8;0.0;-1;-1;-1;-1;-1;-1;0;0;0;0
2026-03-15;Bragantino;Sao Paulo;BRAZIL 1;0;0;0.0;0.0;3.1;9.0;-1;-1;-1;-1;-1;-1;0;0;0;0
2026-03-15;Santos;Corinthians;BRAZIL 1;1;1;1.2;1.08;4.1;11.0;44;56;11;10;4;3;92;77;30;33
2026-03-15;Stuttgart;RB Leipzig;GERMANY 1;1;0;1.45;1.2;4.1;26.0;57;43;13;9;4;4;129;78;47;48
2026-03-15;Pisa;Cagliari;ITALY 1;3;1;1.24;1.44;3.1;9.0;28;72;10;14;6;4;75;134;25;36
2026-03-15;Sassuolo;Bologna;ITALY 1;0;1;1.19;1.43;2.98;11.5;54;46;9;16;4;3;98;96;46;28
2026-03-16;Cremonese;Fiorentina;ITALY 1;1;4;1.4;1.43;1.99;9.0;48;52;13;13;3;6;118;68;50;26
2026-03-18;Santos;Internacional;BRAZIL 1;0;0;0.0;0.0;3.3;9.8;-1;-1;-1;-1;-1;-1;0;0;0;0
2026-03-18;Bahia;Bragantino;BRAZIL 1;0;0;0.0;0.0;4.5;16.5;-1;-1;-1;-1;-1;-1;0;0;0;0
2026-03-20;RB Leipzig;Hoffenheim;GERMANY 1;5;0;1.77;1.03;6.0;29.0;50;50;14;8;9;2;95;104;35;52
2026-03-20;Villarreal;Real Sociedad;SPAIN 1;3;1;2.21;1.56;5.1;18.0;35;65;21;11;10;4;50;160;27;79
2026-03-20;Genoa;Udinese;ITALY 1;0;2;1.71;0.78;3.45;9.0;63;37;18;6;2;4;118;60;60;16
2026-03-20;Cagliari;Napoli;ITALY 1;0;1;0.65;1.8;1.86;9.4;33;67;7;17;0;5;76;99;27;53
2026-03-21;Wolfsburg;Werder Bremen;GERMANY 1;0;1;1.34;0.97;3.7;19.5;57;43;11;8;4;3;129;76;49;34
2026-03-21;Heidenheim;Bayer Leverkusen;GERMANY 1;3;3;1.15;1.67;1.45;10.0;38;62;9;14;5;5;77;112;31;60
2026-03-21;Manchester City;Crystal Palace;ENGLAND 1;0;0;0.0;0.0;6.0;26.0;-1;-1;-1;-1;-1;-1;0;0;0;0
2026-03-21;Santa Clara;Gil Vicente;PORTUGAL 1;1;0;0.89;0.8;4.2;11.0;54;46;7;8;2;0;84;71;42;41
2026-03-21;Sao Paulo;Palmeiras;BRAZIL 1;0;0;0.0;0.0;3.3;9.0;-1;-1;-1;-1;-1;-1;0;0;0;0
2026-03-21;Nice;PSG;FRANCE 1;0;0;0.0;0.0;3.0;17.0;-1;-1;-1;-1;-1;-1;0;0;0;0
2026-03-21;Auxerre;Brest;FRANCE 1;3;0;1.37;1.04;2.66;12.0;44;56;11;9;7;2;75;100;25;45
2026-03-21;Everton;Chelsea;ENGLAND 1;3;0;1.43;1.51;1.7;11.0;36;64;10;12;9;4;49;117;24;64
2026-03-21;AC Milan;Torino;ITALY 1;3;2;1.68;1.91;7.2;23.0;63;37;15;18;6;7;88;72;43;40
2026-03-22;St. Pauli;Freiburg;GERMANY 1;1;2;1.29;1.59;3.2;11.0;49;51;10;15;4;6;106;76;51;31
2026-03-22;Bologna;Lazio;ITALY 1;0;2;1.55;1.09;3.45;11.5;54;46;15;9;4;5;108;65;44;23
2026-03-22;Augsburg;Stuttgart;GERMANY 1;2;5;1.66;1.63;1.85;18.0;39;61;13;13;7;8;96;102;48;34
2026-03-22;Cruzeiro;Santos;BRAZIL 1;0;0;1.03;0.54;7.2;22.0;61;39;8;5;3;1;112;80;41;19
2026-03-22;Nantes;Strasbourg;FRANCE 1;2;3;1.73;1.75;2.64;11.5;37;63;14;13;9;9;66;102;31;40
2026-04-01;Fluminense;Corinthians;BRAZIL 1;0;0;0.0;0.0;4.2;11.0;-1;-1;-1;-1;-1;-1;0;0;0;0
2026-04-01;Internacional;Sao Paulo;BRAZIL 1;0;0;0.0;0.0;2.92;7.4;-1;-1;-1;-1;-1;-1;0;0;0;0
2026-04-03;Sporting CP;Santa Clara;PORTUGAL 1;0;0;0.0;0.0;17.5;60.0;-1;-1;-1;-1;-1;-1;0;0;0;0
2026-04-03;PSG;Toulouse;FRANCE 1;0;0;0.0;0.0;7.8;40.0;-1;-1;-1;-1;-1;-1;0;0;0;0
2026-04-03;Gil Vicente;AVS;PORTUGAL 1;0;0;0.0;0.0;3.5;12.5;-1;-1;-1;-1;-1;-1;0;0;0;0
2026-04-04;Brest;Rennes;FRANCE 1;0;0;0.0;0.0;2.64;11.0;-1;-1;-1;-1;-1;-1;0;0;0;0
2026-04-04;Sao Paulo;Cruzeiro;BRAZIL 1;0;0;0.0;0.0;5.0;12.5;-1;-1;-1;-1;-1;-1;0;0;0;0
2026-04-04;Lazio;Parma;ITALY 1;0;0;0.0;0.0;9.2;28.0;-1;-1;-1;-1;-1;-1;0;0;0;0
2026-04-04;Lille;Lens;FRANCE 1;0;0;0.0;0.0;3.95;13.0;-1;-1;-1;-1;-1;-1;0;0;0;0
2026-04-04;Strasbourg;Nice;FRANCE 1;0;0;0.0;0.0;2.46;9.4;-1;-1;-1;-1;-1;-1;0;0;0;0
2026-04-04;Sassuolo;Cagliari;ITALY 1;0;0;0.0;0.0;3.15;14.5;-1;-1;-1;-1;-1;-1;0;0;0;0
2026-04-04;Werder Bremen;RB Leipzig;GERMANY 1;0;0;0.0;0.0;3.15;22.0;-1;-1;-1;-1;-1;-1;0;0;0;0
2026-04-04;Bayer Leverkusen;Wolfsburg;GERMANY 1;0;0;0.0;0.0;12.5;48.0;-1;-1;-1;-1;-1;-1;0;0;0;0
2026-04-05;Bahia;Palmeiras;BRAZIL 1;0;0;0.0;0.0;2.28;11.0;-1;-1;-1;-1;-1;-1;0;0;0;0
2026-04-05;Corinthians;Internacional;BRAZIL 1;0;0;0.0;0.0;3.3;11.0;-1;-1;-1;-1;-1;-1;0;0;0;0
2026-04-05;Union Berlin;St. Pauli;GERMANY 1;0;0;0.0;0.0;4.4;15.0;-1;-1;-1;-1;-1;-1;0;0;0;0
2026-04-05;Le Havre;Auxerre;FRANCE 1;0;0;0.0;0.0;2.7;10.0;-1;-1;-1;-1;-1;-1;0;0;0;0
2026-04-06;Napoli;AC Milan;ITALY 1;0;0;0.0;0.0;4.4;15.5;-1;-1;-1;-1;-1;-1;0;0;0;0
2026-04-06;Casa Pia;Benfica;PORTUGAL 1;0;0;0.0;0.0;1.34;8.0;-1;-1;-1;-1;-1;-1;0;0;0;0
2026-04-06;Juventus;Genoa;ITALY 1;0;0;0.0;0.0;8.8;21.0;-1;-1;-1;-1;-1;-1;0;0;0;0
2026-04-06;Udinese;Como;ITALY 1;0;0;0.0;0.0;3.7;11.5;-1;-1;-1;-1;-1;-1;0;0;0;0
2026-04-06;Lecce;Atalanta;ITALY 1;0;0;0.0;0.0;1.85;9.2;-1;-1;-1;-1;-1;-1;0;0;0;0
2026-04-10;Augsburg;Hoffenheim;GERMANY 1;0;0;0.0;0.0;3.4;21.0;-1;-1;-1;-1;-1;-1;0;0;0;0
2026-04-10;Corinthians;Palmeiras;BRAZIL 1;0;0;0.0;0.0;2.44;9.4;-1;-1;-1;-1;-1;-1;0;0;0;0
2026-04-10;Mirassol;Bahia;BRAZIL 1;0;0;0.0;0.0;3.6;12.5;-1;-1;-1;-1;-1;-1;0;0;0;0
2026-04-10;Cruzeiro;Bragantino;BRAZIL 1;0;0;0.0;0.0;4.4;14.0;-1;-1;-1;-1;-1;-1;0;0;0;0
2026-04-11;Liverpool;Fulham;ENGLAND 1;0;0;0.0;0.0;10.0;44.0;-1;-1;-1;-1;-1;-1;0;0;0;0
2026-04-11;Auxerre;Nantes;FRANCE 1;0;0;0.0;0.0;2.58;10.5;-1;-1;-1;-1;-1;-1;0;0;0;0
2026-04-11;AC Milan;Udinese;ITALY 1;0;0;0.0;0.0;9.2;36.0;-1;-1;-1;-1;-1;-1;0;0;0;0
2026-04-11;Atalanta;Juventus;ITALY 1;0;0;0.0;0.0;3.95;13.5;-1;-1;-1;-1;-1;-1;0;0;0;0
2026-04-11;Brentford;Everton;ENGLAND 1;0;0;0.0;0.0;3.7;15.5;-1;-1;-1;-1;-1;-1;0;0;0;0
2026-04-11;Wolfsburg;Eintracht Frankfurt;GERMANY 1;0;0;0.0;0.0;2.66;13.5;-1;-1;-1;-1;-1;-1;0;0;0;0
2026-04-11;Heidenheim;Union Berlin;GERMANY 1;0;0;0.0;0.0;2.48;9.6;-1;-1;-1;-1;-1;-1;0;0;0;0
2026-04-12;Genoa;Sassuolo;ITALY 1;0;0;0.0;0.0;3.45;13.5;-1;-1;-1;-1;-1;-1;0;0;0;0
2026-04-12;Bologna;Lecce;ITALY 1;0;0;0.0;0.0;6.2;17.0;-1;-1;-1;-1;-1;-1;0;0;0;0
2026-04-12;Nice;Le Havre;FRANCE 1;0;0;0.0;0.0;7.0;22.0;-1;-1;-1;-1;-1;-1;0;0;0;0
2026-04-12;Toulouse;Lille;FRANCE 1;0;0;0.0;0.0;2.62;10.0;-1;-1;-1;-1;-1;-1;0;0;0;0
2026-04-12;Parma;Napoli;ITALY 1;0;0;0.0;0.0;1.57;8.0;-1;-1;-1;-1;-1;-1;0;0;0;0
2026-04-13;Fiorentina;Lazio;ITALY 1;0;0;0.0;0.0;3.4;12.0;-1;-1;-1;-1;-1;-1;0;0;0;0
2026-04-17;Santos;Fluminense;BRAZIL 1;0;0;0.0;0.0;3.25;9.8;-1;-1;-1;-1;-1;-1;0;0;0;0
2026-04-17;Internacional;Mirassol;BRAZIL 1;0;0;0.0;0.0;7.0;21.0;-1;-1;-1;-1;-1;-1;0;0;0;0
2026-04-17;Lens;Toulouse;FRANCE 1;0;0;0.0;0.0;4.3;14.5;-1;-1;-1;-1;-1;-1;0;0;0;0
2026-04-18;Udinese;Parma;ITALY 1;0;0;0.0;0.0;4.9;17.5;-1;-1;-1;-1;-1;-1;0;0;0;0
2026-04-18;Union Berlin;Wolfsburg;GERMANY 1;0;0;0.0;0.0;3.2;13.0;-1;-1;-1;-1;-1;-1;0;0;0;0
2026-04-18;Bayer Leverkusen;Augsburg;GERMANY 1;0;0;0.0;0.0;10.5;75.0;-1;-1;-1;-1;-1;-1;0;0;0;0
2026-04-18;Brentford;Fulham;ENGLAND 1;0;0;0.0;0.0;3.5;19.0;-1;-1;-1;-1;-1;-1;0;0;0;0
2026-04-18;Lille;Nice;FRANCE 1;0;0;0.0;0.0;7.2;27.0;-1;-1;-1;-1;-1;-1;0;0;0;0
2026-04-18;Casa Pia;Santa Clara;PORTUGAL 1;0;0;0.0;0.0;2.62;1000.0;-1;-1;-1;-1;-1;-1;0;0;0;0
2026-04-18;Eintracht Frankfurt;RB Leipzig;GERMANY 1;0;0;0.0;0.0;2.64;18.5;-1;-1;-1;-1;-1;-1;0;0;0;0
2026-04-18;Napoli;Lazio;ITALY 1;0;0;0.0;0.0;4.7;14.5;-1;-1;-1;-1;-1;-1;0;0;0;0
2026-04-19;Freiburg;Heidenheim;GERMANY 1;0;0;0.0;0.0;4.8;22.0;-1;-1;-1;-1;-1;-1;0;0;0;0
2026-04-19;Monaco;Auxerre;FRANCE 1;0;0;0.0;0.0;8.8;55.0;-1;-1;-1;-1;-1;-1;0;0;0;0
2026-04-19;Everton;Liverpool;ENGLAND 1;0;0;0.0;0.0;1.46;10.5;-1;-1;-1;-1;-1;-1;0;0;0;0
2026-04-19;Manchester City;Arsenal;ENGLAND 1;0;0;0.0;0.0;4.0;16.5;-1;-1;-1;-1;-1;-1;0;0;0;0
2026-04-19;Strasbourg;Rennes;FRANCE 1;0;0;0.0;0.0;2.32;980.0;-1;-1;-1;-1;-1;-1;0;0;0;0
2026-04-19;Nantes;Brest;FRANCE 1;0;0;0.0;0.0;3.25;11.5;-1;-1;-1;-1;-1;-1;0;0;0;0
2026-04-19;Sporting CP;Benfica;PORTUGAL 1;0;0;0.0;0.0;3.55;16.5;-1;-1;-1;-1;-1;-1;0;0;0;0
2026-04-19;Juventus;Bologna;ITALY 1;0;0;0.0;0.0;6.4;16.0;-1;-1;-1;-1;-1;-1;0;0;0;0
2026-04-20;Lecce;Fiorentina;ITALY 1;0;0;0.0;0.0;2.42;9.8;-1;-1;-1;-1;-1;-1;0;0;0;0
2026-04-22;PSG;Nantes;FRANCE 1;0;0;0.0;0.0;16.0;60.0;-1;-1;-1;-1;-1;-1;0;0;0;0
2026-04-24;Bragantino;Palmeiras;BRAZIL 1;0;0;0.0;0.0;1.94;8.6;-1;-1;-1;-1;-1;-1;0;0;0;0
2026-04-24;Augsburg;Eintracht Frankfurt;GERMANY 1;0;0;0.0;0.0;2.92;13.0;-1;-1;-1;-1;-1;-1;0;0;0;0
2026-04-24;Heidenheim;St. Pauli;GERMANY 1;0;0;0.0;0.0;3.1;12.5;-1;-1;-1;-1;-1;-1;0;0;0;0
2026-04-24;RB Leipzig;Union Berlin;GERMANY 1;0;0;0.0;0.0;7.4;27.0;-1;-1;-1;-1;-1;-1;0;0;0;0
2026-04-24;Brest;Lens;FRANCE 1;0;0;0.0;0.0;3.2;13.0;-1;-1;-1;-1;-1;-1;0;0;0;0
2026-04-24;Bahia;Santos;BRAZIL 1;0;0;0.0;0.0;5.9;18.5;-1;-1;-1;-1;-1;-1;0;0;0;0
2026-04-24;Sao Paulo;Mirassol;BRAZIL 1;0;0;0.0;0.0;6.0;15.0;-1;-1;-1;-1;-1;-1;0;0;0;0
2026-04-24;Stuttgart;Werder Bremen;GERMANY 1;0;0;0.0;0.0;4.9;30.0;-1;-1;-1;-1;-1;-1;0;0;0;0
2026-04-25;Toulouse;Monaco;FRANCE 1;0;0;0.0;0.0;2.18;12.0;-1;-1;-1;-1;-1;-1;0;0;0;0
2026-04-25;Rayo Vallecano;Real Sociedad;SPAIN 1;0;0;0.0;0.0;3.65;9.4;-1;-1;-1;-1;-1;-1;0;0;0;0
2026-04-25;Gil Vicente;Casa Pia;PORTUGAL 1;0;0;0.0;0.0;4.0;11.5;-1;-1;-1;-1;-1;-1;0;0;0;0
2026-04-25;AVS;Sporting CP;PORTUGAL 1;0;0;0.0;0.0;1.44;8.0;-1;-1;-1;-1;-1;-1;0;0;0;0
2026-04-25;Liverpool;Crystal Palace;ENGLAND 1;0;0;0.0;0.0;16.0;65.0;-1;-1;-1;-1;-1;-1;0;0;0;0
2026-04-25;Fulham;Aston Villa;ENGLAND 1;0;0;0.0;0.0;2.86;15.0;-1;-1;-1;-1;-1;-1;0;0;0;0
2026-04-26;Genoa;Como;ITALY 1;0;0;0.0;0.0;2.68;9.0;-1;-1;-1;-1;-1;-1;0;0;0;0
2026-04-26;AC Milan;Juventus;ITALY 1;0;0;0.0;0.0;3.7;12.5;-1;-1;-1;-1;-1;-1;0;0;0;0
2026-04-26;Rennes;Nantes;FRANCE 1;0;0;0.0;0.0;5.1;17.0;-1;-1;-1;-1;-1;-1;0;0;0;0
2026-04-26;Le Havre;Metz;FRANCE 1;0;0;0.0;0.0;3.85;11.5;-1;-1;-1;-1;-1;-1;0;0;0;0
2026-04-26;Fiorentina;Sassuolo;ITALY 1;0;0;0.0;0.0;6.4;24.0;-1;-1;-1;-1;-1;-1;0;0;0;0
2026-04-27;Lazio;Udinese;ITALY 1;0;0;0.0;0.0;5.6;19.0;-1;-1;-1;-1;-1;-1;0;0;0;0
2026-04-27;Cagliari;Atalanta;ITALY 1;0;0;0.0;0.0;1.76;10.0;-1;-1;-1;-1;-1;-1;0;0;0;0
2026-05-01;Palmeiras;Santos;BRAZIL 1;0;0;0.0;0.0;8.8;25.0;-1;-1;-1;-1;-1;-1;0;0;0;0
2026-05-01;Sao Paulo;Bahia;BRAZIL 1;0;0;0.0;0.0;4.2;12.0;-1;-1;-1;-1;-1;-1;0;0;0;0
2026-05-01;Bayer Leverkusen;RB Leipzig;GERMANY 1;0;0;0.0;0.0;4.6;27.0;-1;-1;-1;-1;-1;-1;0;0;0;0
2026-05-01;Hoffenheim;Stuttgart;GERMANY 1;0;0;0.0;0.0;2.04;14.5;-1;-1;-1;-1;-1;-1;0;0;0;0
2026-05-01;Freiburg;Wolfsburg;GERMANY 1;0;0;0.0;0.0;3.15;14.0;-1;-1;-1;-1;-1;-1;0;0;0;0
2026-05-01;Werder Bremen;Augsburg;GERMANY 1;0;0;0.0;0.0;4.4;17.5;-1;-1;-1;-1;-1;-1;0;0;0;0
2026-05-01;Internacional;Fluminense;BRAZIL 1;0;0;0.0;0.0;7.8;20.0;-1;-1;-1;-1;-1;-1;0;0;0;0
2026-05-01;Mirassol;Corinthians;BRAZIL 1;0;0;0.0;0.0;2.66;9.6;-1;-1;-1;-1;-1;-1;0;0;0;0
2026-05-02;Arsenal;Fulham;ENGLAND 1;0;0;0.0;0.0;9.6;24.0;-1;-1;-1;-1;-1;-1;0;0;0;0
2026-05-02;Bologna;Cagliari;ITALY 1;0;0;0.0;0.0;6.8;20.0;-1;-1;-1;-1;-1;-1;0;0;0;0
2026-05-02;Como;Napoli;ITALY 1;0;0;0.0;0.0;2.32;8.4;-1;-1;-1;-1;-1;-1;0;0;0;0
2026-05-02;Udinese;Torino;ITALY 1;0;0;0.0;0.0;2.92;8.6;-1;-1;-1;-1;-1;-1;0;0;0;0
2026-05-02;Sassuolo;AC Milan;ITALY 1;0;0;0.0;0.0;1.89;11.5;-1;-1;-1;-1;-1;-1;0;0;0;0
2026-05-02;Metz;Monaco;FRANCE 1;0;0;0.0;0.0;1.7;9.6;-1;-1;-1;-1;-1;-1;0;0;0;0
2026-05-02;Nice;Lens;FRANCE 1;0;0;0.0;0.0;3.1;13.5;-1;-1;-1;-1;-1;-1;0;0;0;0
2026-05-02;Lille;Le Havre;FRANCE 1;0;0;0.0;0.0;14.0;42.0;-1;-1;-1;-1;-1;-1;0;0;0;0
2026-05-02;Atalanta;Genoa;ITALY 1;0;0;0.0;0.0;9.0;29.0;-1;-1;-1;-1;-1;-1;0;0;0;0
2026-05-02;Strasbourg;Toulouse;FRANCE 1;0;0;0.0;0.0;3.1;11.5;-1;-1;-1;-1;-1;-1;0;0;0;0
2026-05-04;Everton;Manchester City;ENGLAND 1;0;0;0.0;0.0;2.02;10.5;-1;-1;-1;-1;-1;-1;0;0;0;0
2026-05-08;Bahia;Cruzeiro;BRAZIL 1;0;0;0.0;0.0;4.3;13.0;-1;-1;-1;-1;-1;-1;0;0;0;0
2026-05-08;RB Leipzig;St. Pauli;GERMANY 1;0;0;0.0;0.0;5.9;23.0;-1;-1;-1;-1;-1;-1;0;0;0;0
2026-05-08;Hoffenheim;Werder Bremen;GERMANY 1;0;0;0.0;0.0;2.84;20.0;-1;-1;-1;-1;-1;-1;0;0;0;0
2026-05-08;Corinthians;Sao Paulo;BRAZIL 1;0;0;0.0;0.0;2.62;7.4;-1;-1;-1;-1;-1;-1;0;0;0;0
2026-05-08;Santos;Bragantino;BRAZIL 1;0;0;0.0;0.0;4.1;12.0;-1;-1;-1;-1;-1;-1;0;0;0;0
2026-05-08;Stuttgart;Bayer Leverkusen;GERMANY 1;0;0;0.0;0.0;2.32;12.0;-1;-1;-1;-1;-1;-1;0;0;0;0
2026-05-09;Cagliari;Udinese;ITALY 1;0;0;0.0;0.0;3.85;11.5;-1;-1;-1;-1;-1;-1;0;0;0;0
2026-05-09;Fiorentina;Genoa;ITALY 1;0;0;0.0;0.0;4.3;13.0;-1;-1;-1;-1;-1;-1;0;0;0;0
2026-05-09;Napoli;Bologna;ITALY 1;0;0;0.0;0.0;4.0;15.0;-1;-1;-1;-1;-1;-1;0;0;0;0
2026-05-09;AC Milan;Atalanta;ITALY 1;0;0;0.0;0.0;2.72;14.5;-1;-1;-1;-1;-1;-1;0;0;0;0
2026-05-09;Lecce;Juventus;ITALY 1;0;0;0.0;0.0;1.75;5.8;-1;-1;-1;-1;-1;-1;0;0;0;0
2026-05-09;Liverpool;Chelsea;ENGLAND 1;0;0;0.0;0.0;5.4;36.0;-1;-1;-1;-1;-1;-1;0;0;0;0
2026-05-09;Lens;Nantes;FRANCE 1;0;0;0.0;0.0;6.4;19.0;-1;-1;-1;-1;-1;-1;0;0;0;0
2026-05-09;PSG;Brest;FRANCE 1;0;0;0.0;0.0;11.5;46.0;-1;-1;-1;-1;-1;-1;0;0;0;0
2026-05-09;Monaco;Lille;FRANCE 1;0;0;0.0;0.0;3.05;15.0;-1;-1;-1;-1;-1;-1;0;0;0;0
2026-05-09;Crystal Palace;Everton;ENGLAND 1;0;0;0.0;0.0;5.2;14.5;-1;-1;-1;-1;-1;-1;0;0;0;0
2026-05-09;Manchester City;Brentford;ENGLAND 1;0;0;0.0;0.0;17.5;70.0;-1;-1;-1;-1;-1;-1;0;0;0;0
2026-05-12;Brest;Strasbourg;FRANCE 1;0;0;0.0;0.0;3.7;14.0;-1;-1;-1;-1;-1;-1;0;0;0;0
2026-05-12;Lens;PSG;FRANCE 1;0;0;0.0;0.0;1.78;12.5;-1;-1;-1;-1;-1;-1;0;0;0;0
2026-05-15;Fluminense;Sao Paulo;BRAZIL 1;0;0;0.0;0.0;3.4;8.2;-1;-1;-1;-1;-1;-1;0;0;0;0
2026-05-15;Palmeiras;Cruzeiro;BRAZIL 1;0;0;0.0;0.0;5.4;17.0;-1;-1;-1;-1;-1;-1;0;0;0;0
2026-05-16;Atalanta;Bologna;ITALY 1;0;0;0.0;0.0;3.9;13.5;-1;-1;-1;-1;-1;-1;0;0;0;0
2026-05-16;Rayo Vallecano;Villarreal;SPAIN 1;0;0;0.0;0.0;2.5;12.0;-1;-1;-1;-1;-1;-1;0;0;0;0
2026-05-16;Juventus;Fiorentina;ITALY 1;0;0;0.0;0.0;5.4;15.0;-1;-1;-1;-1;-1;-1;0;0;0;0
2026-05-16;Cagliari;Torino;ITALY 1;0;0;0.0;0.0;3.6;12.5;-1;-1;-1;-1;-1;-1;0;0;0;0
2026-05-16;Genoa;AC Milan;ITALY 1;0;0;0.0;0.0;1.8;9.2;-1;-1;-1;-1;-1;-1;0;0;0;0
2026-05-16;Como;Parma;ITALY 1;0;0;0.0;0.0;4.0;18.5;-1;-1;-1;-1;-1;-1;0;0;0;0
2026-05-16;Sporting CP;Gil Vicente;PORTUGAL 1;0;0;0.0;0.0;30.0;95.0;-1;-1;-1;-1;-1;-1;0;0;0;0
2026-05-16;Sassuolo;Lecce;ITALY 1;0;0;0.0;0.0;3.4;13.0;-1;-1;-1;-1;-1;-1;0;0;0;0
2026-05-16;Freiburg;RB Leipzig;GERMANY 1;0;0;0.0;0.0;1.72;13.0;-1;-1;-1;-1;-1;-1;0;0;0;0
2026-05-16;Union Berlin;Augsburg;GERMANY 1;0;0;0.0;0.0;4.2;13.5;-1;-1;-1;-1;-1;-1;0;0;0;0
2026-05-16;St. Pauli;Wolfsburg;GERMANY 1;0;0;0.0;0.0;2.78;13.0;-1;-1;-1;-1;-1;-1;0;0;0;0
2026-05-16;Strasbourg;Monaco;FRANCE 1;0;0;0.0;0.0;2.12;14.0;-1;-1;-1;-1;-1;-1;0;0;0;0
2026-05-16;Nantes;Toulouse;FRANCE 1;0;0;0.0;0.0;2.64;11.0;-1;-1;-1;-1;-1;-1;0;0;0;0
2026-05-16;Lille;Auxerre;FRANCE 1;0;0;0.0;0.0;8.0;24.0;-1;-1;-1;-1;-1;-1;0;0;0;0
2026-05-17;Aston Villa;Liverpool;ENGLAND 1;0;0;0.0;0.0;1.8;19.5;-1;-1;-1;-1;-1;-1;0;0;0;0
2026-05-23;Napoli;Udinese;ITALY 1;0;0;0.0;0.0;8.8;23.0;-1;-1;-1;-1;-1;-1;0;0;0;0
2026-05-23;AC Milan;Cagliari;ITALY 1;0;0;0.0;0.0;6.0;26.0;-1;-1;-1;-1;-1;-1;0;0;0;0
2026-05-23;Lecce;Genoa;ITALY 1;0;0;0.0;0.0;3.05;9.4;-1;-1;-1;-1;-1;-1;0;0;0;0
2026-05-23;Fiorentina;Atalanta;ITALY 1;0;0;0.0;0.0;2.18;10.5;-1;-1;-1;-1;-1;-1;0;0;0;0
2026-05-23;Torino;Juventus;ITALY 1;0;0;0.0;0.0;2.26;6.8;-1;-1;-1;-1;-1;-1;0;0;0;0
2026-05-24;Crystal Palace;Arsenal;ENGLAND 1;0;0;0.0;0.0;1.54;8.2;-1;-1;-1;-1;-1;-1;0;0;0;0
2026-05-24;Liverpool;Brentford;ENGLAND 1;0;0;0.0;0.0;13.0;60.0;-1;-1;-1;-1;-1;-1;0;0;0;0
2026-05-24;Manchester City;Aston Villa;ENGLAND 1;0;0;0.0;0.0;11.5;50.0;-1;-1;-1;-1;-1;-1;0;0;0;0
2026-05-29;Cruzeiro;Fluminense;BRAZIL 1;0;0;0.0;0.0;4.8;14.0;-1;-1;-1;-1;-1;-1;0;0;0;0
2026-05-29;Bragantino;Internacional;BRAZIL 1;0;0;0.0;0.0;2.64;9.8;-1;-1;-1;-1;-1;-1;0;0;0;0
2026-07-21;Internacional;Cruzeiro;BRAZIL 1;0;0;0.0;0.0;4.8;12.0;-1;-1;-1;-1;-1;-1;0;0;0;0
2026-07-21;Fluminense;Bragantino;BRAZIL 1;0;0;0.0;0.0;5.0;17.0;-1;-1;-1;-1;-1;-1;0;0;0;0
2026-07-24;Bahia;Corinthians;BRAZIL 1;0;0;0.0;0.0;6.0;20.0;-1;-1;-1;-1;-1;-1;0;0;0;0
2026-07-28;Fluminense;Bahia;BRAZIL 1;0;0;0.0;0.0;4.0;12.5;-1;-1;-1;-1;-1;-1;0;0;0;0
2026-07-28;Sao Paulo;Santos;BRAZIL 1;0;0;0.0;0.0;4.2;11.0;-1;-1;-1;-1;-1;-1;0;0;0;0
2026-08-07;Palmeiras;Internacional;BRAZIL 1;0;0;0.0;0.0;6.0;16.5;-1;-1;-1;-1;-1;-1;0;0;0;0
2026-08-07;Cruzeiro;Mirassol;BRAZIL 1;0;0;0.0;0.0;7.4;1000.0;-1;-1;-1;-1;-1;-1;0;0;0;0
2026-08-07;Bragantino;Corinthians;BRAZIL 1;0;0;0.0;0.0;3.65;12.0;-1;-1;-1;-1;-1;-1;0;0;0;0
2026-08-14;Corinthians;Cruzeiro;BRAZIL 1;0;0;0.0;0.0;9.4;26.0;-1;-1;-1;-1;-1;-1;0;0;0;0
2026-08-14;Fluminense;Palmeiras;BRAZIL 1;0;0;0.0;0.0;2.82;7.4;-1;-1;-1;-1;-1;-1;0;0;0;0
2026-08-21;Santos;Mirassol;BRAZIL 1;0;0;0.0;0.0;4.6;15.0;-1;-1;-1;-1;-1;-1;0;0;0;0
2026-08-28;Corinthians;Santos;BRAZIL 1;0;0;0.0;0.0;5.1;14.5;-1;-1;-1;-1;-1;-1;0;0;0;0
2026-08-28;Mirassol;Palmeiras;BRAZIL 1;0;0;0.0;0.0;2.14;8.6;-1;-1;-1;-1;-1;-1;0;0;0;0
2026-08-28;Sao Paulo;Bragantino;BRAZIL 1;0;0;0.0;0.0;4.4;12.5;-1;-1;-1;-1;-1;-1;0;0;0;0
2026-08-28;Bahia;Internacional;BRAZIL 1;0;0;0.0;0.0;3.95;12.5;-1;-1;-1;-1;-1;-1;0;0;0;0
2026-09-04;Bragantino;Bahia;BRAZIL 1;0;0;0.0;0.0;3.25;12.5;-1;-1;-1;-1;-1;-1;0;0;0;0
2026-09-04;Internacional;Santos;BRAZIL 1;0;0;0.0;0.0;3.9;13.0;-1;-1;-1;-1;-1;-1;0;0;0;0
2026-09-11;Santos;Cruzeiro;BRAZIL 1;0;0;0.0;0.0;10.0;27.0;-1;-1;-1;-1;-1;-1;0;0;0;0
2026-09-11;Palmeiras;Sao Paulo;BRAZIL 1;0;0;0.0;0.0;5.9;15.0;-1;-1;-1;-1;-1;-1;0;0;0;0
2026-09-18;Sao Paulo;Internacional;BRAZIL 1;0;0;0.0;0.0;3.05;8.6;-1;-1;-1;-1;-1;-1;0;0;0;0
2026-09-18;Corinthians;Fluminense;BRAZIL 1;0;0;0.0;0.0;3.75;11.5;-1;-1;-1;-1;-1;-1;0;0;0;0
2026-10-06;Cruzeiro;Sao Paulo;BRAZIL 1;0;0;0.0;0.0;4.9;12.0;-1;-1;-1;-1;-1;-1;0;0;0;0
2026-10-06;Internacional;Corinthians;BRAZIL 1;0;0;0.0;0.0;4.3;12.5;-1;-1;-1;-1;-1;-1;0;0;0;0
2026-10-06;Palmeiras;Bahia;BRAZIL 1;0;0;0.0;0.0;5.5;18.5;-1;-1;-1;-1;-1;-1;0;0;0;0
2026-10-06;Bragantino;Mirassol;BRAZIL 1;0;0;0.0;0.0;4.9;16.5;-1;-1;-1;-1;-1;-1;0;0;0;0
2026-10-09;Bahia;Mirassol;BRAZIL 1;0;0;0.0;0.0;7.0;21.0;-1;-1;-1;-1;-1;-1;0;0;0;0
2026-10-09;Bragantino;Cruzeiro;BRAZIL 1;0;0;0.0;0.0;4.1;13.5;-1;-1;-1;-1;-1;-1;0;0;0;0
2026-10-09;Palmeiras;Corinthians;BRAZIL 1;0;0;0.0;0.0;7.8;22.0;-1;-1;-1;-1;-1;-1;0;0;0;0
2026-10-16;Mirassol;Internacional;BRAZIL 1;0;0;0.0;0.0;3.7;0.0;-1;-1;-1;-1;-1;-1;0;0;0;0
2026-10-16;Fluminense;Santos;BRAZIL 1;0;0;0.0;0.0;4.7;12.5;-1;-1;-1;-1;-1;-1;0;0;0;0
2026-10-23;Santos;Bahia;BRAZIL 1;0;0;0.0;0.0;3.95;15.0;-1;-1;-1;-1;-1;-1;0;0;0;0
2026-10-23;Mirassol;Sao Paulo;BRAZIL 1;0;0;0.0;0.0;3.5;10.5;-1;-1;-1;-1;-1;-1;0;0;0;0
2026-10-27;Fluminense;Internacional;BRAZIL 1;0;0;0.0;0.0;2.98;8.6;-1;-1;-1;-1;-1;-1;0;0;0;0
2026-10-27;Bahia;Sao Paulo;BRAZIL 1;0;0;0.0;0.0;5.0;13.0;-1;-1;-1;-1;-1;-1;0;0;0;0
2026-10-27;Corinthians;Mirassol;BRAZIL 1;0;0;0.0;0.0;4.3;11.5;-1;-1;-1;-1;-1;-1;0;0;0;0
2026-11-03;Sao Paulo;Corinthians;BRAZIL 1;0;0;0.0;0.0;3.45;8.8;-1;-1;-1;-1;-1;-1;0;0;0;0
2026-11-03;Cruzeiro;Bahia;BRAZIL 1;0;0;0.0;0.0;3.35;11.0;-1;-1;-1;-1;-1;-1;0;0;0;0
2026-11-17;Cruzeiro;Palmeiras;BRAZIL 1;0;0;0.0;0.0;2.56;7.8;-1;-1;-1;-1;-1;-1;0;0;0;0
2026-11-17;Sao Paulo;Fluminense;BRAZIL 1;0;0;0.0;0.0;5.6;15.5;-1;-1;-1;-1;-1;-1;0;0;0;0
2026-11-20;Fluminense;Mirassol;BRAZIL 1;0;0;0.0;0.0;4.6;14.5;-1;-1;-1;-1;-1;-1;0;0;0;0
2026-11-27;Internacional;Bragantino;BRAZIL 1;0;0;0.0;0.0;6.2;21.0;-1;-1;-1;-1;-1;-1;0;0;0;0
2026-11-27;Fluminense;Cruzeiro;BRAZIL 1;0;0;0.0;0.0;3.75;9.2;-1;-1;-1;-1;-1;-1;0;0;0;0
2026-12-01;Bragantino;Fluminense;BRAZIL 1;0;0;0.0;0.0;3.75;13.0;-1;-1;-1;-1;-1;-1;0;0;0;0
2026-12-01;Cruzeiro;Internacional;BRAZIL 1;0;0;0.0;0.0;3.6;10.5;-1;-1;-1;-1;-1;-1;0;0;0;0
